source_record_1based,listing_id,title,description,price_raw,area_raw,location,province_original,property_type,property_type_slug,scraped_at,last_updated_date,rule_label,target_audit_label,text_reference_total_vnd,reference_reason,million_relative_error,billion_relative_error,parsed_candidates
82091,1306925.0,"Bán nhà phố nguyễn đình chiểu. diện tích 70m2, ô góc 02 mặt thoáng, mặt tiền hơn 5m, nhà 04 tầng.","Nhà siêu đẹp phố Nguyễn Đình Chiểu - vỉa hè đá bóng - kinh doanh đỉnh - view công viên.Mô tả thông tin:- Diện tích: 70m² x 04 tầng.- Mặt tiền: 5.2m.- Pháp lý: sổ đỏ chính chủ.- Giá bán: 43.4 tỷ.- Con Phố mới Nguyễn Đình Chiểu, là dãy phố kinh doanh bậc nhất Quận Hai Bà Trưng hiện nay. Quy hoạch ổn định, sắp tới mở rộng tuyến phố đi bộ, sẽ là con đường huyết mạch kinh doanh đa ngành nghề.- Giao thông thuận tiện, gần khu tổ hợp các trường Đại học lớn Bách Kinh Xây, bệnh viện Bạch Mai, Chợ, siêu thị, tiện ích xung quanh bạt ngàn.- Công viên thống nhất, hồ nước ngay cạnh.- Khu phố cực hiếm nhà bán, chủ nhà làm ăn tài giỏi.Liên hệ xem nhà:  (Phúc Gia).Xem thêm",434000.0,70.0,"Đường Nguyễn Đình Chiểu,Phường Lê Đại Hành,Quận Hai Bà Trưng,Hà Nội",ha-noi,Nhà riêng,nha-mat-pho-mat-tien,2025-09-12 22:22:02,14/07/2025 22:22,SALE_HIGH_CONFIDENCE,AMBIGUOUS,43400000000.0,description_reference,9.0,9999.0,"[{""source"": ""description"", ""basis"": ""total"", ""amount_vnd"": 43400000000.0, ""total_equivalent_vnd"": 43400000000.0, ""approximate"": false, ""text_excerpt"": ""hinh chu.- gia ban: 43.4 ty.- con pho moi ""}]"
9677,1337859.0,"Bán 3 thửa đất liền ranh, tổng 11.234,3 m2 tại bình thới, bình đại, bến tre","Bán 3 thửa đất liền ranh, tổng diện tích 11.234,3 m².- Địa điểm: Ấp 3, Xã Bình Thới, Huyện Bình Đại, Tỉnh Bến Tre.- Giá bán 8,05 tỷ VND, pháp lý đầy đủ. Loại đất cây lâu năm và đất lúa.- Vị trí:+ Cách Quốc lộ 57B khoảng 800m+ Cách lộ Quốc phòng (dọc bờ sông): 280m+ Đường vào rộng 2m, sẽ còn mở rộng.+ Cách Bến xe Bình Đại: 1km+ Cách phòng khám Đa khoa Medic Mỹ Tho: 1,1 km+ Cách Bách hóa xanh Bình Đại: 3km+ Cách cảng cá Bình Thắng: 2km+ Cách lộ quốc phòng: 285m (đi từ cầu Đồng Du Xuân vào)- Liên hệ với An (chính chủ) để biết thêm thông tin.- Các anh chị quan tâm cứ xem theo vị trí Google Map: https://maps.app.goo.gl/JDphYd624XkTHwvL8Xem thêm",805000.0,11234.0,"Đường Quốc Lộ 57B - Chợ Lộc Sơn,Xã Bình Thới,Huyện Bình Đại,Bến Tre",ben-tre,Đất,dat-tho-cu,2025-09-13 23:47:39,15/07/2025 23:47,AMBIGUOUS,AMBIGUOUS,8050000000.000001,description_reference,98.99999999999999,99998.99999999999,"[{""source"": ""description"", ""basis"": ""total"", ""amount_vnd"": 8050000000.000001, ""total_equivalent_vnd"": 8050000000.000001, ""approximate"": false, ""text_excerpt"": ""h ben tre.- gia ban 8,05 ty vnd, phap ly d""}]"
79370,1383306.0,"Nhà nguyễn thái học 60m², 5 tầng, giá 21.5 tỷ ô tô đỗ cửa 10m ra phố","Nhà Nguyễn Thái Học - 60m², 5 Tầng, Giá 21.5 Tỷ  Ô TÔ Đỗ Cửa 10M Ra PhốThông tin chi tiết về căn nhà:Diện tích: 60m², thiết kế 5 tầng hiện đại, tối ưu không gian sử dụng.Mặt tiền: 4m, lô góc 2 mặt thoáng, tạo sự thông thoáng và giá trị thẩm mỹ cao.Kết cấu: 6 phòng ngủ rộng rãi, phù hợp cho gia đình đông thành viên hoặc đầu tư cho thuê.Vị trí đắc địa: Chỉ cách phố chính 10m, nằm sát khu vực Văn Miếu, quận Hoàn Kiếm  trung tâm văn hóa, lịch sử và kinh tế của Thủ đô.Tiện ích giao thông: Ô tô đỗ cửa, ô tô vào nhà thuận tiện, phù hợp cả ở và kinh doanh.Giá bán: 21.5 tỷ đồng  mức giá cạnh tranh cho một bất động sản tại vị trí vàng.Liên hệ ngay để biết thêm chi tiết và đặt lịch xem nhà!CALLXem thêm",215000.0,60.0,"Đường Nguyễn Thái Học,Phường Điện Biên,Quận Ba Đình,Hà Nội",ha-noi,Nhà riêng,nha-mat-pho-mat-tien,2025-09-12 22:11:44,13/08/2025 22:11,AMBIGUOUS,AMBIGUOUS,21500000000.0,title_reference,9.0,9999.0,"[{""source"": ""title"", ""basis"": ""total"", ""amount_vnd"": 21500000000.0, ""total_equivalent_vnd"": 21500000000.0, ""approximate"": false, ""text_excerpt"": ""c 60m², 5 tang, gia 21.5 ty o to do cua 10""}, {""source"": ""description"", ""basis"": ""total"", ""amount_vnd"": 21500000000.0, ""total_equivalent_vnd"": 21500000000.0, ""approximate"": false, ""text_excerpt"": ""- 60m², 5 tang, gia 21.5 ty  o to do cua 1""}, {""source"": ""description"", ""basis"": ""total"", ""amount_vnd"": 21500000000.0, ""total_equivalent_vnd"": 21500000000.0, ""approximate"": false, ""text_excerpt"": ""kinh doanh.gia ban: 21.5 ty dong  muc gia ""}]"
212989,1368379.0,Chính chủ cần bán gấp mảnh vườn mặt tiền đường ĐX062 Phường Chánh Hiệp Giá Tốt,"👑 Chủ Nhà Vườn Bán Gấp Lô Đất Giá Tốt 🤝____________________________🌹Mặt tiền đường ĐX062 , phường Chánh Hiệp, TP Hồ Chí Minh🌹 Vị trí đắc địa, sau lưng Trường THPT Bình Phú , Trường Trung Cấp Nông Lâm, cách Toà Nhà Hành Chính và Siêu Thị AEON chỉ 5 phút di chuyển..🌹 DT: 10x36 thổ cư 50m2 , hướng Chính Nam ( Đông Tứ Trạch ). Buôn bán kinh doanh tốt🌹 Giá bán 5tỷ**  ( ** có trả , có bán )☎️☎️ SĐT. 0988893838 làm việc ngay Chủ, gc 100%",5300.0,360.0,"Phường Chánh Hiệp,TP. Hồ Chí Minh(Mới)",tp-ho-chi-minh,Đất,dat-tho-cu,2025-09-13 21:42:37,16/08/2025 21:42,SALE_HIGH_CONFIDENCE,AMBIGUOUS,5000000000.0,description_reference,0.06,1059.0,"[{""source"": ""description"", ""basis"": ""total"", ""amount_vnd"": 5000000000.0, ""total_equivalent_vnd"": 5000000000.0, ""approximate"": false, ""text_excerpt"": "" doanh tot🌹 gia ban 5ty**  ( ** co tra""}]"
228113,1373315.0,The park residence 106m2 3pn 2wc 3tỷ550 thương lượng view pmh,Chuyển nhượng The Park Residence - Quận 7 - Nhà Bè.3PN 2WC 106m² giá 3tỷ550 (thương lượng).Liên hệ  (Zalo hoặc Gọi).Xem thêm,36000.0,106.0,"Đường Nguyễn Hữu Thọ,Xã Phước Kiển,Huyện Nhà Bè,TP. Hồ Chí Minh",tp-ho-chi-minh,Căn hộ chung cư,can-ho-chung-cu,2025-09-13 22:53:07,14/08/2025 22:53,AMBIGUOUS,AMBIGUOUS,3550000000.0,title_reference,9.140845070422536,10139.845070422536,"[{""source"": ""title"", ""basis"": ""total"", ""amount_vnd"": 3550000000.0, ""total_equivalent_vnd"": 3550000000.0, ""approximate"": false, ""text_excerpt"": ""dence 106m2 3pn 2wc 3ty550 thuong luong v""}, {""source"": ""description"", ""basis"": ""total"", ""amount_vnd"": 3550000000.0, ""total_equivalent_vnd"": 3550000000.0, ""approximate"": false, ""text_excerpt"": ""e.3pn 2wc 106m² gia 3ty550 (thuong luong)""}]"
115268,1464736.0,"Bán căn góc thiết kế 3PN2WC, chỉ khoảng 4 tỷ dt70m2 full nội thất xịn xò tại Vinhome OCP 1 Gia Lâm.","Nhanh tay sở hữu căn góc chung cư tại The Sapphire 1 - Vinhomes Ocean Park, Đa Tốn, Gia Lâm, Hà Nội. Căn hộ có thiết kế hiện đại với: - 3PN + 2WC + bếp + khách + 2 ban công. -Căn góc với 2 ban công Đông Bắc + Tây Bắc - Nội thất đầy đủ: điều hòa, giường, tủ lạnh, nóng lạnh, bếp, tủ kệ bếp, sofa, bàn ăn, tủ quần áo.... Giá bán: chỉ khoảng 4 tỷ VND, diện tích 70m2. Pháp lý đầy đủ sẵn sổ đỏ Điểm nhấn của căn hộ này chính là không gian sống thoải mái và tiện nghi, phù hợp cho gia đình. Căn hộ được thiết kế thông minh, tối ưu hóa ánh sáng tự nhiên, mang lại cảm giác thoáng đãng. Gần trường học và siêu thị, thuận tiện cho cuộc sống hàng ngày. Liên hệ ngay để biết thêm chi tiết: 0968325363 Huệ Nguyễ",4400.0,70.0,"Xã Đa Tốn,Huyện Gia Lâm,Hà Nội",ha-noi,Nhà trọ,phong-tro,2025-09-13 00:24:22,08/09/2025 00:24,AMBIGUOUS,AMBIGUOUS,4000000000.0,title_reference,0.1,1099.0,"[{""source"": ""title"", ""basis"": ""total"", ""amount_vnd"": 4000000000.0, ""total_equivalent_vnd"": 4000000000.0, ""approximate"": true, ""text_excerpt"": "" 3pn2wc, chi khoang 4 ty dt70m2 full no""}, {""source"": ""description"", ""basis"": ""total"", ""amount_vnd"": 4000000000.0, ""total_equivalent_vnd"": 4000000000.0, ""approximate"": true, ""text_excerpt"": ""gia ban: chi khoang 4 ty vnd, dien tich""}]"
227358,1387990.0,Bán gấp ch vinhomes grand park 2pn + căn góc 69m2 giá 2.75 tỷ. 0938 361 ***,"Kẹt vốn kinh doanh nên cần bán gấp căn hộ khu The Rainbow tại đô thị Vinhomes Grand Park Quận 9, TP. Hồ Chí Minh.* Căn hộ 2 phòng ngủ 2WC.+ Diện tích tim tường 69m², diện tích thông thủy 63m².+ Nhà hoàn thiện nội thất theo tiêu chuẩn chủ đầu tư.+ View thoáng.+ Cần bán gấp nên giá chỉ 2.75 tỷ bao hết tất cả thuế phí.+ Pháp lý sổ hồng.Liên hệ Mr Tùng:  hỗ trợ anh/chị xem nhà trực tiếp 24/24.Xem thêm",275000.0,69.0,"Đường Nguyễn Xiển,Phường Long Bình,Quận 9,TP. Hồ Chí Minh",tp-ho-chi-minh,Căn hộ chung cư,can-ho-chung-cu,2025-09-13 22:49:27,14/08/2025 22:49,SALE_HIGH_CONFIDENCE,AMBIGUOUS,2750000000.0,title_reference,99.0,99999.0,"[{""source"": ""title"", ""basis"": ""total"", ""amount_vnd"": 2750000000.0, ""total_equivalent_vnd"": 2750000000.0, ""approximate"": false, ""text_excerpt"": "" + can goc 69m2 gia 2.75 ty. 0938 361 ***""}, {""source"": ""description"", ""basis"": ""total"", ""amount_vnd"": 2750000000.0, ""total_equivalent_vnd"": 2750000000.0, ""approximate"": false, ""text_excerpt"": ""ban gap nen gia chi 2.75 ty bao het tat ca""}]"
91510,1481242.0,"ĐẤT NỀN ĐẦU TƯ SIÊU ĐẸP QUỐC OAI MT 8,5M","Đất nền đầu tư : /-flag/-flag/-flag Hoa hậu Quốc Oai 2Tỷ 9/-rose/-rose/-rose/-rose/-rose/-roseBán 2 siêu phẩm đất nền anh em mặt tiền hơn 8m mỗi lô.Đất đã san lấp mặt bằng sạch sẽ .2 lô đất vuông vắn diện tích  81,5 và 84,5 tại Đồng Lư -Đồng Quang- Quốc Oai -HN.Đất hướng Đông Nam mát mẻ . Gần chợ trung tâm và hồ điều hòa,trường học các cấp vài bước chân.Ngõ ô tô vào tận đất . Cách TTHNQG chỉ 17km .Sẵn sổ sang tên , không vướng quy hoạch hay tranh chấp hỗ trợ vay ngân hàng nhanh chóng.Giá 36tr/m2 . Có Gia lộc thiện chí.",5150.0,81.5,"Xã Đồng Quang,Huyện Quốc Oai,Hà Nội",ha-noi,Đất,dat-tho-cu,2025-09-12 22:57:53,09/09/2025 22:57,AMBIGUOUS,AMBIGUOUS,2900000000.0,description_reference,0.7758620689655172,1774.8620689655172,"[{""source"": ""description"", ""basis"": ""total"", ""amount_vnd"": 2900000000.0, ""total_equivalent_vnd"": 2900000000.0, ""approximate"": false, ""text_excerpt"": ""ag hoa hau quoc oai 2ty 9/-rose/-rose/-r""}]"
109456,1370243.0,Căn hộ siêu hiếm trung hoà 3 thoáng 145m 3pn full nội thất giá chỉ 9.5 tỷ (đcg912220),"CĂN HỘ SIÊU HIẾM  TRUNG HOÀ  3 THOÁNG  145M 3PN   FULL NỘI THẤT  GIÁ CHỈ 9.5 TỶ (ĐCG912220)Diện tích sổ: 136m² | Diện tích sử dụng thực tế: ~145m²3 phòng ngủ |  2 vệ sinh |  3 mặt thoáng  phòng nào cũng có cửa sổGiá bán: 9.5 tỷ (sổ đỏ chính chủ  sang tên ngay)Ưu điểm nổi bật:Thiết kế cực thoáng  ban công trồng hoa cực chillPhòng khách rộng  bếp tách biệt  nhà cực kỳ giữ gìnCăn góc  3 mặt thoáng hiếm có  không khí lưu thông mát mẻ quanh nămVị trí trung tâm  sống đẳng cấp:Gần Big C Thăng Long, Vincom Trần Duy Hưng, các trường Quốc tế, công viên Cầu GiấyLiên Hệ Em Hương  Chuyên BĐS Hà Nội: Cầu Giấy, Mỹ Đình, Phạm Hùng, Nguyễn Hoàng, Hàm Nghi, Hồ Tùng Mậu để xem nhà ngay!Xem thêm",95000.0,145.0,"Phường Trung Hoà,Quận Cầu Giấy,Hà Nội",ha-noi,Căn hộ chung cư,can-ho-chung-cu,2025-09-13 00:04:36,14/08/2025 00:04,AMBIGUOUS,AMBIGUOUS,9500000000.0,title_reference,9.0,9999.0,"[{""source"": ""title"", ""basis"": ""total"", ""amount_vnd"": 9500000000.0, ""total_equivalent_vnd"": 9500000000.0, ""approximate"": false, ""text_excerpt"": ""ll noi that gia chi 9.5 ty (dcg912220)""}, {""source"": ""description"", ""basis"": ""total"", ""amount_vnd"": 9500000000.0, ""total_equivalent_vnd"": 9500000000.0, ""approximate"": false, ""text_excerpt"": ""l noi that  gia chi 9.5 ty (dcg912220)die""}, {""source"": ""description"", ""basis"": ""total"", ""amount_vnd"": 9500000000.0, ""total_equivalent_vnd"": 9500000000.0, ""approximate"": false, ""text_excerpt"": ""g co cua sogia ban: 9.5 ty (so do chinh c""}]"
82896,1298490.0,"Cần bán nhà ngõ 56 phố thạch cầu long biên ô tô đỗ cửa, 32m2 ,xây 4,5 tầng, full nội thất","Cần bán nhà ngõ 56 Phố Thạch Cầu - Long Biên - Ô tô đỗ cửa, 32m², xây 4,5 tầng 4 phòng ngủ, full nội thất.Giá: 6,5 tỷ.Lh:  em Kiên.Xem thêm",65000.0,32.0,"Phường Long Biên,Quận Long Biên,Hà Nội",ha-noi,Nhà riêng,nha-mat-pho-mat-tien,2025-09-12 22:25:10,14/07/2025 22:25,SALE_HIGH_CONFIDENCE,AMBIGUOUS,6500000000.0,description_reference,9.0,9999.0,"[{""source"": ""description"", ""basis"": ""total"", ""amount_vnd"": 6500000000.0, ""total_equivalent_vnd"": 6500000000.0, ""approximate"": false, ""text_excerpt"": "" full noi that.gia: 6,5 ty.lh:  em kien.x""}]"
103526,1500519.0,- CHÍNH THỨC MỞ BÁN ĐỢT 1 - THE QUÊN 360 GIẢI PHÓNG,"- CHÍNH THỨC MỞ BÁN ĐỢT 1 - THE QUÊN 360 GIẢI PHÓNG- CK thêm 1% cho 30 KH Booking sớm- Bàn giao full nội thất nhập khẩu Châu Âu, bao gồm cả Tủ Lạnh & Máy rửa bát- Giá chỉ từ 105tr/m2 (Chưa trừ CK)- Ưu đãi CK lên tới 9,5%- CK thêm 1% cho 30 KH Booking sớm- Hỗ trợ vay 70% GTCH Ls 0% lên tới 18 Tháng- CS mua cộng đồng tinh hoa CK 1-2% Vị trí vàng: 360 Giải Phóng, quỹ đất nội đô hiếm hoi trong Vành đai 2.5- Vị trí vàng: 360 Giải Phóng, quỹ đất nội đô hiếm hoi trong Vành đai 2.5-  Kết nối tới bệnh viện Bạch Mai, ĐH Kinh tế Quốc dân, bến xe Giáp Bát chỉ vài phút di chuyển- Quy mô: 35 tầng nổi, 935 căn hộ cao cấp, 4 tầng hầm, bàn giao Quý I/2027- Thiết kế độc bản, tối ưu ánh sáng, tầm nhìn Panorama",105.0,76.0,"Đường Giải Phóng,Quận Hoàng Mai,Hà Nội",ha-noi,Căn hộ chung cư,can-ho-chung-cu,2025-09-12 23:44:24,12/09/2025 11:44,AMBIGUOUS,PRICE_PER_M2,7980000000.0,description_reference,0.9868421052631579,12.157894736842104,"[{""source"": ""description"", ""basis"": ""per_m2"", ""amount_vnd"": 105000000.0, ""total_equivalent_vnd"": 7980000000.0, ""approximate"": true, ""text_excerpt"": ""rua bat- gia chi tu 105tr/m2 (chua tru c""}]"
67124,1305765.0,"Sổ riêng thổ cư 100% bán đất 145,9m gần kcn giang điền giá tốt","Chính chủ cần bán lô đất đẹp full thổ cư gần KCN Giang Điền giá đầu tư.Vị trí: Xã Giang Điền, huyện Trảng Bom, tỉnh Đồng Nai.Cách KCN Giang Điền chỉ vài phút, gần chợ, UBND xã, dân cư hiện hữu, an ninh ổn định.Diện tích: 145,9 m full thổ cư 100%, sổ hồng riêng.Đường nhựa rộng, ô tô vào tận nơi.Thích hợp xây nhà ở, nhà trọ cho công nhân, đầu tư dài hạn sinh lời.Pháp lý rõ ràng sang tên công chứng ngay.Giá bán: 1 tỷ 680 triệu.Có thương lượng nhẹ cho người thiện chí.Cam kết thông tin thật hình thật chính chủ đứng tên.Liên hệ: Tâm. Zalo .Xem thêm",168000.0,145.0,"Xã Giang Điền,Huyện Trảng Bom,Đồng Nai",dong-nai,Đất,dat-tho-cu,2025-09-14 00:42:35,16/07/2025 00:42,SALE_HIGH_CONFIDENCE,AMBIGUOUS,1680000000.0,description_reference,99.0,99999.0,"[{""source"": ""description"", ""basis"": ""total"", ""amount_vnd"": 1680000000.0, ""total_equivalent_vnd"": 1680000000.0, ""approximate"": false, ""text_excerpt"": ""chung ngay.gia ban: 1 ty 680 trieu.co thuong luon""}]"
112384,1271629.0,(Tin thật 100%) CH 103m2 x 3PN có slot ô tô tại CT4 Lê Đức Thọ - Nội thất 800 triệu - BC hướng Nam,"Siêu phẩm căn hộ rất đẹp và cực hiếm thuộc tòa CT4 Lê Đức Thọ - KĐT Mỹ Đình 2. Tặng lại full bộ sàn gỗ và nội thất trị giá khoảng 800 triệu như hình. Anh chị em mua vào ở luôn không phải sắm thêm đồ mới.- Pháp lý: Sổ đỏ chính chủ, sẵn sàng giao dịch và sang tên.- Diện tích 103m2 (trên sổ và thông thủy). Thiết kế 3PN + 2WC + 1 phòng Khách và Bếp siêu rộng + 2 ban công view thoáng.- Nhà có ban công hướng Nam view nhìn thẳng ra sân vận động Mỹ Đình rất đẹp về đêm và thoáng mát quanh năm không lo nắng nóng vào ngày hè. Căn hộ tầng trung (10 - 15) đẹp nhất tòa.- Tiềm năng tăng giá ít nhất 300 - 400 triệu ngay trong năm 2026 tới trong bối cảnh ở thực tăng cao trong khi nguồn cung lại rất hạn chế.-",7100.0,103.0,"Đường Lê Đức Thọ,Phường Mỹ Đình 2,Quận Nam Từ Liêm,Hà Nội",ha-noi,Căn hộ chung cư,can-ho-chung-cu,2025-09-13 00:15:07,15/06/2025 00:15,AMBIGUOUS,AMBIGUOUS,800000000.0,title_reference,7.875,8874.0,"[{""source"": ""title"", ""basis"": ""total"", ""amount_vnd"": 800000000.0, ""total_equivalent_vnd"": 800000000.0, ""approximate"": false, ""text_excerpt"": "" duc tho - noi that 800 trieu - bc huong nam""}, {""source"": ""description"", ""basis"": ""total"", ""amount_vnd"": 800000000.0, ""total_equivalent_vnd"": 800000000.0, ""approximate"": true, ""text_excerpt"": ""that tri gia khoang 800 trieu nhu hinh. anh ""}, {""source"": ""description"", ""basis"": ""total"", ""amount_vnd"": 400000000.0, ""total_equivalent_vnd"": 400000000.0, ""approximate"": false, ""text_excerpt"": ""g gia it nhat 300 - 400 trieu ngay trong nam""}, {""source"": ""description"", ""basis"": ""total"", ""amount_vnd"": 400000000.0, ""total_equivalent_vnd"": 400000000.0, ""approximate"": true, ""text_excerpt"": ""et kiem duoc khoang 400 trieu. mua vao ban n""}, {""source"": ""description"", ""basis"": ""total"", ""amount_vnd"": 7500000000.0, ""total_equivalent_vnd"": 7500000000.0, ""approximate"": false, ""text_excerpt"": ""a vao ban ngay duoc 7.5 ty, lai ngay khi ""}, {""source"": ""description"", ""basis"": ""total"", ""amount_vnd"": 800000000.0, ""total_equivalent_vnd"": 800000000.0, ""approximate"": false, ""text_excerpt"": ""he.... tri gia tren 800 trieu. khach mua ve ""}, {""source"": ""description"", ""basis"": ""total"", ""amount_vnd"": 1000000.0, ""total_equivalent_vnd"": 1000000.0, ""approximate"": false, ""text_excerpt"": ""may 50k/thang, o to 1tr5/thang.hien da""}, {""source"": ""description"", ""basis"": ""total"", ""amount_vnd"": 7100000000.0, ""total_equivalent_vnd"": 7100000000.0, ""approximate"": false, ""text_excerpt"": ""i.- gia truoc 30/6: 7,1 ty (da bao phi va""}, {""source"": ""description"", ""basis"": ""total"", ""amount_vnd"": 7500000000.0, ""total_equivalent_vnd"": 7500000000.0, ""approximate"": false, ""text_excerpt"": ""chi.- gia sau 30/6: 7,5 ty.* dac biet tan""}, {""source"": ""description"", ""basis"": ""total"", ""amount_vnd"": 100000000.0, ""total_equivalent_vnd"": 100000000.0, ""approximate"": false, ""text_excerpt"": ""hat 100%. hoan tien 100 trieu neu dang thong""}]"
225909,1422211.0,"Bán 2pn, 69m2 nội thất decor tại beverly solari, q9, tp. hcm giá siêu hời","Chung cư Beverly Solari nằm ở Phường Long Bình, Quận 9, TP. HCM, với thiết kế phong cách Nhật Bản cực xịn. Căn hộ này có 2PN, 2VS, diện tích 69m², nội thất full, sẵn sàng để ở ngay.- Giá chỉ 5,15 tỷ.- Ban công hướng Tây, đón gió mát.- Nội thất đầy đủ với đồ dùng hiện đại.Khu vực xung quanh.- Công viên ánh sáng Vinhomes Grand Park.- Trường mầm non Shining Stars Montessori.- Trường PTLC Vinschool Grand Park.Thông tin thêm về dự án.The Beverly Solari thuộc dự án Vinhomes Grand Park, với tổng cộng 13 tòa tháp cao từ 25 - 30 tầng, cung cấp 7500 căn hộ và 350 shophouse. Dự án nổi bật với những tiện ích như quảng trường Yamiko, hồ cảnh quan, bể bơi phong cách Onsen và nhiều công viên xanh.Liên hệ đ",4750.0,69.0,"Phường Long Bình,Quận 9,TP. Hồ Chí Minh",tp-ho-chi-minh,Căn hộ chung cư,can-ho-chung-cu,2025-09-13 22:42:32,23/08/2025 22:42,AMBIGUOUS,AMBIGUOUS,5150000000.0,description_reference,0.07766990291262135,921.3300970873786,"[{""source"": ""description"", ""basis"": ""total"", ""amount_vnd"": 5150000000.0, ""total_equivalent_vnd"": 5150000000.0, ""approximate"": false, ""text_excerpt"": ""de o ngay.- gia chi 5,15 ty.- ban cong huo""}]"
219652,1296547.0,"Đất giá 4,6ty, dt 5*28m, đường 12m, khu 526/nguyễn văn tạo, xã long thới, nhà bè","- Đất đường 12m,khu 526/ Nguyễn Văn Tạo, xã Long Thới, Nhà Bè- Giá: 4,6ty- Diện tích: 5*28m, 140m².- Vị trí đẹp, khu dân trí tốt, gần trường học và nhiều tiện ích khácXem thêm",46000.0,140.0,"Đường Nguyễn Văn Tạo,Xã Long Thới,Huyện Nhà Bè,TP. Hồ Chí Minh",tp-ho-chi-minh,Đất,dat-tho-cu,2025-09-13 22:11:47,15/07/2025 22:11,AMBIGUOUS,AMBIGUOUS,4600000000.0,title_reference,9.0,9999.0,"[{""source"": ""title"", ""basis"": ""total"", ""amount_vnd"": 4600000000.0, ""total_equivalent_vnd"": 4600000000.0, ""approximate"": false, ""text_excerpt"": ""dat gia 4,6ty, dt 5*28m, duo""}, {""source"": ""description"", ""basis"": ""total"", ""amount_vnd"": 4600000000.0, ""total_equivalent_vnd"": 4600000000.0, ""approximate"": false, ""text_excerpt"": "" thoi, nha be- gia: 4,6ty- dien tich: 5*""}]"
225255,1435777.0,"Bán căn hộ cao cấp, 60m2 2PN 2WC, CC Phú Thọ Lữ Gia - ban công 2 mặt thoáng chỉ hơn 3 tỷ.","CĂN HỘ CAO CẤP - 60M² 2PN 2WC – CHUNG CƯ PHÚ THỌ LỮ GIA – BAN CÔNG 2 MẶT THOÁNG – THANG MÁY XỊN XÒ - CHỈ HƠN 3 TỶ+ Căn hộ có Phòng khách – bếp – phòng ăn – 2 phòng ngủ (có ban công riêng) – 2 WC.+ Căn góc, ban công 2 mặt thoáng, đón gió và ánh sáng tự nhiên. Full nội thất cao cấp, chỉ việc xách vali vào ở.+ Tiện ích: Thang máy thẻ từ riêng, khu dân cư văn minh, an ninh 24/7.+ Vị trí đắc địa: Chung cư Phú Thọ, ngay mặt tiền Đường DC – Lữ Gia – Nguyễn Thị Nhỏ, trung tâm Quận 11, thuận tiện kết nối Quận 10, Quận 5, Tân Bình.+ Sổ hồ riêng, pháp lý chuẩn, giao dịch an toàn.Haiyenbds$hh.$i.Lo5B📲 Hải Yến – 0944.888.247 (Zalo/Call)",3800.0,60.0,"Đường Cư Xá Phú Thọ Hòa,Phường 15,Quận 11,TP. Hồ Chí Minh",tp-ho-chi-minh,Căn hộ chung cư,can-ho-chung-cu,2025-09-13 22:39:28,30/08/2025 22:39,SALE_HIGH_CONFIDENCE,AMBIGUOUS,3000000000.0,title_reference,0.26666666666666666,1265.6666666666667,"[{""source"": ""title"", ""basis"": ""total"", ""amount_vnd"": 3000000000.0, ""total_equivalent_vnd"": 3000000000.0, ""approximate"": true, ""text_excerpt"": "" mat thoang chi hon 3 ty.""}, {""source"": ""description"", ""basis"": ""total"", ""amount_vnd"": 3000000000.0, ""total_equivalent_vnd"": 3000000000.0, ""approximate"": true, ""text_excerpt"": ""ay xin xo - chi hon 3 ty+ can ho co pho""}]"
218395,1334236.0,"Đất 2/ ngắn tx52 gần chợ đường, hẻm thông, xe hơi tới đất.","Chủ gửi bán đất 2 xẹc tx 52 q12. cách đường tx 52 chỉ 200m hẻm xe hơi, thông.Dt 4 x17m thổ cư 63.5m²Giá 2tỷ 8 bớt lộcLhXem thêm",28000.0,63.0,"Đường Thạnh Xuân 52,Phường Thạnh Xuân,Quận 12,TP. Hồ Chí Minh",tp-ho-chi-minh,Đất,dat-tho-cu,2025-09-13 22:06:17,15/07/2025 22:06,AMBIGUOUS,AMBIGUOUS,2800000000.0,description_reference,9.0,9999.0,"[{""source"": ""description"", ""basis"": ""total"", ""amount_vnd"": 2800000000.0, ""total_equivalent_vnd"": 2800000000.0, ""approximate"": false, ""text_excerpt"": ""7m tho cu 63.5m²gia 2ty 8 bot loclhxem t""}]"
230152,1311557.0,HAPPY ONE SORA! Căn hộ Nhật Bản giữa lòng Thành Phố Thủ Đức chỉ 45.9tr/m2. (Tin Hết Hạn),"HAPPY ONE SORA! Căn hộ Nhật Bản giữa lòng Thành Phố Thủ Đức chỉ 45.9tr/m2.Vị trí kim cương tại phường Linh Xuân, TP. Thủ ĐứcLiền kề trường đại học Quốc Gia, khu công nghệ cao, KCN Sóng ThầnKết nối nhanh đến QL1A, Phạm Văn Đồng, Xa lộ Hà NộiThiết kế đẳng cấp – chuẩn Nhật Bản:Diện tích linh hoạt: 45m² – 130m²1PN – 3PN tối ưu công năng- Chuỗi tiện ích chuẩn resort 5 sao:Hồ bơi 4 mùaVườn Nhật thư giãnGym, spa cao cấpTrường học nội khuShophouse sầm uất ngay chân tòa nhàPháp lý rõ ràng – Sổ hồng sở hữu lâu dàiChỉ từ 45,9 triệu/m²Liên hệ ngay: 0932152647 Để giữ chỗ căn đẹp nhất – trước khi người khác chọn mất!",459.0,69.0,"đường Số 907,Quận Thủ Đức,TP. Hồ Chí Minh",tp-ho-chi-minh,Căn hộ chung cư,can-ho-chung-cu,2025-09-13 23:02:23,15/07/2025 23:02,AMBIGUOUS,AMBIGUOUS,3167100000.0,title_reference,0.855072463768116,143.92753623188406,"[{""source"": ""title"", ""basis"": ""per_m2"", ""amount_vnd"": 45900000.0, ""total_equivalent_vnd"": 3167100000.0, ""approximate"": false, ""text_excerpt"": ""anh pho thu duc chi 45.9tr/m2. (tin het h""}, {""source"": ""description"", ""basis"": ""per_m2"", ""amount_vnd"": 45900000.0, ""total_equivalent_vnd"": 3167100000.0, ""approximate"": false, ""text_excerpt"": ""anh pho thu duc chi 45.9tr/m2.vi tri kim ""}, {""source"": ""description"", ""basis"": ""per_m2"", ""amount_vnd"": 45900000.0, ""total_equivalent_vnd"": 3167100000.0, ""approximate"": true, ""text_excerpt"": ""o huu lau daichi tu 45,9 trieu/m²lien he ngay""}]"
18470,1378269.0,Bán đất 137.5m² ngang 7m giá 3 tỷ Phường Thới Hòa,"Cần bán lô góc7x20Full thổ cư, sổ sẵnGiá 2 tỉ xxxLh:0988841742",2500.0,137.5,"Đường Số 8,Phường Thới Hòa,TP. Hồ Chí Minh(Mới)",binh-duong,Đất,dat-tho-cu,2025-09-13 16:58:34,14/08/2025 16:58,SALE_HIGH_CONFIDENCE,AMBIGUOUS,3000000000.0,title_reference,0.16666666666666666,832.3333333333334,"[{""source"": ""title"", ""basis"": ""total"", ""amount_vnd"": 3000000000.0, ""total_equivalent_vnd"": 3000000000.0, ""approximate"": false, ""text_excerpt"": ""37.5m² ngang 7m gia 3 ty phuong thoi ho""}]"
99178,1329679.0,"Bán đất xuân đỉnh, rẻ, giá đầu tư xây ccmn, ko qh, ngõ rộng nông, mt 7m 15.8 tỷ 0336 712 ***","BÁN ĐẤT XUÂN ĐỈNH, RẺ, GIÁ ĐẦU TƯ XÂY CCMN, KO QH, NGÕ RỘNG NÔNG, MT 7M 15.8 TỶ- Đất đẹp xây CCMN, Nhà trọ cho thuê đẹp- Giá đầu tư, Ngõ nông rộng gần phố- Mặt tiền gần 7 m quá đẹp- Gần khu Ngoại giao đoàn, Công viên Hoà Bình- Khu vực tập trung nhiều ngân hàng, Nhà hàng , Khách sạn Vip, tiện ích không thiếu chi- Chủ cực thiện chí sốt nóng bán- Sổ đỏ sẵn sàng giao dịch- Xin Liên hệ ngay Em Ngọc Nhà Đẹp Triệu Đô HN:  để nhận thông tin chi tiết. Ngọc Nhà thông tin chuẩn . Uy Tín - Nhiệt Tình - Tận TâmXem thêm",158000.0,102.0,"Đường Xuân Đỉnh,Phường Xuân Đỉnh,Quận Bắc Từ Liêm,Hà Nội",ha-noi,Đất,dat-tho-cu,2025-09-12 23:26:59,14/07/2025 23:26,SALE_HIGH_CONFIDENCE,AMBIGUOUS,15800000000.0,description_reference,9.0,9999.0,"[{""source"": ""description"", ""basis"": ""total"", ""amount_vnd"": 15800000000.0, ""total_equivalent_vnd"": 15800000000.0, ""approximate"": false, ""text_excerpt"": ""go rong nong, mt 7m 15.8 ty- dat dep xay c""}]"
103316,1190906.0,"Tiêu đề: ""Đất Vàng Gia Lâm - Dương Đức Hiền: Đỉnh Cao Tiện Ích!","Bạn đang tìm kiếm một mảnh đất vàng tại Gia Lâm, Hà Nội? Hãy đến với Lan Hương thổ cư 0965280923.Mảnh đất này nằm tại Dương Đức Hiền, Gia Lâm, với diện tích 45m2, mặt tiền 4,3m, ngõ thông, nở hậu. Vị trí đắc địa, gần chợ, keo, trường học các cấp, chỉ 200m ra quốc lộ 17.Tiện ích xung quanh:Gần chợ, siêu thị.Gần trường học các cấpGần quốc lộ 17, dễ dàng di chuyểnNgõ thông, nở hậu, thoáng mát.Hãy nhanh chóng sở hữu mảnh đất vàng này! Liên hệ với Lan Hương để biết thêm thông tin. Đt: 0965280923.Giá cả hợp lý, nhỉnh 2 tỷ. chính chủ bán.Đừng bỏ lỡ cơ hội này!""",2200.0,45.0,"đường 179,Xã Kim Sơn,Huyện Gia Lâm,Hà Nội",ha-noi,Đất,dat-tho-cu,2025-09-12 23:43:34,15/04/2025 23:43,AMBIGUOUS,AMBIGUOUS,2000000000.0,description_reference,0.1,1099.0,"[{""source"": ""description"", ""basis"": ""total"", ""amount_vnd"": 2000000000.0, ""total_equivalent_vnd"": 2000000000.0, ""approximate"": true, ""text_excerpt"": ""ia ca hop ly, nhinh 2 ty. chinh chu ban""}]"
78341,1400696.0,"Bán nhà dân xây phú thượng, đẹp, ở ngay, 4 tầng, 3 ngủ 40m2 mt4.6 dưới nhỉnh 8 tỷ","Bán nhà dân xây Phú Thượng, đẹp, ở ngay, 4 Tầng, 3 ngủ - 40m² - mt:4.6 - dưới nhỉnh 8 TỷNhà đẹp dân xây về cứ thế ở, ngõ nông ngay trung tâm Phú Thượng, thiết kế hiện đại.Ngõ 209 Phú Thượng, gần Công an phường, ủy ban phường, Ciputra, cấp 1,2,3 Phú Thượng.Phù hợp mua ở cho vợ chồng trẻ, có người già trẻ em. Ngõ rộng ô tô đỗ cửa, yên tĩnh mát mẻ an ninh tốtSổ đỏ chính chủ, đẹp không lỗi phong thủy, giao dịch ngay.Alo trực tiếp em Tú Đời Thường để xem nhàHỗ trợ 24/7 ( cam kết thông tin thật 100%)Xem thêm",8500.0,40.0,"Đường Phú Thượng,Phường Phú Thượng,Quận Tây Hồ,Hà Nội",ha-noi,Nhà riêng,nha-mat-pho-mat-tien,2025-09-12 22:07:54,13/08/2025 22:07,SALE_HIGH_CONFIDENCE,AMBIGUOUS,8000000000.0,title_reference,0.0625,1061.5,"[{""source"": ""title"", ""basis"": ""total"", ""amount_vnd"": 8000000000.0, ""total_equivalent_vnd"": 8000000000.0, ""approximate"": true, ""text_excerpt"": ""m2 mt4.6 duoi nhinh 8 ty""}]"
79805,1377412.0,Bán nhà ngõ 279 giảng võ ô tô đỗ cửa đối diện vincom dt 56m2 x5 tầng mt 3.3m giá 16.8 tỷ,"Bán nhà ngõ 279 Giảng Võ - Ba Đình - ô tô đỗ cửa - đối diện Vincom - DT 56m² x5 tầng MT 3.3m giá 16.8 tỷ.Ô tô đỗ cửa - đối diện là Vincom Giảng Võ đang triển khai - 8 phòng khép kín - thuê 40tr/th.Mô tả:+ Thiết kế:- Có ô thoáng kế bên cầu thang bộ có thể cải tạo lắp thang máy.- Tầng 1: Phòng ngoài để xe và 1 phòng bên trong.- Tầng 2,3,4,5: Chia 2 phòng khép kín trước và sau, cầu thang giữa.+ Vị trí đẹp, gần phố, trước nhà có khoảng không rộng đỗ xe ô tô rất tiện. Sau khi dự án Vincom Giảng Võ đi vào hoạt động thì khu vực này cực HOT, giá trị tăng lên như diều gặp gió.+ Sổ đỏ vuông đét, pháp lý rõ ràng.Liên hệ Em Nam .Để được tư vấn xem nhà.Xem thêm",168000.0,56.0,"Phường Giảng Võ,Quận Ba Đình,Hà Nội",ha-noi,Nhà riêng,nha-mat-pho-mat-tien,2025-09-12 22:13:24,13/08/2025 22:13,SALE_HIGH_CONFIDENCE,AMBIGUOUS,16800000000.0,title_reference,9.0,9999.0,"[{""source"": ""title"", ""basis"": ""total"", ""amount_vnd"": 16800000000.0, ""total_equivalent_vnd"": 16800000000.0, ""approximate"": false, ""text_excerpt"": ""x5 tang mt 3.3m gia 16.8 ty""}, {""source"": ""description"", ""basis"": ""total"", ""amount_vnd"": 16800000000.0, ""total_equivalent_vnd"": 16800000000.0, ""approximate"": false, ""text_excerpt"": ""x5 tang mt 3.3m gia 16.8 ty.o to do cua - ""}]"
79222,1388735.0,Thanh khoản hạ 10 tỷ cần bán nhanh toà nhà mp minh khai trung tâm quận hai bà,Mặt phố Hai Bà Trưng - vỉa hè rộng - đầy đủ phòng cháy chữa cháy mặt tiền siêu to vỉa hè thang máy nhà còn rất mới.DT: 140 m² 8 tầng MT 7 m.Giá chào 53 tỷ còn TL mạnh.+ Tầng 1.2.3.3.4.5: thông sàn.+ Tầng 6.7 mỗi tầng 2 phòng khép kín.+ Tầng 8: Tum.Sổ đỏ chính chủ nở hậu.Call: .Nghệ Nhà Phố dẫn quý anh chị em xem nhà làm việc chính chủ miễn MG gọi phiền.Xem thêm,53000.0,140.0,"Đường Minh Khai,Phường Bách Khoa,Quận Hai Bà Trưng,Hà Nội",ha-noi,Nhà riêng,nha-mat-pho-mat-tien,2025-09-12 22:11:13,13/08/2025 22:11,SALE_HIGH_CONFIDENCE,AMBIGUOUS,10000000000.0,title_reference,4.3,5299.0,"[{""source"": ""title"", ""basis"": ""total"", ""amount_vnd"": 10000000000.0, ""total_equivalent_vnd"": 10000000000.0, ""approximate"": false, ""text_excerpt"": ""thanh khoan ha 10 ty can ban nhanh ""}, {""source"": ""description"", ""basis"": ""total"", ""amount_vnd"": 53000000000.0, ""total_equivalent_vnd"": 53000000000.0, ""approximate"": false, ""text_excerpt"": ""ang mt 7 m.gia chao 53 ty con tl manh.+ ""}]"
2344,1273190.0,Bán đất 139.8m² 1.57 tỷ tại Xã Tóc Tiên Thị xã Phú Mỹ,"Đất sổ full thổ cư, dt 7x20, quy hoạch khu đô thị nên xây dựng tự do. Giá tốt cho đầu tư.Mặt tiền đường số 10, xã Tóc Tiên.",1420.0,139.8,"Xã Châu Pha,TP. Hồ Chí Minh(Mới)",ba-ria-vung-tau,Đất,dat-tho-cu,2025-09-13 18:01:42,13/09/2025 03:01,SALE_HIGH_CONFIDENCE,AMBIGUOUS,1570000000.0,title_reference,0.09554140127388536,903.4585987261147,"[{""source"": ""title"", ""basis"": ""total"", ""amount_vnd"": 1570000000.0, ""total_equivalent_vnd"": 1570000000.0, ""approximate"": false, ""text_excerpt"": ""ban dat 139.8m² 1.57 ty tai xa toc tie""}]"
185280,1306830.0,Nhà phố trung tâm quận 10 giá tốt,149 Hồ Bá Kiện. P15. Quận 10.- Diện tích. 4.1 x 17m.- Kết cấu: 4 tầng.- Hđt: 30 triệu/tháng.- Giá bán: 19.5 tỷ Tl.(sp tốt khu cư xá Bắc Hải).Xem thêm,195000.0,69.0,"Đường Hồ Bá Kiện,Phường 15,Quận 10,TP. Hồ Chí Minh",tp-ho-chi-minh,Nhà riêng,nha-mat-pho-mat-tien,2025-09-13 19:49:25,15/07/2025 19:49,AMBIGUOUS,AMBIGUOUS,19500000000.0,description_reference,9.0,9999.0,"[{""source"": ""description"", ""basis"": ""total"", ""amount_vnd"": 19500000000.0, ""total_equivalent_vnd"": 19500000000.0, ""approximate"": false, ""text_excerpt"": ""eu/thang.- gia ban: 19.5 ty tl.(sp tot khu""}]"
108702,1379329.0,"Chủ nhà cần bán gấp căn hộ 97,4m(3n) giá 7.4 tỷ tại pvvvinapharm 60b nguyễn huy tưởng thanh xuân","Chủ nhà chuyến xuống mặt đất cần nhượng gấp căn hộ chung cư tại PVV-Vinapharm 60B Nguyễn Huy Tưởng, Thanh Xuân, Hà Nội. Với diện tích rộng rãi 97,4 m2- 3 phòng ngủ rộng rãi, phù hợp cho gia đình đông thành viên.- 2 phòng tắm hiện đại, tiện lợi cho sinh hoạt hàng ngày.- Phòng khách sang trọng, không gian thoáng đãng.- Nội thất đầy đủ, chỉ việc dọn vào ở ngay.- Giá bán 7,4 tỷ VND, rất hợp lý cho một căn hộ cao cấp tại trung tâm Thanh XuânCăn hộ còn có pháp lý đầy đủ, đảm bảo quyền lợi cho người sở hữu.Liên hệ  ( E Khánh ) tư vấn và xem nhà ngay.Xem thêm",74000.0,97.0,"Đường Nguyễn Huy Tưởng,Phường Thanh Xuân Trung,Quận Thanh Xuân,Hà Nội",ha-noi,Căn hộ chung cư,can-ho-chung-cu,2025-09-13 00:01:57,14/08/2025 00:01,SALE_HIGH_CONFIDENCE,AMBIGUOUS,7400000000.0,title_reference,9.0,9999.0,"[{""source"": ""title"", ""basis"": ""total"", ""amount_vnd"": 7400000000.0, ""total_equivalent_vnd"": 7400000000.0, ""approximate"": false, ""text_excerpt"": ""an ho 97,4m(3n) gia 7.4 ty tai pvvvinapha""}, {""source"": ""description"", ""basis"": ""total"", ""amount_vnd"": 7400000000.0, ""total_equivalent_vnd"": 7400000000.0, ""approximate"": false, ""text_excerpt"": ""ao o ngay.- gia ban 7,4 ty vnd, rat hop l""}]"
110087,1337234.0,Chung cư trần bình căn góc 83m full nội thất view mênh mông 7.45 tỷ (1tl69107),"CHUNG CƯ TRẦN BÌNH  CĂN GÓC 83M  FULL NỘI THẤT  VIEW MÊNH MÔNG  7.45 TỶ (1TL69107)Lô góc  Ban công siêu dài  View ôm trọn thành phố  Nội thất chủ tặng gần fullTòa nhà 31 tầng  3 tầng thương mại  3 tầng hầm  thẻ cư dân riêng biệt khi dùng thang máyVị trí vàng ngay nút giao Trần Bình, Nguyễn Hoàng, Hồ Tùng Mậu, Phạm Hùng  trung tâm quận Nam Từ LiêmThiết kế:+ 3 phòng ngủ (1 phòng master khép kín, 2 phòng nhỏ) + 1 WC ngoài+ Phòng khách rộng, ánh sáng chan hòaNội thất cao cấp như hình  chỉ việc xách vali về ởSổ đỏ lâu dài  pháp lý sạch sẵn giao dịch ngayLiên hệ Em Hạnh   Chuyên BĐS Hà Nội: Cầu Giấy, Mỹ Đình, Phạm Hùng, Nguyễn Hoàng, Hàm Nghi, Hồ Tùng Mậu để xem nhà ngay!Xem thêm",745000.0,83.0,"Phường Mỹ Đình 2,Quận Nam Từ Liêm,Hà Nội",ha-noi,Căn hộ chung cư,can-ho-chung-cu,2025-09-13 00:06:50,14/08/2025 00:06,AMBIGUOUS,AMBIGUOUS,7450000000.0,title_reference,99.0,99999.0,"[{""source"": ""title"", ""basis"": ""total"", ""amount_vnd"": 7450000000.0, ""total_equivalent_vnd"": 7450000000.0, ""approximate"": false, ""text_excerpt"": ""that view menh mong 7.45 ty (1tl69107)""}, {""source"": ""description"", ""basis"": ""total"", ""amount_vnd"": 7450000000.0, ""total_equivalent_vnd"": 7450000000.0, ""approximate"": false, ""text_excerpt"": ""at  view menh mong  7.45 ty (1tl69107)lo g""}]"
111262,1304330.0,Chỉ 80tr/m2 sở hữu căn hộ 2pn siêu đẹp tại vinhome smart city không gian sống cho gia đình trẻ,"SỐNG ĐẲNG CẤP - TIỆN ÍCH NGẬP TRÀN- GIÁ CHỈ 4.5 TỶVị trí: Trung tâm Đại đô thị thông minh Vinhomes Smart City - Tây Mỗ - Nam Từ LiêmThiết kế : 2PN + 1 _ hướng Đông Nam mát mẻ quanh năm, view đẹpHệ thống Vincom, trường học Vinschool, bệnh viện Vinmec, công viên trung tâm 10haGiao thông thuận tiện: Gần metro số 5, 6, 7; kết nối nhanh Mỹ Đình - Trần Duy HưngCộng đồng cư dân văn minh, an ninh 24/7Liên hệ Anh Tuấn xem nhà thực tế :Vị trí gần: Gần bến xe Mỹ Đình, Gần SVĐ Quốc gia Mỹ Đình, Phú Đô, Lê Quang Đạo, gần Mễ Trì, Trung Văn, Đại lộ Thăng Long, Vành Đai 3 - Khuất Duy TiếnLưu ý : vì lí do bảo mật thông tin tránh làm phiền nên hình ảnh có thể mang tính chất minh hoạ, ai có nhu cầu xem liên hệ",45000.0,55.0,"Phường Tây Mỗ,Quận Nam Từ Liêm,Hà Nội",ha-noi,Căn hộ chung cư,can-ho-chung-cu,2025-09-13 00:11:05,15/07/2025 00:11,AMBIGUOUS,AMBIGUOUS,4400000000.0,title_reference,9.227272727272727,10226.272727272728,"[{""source"": ""title"", ""basis"": ""per_m2"", ""amount_vnd"": 80000000.0, ""total_equivalent_vnd"": 4400000000.0, ""approximate"": false, ""text_excerpt"": ""chi 80tr/m2 so huu can ""}]"
228213,1373029.0,Siêu phẩm căn hộ alnata 3pn 104m2 giá chỉ (6.5ty bao hết) nhà trống dễ decor tuỳ thích,"Bán gấp căn hộ Alnata giá siêu tốt 6.5ty [hết 102%]+ Diện tích: 104m+ Giá bán: 6.5tỷ (bao hết )+ Thiết kế: 3PN+2WC, phòng khách rộng rãi, ban công thoáng mát+ Tiện ích: Hồ bơi tràn bờ, khu thể thao, công viên nội khu xanh mát, TTTM Aeon Mall, an ninh 24/7+Ngân Hàng hỗ trợ vay 70%Liên hệ ngay:  T.PhongXem thêm",65000.0,104.0,"Phường Sơn Kỳ,Quận Tân Phú,TP. Hồ Chí Minh",tp-ho-chi-minh,Căn hộ chung cư,can-ho-chung-cu,2025-09-13 22:53:35,14/08/2025 22:53,AMBIGUOUS,AMBIGUOUS,6500000000.0,title_reference,9.0,9999.0,"[{""source"": ""title"", ""basis"": ""total"", ""amount_vnd"": 6500000000.0, ""total_equivalent_vnd"": 6500000000.0, ""approximate"": false, ""text_excerpt"": "" 3pn 104m2 gia chi (6.5ty bao het) nha t""}, {""source"": ""description"", ""basis"": ""total"", ""amount_vnd"": 6500000000.0, ""total_equivalent_vnd"": 6500000000.0, ""approximate"": false, ""text_excerpt"": ""alnata gia sieu tot 6.5ty [het 102%]+ di""}, {""source"": ""description"", ""basis"": ""total"", ""amount_vnd"": 6500000000.0, ""total_equivalent_vnd"": 6500000000.0, ""approximate"": false, ""text_excerpt"": ""ich: 104m+ gia ban: 6.5ty (bao het )+ th""}]"
91899,1477592.0,"Bán đất thôn trại hồ, cổ đông, sơn tây, ngay cạnh quốc lộ 21, vuông vắn, đường rộng, giá 3 tỷ","1: Nằm trên trục đường Liên xóm, dân cư xung quanh đông đúc!2: Cách Uỷ Ban xã, Y Tế Xã, Trường Mầm Non, cấp 1, cấp 2 khoảng 1 - 2 phút di chuyển.3: Cách Khu Công Nghệ cao Khoảng: 4 - 5 phút di chuyển.4: Cách đại học Quốc gia khoảng 4 - 5 phút di chuyển.5: Cách Quốc Lộ 21 chỉ khoảng 1 Phút Di chuyển.6: Cách trục Tây - Hồ Tây Ba Vì chỉ khoảng 1 Phút di chuyển.7: Hạ tầng đồng bộ, Mặt tiền to rộng.8: Tài chính chưa tới 3 tỷ/ lô 100 mét full thổ cư.9: Phù hợp mua để ở, xây nhà trọ hoặc đầu tư lãi vốn.Sổ đỏ từng lô, sang tên công chứng ngay.Xem thêm",2800.0,100.0,"Xã Cổ Đông,Thị xã Sơn Tây,Hà Nội",ha-noi,Đất,dat-tho-cu,2025-09-12 22:59:16,08/09/2025 22:59,SALE_HIGH_CONFIDENCE,AMBIGUOUS,3000000000.0,title_reference,0.06666666666666667,932.3333333333334,"[{""source"": ""title"", ""basis"": ""total"", ""amount_vnd"": 3000000000.0, ""total_equivalent_vnd"": 3000000000.0, ""approximate"": false, ""text_excerpt"": ""an, duong rong, gia 3 ty""}, {""source"": ""description"", ""basis"": ""total"", ""amount_vnd"": 3000000000.0, ""total_equivalent_vnd"": 3000000000.0, ""approximate"": false, ""text_excerpt"": "" tai chinh chua toi 3 ty/ lo 100 met fu""}]"
100133,1305602.0,"Bán đất đẹp xuất sắc tại xã mai lâm, đông anh, hà nội, 7,5 tỷ, 100m2. lô 2 mặt thoáng.","Mảnh đất này nằm ở Xã Mai Lâm, Huyện Đông Anh, Hà Nội, cực kỳ thuận lợi cho việc xây dựng hoặc đầu tư. Diện tích 100m², giá chỉ 7,5 tỷ VND, quá hời cho một vị trí như vậy!+ Đất nền (DN) được quy hoạch rõ ràng, dễ dàng xây dựng theo ý thích.+ Phong thủy tốt, giúp gia chủ phát tài phát lộc.+ Khu vực yên tĩnh, phù hợp cho cuộc sống an lành.Liên hệ ngay để biết thêm thông tin chi tiết!  Nguyễn Trường Sinh.Xem thêm",75000.0,100.0,"Xã Mai Lâm,Huyện Đông Anh,Hà Nội",ha-noi,Đất,dat-tho-cu,2025-09-12 23:30:44,14/07/2025 23:30,SALE_HIGH_CONFIDENCE,AMBIGUOUS,7500000000.0,title_reference,9.0,9999.0,"[{""source"": ""title"", ""basis"": ""total"", ""amount_vnd"": 7500000000.0, ""total_equivalent_vnd"": 7500000000.0, ""approximate"": false, ""text_excerpt"": "", dong anh, ha noi, 7,5 ty, 100m2. lo 2 m""}, {""source"": ""description"", ""basis"": ""total"", ""amount_vnd"": 7500000000.0, ""total_equivalent_vnd"": 7500000000.0, ""approximate"": false, ""text_excerpt"": ""tich 100m², gia chi 7,5 ty vnd, qua hoi c""}]"
124967,1195652.0,"Nhà Gần Biển Nha Trang, Ngay chợ Bình Tân","Nhà Mới 2 Tầng, Hẻm Đông Phước, Phước Long, Nha Trang. Ngay cạnh chợ Bình Tân Nha Trang.• Tiện ích liền kề đầy đủ, Chợ + Trường ….!• Ra Biển 800m+ DT : 68m2 ( Ngang 4m )+ Hướng Đông+ P/thờ + Khách + Bếp + 3p/ngủ + 2WChích hợp đầu tư hoặc ở ...• Chỉ 2 T/ỷ 750tr là bạn sở hữu căn nhà này👉 Gi/á có bớt, nhanh tay chốt ngay ..!_________Alo Chi tiết xem ngà và làm việc ạh : 079.365.6898 NguyênYTĐ",2750.0,68.0,"Đường Đông Phước,Phường Phước Long,Thành phố Nha Trang,Khánh Hòa",khanh-hoa,Nhà riêng,nha-mat-pho-mat-tien,2025-09-13 14:36:00,16/04/2025 14:36,AMBIGUOUS,AMBIGUOUS,750000000.0,description_reference,2.6666666666666665,3665.6666666666665,"[{""source"": ""description"", ""basis"": ""total"", ""amount_vnd"": 750000000.0, ""total_equivalent_vnd"": 750000000.0, ""approximate"": false, ""text_excerpt"": ""ac o ...• chi 2 t/y 750tr la ban so huu ""}]"
46593,1302140.0,Chào bán nam hòa xuân lô đầm sen kề góc ngay cầu minh mạng 1 bước chân ra công viên tuyệt đẹp.,Chào bán Nam Hòa Xuân lô Đầm Sen kề góc ngay cầu Minh Mạng 1 bước chân ra công viên tuyệt đẹp.Thông tin lô đất:- Diện tích: 100m².- Hướng: Tây Bắc.- Giá: 4.08 tỷ.Quý khách hàng cần xem đất thực tế hoặc liên hệ chủ thương lượng giá vui lòng liên hệ:  - Mr Cần.Xem thêm,408000.0,100.0,"Đường Minh Mạng (Đoạn Tiếp Theo Từ Đường Minh Mạng Đến Đường Võ Chí Công),Phường Hoà Quý,Quận Ngũ Hành Sơn,Đà Nẵng",da-nang,Đất,dat-tho-cu,2025-09-13 14:15:03,15/07/2025 14:15,AMBIGUOUS,AMBIGUOUS,4080000000.0,description_reference,99.0,99999.0,"[{""source"": ""description"", ""basis"": ""total"", ""amount_vnd"": 4080000000.0, ""total_equivalent_vnd"": 4080000000.0, ""approximate"": false, ""text_excerpt"": ""ong: tay bac.- gia: 4.08 ty.quy khach hang""}]"
108214,1387919.0,"Nhà mình bán căn hộ 198m2, 4 phòng ngủ + 1, view ngắm pháo hoa, cc dolphin plaza. giá 10.8 tỷ","Xuống biệt thự ở, gia đình mình cần bán nhanh căn hộ to đẹp nhất dự án Dolphin Plaza.- Diện tích 198m², gồm 4 ngủ + 1.- Hướng cửa Đông Nam, ban công Tây Nam, view thoáng và đẹp.- Nhà nội thất cơ bản phù hợp cho khách thích về tự thiết kế theo sở thích.- Căn góc, sổ đỏ chính chủ.- Giá bán: 10.8 tỷ. Có thương lượng.+ Liên hệ xem nhà 24/7: .Xem thêm",108000.0,198.0,"Phường Mỹ Đình 2,Quận Nam Từ Liêm,Hà Nội",ha-noi,Căn hộ chung cư,can-ho-chung-cu,2025-09-13 00:00:11,14/08/2025 00:00,SALE_HIGH_CONFIDENCE,AMBIGUOUS,10800000000.0,title_reference,9.0,9999.0,"[{""source"": ""title"", ""basis"": ""total"", ""amount_vnd"": 10800000000.0, ""total_equivalent_vnd"": 10800000000.0, ""approximate"": false, ""text_excerpt"": "" dolphin plaza. gia 10.8 ty""}, {""source"": ""description"", ""basis"": ""total"", ""amount_vnd"": 10800000000.0, ""total_equivalent_vnd"": 10800000000.0, ""approximate"": false, ""text_excerpt"": ""hinh chu.- gia ban: 10.8 ty. co thuong luo""}]"
7342,1317572.0,"Bán đất quốc lô 37, xã đoan bái, hiệp hòa, bắc giang, 1,75 tỷ, 71m2 hàng hiếm tại giá ưu đãi","Tọa lạc tại sát công ty may Hà Phong, Xã Đoan Bái, Hiệp Hòa, Bắc Giang, lô đất này có diện tích 71m², thích hợp cho những ai đang tìm kiếm một không gian lý tưởng để xây dựng tổ ấm hoặc đầu tư với vị trí xung quanh nhiều khu công nghiệp đang triển khai. Với giá bán 1,7x tỷ VND, đây là một cơ hội không thể bỏ lỡ.+ Diện tích: 71m².+ Pháp lý đầy đủ (sổ đỏ).+ Chiều ngang mặt tiền: 5m.+ Chiều rộng ngõ trước: 9m.Điểm cộng:+ Ngõ vào rộng rãi, thuận tiện cho xe ô tô di chuyển.+ Mặt tiền lý tưởng cho kinh doanh hoặc cho thuê nếu có nhu cầu.+ Phong thủy tốt, mang lại tài lộc cho gia chủ.Để biết thêm thông tin và được tư vấn miễn phí, liên hệ ngay với Viên Vũ qua số điện thoại .Xem thêm",175000.0,71.0,"Đường Quốc Lộ 37,Xã Đoan Bái,Huyện Hiệp Hòa,Bắc Giang",bac-giang,Đất,dat-tho-cu,2025-09-13 00:46:32,15/07/2025 00:46,SALE_HIGH_CONFIDENCE,AMBIGUOUS,1750000000.0,title_reference,99.0,99999.0,"[{""source"": ""title"", ""basis"": ""total"", ""amount_vnd"": 1750000000.0, ""total_equivalent_vnd"": 1750000000.0, ""approximate"": false, ""text_excerpt"": ""iep hoa, bac giang, 1,75 ty, 71m2 hang hie""}]"
152773,703683.0,"BÁN ĐẤT RỘNG HÀ PHONG,HẠ LONG,QUẢNG NINH","BÁN ĐẤT RỘNG HÀ PHONG,HẠ LONG,QUẢNG NINH- Diện tích : 8573,5mGần khu đăng kiểm Hà PhongGiá bán : 1tr5/m2 ( có thương lượng)LH : Hoàng - 0988945555",12900.0,8573.5,"Phường Hà Tu,Quảng Ninh(Mới)",quang-ninh,Đất,dat-tho-cu,2025-09-13 00:42:07,14/08/2025 00:42,SALE_HIGH_CONFIDENCE,AMBIGUOUS,1000000.0,description_reference,12899.0,12899999.0,"[{""source"": ""description"", ""basis"": ""total"", ""amount_vnd"": 1000000.0, ""total_equivalent_vnd"": 1000000.0, ""approximate"": false, ""text_excerpt"": ""m ha phonggia ban : 1tr5/m2 ( co thuon""}]"
217519,1371345.0,"Bán đất 2 mặt tiền bình lợi, dt 18x18, khu biệt thự sang trọng, p13, q bình thạnh","Bán gấp lô đất 2 mặt tiền view sông Sài Gòn - biệt thự cao cấp compound, Bình Lợi, P13, Bình Thạnh.+ Diện tích: 18x18m (CN: 281m²).+ Vị trí: Trong khu biệt thự hạng sang, bảo vệ 24/7, cách sông Sài Gòn 50m, gần công viên, di chuyển các quận trung tâm nhanh chóng, quận 1, Phú Nhuận, Tân Bình, Gò Vấp,...+ Ưu điểm: Hai mặt tiền rộng rãi, view  thoáng mát, phù hợp xây biệt thự nghỉ dưỡng hoặc đầu tư.+ Giá bán: 35.5 tỷ VNĐ.+ Liên hệ ngay:  em Phượng cam kết thông tin đúng sự thật, hỗ trợ xem bất động sản 24/7.Xem thêm",355000.0,281.0,"Đường Bình Lợi,Phường 13,Quận Bình Thạnh,TP. Hồ Chí Minh",tp-ho-chi-minh,Đất,dat-tho-cu,2025-09-13 22:02:30,14/08/2025 22:02,SALE_HIGH_CONFIDENCE,AMBIGUOUS,35500000000.0,description_reference,9.0,9999.0,"[{""source"": ""description"", ""basis"": ""total"", ""amount_vnd"": 35500000000.0, ""total_equivalent_vnd"": 35500000000.0, ""approximate"": false, ""text_excerpt"": ""c dau tu.+ gia ban: 35.5 ty vnd.+ lien he ""}]"
129670,1318380.0,"Bán đất 113.4m2, ngang 13 m, đường 4 m, xã diên an, cách đường võ nguyên giáp, và đường bà đề, 100m","Bán đất 113.4m²(ngang hơn 13m), xã Diên An, cách đường Bà Đề và đường Võ Nguyên Giáp chỉ 100m, giá 13 tr/m².- Diện tích đất: 113.4 m², ngang hơn 13m, hướng chính Nam, đường ô tô 4m vào đến đất.- Vị trí đất khá đẹp:Cách đường lớn Bà Đề và Đường Võ Nguyên Giáp chỉ 100m, cách thành phố Nha Trang khoảng 6 - 7 km.Tiện ích: Gần trường học, chợ Diên An, công viên Sân Bóng chỉ vài trăm mét.- Pháp lý: Đất ONT 60m², còn lại 53,4 m² CLN quy hoạch đất ở.Giá bán: 13 tr/m² (1.47 tỷ) có bớt khách thiện chí. ACE quan tâm liên hệ e.Xem thêm",147000.0,113.0,"Xã Diên An,Huyện Diên Khánh,Khánh Hòa",khanh-hoa,Đất,dat-tho-cu,2025-09-13 14:52:40,15/07/2025 14:52,SALE_HIGH_CONFIDENCE,AMBIGUOUS,1469000000.0,description_reference,99.06807351940095,100067.07351940095,"[{""source"": ""description"", ""basis"": ""per_m2"", ""amount_vnd"": 13000000.0, ""total_equivalent_vnd"": 1469000000.0, ""approximate"": false, ""text_excerpt"": "" giap chi 100m, gia 13 tr/m².- dien tich""}, {""source"": ""description"", ""basis"": ""per_m2"", ""amount_vnd"": 13000000.0, ""total_equivalent_vnd"": 1469000000.0, ""approximate"": false, ""text_excerpt"": ""oach dat o.gia ban: 13 tr/m² (1.47 ty) c""}, {""source"": ""description"", ""basis"": ""total"", ""amount_vnd"": 1470000000.0, ""total_equivalent_vnd"": 1470000000.0, ""approximate"": false, ""text_excerpt"": "".gia ban: 13 tr/m² (1.47 ty) co bot khach ""}]"
5968,1269659.0,Đầu tư đất nền mặt tiền DT992 – cửa ngõ phát triển phía Nam!,"Vị trí vàng: xã Long Tân, Đất Đỏ, Bà Rịa - Vũng TàuDiện tích: 106m2 (sẵn 80m2 thổ cư)Sổ hồng sẵn, pháp lý minh bạch - rõ ràngGiá mềm, từ 7 triệu/m2.Mặt tiền đường nhựa 12m, đối diện KCN Đá Bạc.Bán kính 3km: Trung tâm hành chính huyện, chợ dân sinh, trường học, trạm y tế.Nghỉ dưỡng: biển Hồ Tràm, Long Hải, Phước Hải, Lộc An di chuyển 15 phút.Kết nối vùng: TP HCM, Đống Nai, Bình Thuận.Kết nối hạ tầng giao thông: Cao Tốc Biên Hòa - Vũng Tàu, Cao tốc Long Thành - Hồ Tràm (T9/2025).Quan tâm liên hệ: 0767.639.670 (call/zalo).",822.0,106.0,"Xã Long Tân,Huyện Đất Đỏ,Bà Rịa - Vũng Tàu",ba-ria-vung-tau,Đất,dat-tho-cu,2025-09-13 18:13:51,15/06/2025 18:13,AMBIGUOUS,AMBIGUOUS,742000000.0,description_reference,0.1078167115902965,1106.8167115902966,"[{""source"": ""description"", ""basis"": ""per_m2"", ""amount_vnd"": 7000000.0, ""total_equivalent_vnd"": 742000000.0, ""approximate"": true, ""text_excerpt"": "" ro ranggia mem, tu 7 trieu/m2.mat tien du""}]"
87599,1218883.0,"TT QUANG MINH 90M NHỈNH 4 TỶ,Ô TÔ TRÁNH,PHÙ HỢP ĐẦU TƯ","Chính chủ bán Lô đẹp duy nhất tại QUANG MINH, Mê Linh, Hà NộiDiện tích: 90mVị trí: Đường ô tô tải tránh, đường thông tứ phíaGần KCN Quang Minh (300m), ĐH Y Dược Tuệ Tĩnh (800m), Đối diện Khu đô thị MIK 280haCách cầu Thăng Long 8kmGần các khu đô thị Hà Phong, Cienco 5, Rose gardent...Giá đầu tư – pháp lý chuẩnGọi ngay  096 368 87 77 để xem đất.",4320.0,90.0,"Thị trấn Quang Minh,Huyện Mê Linh,Hà Nội",ha-noi,Nhà riêng,nha-mat-pho-mat-tien,2025-09-12 22:43:18,15/04/2025 22:43,AMBIGUOUS,AMBIGUOUS,4000000000.0,title_reference,0.08,1079.0,"[{""source"": ""title"", ""basis"": ""total"", ""amount_vnd"": 4000000000.0, ""total_equivalent_vnd"": 4000000000.0, ""approximate"": true, ""text_excerpt"": ""uang minh 90m nhinh 4 ty,o to tranh,phu""}]"
6146,1222742.0,Đất đầu tư Bà Rịa-Vũng tàu giá rẻ chỉ với 320 triệu mặt tiền đường nhựa 12m,"Bán Đất Nền Long Tân, Đất Đỏ – Cơ Hội Đầu Tư Vượt Trội, Giá Chỉ 7 Triệu/m²Diện tích: 113m²Giá chỉ: 7 triệu/m²Pháp lý rõ ràng, sổ hồng có sẵn.Vị trí lý tưởng cho đầu tư tại Long Tân, Đất Đỏ, Bà Rịa – Vũng Tàu, khu vực đang có sự tăng trưởng mạnh mẽ nhờ vào sự phát triển của các khu công nghiệp và ngành du lịch.Tiện ích xung quanh:KCN Đá Bạc và KCN Đất Đỏ chỉ vài phút di chuyển, giúp gia tăng giá trị đất nền.Cảng Biển Quốc Tế Cái Mép - Thị Vải là một trong những cảng biển lớn nhất tại Việt Nam, mở ra cơ hội lớn cho giao thương và vận tải.Sân bay Quốc Tế Long Thành dự kiến hoàn thành cuối 2026, sẽ là động lực phát triển khu vực.Bãi biển Long Hải và Ven biển Lộc An - Bình Châu chỉ cách nơi đây v",838.0,111.0,"Xã Long Tân,Huyện Đất Đỏ,Bà Rịa - Vũng Tàu",ba-ria-vung-tau,Đất,dat-tho-cu,2025-09-13 18:14:25,16/05/2025 18:14,AMBIGUOUS,AMBIGUOUS,320000000.0,title_reference,1.61875,2617.75,"[{""source"": ""title"", ""basis"": ""total"", ""amount_vnd"": 320000000.0, ""total_equivalent_vnd"": 320000000.0, ""approximate"": false, ""text_excerpt"": "" tau gia re chi voi 320 trieu mat tien duong""}, {""source"": ""description"", ""basis"": ""per_m2"", ""amount_vnd"": 7000000.0, ""total_equivalent_vnd"": 777000000.0, ""approximate"": false, ""text_excerpt"": "" vuot troi, gia chi 7 trieu/m²dien tich: 1""}, {""source"": ""description"", ""basis"": ""per_m2"", ""amount_vnd"": 7000000.0, ""total_equivalent_vnd"": 777000000.0, ""approximate"": false, ""text_excerpt"": ""tich: 113m²gia chi: 7 trieu/m²phap ly ro r""}]"
111645,1296823.0,"Hiếm bán căn 55m2 tòa m2 view đẹp, giá chỉ nhỉnh 3 tỷ","Chủ nhà cần bán gấp căn hộ 2pn 1wc giá chỉ 3.04 tỷ, thông tin chi tiết căn hộ mời anh chị tham khảo:- Diện tích: 55m².- Giá bán: 3.04 tỷ.- Tầng 1x cực đẹp.- Pháp lý: SĐCC.Liên hệ ngay em Liên: .Xem thêm",304000.0,55.0,"Phường Kiến Hưng,Quận Hà Đông,Hà Nội",ha-noi,Căn hộ chung cư,can-ho-chung-cu,2025-09-13 00:12:25,15/07/2025 00:12,AMBIGUOUS,AMBIGUOUS,3000000000.0,title_reference,100.33333333333333,101332.33333333333,"[{""source"": ""title"", ""basis"": ""total"", ""amount_vnd"": 3000000000.0, ""total_equivalent_vnd"": 3000000000.0, ""approximate"": true, ""text_excerpt"": "" dep, gia chi nhinh 3 ty""}, {""source"": ""description"", ""basis"": ""total"", ""amount_vnd"": 3040000000.0, ""total_equivalent_vnd"": 3040000000.0, ""approximate"": false, ""text_excerpt"": "" ho 2pn 1wc gia chi 3.04 ty, thong tin chi""}, {""source"": ""description"", ""basis"": ""total"", ""amount_vnd"": 3040000000.0, ""total_equivalent_vnd"": 3040000000.0, ""approximate"": false, ""text_excerpt"": ""ch: 55m².- gia ban: 3.04 ty.- tang 1x cuc ""}]"
147545,1380573.0,Bán đất biển kdl sinh thái hòn đỏ chỉ từ 15tr/m2,"Bán đất biển KDL Hòn Đỏ - chỉ từ 15tr/m².Mỹ Hiệp Ninh Hải Ninh Thuận.Cách biển vài bước chân Vị trí đẹp, đắt giá trong KDL sinh thái Hòn Đỏ.Diện tích đa dạng: 94m² - 116m² | Mặt tiền 5m.Thích hợp homestay, café, mini hotel.Tăng giá tốt Giữ tiền an toàn.Gần khu lướt ván diều Mỹ Hoà, Hang Rái, Vịnh Vĩnh Hy, Làng Nho.Giá chỉ từ ~15tr/m².(Zalo/Call).Xem thêm",145000.0,94.0,"Xã Thanh Hải,Huyện Ninh Hải,Ninh Thuận",ninh-thuan,Đất,dat-tho-cu,2025-09-13 14:58:59,14/08/2025 14:58,SALE_HIGH_CONFIDENCE,AMBIGUOUS,1410000000.0,title_reference,101.83687943262412,102835.87943262412,"[{""source"": ""title"", ""basis"": ""per_m2"", ""amount_vnd"": 15000000.0, ""total_equivalent_vnd"": 1410000000.0, ""approximate"": true, ""text_excerpt"": "" thai hon do chi tu 15tr/m2""}, {""source"": ""description"", ""basis"": ""per_m2"", ""amount_vnd"": 15000000.0, ""total_equivalent_vnd"": 1410000000.0, ""approximate"": true, ""text_excerpt"": ""kdl hon do - chi tu 15tr/m².my hiep nin""}, {""source"": ""description"", ""basis"": ""per_m2"", ""amount_vnd"": 15000000.0, ""total_equivalent_vnd"": 1410000000.0, ""approximate"": false, ""text_excerpt"": ""ang nho.gia chi tu ~15tr/m².(zalo/call)""}]"
20836,1412157.0,"Bán đất thị trấn lai uyên, hồ chí minh","Bán lô đất 03 đất mặt tiền đường Lai Uyên 76, Bàu Bàng, Hồ Chí Minh.Diện tích: 3883m². Có 300m² thổ cư, có điện 3 pha.Xây dựng tự do. Đường bê tông thông.Nằm giao nhau với đường DT741C rộng 32m dễ dàng di chuyển đến trung tâm thành phố hay đi các tỉnh thành lân cận.Ngay KCN Bàu Bàng, dân cư tấp nập, thích hợp XD nhà trọ, kinh doanh quán café, quán nhậu, làm nhà sân vườn...Cách Sân bay Tân Sơn Nhất, cảng Sài Gòn, trung tâm Tp. HCM 60km; cách Tp Thủ Dầu Một, Bình Dương 20km.Giao thông thuận tiện, điện, nước cấp, xử lý nước thải, viễn thông.Giá bán: 1 triệu 700/m².Xem thêm",6600.0,3883.0,"Thị trấn Lai Uyên,Huyện Bàu Bàng,Bình Dương",binh-duong,Đất,dat-tho-cu,2025-09-13 17:08:02,16/08/2025 17:08,SALE_HIGH_CONFIDENCE,AMBIGUOUS,1000000.0,description_reference,6599.0,6599999.0,"[{""source"": ""description"", ""basis"": ""total"", ""amount_vnd"": 1000000.0, ""total_equivalent_vnd"": 1000000.0, ""approximate"": false, ""text_excerpt"": ""vien thong.gia ban: 1 trieu 700/m².xem the""}]"
66980,1321171.0,"Bán đất tđc bửu long (dt 75,6m2) sổ riêng thổ cư 100% đường 8m + vĩa hè 3m. giá chỉ 3,450 tỷ",ĐẤT TĐC P.BỬU LONGBán nhanh lô TĐC ngay KDC P.Bửu Long - Mặt tiền đẹp ko vướng nắp cống ... Vị trí đối diện 5 Tòa NOXH - Không gian thoáng để OTO thoải máiDT : 4.2 x 18Hướng : NamSổ hồng riêng thổ cư 100% sẵn Trên Tay mình như hình - Mua bán công chứng 1p30sGiá : 3 Tỷ 450 TriệuALO EM :  XEM ĐẤT LVCCEM NHẬN MUA BÁN KÝ GỞI NHÀ ĐẤTXem thêm,345000.0,75.0,"Đường F1,Phường Bửu Long,Thành phố Biên Hòa,Đồng Nai",dong-nai,Đất,dat-tho-cu,2025-09-14 00:42:03,16/07/2025 00:42,SALE_HIGH_CONFIDENCE,AMBIGUOUS,3450000000.0,description_reference,99.0,99999.0,"[{""source"": ""description"", ""basis"": ""total"", ""amount_vnd"": 3450000000.0, ""total_equivalent_vnd"": 3450000000.0, ""approximate"": false, ""text_excerpt"": ""ng chung 1p30sgia : 3 ty 450 trieualo em : ""}]"
181478,1344073.0,"Bán nhà hẻm 8m vườn lài, an phú đông, q12 473m² thổ cư, giá 36.35 tỷ","Bán nhà hẻm 8m Vườn Lài, An Phú Đông, Q12  473m² thổ cư, cách mặt tiền chỉ 1 căn, giá 36.35 tỷ TLĐường Vườn Lài, Phường An Phú Đông, Quận 12, TP.HCMMức giá: 36,35 tỷ ~76,8 triệu/m²Diện tích: 473 m²Lộ giới: Hẻm nhựa 8m | Hiện trạng: Nhà cấp 4 (không công nhận), bán đấtThông tin mô tảVị trí siêu đẹp, chỉ cách mặt tiền số 140 Vườn Lài đúng 1 căn nhà. Hẻm xe tải 8m, khu dân cư chuẩn quy hoạch.Diện tích: 534.5m² (trong đó thổ cư 473m²)  thửa đất vuông vức, cao ráo, đối diện biệt thự 140.3 Vườn LàiHiện trạng: Có nhà cấp 4 không công nhận, chủ đang làm xưởng mayPháp lý: Sổ hồng riêng chính chủ  ký trực tiếp với người nhà chủ đấtPhù hợp: Xây biệt thự, nhà ở, chia lô hoặc đầu tư lâu dài  khu vực tiềm",3635000.0,473.0,"Đường Vườn Lài,Phường An Phú Đông,Quận 12,TP. Hồ Chí Minh",tp-ho-chi-minh,Nhà riêng,nha-mat-pho-mat-tien,2025-09-13 19:33:40,14/08/2025 19:33,SALE_HIGH_CONFIDENCE,AMBIGUOUS,36350000000.0,title_reference,99.0,99999.0,"[{""source"": ""title"", ""basis"": ""total"", ""amount_vnd"": 36350000000.0, ""total_equivalent_vnd"": 36350000000.0, ""approximate"": false, ""text_excerpt"": ""2 473m² tho cu, gia 36.35 ty""}, {""source"": ""description"", ""basis"": ""total"", ""amount_vnd"": 36350000000.0, ""total_equivalent_vnd"": 36350000000.0, ""approximate"": false, ""text_excerpt"": ""tien chi 1 can, gia 36.35 ty tlduong vuon l""}, {""source"": ""description"", ""basis"": ""total"", ""amount_vnd"": 36350000000.0, ""total_equivalent_vnd"": 36350000000.0, ""approximate"": false, ""text_excerpt"": "" 12, tp.hcmmuc gia: 36,35 ty ~76,8 trieu/m²""}, {""source"": ""description"", ""basis"": ""per_m2"", ""amount_vnd"": 76800000.0, ""total_equivalent_vnd"": 36326400000.0, ""approximate"": false, ""text_excerpt"": ""mmuc gia: 36,35 ty ~76,8 trieu/m²dien tich: 4""}, {""source"": ""description"", ""basis"": ""total"", ""amount_vnd"": 36350000000.0, ""total_equivalent_vnd"": 36350000000.0, ""approximate"": false, ""text_excerpt"": "" trien manhgia ban: 36,35 ty (thuong luong ""}]"
23104,1342362.0,4.5 tỉ lô đất4.5*26m sát mặt tiền tiện kinh doanh hai bà trưng. cách bigc go 500m. cực đẹp rẻ.,"Bán đất cách đường Hai Bà Trưng nối dài 20m p.Đông Hòa Tp.Dĩ AnDT: 116,5m², thổ cư: 69,7m² (4,5x26m)Cách BigC Dĩ An 500mĐường rộng 5mSổ hồng riêngNgân hàng hỗ trợ 70%Giá: 4ty500 TLLh - 6510Xem thêm",45000.0,116.0,"Phường Đông Hòa,Thị xã Dĩ An,Bình Dương",binh-duong,Đất,dat-tho-cu,2025-09-13 17:16:56,14/08/2025 17:16,AMBIGUOUS,AMBIGUOUS,4500000000.0,title_reference,9.0,9999.0,"[{""source"": ""title"", ""basis"": ""total"", ""amount_vnd"": 4500000000.0, ""total_equivalent_vnd"": 4500000000.0, ""approximate"": false, ""text_excerpt"": ""4.5 ti lo dat4.5*26m ""}, {""source"": ""description"", ""basis"": ""total"", ""amount_vnd"": 4500000000.0, ""total_equivalent_vnd"": 4500000000.0, ""approximate"": false, ""text_excerpt"": ""hang ho tro 70%gia: 4ty500 tllh - 6510xem""}]"
81833,1309421.0,"Nhà đội cấn, mặt ngõ thông, ô tô tránh, vừa ở vừa kinh doanh, dân xây tâm huyết, về ở ngay, 44m2*5t","Nhà phố Đội Cấn, quận Ba Đình, 44m², giá chỉ 7,8 tỷ (Có thương lượng).- Nhà nằm trên mặt ngõ to thông, ô tô tránh, gần ngã 3 Giang Văn Minh, Kim Mã kinh doanh sầm uất.- Khu dân cư đông đúc, dân trí cao, gần trường học các cấp, tiện ích vô vàn.- Dân xây 5T chắc chắn, 4 ngủ to đẹp, nhà 2 thoáng, tặng NT, xách vali về ở.- Sổ đỏ nở hậu, sẵn sàng giao dịch.Liên hệ ngay Đoàn Hiền  - chuyên viên tư vấn nhà ở Ba Đình - giải pháp hoàn hảo cho mọi tiêu chí.Xem thêm",78000.0,44.0,"Đường Đội Cấn,Phường Cống Vị,Quận Ba Đình,Hà Nội",ha-noi,Nhà riêng,nha-mat-pho-mat-tien,2025-09-12 22:21:07,14/07/2025 22:21,AMBIGUOUS,AMBIGUOUS,7800000000.0,description_reference,9.0,9999.0,"[{""source"": ""description"", ""basis"": ""total"", ""amount_vnd"": 7800000000.0, ""total_equivalent_vnd"": 7800000000.0, ""approximate"": false, ""text_excerpt"": ""dinh, 44m², gia chi 7,8 ty (co thuong luo""}]"
82899,1298499.0,"Chính chủ bán nhà yên hòa, cầu giấy, hà nội, 9,2 tỷ, 35m2, mặt tiền 5m xây 7 tầng thang máy","Chính chủ bán nhà phố Yên Hòa, Cầu Giấy, Hà Nội với diện tích 35m², giá 9,2 tỷ VND. Nhà mới -- Thang Máy- 4 phòng ngủ rộng rãi, phù hợp cho gia đình đông thành viên.- 5 phòng tắm tiện nghi, giúp tiết kiệm thời gian cho các thành viên.- 7 tầng hiện đại, tối ưu hóa không gian sử dụng.- Đầy đủ nội thất, chỉ cần dọn vào ở ngay.- Chiều ngang mặt tiền 5m, thuận lợi cho việc kinh doanh.- Ngõ vào rộng 3m, xe hơi vào thoải mái.- Pháp lý đầy đủ, an tâm khi giao dịch.Điểm đặc sắc:- Mặt tiền rộng, dễ dàng cho việc kinh doanh hoặc cho thuê.- Pháp lý rõ ràng, giúp nâng cao giá trị tài sản.Gần các tiện ích như siêu thị Hà Đăng, Winmart, công viên Yên Hòa, và bệnh viện mắt quốc tế Việt - Nga.Liên hệ ngay để",92000.0,35.0,"Đường Yên Hòa,Phường Yên Hoà,Quận Cầu Giấy,Hà Nội",ha-noi,Nhà riêng,nha-mat-pho-mat-tien,2025-09-12 22:25:11,14/07/2025 22:25,SALE_HIGH_CONFIDENCE,AMBIGUOUS,9200000000.0,title_reference,9.0,9999.0,"[{""source"": ""title"", ""basis"": ""total"", ""amount_vnd"": 9200000000.0, ""total_equivalent_vnd"": 9200000000.0, ""approximate"": false, ""text_excerpt"": "", cau giay, ha noi, 9,2 ty, 35m2, mat tie""}, {""source"": ""description"", ""basis"": ""total"", ""amount_vnd"": 9200000000.0, ""total_equivalent_vnd"": 9200000000.0, ""approximate"": false, ""text_excerpt"": ""dien tich 35m², gia 9,2 ty vnd. nha moi -""}]"
27897,1327292.0,Mua căn hộ chưa bao giờ là dễ dàng nhưng chưa chỉ với 170tr bạn đã có thể sở hữu (Tin Hết Hạn),Chỉ với 170tr bạn đã có thể sở hữu căn hộ đáng mơ ước với thiết kế hiện đại* Đến từ chủ uy tín đảm bảo đầy đủ tính pháp lý* Địa điểm đáng mơ ước. Dự án tiền phong nên mức giá hợp lí* Ngân hàng hỗ trợ vay lên đến 1tỷ7* Bàn giao nội thất cơ bản* Ân hạn lãi gốc từ chủ đầu tư trong vòng 24 tháng* Miễn phí phí quản lý,1200.0,60.0,"Phường Bình Thắng,Thị xã Dĩ An,Bình Dương",binh-duong,Căn hộ chung cư,can-ho-chung-cu,2025-09-13 17:36:18,15/07/2025 17:36,AMBIGUOUS,AMBIGUOUS,170000000.0,title_reference,6.0588235294117645,7057.823529411765,"[{""source"": ""title"", ""basis"": ""total"", ""amount_vnd"": 170000000.0, ""total_equivalent_vnd"": 170000000.0, ""approximate"": false, ""text_excerpt"": "" nhung chua chi voi 170tr ban da co the ""}, {""source"": ""description"", ""basis"": ""total"", ""amount_vnd"": 170000000.0, ""total_equivalent_vnd"": 170000000.0, ""approximate"": false, ""text_excerpt"": ""chi voi 170tr ban da co the ""}]"
179776,1377045.0,Giảm 1 tỷ dòng tiền 100tr/thángchdv 5 tầng full phòng thang máy ngang 8m 455m2 sàn chỉ 24.5 tỷ,"Giảm 1 tỷ Dòng tiền 100tr/thángCHDV 5 Tầng full phòng- Thang máy- Ngang 8m 455M2 Sànngay khu biệt thự bên sông- sau Gigamall chỉ 24.5 tỷ TLMô tả:- Vị trí: Mặt tiền đường số, ngay khu biệt thự đường 25, xung quanh toàn biệt thự,đối diện công viên, 500m ra Phạm Văn Đồng, Gigamall. View sông hiếm căn bán.- Ngang 8mx20, đường rộng 16m- Kết cấu: Nhà 5 tầng, có hầm để xe hiện tại đang làm CHDV, gồm 20 phòng, tầng trệt cho thuê văn phòng công ty.- Phòng cháy chữa cháy theo thiêu chuẩn, có thang thoát hiểm đầy đủ- Sổ hồng riêng, hoàn công chuẩn, hỗ trợ vay ngân hàng.LH  Em Đông hỗ trợ xem nhà và làm việc chính chủ#dòngtiền #Cănhộdịchvụ #CHDV #gigamall #hiệpbìnhchánh #bángấp #5tầng #viewcongvien #vie",245.0,200.0,"Đường 10,Phường Hiệp Bình Chánh,Quận Thủ Đức,TP. Hồ Chí Minh",tp-ho-chi-minh,Nhà riêng,nha-mat-pho-mat-tien,2025-09-13 19:26:41,14/08/2025 19:26,AMBIGUOUS,AMBIGUOUS,24500000000.0,description_reference,0.99,9.0,"[{""source"": ""description"", ""basis"": ""total"", ""amount_vnd"": 24500000000.0, ""total_equivalent_vnd"": 24500000000.0, ""approximate"": false, ""text_excerpt"": ""g- sau gigamall chi 24.5 ty tlmo ta:- vi t""}]"
100120,1300872.0,"Chính chủ cần bán mảnh đất đẹp view hồ đầm tranh phường cự khối, long biên","Chính chủ cần bán mảnh đất đẹp View hồ Đầm Tranh phường Cự Khối, Long Biên+ Diện tích 124m², mặt tiền rộng 7.1m+ Giá bán 17.5 Tỷ (Mua bán có thương lượng)+ Mảnh đất đẹp View hồ Đầm Tranh rất thích hợp với người mua xây biệt thự nhà vườn, xung quanh hàng xóm sống văn minh, đường sá có vỉa hè gần chợ Cự Khối, công viên, đê Xuân Quan, cầu Thanh Trì, khu vực rất hiếm người bán giá trí sinh lời tốt,..+ Sổ đỏ chính chủ - Sẵn sàng sang tênLiên hệ xem 24/7: Đinh QuýXem thêm",175000.0,124.0,"Đường Xuân Đỗ,Phường Cự Khối,Quận Long Biên,Hà Nội",ha-noi,Đất,dat-tho-cu,2025-09-12 23:30:43,14/07/2025 23:30,SALE_HIGH_CONFIDENCE,AMBIGUOUS,17500000000.0,description_reference,9.0,9999.0,"[{""source"": ""description"", ""basis"": ""total"", ""amount_vnd"": 17500000000.0, ""total_equivalent_vnd"": 17500000000.0, ""approximate"": false, ""text_excerpt"": "" rong 7.1m+ gia ban 17.5 ty (mua ban co th""}]"
104147,1481912.0,Tôi chính chủ căn hộ 118m2 tòa b cc thăng long no1 cần bán giá 67tr/m2 còn slot ôtô,"Chính chủ cần bán gấp căn hộ 3PN 118m², tầng trung tại tháp B, chung cư Thăng Long Number 1.Thông tin căn hộ như sau:- Hướng cửa TB, ban công ĐN.- Sổ đỏ chính chủ, sẵn sàng giao dịch.- Có slot ô tô 200k.- Full nội thất, có thể không lấy nội thất theo nhu cầu của khách hàng.Giá đảm bảo tốt nhất thị trường hiện tại.Anh chị quan tâm vui lòng liên hệ .Xem nhà vào thời gian nào cũng được.Xem thêm",7000.0,118.0,"Phường Trung Hoà,Quận Cầu Giấy,Hà Nội",ha-noi,Căn hộ chung cư,can-ho-chung-cu,2025-09-12 23:46:25,09/09/2025 23:46,SALE_HIGH_CONFIDENCE,AMBIGUOUS,7906000000.0,title_reference,0.11459650898052112,884.4034910194789,"[{""source"": ""title"", ""basis"": ""per_m2"", ""amount_vnd"": 67000000.0, ""total_equivalent_vnd"": 7906000000.0, ""approximate"": false, ""text_excerpt"": ""ong no1 can ban gia 67tr/m2 con slot ot""}]"
110663,1306358.0,"Chính chủ bán căn 56m2 tầng cao giá nét 3,85 tỷ. sổ đỏ chung cư nguyễn đức cảnh. 0913 812 ***","Chính chủ cần bán căn 56m² tầng cao giá 3,85 tỷ (giá Không thương lượng). Sổ đỏ, nội thất đầy đủ bình thường: Đủ tiện ích, cây xanh. Vị trí vàng trung tâm: Đi vào Hồ Gươm chỉ 4km, đến viện Bạch Mai 2km. Đi bộ 400 mét ra hồ Đền Lừ mát mẻ. Bàn giao nhà từ 2019, đã có sổ đỏ.* Căn hộ 56m² tim tường (52,1 m² thông thủy): 2 phòng ngủ, 1 vệ sinh, 1 ban công:- Tầng cao, ban công hướng Bắc, cửa ra vào hướng Nam. Bố trí ngăn phòng đẹp. Đã có sổ đỏ. Đầy đủ nội thất chất lượng trung bình.* Giá bán: 3,85 tỷ (giá Không thương lượng).* Liên hệ đi xem nhà: .Xem thêm",385000.0,56.0,"Đường Nguyễn Đức Cảnh,Phường Tương Mai,Quận Hoàng Mai,Hà Nội",ha-noi,Căn hộ chung cư,can-ho-chung-cu,2025-09-13 00:08:56,15/07/2025 00:08,SALE_HIGH_CONFIDENCE,AMBIGUOUS,3850000000.0,title_reference,99.0,99999.0,"[{""source"": ""title"", ""basis"": ""total"", ""amount_vnd"": 3850000000.0, ""total_equivalent_vnd"": 3850000000.0, ""approximate"": false, ""text_excerpt"": ""m2 tang cao gia net 3,85 ty. so do chung c""}, {""source"": ""description"", ""basis"": ""total"", ""amount_vnd"": 3850000000.0, ""total_equivalent_vnd"": 3850000000.0, ""approximate"": false, ""text_excerpt"": ""n 56m² tang cao gia 3,85 ty (gia khong thu""}, {""source"": ""description"", ""basis"": ""total"", ""amount_vnd"": 3850000000.0, ""total_equivalent_vnd"": 3850000000.0, ""approximate"": false, ""text_excerpt"": ""ung binh.* gia ban: 3,85 ty (gia khong thu""}]"
35695,1220051.0,Bán đất 1119.8m² 600 triệu tại Xã Hàm Cường Huyện Hàm Thuận Nam,Đât ont 60m2 còn lại là CLN.có hồ nước tưới tiêu,650.0,1119.8,"Xã Hàm Kiệm,Lâm Đồng(Mới)",binh-thuan,Đất,dat-tho-cu,2025-09-13 15:05:13,14/08/2025 15:05,SALE_HIGH_CONFIDENCE,AMBIGUOUS,600000000.0,title_reference,0.08333333333333333,1082.3333333333333,"[{""source"": ""title"", ""basis"": ""total"", ""amount_vnd"": 600000000.0, ""total_equivalent_vnd"": 600000000.0, ""approximate"": false, ""text_excerpt"": ""ban dat 1119.8m² 600 trieu tai xa ham cuo""}]"
80615,1344347.0,"Bán nhà mới mỹ đình, nam từ liêm 40m x 4 tầng full nội thất gần svđ mỹ đình giá chỉ 8.1 tỷ","Bán nhà mới Mỹ Đình, Nam Từ Liêm  40m x 4 tầng  full nội thất  gần SVĐ Mỹ Đình  giá chỉ 8.1 tỷVị trí trung tâm quận Nam Từ Liêm:Gần SVĐ Mỹ Đình, bến xe Mỹ Đình, đường Phạm HùngNgõ rộng  dân trí cao  tiện ích bạt ngànDiện tích: 40m  xây 4 tầngGiá: 8.1 tỷ (thương lượng)Pháp lý: Sổ đỏ hoa hậu, sẵn sàng giao dịchThiết kế thông minh:Tầng 1: phòng khách + bếpTầng 2, 3: mỗi tầng 2 phòng ngủTầng 4: phòng thờ + sân phơiNhà mới, nội thất xịn, về ở ngayHỗ trợ vay ngân hàng lãi suất ưu đãiGọi em Lợi  để xem trực tiếpKho hàng thổ cư Hà Nội  https://zalo.me/g/cyldnp254Xem thêm",81000.0,40.0,"Đường Mỹ Đình,Phường Mỹ Đình 1,Quận Nam Từ Liêm,Hà Nội",ha-noi,Nhà riêng,nha-mat-pho-mat-tien,2025-09-12 22:16:27,13/08/2025 22:16,SALE_HIGH_CONFIDENCE,AMBIGUOUS,8100000000.0,title_reference,9.0,9999.0,"[{""source"": ""title"", ""basis"": ""total"", ""amount_vnd"": 8100000000.0, ""total_equivalent_vnd"": 8100000000.0, ""approximate"": false, ""text_excerpt"": ""svd my dinh gia chi 8.1 ty""}, {""source"": ""description"", ""basis"": ""total"", ""amount_vnd"": 8100000000.0, ""total_equivalent_vnd"": 8100000000.0, ""approximate"": false, ""text_excerpt"": ""40m  xay 4 tanggia: 8.1 ty (thuong luong)""}]"
22380,1384868.0,"Bán đất vĩnh tântân uyên 75m21tỷ500 cách visip 2 tân uyên (2km), sổ hồng riêng","Bán đất đối diện Nhà Thuốc Huỳnh Giao ĐH409, Vĩnh Tân, Tân Uyên, cách Visip 2 Tân Uyên 2km 1tỷ500 / 75m², bao sang tên ra sổ- Diện tích: 75m² ( 5 x 15 ), mặt tiền 6m- Đường thông thoáng, xe ô tô vào được- Sổ hồng riêng, bao sang tên chuyển nhượng, pháp lí rõ ràng- Có ngân hàng hỗ trợ vay 50-70%Liên hệ:  (Ngọc Lệ)Xem thêm",16000.0,75.0,"Xã Vĩnh Tân,Thị xã Tân Uyên,Bình Dương",binh-duong,Đất,dat-tho-cu,2025-09-13 17:14:02,14/08/2025 17:14,SALE_HIGH_CONFIDENCE,AMBIGUOUS,1500000000.0,description_reference,9.666666666666666,10665.666666666666,"[{""source"": ""description"", ""basis"": ""total"", ""amount_vnd"": 1500000000.0, ""total_equivalent_vnd"": 1500000000.0, ""approximate"": false, ""text_excerpt"": ""isip 2 tan uyen 2km 1ty500 / 75m², bao sa""}]"
147787,1302493.0,Em cần bán căn shophouse vị trí siêu đẹp ở dự án river city hưng hoá,"Em đang có căn shophouse ngay cổng chính dự án River City vị trí siêu đẹp gần chợ, nhà hàng.Diện tích 85m².Đường trước nhà 24m.Hướng Nam.Sổ đỏ lâu dài sang tên công chứng luôn.Giá 2tỷ9 có thương lượng cho khách hàng thiện chí.SDT  Tuấn.Xem thêm",29000.0,85.0,"Thị trấn Hưng Hoá,Huyện Tam Nông,Phú Thọ",phu-tho,Nhà riêng,nha-mat-pho-mat-tien,2025-09-13 00:47:32,15/07/2025 00:47,SALE_HIGH_CONFIDENCE,AMBIGUOUS,2900000000.0,description_reference,9.0,9999.0,"[{""source"": ""description"", ""basis"": ""total"", ""amount_vnd"": 2900000000.0, ""total_equivalent_vnd"": 2900000000.0, ""approximate"": false, ""text_excerpt"": ""cong chung luon.gia 2ty9 co thuong luon""}]"
39653,1332237.0,Bán nhà 2 tầng khu đô thị home land lakeside bàu tràm,"Vị trí kinh doanh quá tuyệt cho ngôi nhà ngay trước cổng 6 tòa chung cư Laksieds Bàu Tràm.DT: 117,5m² kẹp cống thoát hiểm siêu thoáng.Nhà 2 tầng kiên cố - dưới là mb kinh doanh - trên 2PN WC riêng biệt - nhà đã hoàn công.Vị trí siêu đẹp - 1 - 0 - 2.Với tình hình vật liệu xây dựng như hiện tại. Ngôi nhà này là chân ái. Vị trí đẹp + thêm nhà 2 tầng mới xây mướt rượt.Giá chỉ nhỉnh 5 tỷ đồng cho 1 lô đất kinh doanh + nhà 2 tầng.Call/zalo .Xem thêm",515000.0,117.0,"Phường Hòa Hiệp Nam,Quận Liên Chiểu,Đà Nẵng",da-nang,Nhà riêng,nha-mat-pho-mat-tien,2025-09-13 13:47:33,15/07/2025 13:47,SALE_HIGH_CONFIDENCE,AMBIGUOUS,5000000000.0,description_reference,102.0,102999.0,"[{""source"": ""description"", ""basis"": ""total"", ""amount_vnd"": 5000000000.0, ""total_equivalent_vnd"": 5000000000.0, ""approximate"": true, ""text_excerpt"": "" ruot.gia chi nhinh 5 ty dong cho 1 lo ""}]"
217175,1380231.0,"Cần bán gấp lô đất diện tích 75,6m2 (shr) full thổ cư","- Giá bán: 4,47 tỷ.- Diện tích: 75,6m² (4,1x18,439m).- Đường nhựa 8m.Vị trí: gần chợ Mỹ Nga, bệnh viện Bình Tân 6p di chuyển, trường học các cấp, siêu thịXem thêm",447000.0,75.0,"Đường Tây Lân,Phường Tân Tạo,Quận Bình Tân,TP. Hồ Chí Minh",tp-ho-chi-minh,Đất,dat-tho-cu,2025-09-13 22:00:57,14/08/2025 22:00,SALE_HIGH_CONFIDENCE,AMBIGUOUS,4470000000.0,description_reference,99.0,99999.0,"[{""source"": ""description"", ""basis"": ""total"", ""amount_vnd"": 4470000000.0, ""total_equivalent_vnd"": 4470000000.0, ""approximate"": false, ""text_excerpt"": ""- gia ban: 4,47 ty.- dien tich: 7""}]"
111403,1302003.0,"Quỹ 51 căn hộ 1pn, 2pn, 3pn, 4pn, penthouse, được chủ nhà gửi bán tại cc mỹ đình pearl. giá 72tr/m2","Hotline:  (Sms/Zalo/Facebook - 24/7) - Tư vấn nhiệt tình - Am hiểu dự án.Thông tin:Hiện tại quỹ còn 51 căn hộ 1PN, 2PN, 3PN, 4PN, Penthouse, tầng đẹp, giá tốt mới nhất được chủ nhà gửi bán với giá từ 72tr/m² tùy căn tầng hướng. ( MỚI NHẤT THÁNG 7 ).- Căn 1PN + 1 - 1VS: 50m² (còn 17 căn).- Căn 2PN - 2VS: 73m², 79m² (còn 14 căn).- Căn 3PN - 2Vs diện tích gồm: 84m², 96m², 125m² (Còn 12 căn).- Căn 4PN - 3VS diện tích: 145m² (Còn 3 căn).- Căn Penthouse có sân vườn 286m², 310m², 330m² (Còn 5 căn).- Cam kết hỗ trợ anh chị trong suốt quá trình mua bán và giao dịch.1. Uy tín, trách nhiệm, am hiểu dự án, tư vấn nhiệt tình.2. Đảm bảo mọi quyền lợi của bên mua và bên bán.3. Thủ tục nhanh gọn, hiệu quả, ",36000.0,50.0,"Phường Phú Đô,Quận Nam Từ Liêm,Hà Nội",ha-noi,Căn hộ chung cư,can-ho-chung-cu,2025-09-13 00:11:35,15/07/2025 00:11,AMBIGUOUS,AMBIGUOUS,3600000000.0,title_reference,9.0,9999.0,"[{""source"": ""title"", ""basis"": ""per_m2"", ""amount_vnd"": 72000000.0, ""total_equivalent_vnd"": 3600000000.0, ""approximate"": false, ""text_excerpt"": "" my dinh pearl. gia 72tr/m2""}, {""source"": ""description"", ""basis"": ""per_m2"", ""amount_vnd"": 72000000.0, ""total_equivalent_vnd"": 3600000000.0, ""approximate"": true, ""text_excerpt"": "" gui ban voi gia tu 72tr/m² tuy can tan""}]"
99660,1318763.0,"Đất thổ cư tại đường thụy lâm, đông anh, hà nội giá siêu hời 3,6 tỷ, 83m2 ô tô qua 0896 593 ***","Nằm ở Đường Thụy Lâm, Xã Thụy Lâm, Đông Anh, Hà Nội, đất thổ cư này thật sự là một cơ hội không thể bỏ lỡ.Diện tích 83m² với pháp lý đầy đủ, sổ đỏ. Ô tô qua đấtGiá cực tốt chỉ 3,6 tỷKhu vực này có phong thủy tốt, rất thích hợp để xây dựng tổ ấm hoặc đầu tư.Liên hệ ngay  để xem đấtXem thêm",36000.0,83.0,"Đường Từ Ngã Ba Giao Cắt Đường Kính Nỗ Và Đường Thụy Lâm Qua Thôn Lương Quy, Xã Xuân Nộn (Ubnd Xã Xuân Nộn) Lên Đê Sông Cà Lồ,Xã Thuỵ Lâm,Huyện Đông Anh,Hà Nội",ha-noi,Đất,dat-tho-cu,2025-09-12 23:28:54,14/07/2025 23:28,AMBIGUOUS,AMBIGUOUS,3600000000.0,title_reference,9.0,9999.0,"[{""source"": ""title"", ""basis"": ""total"", ""amount_vnd"": 3600000000.0, ""total_equivalent_vnd"": 3600000000.0, ""approximate"": false, ""text_excerpt"": ""ha noi gia sieu hoi 3,6 ty, 83m2 o to qua""}]"
152671,967760.0,"BÁN ĐẤT ĐẸP DIỆN TÍCH : 86,7m ĐỐI DIỆN BIGC GO,OTO ĐỖ CỬA,HỒNG HẢI,HẠ LONG,QUẢNG NINH","BÁN ĐẤT ĐẸP DIỆN TÍCH : 86,7m ĐỐI DIỆN BIGC GO,OTO ĐỖ CỬA,HỒNG HẢI,HẠ LONG,QUẢNG NINH- Hướng : Tây Nam ngang 7,35m- Nằm khu vực trung tâm- Đa tiện ích, gần trường họcGiá bán : 6,x TỷLH : Hoàng - 0988945555#hoangnhadathalong#batdongsanhalong5den7ty",6500.0,86.7,"Phường Hạ Long,Quảng Ninh(Mới)",quang-ninh,Đất,dat-tho-cu,2025-09-13 00:41:50,14/08/2025 00:41,SALE_HIGH_CONFIDENCE,AMBIGUOUS,7000000000.0,description_reference,0.07142857142857142,927.5714285714286,"[{""source"": ""description"", ""basis"": ""total"", ""amount_vnd"": 7000000000.0, ""total_equivalent_vnd"": 7000000000.0, ""approximate"": false, ""text_excerpt"": ""batdongsanhalong5den7ty""}]"
147097,1502637.0,Tân Hội – Đất Nền Giá Tốt & Sự Kiện Giới Thiệu Dự Án 28/9,"Tân Hội – Đất Nền Giá Tốt & Sự Kiện Giới Thiệu Dự Án 28/9- Khám phá KDC Tân Hội giá chỉ từ 9 triệu/m². Đừng bỏ lỡ sự kiện 28/9 với nhiều phần quà dành cho khách tham dự.- Sở hữu đất nền tại KDC Tân Hội không chỉ là đầu tư, mà còn là đón đầu sự phát triển của Phan Rang. Giá chỉ từ 9 triệu/m², thấp hơn nhiều so với tiềm năng tăng giá.- Vị trí đắc địa của dự án nằm gần KĐT Tây Bắc và kết nối ga đường sắt cao tốc, đảm bảo giá trị bền vững cho bất động sản.- Ngày 28/9, sự kiện giới thiệu dự án sẽ mang đến cho khách hàng góc nhìn trực tiếp và cơ hội nhận quà tặng hấp dẫn.📞 Mr. Hiệp: 0901.933.816 – Tôi luôn sẵn sàng lắng nghe và hỗ trợ để anh/chị có lựa chọn tốt nhất.#KhuDanCuTanHoi #DatNenPhanRang",1800.0,100.0,"Đường Yên Thế,Thành phố Phan Rang-Tháp Chàm,Ninh Thuận",ninh-thuan,Nhà riêng,nha-mat-pho-mat-tien,2025-09-13 14:57:31,13/09/2025 06:57,AMBIGUOUS,AMBIGUOUS,900000000.0,description_reference,1.0,1999.0,"[{""source"": ""description"", ""basis"": ""per_m2"", ""amount_vnd"": 9000000.0, ""total_equivalent_vnd"": 900000000.0, ""approximate"": true, ""text_excerpt"": "" tan hoi gia chi tu 9 trieu/m². dung bo lo""}, {""source"": ""description"", ""basis"": ""per_m2"", ""amount_vnd"": 9000000.0, ""total_equivalent_vnd"": 900000000.0, ""approximate"": true, ""text_excerpt"": ""an rang. gia chi tu 9 trieu/m², thap hon n""}]"
144008,1337864.0,Cần tiền bán nhanh nền đất phường 6 cũ ( phường long an ) ngộp lắm rồi,"P6 Cũ(P Long An mới) _ Gần TTHC mới_ giá ngộp 1 tỷ268   GC:Sổ nằm nhà, công chứng liền.Phong thuỷ lô tốt, hàng xóm thân thiện , đường rộng 12mRa Aeon rất gần : 3 phútHồ bơi, chợ, trường, cây xăng, tiện ích xung quanh đầy đủ.Giá có thể thương lượng được .GC :  (zalo) đi xem đất liềnXem thêm",127000.0,106.0,"Phường 6,Thành phố Tân An,Long An",long-an,Đất,dat-tho-cu,2025-09-13 23:37:18,15/07/2025 23:37,SALE_HIGH_CONFIDENCE,AMBIGUOUS,1268000000.0,description_reference,99.15772870662461,100156.7287066246,"[{""source"": ""description"", ""basis"": ""total"", ""amount_vnd"": 1268000000.0, ""total_equivalent_vnd"": 1268000000.0, ""approximate"": false, ""text_excerpt"": "" tthc moi_ gia ngop 1 ty268   gc:so nam nh""}]"
108734,1379259.0,Bán căn hộ hoa hậu 3pn view phố cực đỉnh 108m2 sunshine garden giá 6tỷ95 đã có sổ e 0812 395 ***,"Bán căn hoa hậu! 3 phòng ngủ diện tích trong sổ 108m² thông thuỷ tại Sunshine Garden - Vĩnh Tuy - Hai Bà Trưng.Giá bán: 6 tỷ 95 chủ nhà thu nét về tay.Diện tích thông thuỷ: 108m². Thiết kế: 3PN, 2WC, 1 logia thoáng phơi phóng quần áo giữ nguyên view đẹp phòng khách.- Tầng hướng phong thuỷ ban công hướng mát ban công chính hướng Nam.- View vĩnh viễn nhìn ra thành phố thơ mộng.- Nội thất bàn giao: Full đồ nội thất và một số đồ điện tử như hình ảnh (ảnh thật 100%).Liên hệ mua chung cư Sunshine Garden em Hoàng  để đi xem và chốt căn hộ, hỗ trợ khách hàng thủ tục từ A đến Z.Xem thêm",695000.0,108.0,"Đường Dương Văn Bé,Phường Vĩnh Tuy,Quận Hai Bà Trưng,Hà Nội",ha-noi,Căn hộ chung cư,can-ho-chung-cu,2025-09-13 00:02:05,14/08/2025 00:02,SALE_HIGH_CONFIDENCE,AMBIGUOUS,6950000000.0,title_reference,99.0,99999.0,"[{""source"": ""title"", ""basis"": ""total"", ""amount_vnd"": 6950000000.0, ""total_equivalent_vnd"": 6950000000.0, ""approximate"": false, ""text_excerpt"": ""sunshine garden gia 6ty95 da co so e 081""}, {""source"": ""description"", ""basis"": ""total"", ""amount_vnd"": 6950000000.0, ""total_equivalent_vnd"": 6950000000.0, ""approximate"": false, ""text_excerpt"": ""i ba trung.gia ban: 6 ty 95 chu nha thu ne""}]"
24483,1251148.0,ĐẤT TÂN ĐỊNH BẾN CÁT GIÁ RẺ 5X30X60 CHỈ TỪ 680TR,"ĐẤT TÂN ĐỊNH - CƠ HỘI VÀNG ĐẦU TƯ!Thông tin chi tiết:Diện tích: 5x30m (60m² thổ cư)Mặt tiền: Đường nhựa rộng 10m, giao thông thuận lợiVị trí: Nằm giữa QL13 và Mỹ Phước-Tân Vạn, kết nối giao thương sôi độngTiện ích xung quanh:Cơ sở hạ tầng đầy đủ: Trường học, hiệu thuốc, chợ, nhà thờ,...Khu dân cư đông đúc: Nhiều công ty, xí nghiệp lân cậnTính năng nổi bật:Thích hợp: Xây nhà ở, đầu tư sinh lờiNgân hàng hỗ trợ: Vay lên đến 70%Sổ riêng: Sang tên công chứng nhanh chóng trong ngàyXây dựng tự do: Đầu tư sinh lời ngay lập tức!",1300.0,150.0,"Phường Tân Định,Thị xã Bến Cát,Bình Dương",binh-duong,Đất,dat-tho-cu,2025-09-13 17:22:38,15/06/2025 17:22,AMBIGUOUS,AMBIGUOUS,680000000.0,title_reference,0.9117647058823529,1910.764705882353,"[{""source"": ""title"", ""basis"": ""total"", ""amount_vnd"": 680000000.0, ""total_equivalent_vnd"": 680000000.0, ""approximate"": true, ""text_excerpt"": ""a re 5x30x60 chi tu 680tr""}]"
115012,1468342.0,"Căn hộ 3PN 2WC tại Thăng Long Number One, 9 tỷ VND, 117m2, bán gấp giá ưu đãi","Căn hộ chung cư Thăng Long Number One tọa lạc tại Phường Trung Hòa, Cầu Giấy, Hà Nội, là một lựa chọn lý tưởng cho những ai đang tìm kiếm không gian sống tiện nghi và hiện đại. + Diện tích rộng rãi 117m2, thiết kế vuông vức, phù hợp với nhu cầu sinh hoạt của gia đình. + Căn hộ có 3 phòng ngủ và 2 phòng tắm, đảm bảo sự thoải mái cho từng thành viên. + Hướng cửa chính Tây Bắc, ban công Đông Nam, mang lại phong thủy tốt cho gia chủ. + Nội thất đầy đủ, sẵn sàng để sử dụng ngay. + Pháp lý đầy đủ, đảm bảo an tâm cho người mua. + Nhiều siêu thị như siêu thị Hà Đăng, Winmart Trung Hòa, siêu thị Vinmart Vincom Trần Duy Hưng trong tầm tay. Chi tiết dự án + Thăng Long Number One được đầu tư bởi Viglace",10000.0,117.0,"Phường Trung Hoà,Quận Cầu Giấy,Hà Nội",ha-noi,Nhà trọ,phong-tro,2025-09-13 00:23:37,08/09/2025 00:23,SALE_HIGH_CONFIDENCE,AMBIGUOUS,9000000000.0,title_reference,0.1111111111111111,1110.111111111111,"[{""source"": ""title"", ""basis"": ""total"", ""amount_vnd"": 9000000000.0, ""total_equivalent_vnd"": 9000000000.0, ""approximate"": false, ""text_excerpt"": ""ng long number one, 9 ty vnd, 117m2, ba""}]"
145339,1327490.0,ĐẦU TƯ SINH LỜI TẠI DESTINO CENTRO CĂN HỘ MẶT TIỀN QUỐC LỘ 1A (Tin Hết Hạn),"ĐẦU TƯ SINH LỜI VƯỢT TRỘI TẠI 𝐃𝐄𝐒𝐓𝐈𝐍𝐎 𝐂𝐄𝐍𝐓𝐑𝐎!Giá bán: 26 triệu/m2. Chỉ từ 1 tỷ/căn.Vị trí vàng - Tiềm năng tăng giá mạnh:- Tọa lạc vòng xoay Mỹ Yên - Bến Lức, Long An. Mặt tiền Quốc Lộ 1A, chỉ 2km từ chợ Bình Chánh, kết nối dễ dàng với trung tâm TP.HCM.- Cao tốc Bến Lức - Long Thành sắp hoàn thành, giá trị khu vực tăng mạnh.Giá trị đầu tư hấp dẫn:- Pháp lý minh bạch, rõ ràng, sổ hồng vĩnh viễn.- Thanh toán theo tiến độ linh hoạt đến năm 2026.- Vay không lãi suất trong 2 năm hoặc đến khi nhận nhà.- chiết khấu khủng lên đến 4.5% cho khách hàng đặt cọc ngay hôm nay.Hotline trực tiếp Chủ đầu tư: 0937382588 Hoàng Long#destinocentro, #seaholding, #canhobenluc, #chungcubenluc, #canhovuatuitien #can",26.0,,"Xã Mỹ Yên,Huyện Bến Lức,Long An",long-an,Căn hộ chung cư,can-ho-chung-cu,2025-09-13 23:41:42,15/07/2025 23:41,AMBIGUOUS,PRICE_PER_M2,1000000000.0,description_reference,0.974,25.0,"[{""source"": ""description"", ""basis"": ""per_m2"", ""amount_vnd"": 26000000.0, ""total_equivalent_vnd"": null, ""approximate"": false, ""text_excerpt"": ""𝐈𝐍𝐎 𝐂𝐄𝐍𝐓𝐑𝐎!gia ban: 26 trieu/m2. chi tu 1 t""}, {""source"": ""description"", ""basis"": ""total"", ""amount_vnd"": 1000000000.0, ""total_equivalent_vnd"": 1000000000.0, ""approximate"": true, ""text_excerpt"": ""26 trieu/m2. chi tu 1 ty/can.vi tri van""}]"
147158,1425725.0,Khu Dân Cư Tân Hội: Lựa Chọn Của Nhà Đầu Tư Thông Minh – Vị Trí Chiến Lược & Tiềm Năng Lợi Nhuận Vượt Trội Nhờ Ga Cao Tốc.,"Khu Dân Cư Tân Hội: Lựa Chọn Của Nhà Đầu Tư Thông Minh – Vị Trí Chiến Lược & Tiềm Năng Lợi Nhuận Vượt Trội Nhờ Ga Cao Tốc.- Bạn có đang tìm kiếm lựa chọn của một nhà đầu tư thông minh tại Phan Rang – Tháp Chàm? Khu Dân Cư Tân Hội chính là đáp án, nơi bạn có thể tối đa hóa lợi nhuận nhờ vị trí chiến lược và tiềm năng lợi nhuận vượt trội từ Ga Cao Tốc.- Vị trí chiến lược: KDC Tân Hội sở hữu vị trí cửa ngõ đắc địa, trực tiếp vào Khu Đô Thị Tây Bắc đang phát triển mạnh mẽ. Đặc biệt, khả năng thông thẳng với Ga Đường Sắt Cao Tốc Bắc Nam (Ga Tháp Chàm) sẽ là yếu tố quyết định cho biên độ tăng giá vượt trội của đất nền Tân Hội, tạo ra một lộ trình lợi nhuận rõ ràng cho nhà đầu tư.- Tiềm năng lợi nh",1800.0,100.0,"Đường Yên Thế,Xã Thành Hải,Thành phố Phan Rang-Tháp Chàm,Ninh Thuận",ninh-thuan,Nhà riêng,nha-mat-pho-mat-tien,2025-09-13 14:57:42,23/08/2025 14:57,AMBIGUOUS,AMBIGUOUS,900000000.0,description_reference,1.0,1999.0,"[{""source"": ""description"", ""basis"": ""per_m2"", ""amount_vnd"": 9000000.0, ""total_equivalent_vnd"": 900000000.0, ""approximate"": true, ""text_excerpt"": "" tri so khai chi tu 9 trieu/m2, day la tho""}]"
80542,1348258.0,Gần 80m2 lô góc ô tô đỗ cửa mà chỉ 9.x tỷ 4 tầng ở đại mỗ 1 căn duy nhất,"Gần 80m² - mặt tiền gần 5m - lô góc - ô tô đỗ cửa - mà chỉ hơn 9.x tỷ thôi - một căn duy nhất 4 tầng ở Đại Mỗ - giá quá đẹp. Nhanh thì còn các bác ạ.1. Đại Mỗ gần 80m² - - mặt tiền gần 5m - lô góc - ô tô đỗ cửa - chỉ hơn 9.x tỷ - 4 tầng - dân xây đơn lập - chỉ hơn 100 triệu/m² - cực hiếm.2. Ô tô đỗ cửa.3. Sổ đỏ chính chủ giao dịch ngay.4. Trung tâm Nam Từ Liêm, khu vực phát triển nhất Nam Từ Liêm.* Gần khu đô thị chức năng Tây Mỗ, Vinsmart city.* Khu vực công nhân và sinh viên thuê nhà rất đông.* Gần trường chợ an sinh cực đỉnh.5. Địa lý xung quanh:Hưởng trọn tiện ích Vinhomes, Vinsmart Tây Mỗ, bệnh viện Vinmec, KĐT Geleximco, Nam An Khánh, Splendora, Lumi, Thiên đường Bảo Sơn, Bảo tàng lịch",999000.0,80.0,"Phường Đại Mỗ,Quận Nam Từ Liêm,Hà Nội",ha-noi,Nhà riêng,nha-mat-pho-mat-tien,2025-09-12 22:16:08,13/08/2025 22:16,AMBIGUOUS,AMBIGUOUS,8000000000.0,description_reference,123.875,124874.0,"[{""source"": ""description"", ""basis"": ""per_m2"", ""amount_vnd"": 100000000.0, ""total_equivalent_vnd"": 8000000000.0, ""approximate"": true, ""text_excerpt"": ""y don lap - chi hon 100 trieu/m² - cuc hiem.""}]"
29063,1414536.0,"Đất + kho . thủ dầu một bình dương 1494mv 13,5 tỷ9,04 triệu/m²1494 m² dx087","Đất + Kho . Thủ Dầu Một Bình Dương 1494mv13,5 tỷ9,04 triệu/m²1494 m²Dx087, Phường Hiệp An, Thành phố Thủ Dầu Một, Bình DươngBán Đất + Tặng kèm nhà kho trống Mặt tiền Dx087. Phường Hiệp An Thủ Dầu Một Bình Dương. Diện tích 1494mv , Thổ cư 500mv Giá 13 tỷ 500tr .Xem thêm",13500.0,1494.0,"Đường Đx-087 - Đường Loại 5,Phường Hiệp An,Thành phố Thủ Dầu Một,Bình Dương",binh-duong,"Kho, nhà xưởng",kho-nha-xuong,2025-09-13 17:40:21,16/08/2025 17:40,AMBIGUOUS,AMBIGUOUS,14400000000.0,title_reference,0.0625,936.5,"[{""source"": ""title"", ""basis"": ""total"", ""amount_vnd"": 14400000000.0, ""total_equivalent_vnd"": 14400000000.0, ""approximate"": false, ""text_excerpt"": ""t binh duong 1494mv 13,5 ty9,04 trieu/m²149""}, {""source"": ""description"", ""basis"": ""total"", ""amount_vnd"": 14400000000.0, ""total_equivalent_vnd"": 14400000000.0, ""approximate"": false, ""text_excerpt"": ""ot binh duong 1494mv13,5 ty9,04 trieu/m²149""}, {""source"": ""description"", ""basis"": ""total"", ""amount_vnd"": 13500000000.0, ""total_equivalent_vnd"": 13500000000.0, ""approximate"": false, ""text_excerpt"": "" , tho cu 500mv gia 13 ty 500tr .xem them""}]"
22954,1353470.0,"Đất 2mt đường xe tải ngang 7m, giá 3.1 tỷ tại bình nhâm 27","Đất 2 mặt tiền 7x17m nở hậu 8m, Bình Nhâm 27, giá 3.1 tỷ.LH:  Vũ xem đất.Xem thêm",31000.0,124.0,"Đường Bình Nhâm 27 - Đường Loại 5,Phường Bình Nhâm,Thị xã Thuận An,Bình Dương",binh-duong,Đất,dat-tho-cu,2025-09-13 17:16:20,14/08/2025 17:16,AMBIGUOUS,AMBIGUOUS,3100000000.0,title_reference,9.0,9999.0,"[{""source"": ""title"", ""basis"": ""total"", ""amount_vnd"": 3100000000.0, ""total_equivalent_vnd"": 3100000000.0, ""approximate"": false, ""text_excerpt"": ""e tai ngang 7m, gia 3.1 ty tai binh nham ""}, {""source"": ""description"", ""basis"": ""total"", ""amount_vnd"": 3100000000.0, ""total_equivalent_vnd"": 3100000000.0, ""approximate"": false, ""text_excerpt"": "", binh nham 27, gia 3.1 ty.lh:  vu xem da""}]"
55381,1425080.0,Bán đất tại đội 5a Thanh Luông,"BÁN ĐẤT GIÁ TỐT – ĐỘI 5A, XÃ THANH LUÔNG, HUYỆN ĐIỆN BIÊN📍 Vị trí: Đội 5A, xã Thanh Luông – khu vực dân cư yên tĩnh, thích hợp định cư lâu dài.📐 Diện tích: 125m²📜 Pháp lý: Sổ đỏ chính chủ, thủ tục sang tên nhanh💰 Giá bán: Chỉ 1,05 tỷ – cơ hội tốt cho nhà đầu tư hoặc hộ gia đình✅ Đường rộng, xe ô tô vào tận nơi✅ Không khí thoáng đãng, gần trung tâm xã và tiện ích thiết yếu📞 Liên hệ ngay: 0382310130 để xem đất và chốt giá tốt!",800.0,125.0,"Xã Thanh Luông,Huyện Điện Biên,Điện Biên",dien-bien,Đất,dat-tho-cu,2025-09-13 00:27:46,23/08/2025 00:27,SALE_HIGH_CONFIDENCE,AMBIGUOUS,1050000000.0,description_reference,0.23809523809523808,760.9047619047619,"[{""source"": ""description"", ""basis"": ""total"", ""amount_vnd"": 1050000000.0, ""total_equivalent_vnd"": 1050000000.0, ""approximate"": false, ""text_excerpt"": ""nhanh💰 gia ban: chi 1,05 ty – co hoi tot c""}]"
27433,1309073.0,"Bán căn hộ 1 phòng ngủ nội thất cao cấp, tầng trung, có sổ hồng gần aeon, vsip1","Cần bán căn hộ 1 phòng ngủ - Opal Skyline - full nội thất đẹp.- Vị trí: Dự án Opal Skyline trung tâm TP. Thuận An, Bình Dương.- Loại căn hộ: 1 phòng ngủ, 1 phòng tắm.- Diện tích: 50m².- Nội thất: Đã trang bị đầy đủ, thiết kế hiện đại.- Giá bán: 1 tỷ 670 triệu.- Pháp lý: Sổ hồng riêng, sang tên nhanh chóng.Tiện ích nội khu:- Hồ bơi, gym, công viên nội khu.- Trung tâm thương mại, siêu thị.- Bảo vệ 24/7, an ninh tuyệt đối.Tiện ích ngoại khu:- Gần Aeon Mall, Lotte Mart, bệnh viện quốc tế, trường học.- Kết nối nhanh về TP. HCM qua đại lộ Bình Dương và Quốc lộ 13.= Liên hệ e Mỹ 24/24. Hình ảnh thực tế căn hộ có thể gửi qua Zalo.Xem thêm",167000.0,50.0,"Đường Nguyễn Văn Tiết - Đường Loại 1,Phường Lái Thiêu,Thị xã Thuận An,Bình Dương",binh-duong,Căn hộ chung cư,can-ho-chung-cu,2025-09-13 17:34:33,14/08/2025 17:34,SALE_HIGH_CONFIDENCE,AMBIGUOUS,1670000000.0,description_reference,99.0,99999.0,"[{""source"": ""description"", ""basis"": ""total"", ""amount_vnd"": 1670000000.0, ""total_equivalent_vnd"": 1670000000.0, ""approximate"": false, ""text_excerpt"": ""hien dai.- gia ban: 1 ty 670 trieu.- phap ly: so ""}]"
219384,1308239.0,"Chính chủ cần bán đất đường số 50 phường 10 quận 6, đang có hợp đồng thuê 15tr/th 0937 715 ***","Đất mặt tiền đường số 50 nội khu rộng rãi, thoáng mát, gần khu chợ An Dương Vương và vòng xoay Mũi Tàu, khu vực dân cư đông đúc, sang trọng, an ninh, giao thông trong khu vực rất thuận tiện, xung quanh còn có đầy đủ các tiện ích hằng ngày như công viên cây xanh, siêu thị, Bách Hoá Xanh, trường học các cấp, rất thuận tiện cho các sinh hoạt hằng ngày.- Vị trí: MT đường Số 50, P. 10, Q. 6.- Diện tích: 8 x 16m.- Hướng: Tây - Bắc.- Giá: 12.9 tỷ.Xem thêm",129000.0,128.0,"Đường số 50,Phường 10,Quận 6,TP. Hồ Chí Minh",tp-ho-chi-minh,Đất,dat-tho-cu,2025-09-13 22:10:35,15/07/2025 22:10,SALE_HIGH_CONFIDENCE,AMBIGUOUS,12900000000.0,description_reference,9.0,9999.0,"[{""source"": ""description"", ""basis"": ""total"", ""amount_vnd"": 12900000000.0, ""total_equivalent_vnd"": 12900000000.0, ""approximate"": false, ""text_excerpt"": ""g: tay - bac.- gia: 12.9 ty.xem them""}]"
130720,1381148.0,"Bán căn hộ gold coast dt 70,5m2 có 2pn, tầng cao, đầy đủ nội thất view hồ bơi xéo biển, giá 7,3tỷ","Bán căn hộ Gold Coast - Toà Nam.- Diện tích: 70,5m².- 2 phòng ngủ + 2 vệ sinh.- Đầy đủ nội thất.- Tầng cao.View hồ bơi - xéo biển.Giá 7,3 tỷ.(Giá không bao 5 % nhận sổ).Liên hệ:  Ms Niệm.Xem thêm",73000.0,70.0,"Đường Trần Hưng Đạo,Phường Lộc Thọ,Thành phố Nha Trang,Khánh Hòa",khanh-hoa,Căn hộ chung cư,can-ho-chung-cu,2025-09-13 14:56:02,14/08/2025 14:56,SALE_HIGH_CONFIDENCE,AMBIGUOUS,7300000000.0,title_reference,9.0,9999.0,"[{""source"": ""title"", ""basis"": ""total"", ""amount_vnd"": 7300000000.0, ""total_equivalent_vnd"": 7300000000.0, ""approximate"": false, ""text_excerpt"": ""o boi xeo bien, gia 7,3ty""}, {""source"": ""description"", ""basis"": ""total"", ""amount_vnd"": 7300000000.0, ""total_equivalent_vnd"": 7300000000.0, ""approximate"": false, ""text_excerpt"": "" boi - xeo bien.gia 7,3 ty.(gia khong bao""}]"
23366,1330535.0,Chính chủ cần bán 1 số lô đất trong khu đô thị và công nghiệp Mỹ Phước 3.,"Chính chủ cần bán 1 số lô đất trong khu đô thị và công nghiệp Mỹ Phước 3.Vị trí: Khu Mỹ Phước 3 cách TP HCM tầm 35 - 40km, trung tâm thành phố Bến Cát.Diện tích: 100m2, 150m2,300m2... Diện tích đa dạng với nhiều sự lựa chọn.Khu dân cư đông, có khu công nghiệp hoạt động, nhà ở san sát.Trong khu có trường học mầm non, cấp 1,2,3... Chợ dân sinh hoạt động.Thích hợp mua đầu tư, kinh doanh buôn bán, định cư lâu dài, có bảo vệ becamex nên rất an ninh.Giá đầu tư chỉ 1ty350/nền, tuỳ vị trí giá sẽ khác nhau.Anh chị quan tâm LH e Duyên 0904345517 xem đất ạ.",1550.0,150.0,"Đường NE8,Phường Thới Hòa,Thị xã Bến Cát,Bình Dương",binh-duong,Đất,dat-tho-cu,2025-09-13 17:18:04,15/07/2025 17:18,SALE_HIGH_CONFIDENCE,AMBIGUOUS,1350000000.0,description_reference,0.14814814814814814,1147.148148148148,"[{""source"": ""description"", ""basis"": ""total"", ""amount_vnd"": 1350000000.0, ""total_equivalent_vnd"": 1350000000.0, ""approximate"": false, ""text_excerpt"": ""ninh.gia dau tu chi 1ty350/nen, tuy vi tr""}]"
153223,1222953.0,🔥 Hot Hot! Đất nền sinh lời cao cực hiếm tại Đông Triều chỉ từ 6xxtr,"📌 PHÁP LÝ:- Đất chính chủ, pháp lý đầy đủ- Không vướng tranh chấp, sẵn sàng sang tên- Diện tích: 80 - 150m2📌 VỊ TRÍ CỰC HIẾM:- Tài sản nằm tại phường Yên Thọ tiềm năng tăng giá tốt khi tương lai Yên Thọ sẽ được phát triển thành cụm công nghiệp tại Tp. Đông Triều.- Cách quốc lộ 18 chỉ 3p đi xe- Cách cao tốc 10 làn ven sông nối Đông Triều - Uông Bí với Vinhomes Hạ Long Xanh chỉ 5p di chuyển.📌 TIỆN ÍCH XUNG QUANH:- Gần trường Đại học Công Nghiệp Quảng Ninh- Gần trường Tiểu học Nguyễn Văn Cừ- Gần bệnh viện, chợ dân sinh, trung tâm hành chính📌 GIÁ VÀ ƯU ĐÃI:- Giá khoảng: 680 - 1,5 tỷ/lô- Hỗ trợ vay ngân hàng lên đến 50% giá trị tài sản- Miễn lãi 6 tháng 100%, ân hạn nợ gốc 12 tháng- Trọn gói thuế",680.0,80.0,"Đường Quốc lộ 18,Xã Yên Thọ,Thị xã Đông Triều,Quảng Ninh",quang-ninh,Đất,dat-tho-cu,2025-09-13 00:43:27,16/05/2025 00:43,AMBIGUOUS,AMBIGUOUS,1500000000.0,description_reference,0.5466666666666666,452.3333333333333,"[{""source"": ""description"", ""basis"": ""total"", ""amount_vnd"": 1500000000.0, ""total_equivalent_vnd"": 1500000000.0, ""approximate"": false, ""text_excerpt"": ""- gia khoang: 680 - 1,5 ty/lo- ho tro vay""}]"
22301,1386329.0,"Bán gấp đất thới hòa bến cát 1,25 tỷ 300m2 mặt tiền đường lớn.hợp xây trọ cho thuê","Đất nền tọa lạc tại Phường Thới Hòa, Bến Cát, Bình Dương với diện tích 300m². Đây là cơ hội đầu tư lý tưởng cho những ai đang tìm kiếm một vị trí thuận lợi để xây dựng nhà ở hoặc đầu tư lâu dài.+ Diện tích rộng rãi 300m² thích hợp cho nhiều loại hình xây dựng.+ Giá bán 1,25 tỷ VND, hấp dẫn cho khu vực phát triển nhanh.+ Pháp lý đầy đủ, đảm bảo an toàn cho giao dịch.+ Không gian sống yên tĩnh, thoáng đãng, phù hợp cho gia đình.Đặc điểm nổi bật của bất động sản này là phong thủy tốt, mang lại sự thịnh vượng và tài lộc cho gia chủ. Khu vực đang trên đà phát triển, hứa hẹn mang lại giá trị gia tăng trong tương lai.Gần các tiện ích như trung tâm ngoại ngữ Rạng Đông Mỹ, công ty Tân Thiên Địa, giúp",125000.0,300.0,"Phường Thới Hòa,Thị xã Bến Cát,Bình Dương",binh-duong,Đất,dat-tho-cu,2025-09-13 17:13:47,14/08/2025 17:13,AMBIGUOUS,AMBIGUOUS,1250000000.0,description_reference,99.0,99999.0,"[{""source"": ""description"", ""basis"": ""total"", ""amount_vnd"": 1250000000.0, ""total_equivalent_vnd"": 1250000000.0, ""approximate"": false, ""text_excerpt"": "" xay dung.+ gia ban 1,25 ty vnd, hap dan c""}]"
218137,1355522.0,"Bán gấp lô đất đẹp khu phân lô an phú đông, quận 12 shr 5x10,5m 3,4 tỷ, 0908 517 ***","Bán gấp lô đất đẹp khu phân lô - An Phú Đông, Quận 12 SHR 5x10,5m - 3,4 tỷ LH .Thông tin chi tiết:- Địa chỉ: Khu phân lô phường An Phú Đông, Quận 12, TP. HCM.- Diện tích: 5m x 10,5m (52,5m²), thổ cư 100%, sổ hồng riêng.- Vị trí đắc địa:Đường nhựa rộng 7.1m, khu phân lô xây dựng toàn nhà lầu.Gần Trường Đại học Nguyễn Tất Thành, Ủy ban phường An Phú Đông.Cách sân bay Tân Sơn Nhất chỉ 15 phút di chuyển, tiện ích đầy đủ.Giá bán: 3,4 tỷ (Cạnh tranh, hỗ trợ thủ tục nhanh chóng).Liên hệ ngay: (chính chủ) để sở hữu lô đất đẹp, tiềm năng sinh lời cao!Xem thêm",34000.0,52.0,"Đường Quốc Lộ 1A,Phường An Phú Đông,Quận 12,TP. Hồ Chí Minh",tp-ho-chi-minh,Đất,dat-tho-cu,2025-09-13 22:05:15,14/08/2025 22:05,SALE_HIGH_CONFIDENCE,AMBIGUOUS,3400000000.0,title_reference,9.0,9999.0,"[{""source"": ""title"", ""basis"": ""total"", ""amount_vnd"": 3400000000.0, ""total_equivalent_vnd"": 3400000000.0, ""approximate"": false, ""text_excerpt"": ""quan 12 shr 5x10,5m 3,4 ty, 0908 517 ***""}, {""source"": ""description"", ""basis"": ""total"", ""amount_vnd"": 3400000000.0, ""total_equivalent_vnd"": 3400000000.0, ""approximate"": false, ""text_excerpt"": ""an 12 shr 5x10,5m - 3,4 ty lh .thong tin ""}, {""source"": ""description"", ""basis"": ""total"", ""amount_vnd"": 3400000000.0, ""total_equivalent_vnd"": 3400000000.0, ""approximate"": false, ""text_excerpt"": ""ich day du.gia ban: 3,4 ty (canh tranh, h""}]"
82382,1302215.0,Chính chủ bán nhà ngõ quỳnh thanh nhàn 34m x5 tầng cách 20m ra oto giá nhỉnh 7 tỷ,"TRUNG TÂM QUẬN HBT - GẦN BÁCH, KINH , XÂY - KHU VỰC HIẾM - TIỆN ÍCH BẠT NGÀN - OTO ĐỖ GẦN.- Nhà 5 tầng khung cột chắc chắn, hai thoáng trc sauThiết kế :- T1 : khách, bếp, wc-T2,3,4 : 1 phòng ngủ, wc- T5 : phòng thờ, sân phơiSổ đỏ chính chủ sang tên ngayXem thêm",74000.0,34.0,"Đường Thanh Nhàn,Phường Quỳnh Mai,Quận Hai Bà Trưng,Hà Nội",ha-noi,Nhà riêng,nha-mat-pho-mat-tien,2025-09-12 22:23:13,14/07/2025 22:23,SALE_HIGH_CONFIDENCE,AMBIGUOUS,7000000000.0,title_reference,9.571428571428571,10570.42857142857,"[{""source"": ""title"", ""basis"": ""total"", ""amount_vnd"": 7000000000.0, ""total_equivalent_vnd"": 7000000000.0, ""approximate"": true, ""text_excerpt"": ""0m ra oto gia nhinh 7 ty""}]"
102171,1231728.0,"SỞ HỮU NGAY LÔ - GIÁ SIÊU ĐẦU TƯ - Vị Trí Đắc Địa Tại Kim Sơn, Sơn Tây, TPHN","SỞ HỮU NGAY LÔ - GIÁ SIÊU ĐẦU TƯ - Vị Trí Đắc Địa Tại Kim Sơn, Sơn Tây, TPHNDiện tích: 1012m2 có 120m thổ cưGiá bán: 5tr5/m2- Lô đất đẹp nằm ngay vị trí trung tâm nên gần trường, chợ, bệnh viện, uỷ ban, sân gofl...- Cách trung tâm TPHN chỉ 40p. Cách hồ Đông Mô chỉ mấy bước chân. Đồng bộ mọi tiện ích xung quanh. Gần các điểm du lịch- Nằm ngay trong khu dân cư đông đúc- Thích hợp đầu tư xây dựng hay làm khi nghỉ dưỡng- Đường rộng, đi lại thuận tiện- Pháp lý đầy đủ, thủ tục sang tên nhanh chóng- TIỀM NĂNG LỚN: Nhà đất luôn tăng giá theo tình hình chung của BĐS nên đảm bảo đầu tư sinh lời caoLiên hệ Ms Minh Giang 0843274313- Zalo: 038 8368113",5570.0,1012.0,"Đường Đôi (Từ Quốc Lộ 21 Đến Giáp Công Ty Du Lịch Sơn Tây,Xã Kim Sơn,Thị xã Sơn Tây,Hà Nội",ha-noi,Đất,dat-tho-cu,2025-09-12 23:38:58,15/05/2025 23:38,AMBIGUOUS,AMBIGUOUS,5000000.0,description_reference,1113.0,1113999.0,"[{""source"": ""description"", ""basis"": ""total"", ""amount_vnd"": 5000000.0, ""total_equivalent_vnd"": 5000000.0, ""approximate"": false, ""text_excerpt"": ""120m tho cugia ban: 5tr5/m2- lo dat de""}]"
180695,1360699.0,"Nhà phố khu vạn xuân thạnh lộc 19, q12 giáp gò vấp. 4 x 15m trệt, 2 lầu, 4pn, 4wc. hẻm xe tải","Nhà đẹp khu Vạn Xuân - Thạnh Lộc 19, Quận 12.Giá bán: 5 tỷ 250 triệu bớt lộc.Diện tích: 4 x 15m. CN: 59m², DTS: 127m².Thiết kế: 1 trệt, 2 lầu, 4PN, 4WC, ban công.Đường trước nhà 8m, khu phân lô đồng bộ dân trí cao, an ninh. Vị trí đẹp nằm ngay Chợ Cầu Đồng, Chung Cư Thạnh Lộc, Ngã Tư Ga giáp Gò Vấp.Sổ hồng riêng, đã hoàn công, hướng Đông Bắc.Liên hệ:  CCG.----------------------------Cam kết tin thật 100% không đăng ảo.Tìm nhà đúng theo nhu cầu khách hàng.Hỗ trợ thủ tục ngân hàng cho khách.Nhắn cho e qua zalo để được tư vấn thêm.Xem thêm",525000.0,59.0,"Đường Thạnh Lộc 19,Phường Thạnh Lộc,Quận 12,TP. Hồ Chí Minh",tp-ho-chi-minh,Nhà riêng,nha-mat-pho-mat-tien,2025-09-13 19:30:22,14/08/2025 19:30,AMBIGUOUS,AMBIGUOUS,5250000000.0,description_reference,99.0,99999.0,"[{""source"": ""description"", ""basis"": ""total"", ""amount_vnd"": 5250000000.0, ""total_equivalent_vnd"": 5250000000.0, ""approximate"": false, ""text_excerpt"": ""9, quan 12.gia ban: 5 ty 250 trieu bot loc.dien t""}]"
185335,1306304.0,"Bán nhà mặt phố nguyễn hữu tiến, 12,5 tỷ, 83m2, tây thạnh, tân phú, hcm, giá ưu đãi hot!","Bán Nhà mặt tiền đường Nguyễn Hữu Tiến, p Tây Thạnh, Q. Tân Phú, HCM đang chờ chủ mới. Diện tích ( 4,5m x 20m) công nhận 83m vuông.*1PN, 1WC, nhà cấp 4 tiện xin phép xây dựng mới Theo ý.mặt tiền 4.5m, ngõ vào rộng 14m, hướng Tây Nam. Pháp lý đầy đủ, sổ đỏ, sổ hồng.Đường Nguyễn Hữu Tiến nối đường Tây thạnh với lê trọng tấn. Tiện kinh doanh buôn bán mọi ngành nghềCăn này cực chất, phù hợp cho ai muốn khởi nghiệp hay mở cửa hàng. Mặt tiền rộng rãi, dễ dàng thu hút khách. Không gian thoáng đãng, sống ảo cực chất luôn. Đường vào rộng, tiện cho việc di chuyển, đậu xe thoải mái.Gần các tiện ích như: trạm y tế, công viên Tây Thạnh, ngân hàng, khu phức hợp thể thao quận Tân Phú đường Dương Đức Hiền. ",125000.0,83.0,"Đường Nguyễn Hữu Tiến,Phường Tây Thạnh,Quận Tân Phú,TP. Hồ Chí Minh",tp-ho-chi-minh,Nhà riêng,nha-mat-pho-mat-tien,2025-09-13 19:49:43,15/07/2025 19:49,SALE_HIGH_CONFIDENCE,AMBIGUOUS,12500000000.0,title_reference,9.0,9999.0,"[{""source"": ""title"", ""basis"": ""total"", ""amount_vnd"": 12500000000.0, ""total_equivalent_vnd"": 12500000000.0, ""approximate"": false, ""text_excerpt"": ""ho nguyen huu tien, 12,5 ty, 83m2, tay tha""}]"
153584,1326514.0,Cần bán cắt lỗ hơn 500tr căn 1Pn 45m² chung cư Alacarte Hạ Long Bay (Tin Hết Hạn),"Cần bán cắt lỗ hơn 500tr căn 1Pn 45m² chung cư Alacarte Hạ Long Bay, tòa cao ốc cao nhất tại Quảng Ninh.Thông số:+ Diện tích 45m², 1 pn lớn (bố trí thêm dc 1 giường bé).+ Sổ hồng lâu dài.+ Tầng Trung View hồ điều hoà, thành phố lung linh đẹp.+ Giá bán 2,03 tỷ.Đầy đủ nội thất 5*, nhập khẩu từ châu Âu.Cách biển, bãi tắm 3 bước chân, nắm trong quần thể của Bim, dưới chân là TTTM Marina Square, Harbor, Trung tâm vui chơi giải trí Sunworld 7' đi xe...LH: 0888 766 676 để đi xem nhà.",2029.9999999999998,45.0,"Đường Khu Vực Dự Án Đường Nối Khu Du Lịch Hùng Thắng Với Đường Hạ Long Và Dự Án Khu Đô Thị Mới Cái Dăm (Trừ Dãy Bám Đường Hoàng Quốc Việt Và Dãy Bám Đường Hạ Long) - Phường Bãi Cháy,Phường Bãi Cháy,Thành phố Hạ Long,Quảng Ninh",quang-ninh,Căn hộ chung cư,can-ho-chung-cu,2025-09-13 00:44:38,15/07/2025 00:44,SALE_HIGH_CONFIDENCE,AMBIGUOUS,500000000.0,title_reference,3.06,4059.0,"[{""source"": ""title"", ""basis"": ""total"", ""amount_vnd"": 500000000.0, ""total_equivalent_vnd"": 500000000.0, ""approximate"": true, ""text_excerpt"": ""can ban cat lo hon 500tr can 1pn 45m² c""}, {""source"": ""description"", ""basis"": ""total"", ""amount_vnd"": 500000000.0, ""total_equivalent_vnd"": 500000000.0, ""approximate"": true, ""text_excerpt"": ""can ban cat lo hon 500tr can 1pn 45m² c""}, {""source"": ""description"", ""basis"": ""total"", ""amount_vnd"": 2029999999.9999998, ""total_equivalent_vnd"": 2029999999.9999998, ""approximate"": false, ""text_excerpt"": "" linh dep.+ gia ban 2,03 ty.day du noi tha""}]"
154646,1259352.0,CHÍNH CHỦ BÁN ĐẤT NGAY CỔNG CHỢ ĐÊM MỘC CHÂU,"📍 Cách chợ đêm đúng 1 căn – cực hiếm!📐 Mặt tiền rộng: 10 mét💰 Giá bán: 1,32 tỷ/mét mặt tiền📄 Sổ đỏ chính chủ, pháp lý rõ ràng🛣 Đường trước đất rộng 19.5m✅ Thích hợp mở quán, kinh doanh, đầu tư sinh lời… hứa hẹn thành khu sầm uất nhất đất nghỉ dưỡng Mộc ChâuAnh/chị nào quan tâm ib mình hoặc gọi 📞 0862257386 để xem đất trực tiếp nhé!",13200.0,200.0,"Phường Thảo Nguyên,Sơn La(Mới)",son-la,Đất,dat-tho-cu,2025-09-13 00:31:28,12/09/2025 00:31,SALE_HIGH_CONFIDENCE,AMBIGUOUS,1320000000.0,description_reference,9.0,9999.0,"[{""source"": ""description"", ""basis"": ""total"", ""amount_vnd"": 1320000000.0, ""total_equivalent_vnd"": 1320000000.0, ""approximate"": false, ""text_excerpt"": ""g: 10 met💰 gia ban: 1,32 ty/met mat tien📄 ""}]"
8421,1431241.0,"Bán đất xuân lâm ô tô tránh nhau, hàng xóm kđt hồng hạc phú mỹ hưng dt 89m2, chỉ 2tỷ750","+ Anh hưng cần bán mảnh đất để mua nhà bên hà nội cho con tiện công việc.+ Hình thửa sách giáo khoa. Đường trước đất ô tô tránh. Hàng xóm đại đô thị hồng hạc Phú Mỹ Hưng, xung quanh tiện ích không thiếu gì...+ Trung tâm Xuân Lâm, 3bứớc ra QL17, QL 38, vàng đai 4, đường kết nối sân bay gia bình. Các KCN Thuận Thành.Khách mua đầu tư tuyệt đối thắng.+ Pháp lý: Sổ đỏ chính chủ, sẵn sàng sang tên chủ mới.P/S: MG và trung gian...Xem thêm",2900.0,80.0,"Xã Xuân Lâm,Huyện Thuận Thành,Bắc Ninh",bac-ninh,Đất,dat-tho-cu,2025-09-13 13:02:15,30/08/2025 13:02,SALE_HIGH_CONFIDENCE,AMBIGUOUS,2750000000.0,title_reference,0.05454545454545454,1053.5454545454545,"[{""source"": ""title"", ""basis"": ""total"", ""amount_vnd"": 2750000000.0, ""total_equivalent_vnd"": 2750000000.0, ""approximate"": false, ""text_excerpt"": ""y hung dt 89m2, chi 2ty750""}]"
79542,1379877.0,"Nhà 5 tầng phố bồ đề, ngay cầu chương dương, gần trường qt wellspring, dt 34m, giá chào6,69 tỷ","NHÀ 5 TẦNG PHỐ BỒ ĐỀ, NGAY CẦU CHƯƠNG DƯƠNG,  GẦN TRƯỜNG QT WELLSPRING, NGÕ NÔNG, THOÁNG.-  DT: 34m,  MT gần 4m, Giá chào: 6.69 tỷ (có thương lượng)Nhà 5 tầng thiết kế hợp lý: 03 PN rộng, thoáng mát.-  Sổ  chính chủ  Sẵn sàng giao dịch- LH Kim Huệ:  để gặp chủ nhàXem thêm",669000.0,34.0,"Đường Bồ Đề,Phường Bồ Đề,Quận Long Biên,Hà Nội",ha-noi,Nhà riêng,nha-mat-pho-mat-tien,2025-09-12 22:12:23,13/08/2025 22:12,AMBIGUOUS,AMBIGUOUS,6690000000.0,title_reference,99.0,99999.0,"[{""source"": ""title"", ""basis"": ""total"", ""amount_vnd"": 6690000000.0, ""total_equivalent_vnd"": 6690000000.0, ""approximate"": false, ""text_excerpt"": ""ng, dt 34m, gia chao6,69 ty""}, {""source"": ""description"", ""basis"": ""total"", ""amount_vnd"": 6690000000.0, ""total_equivalent_vnd"": 6690000000.0, ""approximate"": false, ""text_excerpt"": ""t gan 4m, gia chao: 6.69 ty (co thuong luo""}]"
160360,1299414.0,Đất view toàn biệt thự minh mạng 110m2 chỉ 1 tỷ 9 vị trí đất kiệt 105 minh mạng,"Đất view toàn Biệt Thự Minh Mạng 110m² chỉ 1 tỷ 9Vị trí : đất kiệt 105 Minh Mạng , vị trí toàn biệt thự . Phù hợp ở hay làm homestayDiện tích đất 110,7 m² ( ngang 5,2m  dài 21.22m ) hướng chính Đông . 100% đất ởGiá Bán : 1 tỷ 9  giá bao tốt nhất thị trường - có thương lượng nhẹLiên Hệ NamNhận ký gửi các loại hình nhà đất - buôn bán không đội chênh và trung thực thiện chí .Xem thêm",19000.0,110.0,"Đường Minh Mạng,Phường Thuỷ Xuân,Thành phố Huế,Thừa Thiên Huế",thua-thien-hue,Đất,dat-tho-cu,2025-09-13 13:42:02,15/07/2025 13:42,AMBIGUOUS,AMBIGUOUS,1900000000.0,title_reference,9.0,9999.0,"[{""source"": ""title"", ""basis"": ""total"", ""amount_vnd"": 1900000000.0, ""total_equivalent_vnd"": 1900000000.0, ""approximate"": false, ""text_excerpt"": ""minh mang 110m2 chi 1 ty 9 vi tri dat kie""}, {""source"": ""description"", ""basis"": ""total"", ""amount_vnd"": 1900000000.0, ""total_equivalent_vnd"": 1900000000.0, ""approximate"": false, ""text_excerpt"": ""100% dat ogia ban : 1 ty 9  gia bao tot n""}]"
122965,1381579.0,"Em bán căn 2pn giá 3,8 tỷ hỗ trợ vay 70% miễn lãi, gốc 0% trong 18 tháng, tts chiết khấu 7%","Toà chung cư mới - Nằm trong KĐT Ecopark cạnh khu BT Vườn Mai gía chỉ 60 triệu /m².- Đóng 25% ký HĐ trực tiếp CĐT.- Ngân hàng hỗ trợ vay miễn lãi, gốc 0% trong 18 tháng.- Thanh toán theo tiến độ CK 2%, thanh toán sớm 70% CK 7%.- Quà tặng tân gia: 100 triệu - 150 triệu.- Cơ hội trúng xe ô tô VF6S trị giá 789 triệu đồng.1. Quỹ căn đa dạng diện tích:- Căn 2PN: 56m² - 62m² - 68m² - 73m².- Giá từ: 3,8x tỷ.2. Nội thất cao cấp: Cửa chính khoá từ 5 chức năng, chuông hình kết nối trực tiếp quầy lễ tân, hệ thống điều hoà sam sung 2 chiều, có cấp khí tươi, full thiết bị vệ sinh nhập khẩu.3. Tiện ích đẳng cấp 5*: Bể bơi 4 mùa công nghệ Biodisegn, 03 tầng hầm để xe, 40 tiện ích tầng mái: Sân tập golf min",4080.0,68.0,"Xã Xuân Quan,Huyện Văn Giang,Hưng Yên",hung-yen,Căn hộ chung cư,can-ho-chung-cu,2025-09-13 13:25:06,14/08/2025 13:25,AMBIGUOUS,AMBIGUOUS,3800000000.0,title_reference,0.07368421052631578,1072.6842105263158,"[{""source"": ""title"", ""basis"": ""total"", ""amount_vnd"": 3800000000.0, ""total_equivalent_vnd"": 3800000000.0, ""approximate"": false, ""text_excerpt"": ""em ban can 2pn gia 3,8 ty ho tro vay 70%""}, {""source"": ""description"", ""basis"": ""per_m2"", ""amount_vnd"": 60000000.0, ""total_equivalent_vnd"": 4080000000.0, ""approximate"": false, ""text_excerpt"": ""bt vuon mai gia chi 60 trieu /m².- dong 25%""}]"
186532,1293087.0,BDS HVL BÁN 02 căn mtkd đồng vaqn cônga Q2,"BDS HVL BÁN 02 căn mtkd đồng vaqn cônga Q2Bán Nhà Mặt Tiền Đ Đồng Văn Cống, Khu Phố 2, P Thạnh Mỹ Lợi, TP.Thủ Đức- Nhà Mặt Tiền 7x22m.5 Tầng .DT Đất: 154m2. Dtsd: 369m2. khu Vip có hẻm hông,-Khu cán bộ cao cấp . Khu Vip phù hợp kinh doanh đa ngành nghề: mở văn phòng công ty, thẩm mỹ viện-spa, cửa hàng kinh doanh….vv-Vị trí đắc địa, tiện ích đầy đủ: gần chợ, trường học, trung tâm thương mại- Sổ hồng đầy đủ- Giá: 18,9 tỷCĂN 2: ‼️BÁN NHÀ MẶT TIỀN ĐỒNG VĂN CỐNG, THẠNH MỸ LỢI - 15.8 TỶ - 110M2📍 Địa chỉ:  Đồng Văn Cống, phường Thạnh Mỹ Lợi, TP. Thủ Đức (Q.2 cũ)* Diện tích: 110,1m² (ngang 5m x dài 22m) – sổ hồng riêng, đất ở đô thị🏗️ Kết cấu: 1 trệt 3 lầu ( thiết kế thang máy )– gồm 4 phòng ngủ, 5 ",18900.0,154.0,"Phường Thạnh Mỹ Lợi,Thành phố Thủ Đức,TP. Hồ Chí Minh",tp-ho-chi-minh,Nhà riêng,nha-mat-pho-mat-tien,2025-09-13 19:54:36,15/07/2025 19:54,AMBIGUOUS,AMBIGUOUS,15800000000.0,description_reference,0.1962025316455696,1195.2025316455697,"[{""source"": ""description"", ""basis"": ""total"", ""amount_vnd"": 15800000000.0, ""total_equivalent_vnd"": 15800000000.0, ""approximate"": false, ""text_excerpt"": ""ong, thanh my loi - 15.8 ty - 110m2📍 dia c""}, {""source"": ""description"", ""basis"": ""total"", ""amount_vnd"": 15800000000.0, ""total_equivalent_vnd"": 15800000000.0, ""approximate"": false, ""text_excerpt"": ""rong ngay✅ gia ban: 15.8 ty tl✅ vi tri tru""}]"
67890,1215007.0,Chỉ Với 270 Triệu Đã Có Thể Sở Hữu Lô Đất Sát Bên Sân Bay Biên Hoà,"🌟 SIÊU HOT - CƠ HỘI ĐẦU TƯ CỰC HIẾM 🌟🔥 Chỉ bung ra 20 nền đất đẹp với mức giá siêu rẻ từ 950 triệu - 1,3 tỷ, còn thương lượng trực tiếp với chính chủ!🏡 Thông tin chi tiết:Diện tích: 80 - 100m²Pháp lý: Sổ riêng, thổ cư 100%Giá chỉ từ: 950 triệuTrả trước chỉ: 270 triệu là sang tên ngay, sở hữu lô đất tiềm năng!Vị trí: Cù Lao Tân Triều, ven sông mát mẻ, cách sân bay Biên Hòa chỉ 12 phút🚗 Hạ tầng hoàn thiện:Đường nhựa lớn, ô tô – xe tải vô tư ra vàoChỉ cách mặt tiền đường lớn 100m – di chuyển cực thuận tiệnGần chợ, trường học các cấp, đại học, hiệu thuốc, siêu thị mini – tiện ích đầy đủ quanh nhà💰 Phù hợp cả để ở hoặc đầu tư sinh lời – Vị trí đẹp, tiềm năng tăng giá cao!📞 Liên hệ ngay: 0568 791 ",950.0,80.0,"Xã Tân Bình,Huyện Vĩnh Cửu,Đồng Nai",dong-nai,Đất,dat-tho-cu,2025-09-14 00:45:29,17/04/2025 00:45,AMBIGUOUS,AMBIGUOUS,270000000.0,title_reference,2.5185185185185186,3517.5185185185187,"[{""source"": ""title"", ""basis"": ""total"", ""amount_vnd"": 270000000.0, ""total_equivalent_vnd"": 270000000.0, ""approximate"": false, ""text_excerpt"": ""chi voi 270 trieu da co the so h""}, {""source"": ""description"", ""basis"": ""total"", ""amount_vnd"": 950000000.0, ""total_equivalent_vnd"": 950000000.0, ""approximate"": true, ""text_excerpt"": "" muc gia sieu re tu 950 trieu - 1,3 ty, con ""}, {""source"": ""description"", ""basis"": ""total"", ""amount_vnd"": 1300000000.0, ""total_equivalent_vnd"": 1300000000.0, ""approximate"": false, ""text_excerpt"": ""u re tu 950 trieu - 1,3 ty, con thuong lu""}, {""source"": ""description"", ""basis"": ""total"", ""amount_vnd"": 270000000.0, ""total_equivalent_vnd"": 270000000.0, ""approximate"": false, ""text_excerpt"": ""trieutra truoc chi: 270 trieu la sang ten ng""}]"
87222,1223228.0,"Bán nhà riêng phố Pháo Đài Láng, Đống Đa, 35m2, 5T 3 ngủ, hạ chào 300 triệu","Bán nhà riêng phố Pháo Đài Láng, Đống Đa, 35m2, 5T 3 ngủ, hạ giá còn 7.7 tỷ- Vị trí đẹp, ngõ nông bagac chạy, thông thoáng, gần các trường ĐH Ngoại thương, ĐH GTVT, ĐH Ngoại Giao..., kết nối các tuyến đường phố như: Láng, Huỳnh Thúc Kháng, Nguyễn Chí Thanh...- Thiết kế 5 tầng, 3 phòng ngủ đầy đủ công năng.- Sổ đỏ chính chủ, vuông vắn, pháp lý chuẩn, giao dịch ngay.",7700.0,35.0,"Đường Pháo Đài Láng,Phường Láng Thượng,Quận Đống Đa,Hà Nội",ha-noi,Nhà riêng,nha-mat-pho-mat-tien,2025-09-12 22:41:44,15/05/2025 22:41,SALE_HIGH_CONFIDENCE,AMBIGUOUS,300000000.0,title_reference,24.666666666666668,25665.666666666668,"[{""source"": ""title"", ""basis"": ""total"", ""amount_vnd"": 300000000.0, ""total_equivalent_vnd"": 300000000.0, ""approximate"": false, ""text_excerpt"": "", 5t 3 ngu, ha chao 300 trieu""}, {""source"": ""description"", ""basis"": ""total"", ""amount_vnd"": 7700000000.0, ""total_equivalent_vnd"": 7700000000.0, ""approximate"": false, ""text_excerpt"": ""t 3 ngu, ha gia con 7.7 ty- vi tri dep, n""}]"
81870,1310019.0,Bán nhà vương thừa vũ thanh xuân gara ôtô 7t thang máy kinh doanh dt 51m 7t giá 21.5tỷ,"SMARTHOME 7 TẦNG THANG MÁY - GARA 2 Ô TÔ - 30M RA PHỐ - FULL NỘI THẤT XỊN - KINH DOANH SPA & VĂN PHÒNG - VỊ TRÍ ĐẸP -  DT 50M - 7T - MT 5.1M - GIÁ 21.5TỶLH :  ( xem nhà 24/24)- Mặt ngõ ô tô tránh ba gác, ngõ thông ô tô chạy vòng quanh, ô tô 7 chỗ vào nhà. Kinh doanh Spa, Văn phòng.- Có bản vẽ hoàn công và giấy phép xây dựng đầy đủ.- Điều hòa âm trần. Full nội thất cao cấp.- Xây 7 tầng thang máy hiện đại. Thiết kế thông sàn.+ Tầng 1: Gara ô tô + 1WC.+ Tầng 2, 3, 4, 5: Mỗi tầng 1 phòng rộng Master + 1WC.+ Tầng 6: Phòng thờ + Khu nướng BBQ ngoài trời.+ Tầng 7: Sân phơi.SỐ ĐỎ CHÍNH CHỦ VUÔNG ĐẸP GIAO DỊCH NGAY.Xem thêm",215000.0,50.0,"đường Vương Thừa Vũ,Phường Khương Mai,Quận Thanh Xuân,Hà Nội",ha-noi,Nhà riêng,nha-mat-pho-mat-tien,2025-09-12 22:21:10,14/07/2025 22:21,SALE_HIGH_CONFIDENCE,AMBIGUOUS,21500000000.0,title_reference,9.0,9999.0,"[{""source"": ""title"", ""basis"": ""total"", ""amount_vnd"": 21500000000.0, ""total_equivalent_vnd"": 21500000000.0, ""approximate"": false, ""text_excerpt"": ""doanh dt 51m 7t gia 21.5ty""}]"
212453,1428006.0,BDS  HVL bán nhà số 1 đường 46 Thảo Điền giá tốt lô góc  Chỉ 90 Triệu/m2 Thảo Điền ??????,"BDS  HVL bán nhà số 1 đường 46 Thảo Điền giá tốt lô gócChỉ 90 Triệu/m2 Thảo Điền ?????? 🆘 🆘 🆘 🆘 🆘 🆘Giá Tốt Thảo Điền Đầu Tư. Gần Trần Văn Sắc Thảo Điền Q2 - 410m2 chỉ 40 tỷSố 1 Đường Số 46 Thảo Điền. Quận 2💎  17x25m. - 406.6m2 ( Đất ở: 333.4m2, Đất trồng cây lâu năm: 73.2m2)💎  Nhà Trệt lầu đang cho thuê 70 triệu/tháng🆘  Giá 40 tỷ. Chưa tới 100 triệu/#phướcbình #villapark #melosa #lucasta #merita #riovista #giahòa #khang điền #anthiênlý #parkriverside #thảonguyênsàigòn #saigonhill #khangan #namlong #điềnphúcthành #Rosita #đôngtăngLong #dragonvillge #megavillge #liênphường#đỗxuânhợp #lêvănviệt #verosa #classia #rivieracove #lakeview #garland #hoja #muabánbấtđộngsản #quận9 #thủđức #quận2 #thạnh",40000.0,406.0,"Phường Thảo Điền,Thành phố Thủ Đức,TP. Hồ Chí Minh",tp-ho-chi-minh,Đất,dat-tho-cu,2025-09-13 21:40:17,23/08/2025 21:40,SALE_HIGH_CONFIDENCE,AMBIGUOUS,36540000000.0,title_reference,0.09469074986316366,1093.6907498631635,"[{""source"": ""title"", ""basis"": ""per_m2"", ""amount_vnd"": 90000000.0, ""total_equivalent_vnd"": 36540000000.0, ""approximate"": false, ""text_excerpt"": ""gia tot lo goc  chi 90 trieu/m2 thao dien ?""}, {""source"": ""description"", ""basis"": ""per_m2"", ""amount_vnd"": 90000000.0, ""total_equivalent_vnd"": 36540000000.0, ""approximate"": false, ""text_excerpt"": ""n gia tot lo gocchi 90 trieu/m2 thao dien ?""}]"
5369,1361817.0,"Kẹt tiền bán gấp lô trương ngọc thắng tam vũng tàu 120m² giá 1 tỷ 050 triệu, gần vòng xoay bãi sau","Bán đất đường Trương Ngọc, phường Thắng Tam, TP.Vũng Tàu, BRVT.Diện tích 120m², sổ riêng, xây dựng tự do, khu dân cư hiện hữu.Vị trí đẹp, cách Vòng Xoay Tượng Đài Liệt Sĩ Bãi Sau chỉ vài bước, gần biển, thuận tiện ở, nghỉ dưỡng, cho thuê homestay, đầu tư sinh lời cao.Giá chỉ 1 tỷ 050 triệu, rẻ hơn khu vực, tiềm năng tăng giá mạnh.Gần chợ, trường học, tiện ích đầy đủ.Pháp lý rõ ràng, hỗ trợ công chứng sang tên nhanh.Liên hệ Phú  (Zalo) để xem đất, xem sổ, chốt nhanh giá tốt.Xem thêm",105000.0,120.0,"Đường Trương Ngọc (P,Thắng Tam),Phường Thắng Tam,Thành phố Vũng Tàu,Bà Rịa - Vũng Tàu",ba-ria-vung-tau,Đất,dat-tho-cu,2025-09-13 18:11:58,14/08/2025 18:11,SALE_HIGH_CONFIDENCE,AMBIGUOUS,1050000000.0,title_reference,99.0,99999.0,"[{""source"": ""title"", ""basis"": ""total"", ""amount_vnd"": 1050000000.0, ""total_equivalent_vnd"": 1050000000.0, ""approximate"": false, ""text_excerpt"": "" vung tau 120m² gia 1 ty 050 trieu, gan vong xoay""}]"
144082,1327688.0,"bán đất sau lưng UBND Mỹ Hạnh Nam, cách chợ 200m (Tin Hết Hạn)","Bán lô đất sau lưng UBND Mỹ Hạnh Nam đường 5m thông.- DT: 5x25m full thổ- Vị trí đẹp, đất gò cao xung quanh nhà đông, bán kính 300m có đầy đủ tiện ích chợ, trường học, bệnh viện UBND…- Rất phù hợp mua ở, để dành, đầu tư, nền sạch không lỗi phong thuỷGiá: 1 tỷ 450 triệu————️————-️ LH xem: 0915.852.991 Ms.Nhanh",145.0,124.0,"Đường Đt 824 (Kể Cả Phía Cặp Kênh),Xã Mỹ Hạnh Nam,Huyện Đức Hòa,Long An",long-an,Đất,dat-tho-cu,2025-09-13 23:37:34,15/07/2025 23:37,SALE_HIGH_CONFIDENCE,AMBIGUOUS,1450000000.0,description_reference,0.9,99.0,"[{""source"": ""description"", ""basis"": ""total"", ""amount_vnd"": 1450000000.0, ""total_equivalent_vnd"": 1450000000.0, ""approximate"": false, ""text_excerpt"": "" loi phong thuygia: 1 ty 450 trieu————————- lh xe""}]"
111681,1297823.0,"Bán căn hộ chung cư sông hồng park view 165 thái hà. dt 93m2, 3pn, 2wc. giá 8.2 tỷ","Bán căn hộ  Chung Cư Sông Hồng Park View - 165 Thái Hà. Dt 93m², 3pn, 2wc. Giá 8.2 tỷThiết kế 3N - 2WC với diện tích 93m2Cửa ĐN, ban công TBGiá 8.2 tỷ có thương lượng không bao sang tênSẵn sổ tặng full nội thất như ảnhXem thêm",82000.0,93.0,"Phường Láng Thượng,Quận Đống Đa,Hà Nội",ha-noi,Căn hộ chung cư,can-ho-chung-cu,2025-09-13 00:12:34,15/07/2025 00:12,SALE_HIGH_CONFIDENCE,AMBIGUOUS,8199999999.999999,title_reference,9.000000000000002,9999.000000000002,"[{""source"": ""title"", ""basis"": ""total"", ""amount_vnd"": 8199999999.999999, ""total_equivalent_vnd"": 8199999999.999999, ""approximate"": false, ""text_excerpt"": ""93m2, 3pn, 2wc. gia 8.2 ty""}, {""source"": ""description"", ""basis"": ""total"", ""amount_vnd"": 8199999999.999999, ""total_equivalent_vnd"": 8199999999.999999, ""approximate"": false, ""text_excerpt"": "" dn, ban cong tbgia 8.2 ty co thuong luon""}]"
