source_record_1based,listing_id,title,description,price_raw,area_raw,location,province_original,property_type,property_type_slug,scraped_at,last_updated_date,rule_label,rule_reason,review_group_rank
45114,1386543.0,"Bán đất mặt tiền võ nguyên giáp ngay bãi biển mỹ khê, 140m2 ngang 7m, giá 35 tỷ","Bán cặp đất mặt tiền Võ Nguyên Giáp, sát bãi tắm biển Mỹ Khê.- Diện tích đất 140m² (ngang 7m).- Đường 15m vỉa hè 9m.- Hiện trạng: Đất trống.- Rất hợp xây khách sạn, căn hộ dịch vụ.- Vị trí: Siêu đẹp, sầm uất sát bãi tắm biển. Xung quanh nhiều nhà hàng khách sạn full tiện ích.Giá bán: 35 tỷ (TL).Xem thêm",35000.0,140.0,"Đường Võ Nguyên Giáp,Phường Mỹ An,Quận Ngũ Hành Sơn,Đà Nẵng",da-nang,Đất,dat-tho-cu,2025-09-13 14:08:59,14/08/2025 14:08,SALE_HIGH_CONFIDENCE,explicit_sale_title,1
9191,1452999.0,Chuyển nhượng 1ha đất trong kcn thuận thành 2 bàn giao xây dựng được ngay. giá 155$/m2~4tr/m2 (tl),"Chuyển nhượng lô đất trong KCN Thuận Thành 2, Bắc Ninh:- Diện tích: 1 ha.- Pháp lý đầy đủ. Sẵn mặt bằng, xây dựng nhà xưởng được luôn.- Hạn sử dụng: Đến năm 2059.- Hình thức CN: Chuyển nhượng cổ phần công ty sạch.- Giá: 155 $/m² (khoảng 4 tr/m²).Chi tiết liên hệ:  (Ms Hồng).Xem thêm",40000.0,10000.0,"Xã An Bình,Huyện Thuận Thành,Bắc Ninh",bac-ninh,"Kho, nhà xưởng",kho-nha-xuong,2025-09-13 13:04:37,06/09/2025 13:04,SALE_HIGH_CONFIDENCE,explicit_sale_title,2
115007,1468351.0,"Chủ nhà cần bán nhanh Căn CC The Gloria, 75,2m2, 2PN, 2WC, đủ nội thất, có slot để oto","Nhanh tay sở hữu căn hộ chung cư cao cấp tại The Gloria, Đường Nguyên Hồng, Phường Láng Hạ, Đống Đa, Hà Nội. Căn hộ có diện tích 75,2m2 với 2 phòng ngủ và 2 phòng tắm, phù hợp cho gia đình hoặc đầu tư. + Diện tích rộng rãi 75,2m2, thiết kế thông minh. + 2 phòng ngủ tiện nghi, 2 phòng tắm hiện đại. + Hướng cửa chính Bắc, ban công Nam, đón ánh sáng tự nhiên. + Nội thất đầy đủ, chỉ việc dọn vào ở. + Giá bán chỉ hơn 5 tỷ VND, pháp lý đầy đủ. + Có Slot để ô tô sẵn Căn hộ này không chỉ mang lại không gian sống thoải mái mà còn có phong thủy tốt, phù hợp cho những ai yêu thích sự yên tĩnh và tiện nghi. Giới thiệu thêm về dự án: The Gloria by Silk Path tọa lạc tại Số 8 Nguyên Hồng, phường Láng Hạ, q",5500.0,752.0,"Đường Nguyên Hồng,Phường Láng Hạ,Quận Đống Đa,Hà Nội",ha-noi,Nhà trọ,phong-tro,2025-09-13 00:23:33,08/09/2025 00:23,SALE_HIGH_CONFIDENCE,explicit_sale_title,3
99798,1316142.0,"Bán gấp mảnh đất phân lô tái định cư thạch bàn trung long biên 82m2, vỉa hè, làm vp, giá tốt","+ Mảnh đất tọa lạc vị trí rất đẹp trong khu Tái đinh cư Him Lam Thạch Bàn Long biên, vỉa hè rộng thênh thang, là vườn hoa.+ Khu vực tiềm năng hạ tầng đồng bộ, không lỗi phong thủy, oto đỗ ngày đêm.+ Hiện trạng đang là mảnh đất trống phù hợp cho khách ở, làm văn phòng, cty cực đẹp.Pháp lý chuẩn, sổ đỏ vuông đẹp.Chi tiết liên hệ:  Mr A Tuấn nhà đất.Nhận mua bán ký gửi nhà đất.UY TÍN - TỪ TÂM - NHIỆT TÌNH - TRÁCH NHIỆMXem thêm",155000.0,82.0,"Đường Nguyễn Thời Trung,Phường Thạch Bàn,Quận Long Biên,Hà Nội",ha-noi,Đất,dat-tho-cu,2025-09-12 23:29:26,14/07/2025 23:29,SALE_HIGH_CONFIDENCE,explicit_sale_title,4
90755,1491045.0,Chính chủ gửi bán nhanh đất phú cát h quốc oai hơn 300m2 mt 10m giá chỉ hơn 10tr/m2 0977 514 ***,"Chủ đất tại Phú Cát - Quốc Oai Hà Nội bán mảnh đất hoa hậu nhanh giá hơn 10tr/m² .- Vị trí sát đường tỉnh lộ trục chính xã Phú Cát.- Diện tích hơn 300m².- Mặt tiền hơn 10m, tiềm năng tách 2 đủ điều kiện.- Đất nằm quy hoạch khu dân cư hiện hữu, đất ở.- Chủ đất cần thanh khoản đáo hạn ngân hàng các dự án nên giá rất rẻ.- Đơn giá nhỉnh 10tr/m².- Đất sẵn sổ sang tên ngay, gần khu công nghệ cao, nhà máy Rạng Đông, Nhà máy in tiền, tổ hợp y tế.Liên hệ Hoàng Mai  để gặp trực tiếp chủ đất đứng tên sổ.Xem thêm",3330.0,303.0,"Xã Phú Cát,Huyện Quốc Oai,Hà Nội",ha-noi,Đất,dat-tho-cu,2025-09-12 22:55:10,12/09/2025 04:55,SALE_HIGH_CONFIDENCE,explicit_sale_title,5
56274,1347735.0,Cần bán đất tổ 9 him lam,"Cần bán đất tại tổ 9 him lam điện biên phủ, ai quan tâm liên hệ ngay để trao đổi trực tiếp với xem đất💥",1200.0,100.0,"Phường Him Lam,Thành phố Điện Biên Phủ,Điện Biên",dien-bien,Đất,dat-tho-cu,2025-09-13 00:30:17,14/08/2025 00:30,SALE_HIGH_CONFIDENCE,explicit_sale_title,6
41518,1503717.0,"Bán đất Kiệt đường Lê Văn Thứ, Biển Mân Thái, Sơn Trà, đà Nẵng","Bán đất đường Lê Văn Thứ, biển Mân Thái Sơn Trà Đà Nẵng.Kiệt số 12 đầu đường sát biển.DT 107m2.Giá đầu tư thích hợp xây nhà căn hộ.Hướng Đông mát mẻ.Đặc điểm nổi bậtDiện tích :107m2Giá :5,4 tỷ",5400.0,107.0,"Đường Lê Văn Thứ,Phường Mân Thái,Quận Sơn Trà,Đà Nẵng",da-nang,Đất,dat-tho-cu,2025-09-13 13:54:56,13/09/2025 10:54,SALE_HIGH_CONFIDENCE,explicit_sale_title,7
233047,1325772.0,"Chủ bán nhà kho 10.000m2 tại KCN Tân Bình, TP. HCM. Dòng tiền 900tr/th Giá 230 tỷ TL","Chủ bán nhà kho 10.000m2 tại KCN Tân Bình, TP. HCM.- Địa chỉ: Đường CN13, KCN Tân Bình, Phường Tây Thạnh, Quận Tân Phú, TP. Hồ Chí Minh.* Diện tích: + Khuôn viên: 10.000m2. + Văn phòng 400m2, nhà kho 6.600m2 (hiện đang có khách thuê làm kho).* Vị trí kho nội ô KCN Tân Bình, KCN tốt nhất hiện nay tại HCM…, thuận tiện cho công tác giao nhận, phân phối hàng hóa trong TP. HCM, Bình Dương và các tỉnh lân cận.* Kho xưởng thiết kế theo kiến trúc công nghiệp, cơ sơ hạ tầng hoàn thiện (vào chỉ việc dùng), có mái trời thoáng mát. Khung zamil cao 8m chắc chắn.* Giá tốt thị trường, diện tích lớn, khu an ninh.* Xe cont ra/vào dể dàng, giao thông thuận tiện.* Kho rộng, thoáng, sạch, xưởng trống.* Phù hơp ",230000.0,10000.0,"Đường Cn13,Phường Tây Thạnh,Quận Tân Phú,TP. Hồ Chí Minh",tp-ho-chi-minh,"Kho, nhà xưởng",kho-nha-xuong,2025-09-13 23:14:59,15/07/2025 23:14,SALE_HIGH_CONFIDENCE,explicit_sale_with_cashflow,8
34948,549655.0,- Cần bán gần 4ha6 mặt tiền đường nhựa Bình An - Bắc Bình - Bình Thuận,"Cần bán gần 4ha6 mặt tiền đường nhựa Bình An - Bắc Bình - Bình Thuận , đường nhựa liên xã đi Đà Lạt . đã tách ra làm 4 sổ , có bán lẻ từng sổ",15000.0,45840.0,"Xã Hải Ninh,Lâm Đồng(Mới)",binh-thuan,Đất,dat-tho-cu,2025-09-13 15:02:36,14/08/2025 15:02,SALE_HIGH_CONFIDENCE,explicit_sale_title,9
181042,1352433.0,"Bán nhà 3 tầng hẻm 1/, đường 185 gần dương đình hội, nhà đẹp 3pn, sổ hoàn công","Vị trí: Hẻm 1 sẹc, đường 185  Phước Long B, TP. Thủ Đức, gần ngay vành đai 2 đang xây dựng.* Chỉ 10m ra mặt tiền, cách Dương Đình Hội khoảng 200m  khu dân cư yên tĩnh, an ninh, hàng xóm thân thiện* Nhà 3 tầng, gồm 1 trệt 2 lầu, thiết kế thông thoáng, có 3 phòng ngủ phù hợp cho gia đình trẻ hoặc đa thế hệ* Diện tích sử dụng: 70m², ngang 5m  bố cục hợp lý, tối ưu không gian sinh hoạt* Vị trí đắt giá: 10 phút đến ga Metro, Di chuyển Q1 chỉ 30 phút* Xung quanh tiện ích đầy đủ: bách hóa, trường học, chợ, ngân hàng...* Pháp lý rõ ràng, sổ hồng hoàn công đầy đủGọi ngay để xem nhà thực tế!Xem thêm",5000.0,70.0,"Đường 185, Phường Phước Long B,Phường Phước Long B,Quận 9,TP. Hồ Chí Minh",tp-ho-chi-minh,Nhà riêng,nha-mat-pho-mat-tien,2025-09-13 19:31:50,14/08/2025 19:31,SALE_HIGH_CONFIDENCE,explicit_sale_title,10
12082,1401981.0,"Chính chủ bán nhà kdc vĩnh sơn tdm, 121m2, sổ hoàn công, vị trí mua ở rất ok. khu hiếm bán. giá tốt","Bán nhà trong kdc lâu đời nhất ở phường Phú Hòa TDM (Phú Lợi TP HCM mới)DT: 4.5x25 nở hậu 5.5. Có 80m thổ cư. Sổ Hoàn công dts: 160m² giá trị.Nhà 1 trệt 1 lầu 3pn 2vs rộng rãi, có giếng trời, sân thượng. sân oto 7 chỗĐường nhựa 5m thông tứ hướng. Hàng xóm an ninh, trí thứcNgay cv ở mát mẻ, trong lành. 5p kết nối đầy đủ tiện ích lớn nhỏGiá bán nhỉnh 6 tỷ. Hỗ trợ ngân hàng 3 bên.LH  mua giá tốt.Xem thêm",6200.0,121.0,"Đường 30/4 - Đường Loại 2,Phường Phú Hòa,Thành phố Thủ Dầu Một,Bình Dương",binh-duong,Nhà riêng,nha-mat-pho-mat-tien,2025-09-13 16:33:24,14/08/2025 16:33,SALE_HIGH_CONFIDENCE,explicit_sale_title,11
11115,1162555.0,Bán nhà 161.6m² 12 tỷ tại Phường Tương Bình Hiệp Thành phố Thủ Dầu Một,2 thưa là một,12000.0,161.6,"Phường Chánh Hiệp,TP. Hồ Chí Minh(Mới)",binh-duong,Nhà riêng,nha-mat-pho-mat-tien,2025-09-13 16:29:10,11/09/2025 16:29,SALE_HIGH_CONFIDENCE,explicit_sale_title,12
37596,1383833.0,Bán đất 6055.5m² ngang 40m giá 9 tỷ Phường Sóc Trăng,"Hơn 6000m2 mặt tiền Phạm Hùng, Phường Sóc Trăng, Cần ThơCó 683m2 đất ODT.Chỉ 9 tỷ.",9000.0,6055.5,"Phường Sóc Trăng,Cần Thơ(Mới)",can-tho,Đất,dat-tho-cu,2025-09-14 00:05:31,13/09/2025 03:05,SALE_HIGH_CONFIDENCE,explicit_sale_title,13
89137,1186061.0,CẦN BÁN GẤP NHÀ TRƯƠNG ĐỊNH - 10M RA PHỐ - NGÕ BA GÁC - GIÁ NHỈNH 7 TỶ,"HÀNG HIẾM QUẬN HAI BÀ TRƯNG, NHÀ ĐẸP MỚI COONG, NHÀ THUỘC PHỐ TRƯƠNG ĐỊNH, SÁT NGAY PHỐ BẠCH MAI, ĐI THĂNG ÍT PHÚT LÀ ĐẾN PHỐ ĐI BỘ, HỒ GƯƠM, GIAO THÔNG THUẬN TIỆN ĐI LẠI-Bao quanh nhà là các trường đại học hàng đầu như Bách Khoa, Kinh Tế Quốc Dân, Xây Dựng, nhiều bệnh viện lớn như Bạch Mai, Tai Mũi Họng, Da Liễu..., tiện ích ngập tràn-Thiết kế 40m2 x 5 tầng, đầy đủ công năng tiện ích. Trước nhà ba gác qua, cực kỳ thoáng!Nhà dân xây, khung cột bê tông cực kỳ chắc chắn.Giá chào chỉ nhỉnh 7 tỷ (tiểu học), không có căn thứ 2 trong tầm giá khu vựcSổ đỏ chính chủ, sẵn sàng giao dịch ngayLiên hệ em Quân ngay ZALO: 0965.279.475/ SĐT: 0976.170.999 để được xem nhà miễn phí 24/7 - chuyên nhà đất quận ",7000.0,40.0,"Đường Trương Định,Phường Trương Định,Quận Hai Bà Trưng,Hà Nội",ha-noi,Nhà riêng,nha-mat-pho-mat-tien,2025-09-12 22:49:17,15/04/2025 22:49,SALE_HIGH_CONFIDENCE,explicit_sale_title,14
94870,1394386.0,Bán đất 150m² ngang 8m giá 5.3 tỷ Xã Sóc Sơn,Lh 0328284982,5300.0,150.0,"Đường Cửa Bắc,Xã Sóc Sơn,Hà Nội(Mới)",ha-noi,Đất,dat-tho-cu,2025-09-12 23:10:22,13/08/2025 23:10,SALE_HIGH_CONFIDENCE,explicit_sale_title,15
215055,1187585.0,Bán đất 90.5m² 10 tỷ tại Xã Tân Thới Nhì Huyện Hóc Môn,,10000.0,90.5,"Xã Xuân Thới Sơn,TP. Hồ Chí Minh(Mới)",tp-ho-chi-minh,Đất,dat-tho-cu,2025-09-13 21:51:54,14/08/2025 21:51,SALE_HIGH_CONFIDENCE,explicit_sale_title,16
9892,1436109.0,Bán đất 530.7m² giá 4.2 tỷ Xã Phù Mỹ Đông,,4200.0,530.7,"Xã Phù Mỹ Đông,Gia Lai(Mới)",binh-dinh,Đất,dat-tho-cu,2025-09-13 14:28:55,30/08/2025 14:28,SALE_HIGH_CONFIDENCE,explicit_sale_title,17
80200,1369767.0,Nhà đẹp ở luôn bán nhà phố trần quốc vượng cầu giấy5t 30m2 mt3.6m 3pn. 4wc 7.6 tỷ sổ đỏ chuẩn,"NHÀ ĐẸP Ở LUÔN -BÁN NHÀ PHỐ TRẦN QUỐC VƯỢNG CẦU GIẤY-5T 30M2 MT3.6M 3PN. 4WC 7.6 TỶ- SỔ ĐỎ CHUẨNNhà riêng đẹp xịn tại Trần Quốc Vượng, p Dịch Vọng Hậu, Q.Cầu Giấy, HN đang cần tìm chủ mới.- 30m² với 5 tầng, 3PN rộng rãi, 4WC hiện đại.- Nội thất cơ bản, có sẵn giường, tủ, bàn ghế cho các bạn muốn dọn vào ở ngay.- Mặt tiền 3.6m, rất thích hợp cho ai muốn mở tiệm hay làm văn phòng.- Ngõ vào 1.5m, đủ cho xe máy đi thoải mái.- Gần chợ, Trường học, Bệnh viện và các trung tâm thương mại lớn, phố kinh doanh sầm uất.- Pháp lý đầy đủ, sẵn sàng giao dịch.- Giá chào bán: 7.6 tỷLiên hệ: Phan Huy Long - .Xem thêm",76000.0,30.0,"Đường Trần Quốc Vượng,Phường Dịch Vọng Hậu,Quận Cầu Giấy,Hà Nội",ha-noi,Nhà riêng,nha-mat-pho-mat-tien,2025-09-12 22:14:48,13/08/2025 22:14,SALE_HIGH_CONFIDENCE,explicit_sale_title,18
232869,1342671.0,"Bán nhanh 1600m2 nhà xưởng mặt tiền nhánh tỉnh lộ 10, bình chánh 28.5 tỷ tl, 0983 002 ***","Bán nhanh 1600 m² nhà xưởng mặt tiền nhánh Tỉnh lộ 10, xã Lê Minh Xuân, Bình Chánh 28.5 tỷ thương lượng.- Diện tích: 1600 m² ngang 27 m dài 62m xây full nhà xưởng.- Vị trí: Mặt tiền nhánh Tỉnh lộ 10, cách khu công nghiệp Lê Minh Xuân gần 2Km. Cách chợ, trường học 1.5 km.- Đường xe container chạy 24/7.- Khu dân cư hiện hữu, liền kề chợ, khu Công nghiệp, trường học... Thuận tiện tuyển lao động.- Giá: 28.5 tỷ thương lượng.- Liên hệ chính chủ: Minh Thư:  (miễn trung gian).Xem thêm",285000.0,1600.0,"Đường Tỉnh lộ 10,Xã Lê Minh Xuân,Huyện Bình Chánh,TP. Hồ Chí Minh",tp-ho-chi-minh,"Kho, nhà xưởng",kho-nha-xuong,2025-09-13 23:14:16,14/08/2025 23:14,SALE_HIGH_CONFIDENCE,explicit_sale_title,19
179427,1380852.0,"Bán nhà mặt tiền kinh doanh, 5x17, Đ. Trịnh Như Khuê, Bình Chánh, TP.HCM","Bán nhà mặt tiền kinh doanh. Đường Trịnh Như Khuê, Bình Chánh, TP.HCM👉 DT: 5 x 17m (Full thổ cư )👉 Đường: 6m🏠 Kết cấu: Phòng trệt rộng, dài để mua bán kinh doanh, phòng ngủ, bếp, toilet.💰 Giá chỉ 650tr (còn thương lượng thêm)LH: 0798.864.210 Gặp Vy để xem nhà ( không tiếp mô giới)",650.0,85.0,"Đường Trịnh Như Khuê,Xã Bình Chánh,Huyện Bình Chánh,TP. Hồ Chí Minh",tp-ho-chi-minh,Nhà riêng,nha-mat-pho-mat-tien,2025-09-13 19:25:14,14/08/2025 19:25,SALE_HIGH_CONFIDENCE,explicit_sale_title,20
89675,1283741.0,Bán đất 90.5m² ngang 4m giá 1.98 tỷ tại Xã Tân Minh Huyện Sóc Sơn,"Lô đất đường thông thoángGần sát trường đại học điện lực,giá rất hợp lý để đầu tưLh e 0358357986",1980.0,90.5,"Xã Sóc Sơn,Hà Nội(Mới)",ha-noi,Đất,dat-tho-cu,2025-09-12 22:51:16,11/09/2025 22:51,SALE_HIGH_CONFIDENCE,explicit_sale_title,21
194664,1201982.0,♥️♥️♥️Bán Nhanh 4 Tầng P.Bình Trị Đông A Tiếp Khách Thiện Chí SHR Ở Ngay.♥️♥️♥️,"♥️♥️♥️Bán Nhanh 4 Tầng P.Bình Trị Đông A Tiếp Khách Thiện Chí SHR Ở Ngay.♥️♥️♥️✅Vị trí thuận lợi hẻm xe hơi quay đầu thẳng mặt tiền sầm uất dễ tiếp cận và đi lại các tuyến đường lớn Hương Lộ 2, Mã Lò, Tên Lửa, Tỉnh Lộ 1O, Quốc Lộ 1A,...gần siêu thị, ngân hàng, trường, chợ, bệnh viện,…✅Ở+CTY Sân riêng 4 Tầng có sân thượng trước-sau 3PN khép kín SHR vuông vức pháp lý chuẩn hoàn công đủ sang tên ở ngay chỉ 5.8 tỷ TL / Cho thuê 12tr [cọc 2th].📞0909813198 Uy Tín Hỗ Trợ Giao Dịch & Vay NH - [♥️Nhận KG Mua Bán, Cho Thuê BĐS SG♥️]",5800.0,66.0,"Phường Bình Trị Đông A,Quận Bình Tân,TP. Hồ Chí Minh",tp-ho-chi-minh,Nhà riêng,nha-mat-pho-mat-tien,2025-09-13 20:27:48,16/04/2025 20:27,SALE_HIGH_CONFIDENCE,explicit_sale_title,22
116673,1197552.0,Bán đất 69m² 1.35 tỷ tại Xã Lâm Động Huyện Thuỷ Nguyên. ngõ mining. liên hệ 0362558882,Bán đất 69m² 1.35 tỷ tại Xã Lâm Động Huyện Thuỷ Nguyên. ngõ mining. liên hệ 0362558882lô đất ngay đường 203,1350.0,69.0,"Phường Thiên Hương,Hải Phòng(Mới)",hai-phong,Đất,dat-tho-cu,2025-09-13 13:07:34,13/09/2025 03:07,SALE_HIGH_CONFIDENCE,explicit_sale_title,23
2384,1353314.0,"Bán đất 210,2m² ngang 5m giá 740 triệu Xã Nghĩa Thành",Phân lô bán lẻ,740.0,210.0,"Xã Nghĩa Thành,TP. Hồ Chí Minh(Mới)",ba-ria-vung-tau,Đất,dat-tho-cu,2025-09-13 18:01:50,13/09/2025 03:01,SALE_HIGH_CONFIDENCE,explicit_sale_title,24
64044,1183329.0,"Bán đất 1200m² sổ hồng, giá 480 triệu tại Xã Minh Hưng Thị xã Chơn Thành","Cần bán nhanh 1200m2 đất có sổ hồng sẵngiá bán 480 triệubao sang tên sổ, thuêsliên hệ xem sổ 0938.335.378 C Thuỷ",480.0,1200.0,"Phường Minh Hưng,Đồng Nai(Mới)",dong-nai,Đất,dat-tho-cu,2025-09-14 00:30:10,24/08/2025 00:30,SALE_HIGH_CONFIDENCE,explicit_sale_title,25
181443,1344228.0,"Bán nhà mặt tiền cống quỳnh trần hưng đạo q1, dt 4x14m 6 tầng nhà đẹp có thang máy giá 28ỷ","Cần bán nhà mặt tiền Cống Quỳnh ngay đoạn Trần Hưng Đạo Quận 1.- DT: 4x14m vuông đẹp.- Kết cấu: Trệt, 5 lầu nhà đẹp, có thang máy.- Trước cho thuê làm nha khoa 60tr/tháng.- Nay cần tiền nên bán giá 28ty có bớt.- Đoạn ngay gần chợ Bến Thành, tuyến Metro số 1, có vỉa hè hơn 3m để xe.- Vị trí đẹp ngay các dự án lớn của thành phố.- Sổ hồng chính chủ để tại nhà mua bán nhanh.LH:  - Xuân Cúc.Cam kết thông tin chính xác 100%.Xem thêm",28000.0,56.0,"Đường Cống Quỳnh,Phường Nguyễn Cư Trinh,Quận 1,TP. Hồ Chí Minh",tp-ho-chi-minh,Nhà riêng,nha-mat-pho-mat-tien,2025-09-13 19:33:30,14/08/2025 19:33,SALE_HIGH_CONFIDENCE,explicit_sale_title,26
143718,1366341.0,"Cần bán 169m2 thổ cư 100% tại khối 3 thị trấn cần giuộc, đường xe tải, giá 2.35 tỷ, 0984 459 ***","Tôi cần bán lô đất thổ cư 100% đã san lấp nền bằng phẳng, tại khu phố 3, đường Nguyễn An Ninh, gần công viên Nguyễn Thị Bảy, thị trấn Cần Giuộc, huyện Cần Giuộc, Long An.- Diện tích: 169m².- Vị trí: Lô đất nằm trong khu dân cư hiện hữu, an ninh tốt, đường trước nhà 5m đủ cho xe hơi tránh nhau thoải mái, xung quanh đầy đủ tiện tích như trường học, bệnh viện, chợ, nhà hàng, ngân hàng, quán cafe... Cách đường lớn Quốc Lộ 50 chỉ 500m.- Rất phù hợp mua cất nhà ở hoặc đầu tư sinh lợi cao nhờ hạ tầng giao thông hoàn thiện.- Pháp lý: Sổ hồng riêng mua bán công chứng ngay.- Liên hệ xem đất chính chủ anh An: .Cảm ơn quý vị đã xem tin!Xem thêm",235000.0,169.0,"Đường Nguyễn An Ninh - Thị Trấn Cần Giuộc,Thị trấn Cần Giuộc,Huyện Cần Giuộc,Long An",long-an,Đất,dat-tho-cu,2025-09-13 23:36:21,14/08/2025 23:36,SALE_HIGH_CONFIDENCE,explicit_sale_title,27
116544,1233276.0,Bán gấp Shophouse giá rẻ cạnh TT Hành Chính mới Thủy Nguyên Hải Phòng,"ĐÓN SÓNG SÁP NHẬP – ĐẦU TƯ ĐÚNG THỜI ĐIỂM, CHẮC THẮNG TƯƠNG LAI!BỨT PHÁ ĐẦU TƯ CÙNG THE INTER 5187 Tôn Đức Thắng – Biểu tượng mới phía Tây Hải Phòng.VỊ TRÍ VÀNG PHONG THUỶ – TÂM ĐIỂM PHỒN VINHGiao lộ ngã 5 chiến lượcBao quanh bởi nhiều dòng sông – hội tụ Sinh Khí, Tài LộcChỉ trong bán kính 5km:▸ Trung tâm hành chính mới▸ Bệnh viện Việt Tiệp – Bệnh viện Sản Nhi▸ TTTM Vincom, trường học, tiện ích đầy đủSẢN PHẨM GIỚI HẠN – CƠ HỘI SỞ HỮU KHÔNG THỂ BỎ LỠShop House Liền kề 5 tầng – chỉ 76 căn, tiềm năng kinh doanh – cho thuê cực caoChung cư 24 tầng – 240 căn hiện đại, tiện nghi, môi trường sống lý tưởngPháp lý rõ ràng – Sở hữu lâu dài đất ở đô thịĐủ điều kiện kinh doanh – Phù hợp đầu tư lẫn an cưG",11000.0,90.0,"Đường Tôn Đức Thắng - Khu Vực 1 - Xã An Đồng,Xã An Đồng,Huyện An Dương,Hải Phòng",hai-phong,Nhà riêng,nha-mat-pho-mat-tien,2025-09-13 13:07:10,16/05/2025 13:07,SALE_HIGH_CONFIDENCE,explicit_sale_title,28
62015,1314311.0,Bán đất 142.4m² giá 880 triệu tại Xã Gia Kiệm Huyện Thống Nhất,"Kế bên hông trường Nguyễn Du đang xây dựng , ngay cổng trường tiện định cư , kinh doanh buôn bán , cần liên hệ mình full thổ cư",880.0,142.4,"Xã Gia Kiệm,Đồng Nai(Mới)",dong-nai,Đất,dat-tho-cu,2025-09-14 00:22:11,15/08/2025 00:22,SALE_HIGH_CONFIDENCE,explicit_sale_title,29
87494,1219975.0,"Bán nhà Xã Đàn (Đống Đa) 74m, 3 tầng, mt 4.6m, giá 16.5 tỷ","Bán nhà Xã Đàn (Đống Đa) 74m, 3 tầng, mt 4.6m, giá 16.5 tỷTRUNG TÂM ĐỐNG ĐA - NGÕ THÔNG TỨ TUNG - 2 THOÁNG - DIỆN TÍCH RỘNG - GẦN TRƯỜNG GẦN CHỢ .,+ Thông các ngả Xã Đàn, cách mặt phố vài bước chân, trung tâm của các Trung tâm.+ Thiết kế: 3 tầng+ Tầng 1: Sân, PK, bếp, WC. Phía sau khe thoáng 50cm. cầu thang giữa+ Tầng 2: 02 PN, WC.+Tầng 3: 01 Phòng thờ (nếu thiếu làm phòng ngủ), sân phơi, WC.+ Sổ nở hậu sẵn sàng giao dịch",16500.0,74.0,"Đường Xã Đàn,Phường Phương Liên,Quận Đống Đa,Hà Nội",ha-noi,Nhà riêng,nha-mat-pho-mat-tien,2025-09-12 22:42:55,15/05/2025 22:42,SALE_HIGH_CONFIDENCE,explicit_sale_title,30
142266,1427468.0,"Chính chủ đang cần bán gấp đất 2 mặt tiền, sổ hồng riêng, pháp lý đầy đủ","Chính chủ đang cần bán gấp đất 2 mặt tiền, sổ hồng riêng, pháp lý đầy đủ.Diện tích: 228m².Mặt tiền đường Nguyễn Thị Kiều, rộng 5m, ô tô vào tận đất. Khu đông dân cư.- Xung quanh đầy đủ tiện ích: Gần chợ, trường học, Khu dân cư hiện hữu, an ninh đảm bảo.- Đất đẹp, vuông vắn.- Vị trí đắc địa, giao thông đi lại thuận tiện các hướng.+ Cách đường 835 chỉ 1 km.+ Cách thị trấn Cần Giuộc 5km.+ Cách Nguyễn Văn Linh 17m.- Giấy tờ pháp lý đầy đủ, sẵn vào sử dụng.- Giá bán: 1.85tỷ.- Liên hệ: .Xem thêm",1850.0,228.0,"Đường Nguyễn Thị Kiều - Xã Phước Lâm,Thị trấn Cần Giuộc,Huyện Cần Giuộc,Long An",long-an,Đất,dat-tho-cu,2025-09-13 23:31:28,09/09/2025 23:31,SALE_HIGH_CONFIDENCE,explicit_sale_title,31
41403,1508055.0,"Bán Gấp đất Tại Sơn Thủy đông 1, Pháp Lý đầy đủ Gần Biển Chính Chủ","Đất nền dự án tọa lạc tại Sơn Thủy Đông 1, p Hòa Hải, Ngũ Hành Sơn, Đà Nẵng với các điểm nổi bật sau:- Diện tích 90m2, giá bán 6,1 tỷ VND.- Pháp lý đầy đủ, sổ đỏ. Ngang 4,5x20- Ngõ vào rộng 5.5m, thuận tiện cho xe hơi ra vào.- Mặt tiền 5m, lý tưởng cho việc kinh doanh.- Phong thủy tốt, hướng Bắc.Gần các tiện ích như:- Gần bệnh viện mắt Sài Gòn Sông Hàn, bệnh viện phụ sản - nhi Đà Nẵng, bệnh viện đa khoa Ngũ Hành Sơn.- Gần siêu thị mẹ bầu & em bé Con Cưng.Liên hệ để biết thêm chi tiết Hoàng Vi qua số điện thoại chính chủĐặc điểm nổi bậtDiện tích :90m2Mặt tiền :5mGiá :6,1 tỷĐường vào :5.5m",6100.0,90.0,"Đường Sơn Thủy Đông 1,Phường Hoà Hải,Quận Ngũ Hành Sơn,Đà Nẵng",da-nang,Đất,dat-tho-cu,2025-09-13 13:54:28,13/09/2025 10:54,SALE_HIGH_CONFIDENCE,explicit_sale_title,32
37278,1372723.0,"👉6,5 tỷ - BÁN NHÀ 3 TẦNG GÓC 2 MẶT TIỀN ĐƯỜNG SỐ 5 & ĐƯỜNG SỐ 48, KDC 586, P. HƯNG PHÚ","👉6,5 tỷ - NHÀ CĂN GÓC KHU 586———————————————————CG:BÁN NHÀ 3 TẦNG GÓC 2 MẶT TIỀN ĐƯỜNG SỐ 5 & ĐƯỜNG SỐ 48, KDC 586, P. HƯNG PHÚ, CẦN THƠ💰Giá bán: 6,5 tỷ (thương lượng mạnh)👉Nhà đang cho doanh nghiệp thuê, có thể gia hạn hợp đồng.📐Diện tích : 5m x 20m = 96.6m2 (DTSD: 250m2)🚪Kết cấu: 1 trệt, 2 lầu kiên cố, Mái ngói, 3 phòng khách, 5 phòng ngủ, 1 phòng bếp, 1 phòng ăn, 6 toliet. Mỗi phòng đều có cửa sổ ban công riêng.🧭Hướng: Đông Bắc & Đông Nam🚗Đường: 7,5m, lề mỗi bên 5m.🗺️Vị trí: Gần siêu thị Go, Trường học; Chợ Phú Thứ; Bệnh viện Hoàn Mỹ; Showroom Honda Cần Thơ, Toyota Cần Thơ; Khu Quảng Trường 586; chợ 586; UBND phường Phú Thứ, Công an phường Phú Thứ (cũ).📞Call: 0939.0.2468.0 Hương Trần",6500.0,250.0,"Đường số 5,Phường Hưng Phú,Cần Thơ(Mới)",can-tho,Nhà riêng,nha-mat-pho-mat-tien,2025-09-14 00:04:24,15/08/2025 00:04,SALE_HIGH_CONFIDENCE,explicit_sale_title,33
160594,1214492.0,Bán lô đất mặt tiền đường Quảng Tế giá cực mềm- bao giá thị trường,"Bán lô đất mặt tiền đường Quảng Tế giá cực mềm- bao giá thị trườngDiện tích 150m2Đường rộng rãi, khu vực không bao giờ ngập lụtCách đường Trần Thái Tông 50m, cách Đồng Khởi 150mGiá 20tr/m2Liên hệ : 0914402189 để xem đất",3000.0,150.0,"Đường Quảng Tế,Phường Thuỷ Xuân,Thành phố Huế,Thừa Thiên Huế",thua-thien-hue,Đất,dat-tho-cu,2025-09-13 13:42:48,16/04/2025 13:42,SALE_HIGH_CONFIDENCE,explicit_sale_title,34
38610,1415199.0,"Bán nhà 5 Tầng đường 10m5 Nguyễn Đình Tựu, Thanh Khê, Đà Nẵng","Bán toà căn hộ Nguyễn Đình Tựu, Đường 10m5Kết cấu 4 Tầng + 1 HầmDT đất : 100m2 ( 5x20m ) sàn 471m2Bao gồm 13 Phòng ( đang cho thuê full )Pccc đạt chuẩn.Có dàn năng lượng mặt trờiDianh thu 47tr/tháng cố định.Giá bán 12,8 Tỷ thương lượng nhẹLiên hệ / zalo : 0905 672 687 - TúGiá bán : 12 Tỷ xxx",12800.0,100.0,"Đường Nguyễn Đình Tựu,Phường An Khê,Đà Nẵng(Mới)",da-nang,Nhà riêng,nha-mat-pho-mat-tien,2025-09-13 13:43:34,13/09/2025 08:43,SALE_HIGH_CONFIDENCE,explicit_sale_title,35
151974,502771.0,"💥Cắt lỗ💥Bán đất sau Tỉnh Uỷ,Hồng Hà,Hạ Long","💥Cắt lỗ💥Bán đất sau Tỉnh Uỷ,Hồng Hà,Hạ LongDiện tích : 87,2m ngang 5mHướng NamKhu đông dân cư,đa tiện íchGiá bán : 2 tỷ xxxLH/0988845555",2450.0,87.2,"Phường Hạ Long,Quảng Ninh(Mới)",quang-ninh,Đất,dat-tho-cu,2025-09-13 00:39:47,12/09/2025 00:39,SALE_HIGH_CONFIDENCE,explicit_sale_title,36
145550,1493787.0,Bán đất góc 2mt đường lớn nhất ở khu công nghiệp tân kim cần giuộc long an. dt 75 x 100 m,"Cần bán căn góc 2 MT đường số 2 và đường số 3 Khu công Nghiệp - Tân Kim - Cần Giuộc Long An.Diện tích 75 x 100m, góc 2 mặt tiền, tổng diện tích 7500m².Đã xây dựng 2 nhà xưởng 3 tầng, tổng diện tích 5,500m², 1 nhà văn phòng 649m².Cơ sở hạ tầng khang trang, hoàn thiện vào là kinh doanh ngay, không cần phải xây dựng mới.Pháp lý: Sổ hồng sở hữu riêng, rõ ràng.Giá bán nhanh 119 tỷ, TL cho khách tài chính nhanh.Liên hệ Đoàn Dương:  (Zalo/Viber).Đầu tư hiệu quả - phát triển thịnh vượng.Xem thêm",119000.0,7500.0,"Xã Tân Kim,Huyện Cần Giuộc,Long An",long-an,"Kho, nhà xưởng",kho-nha-xuong,2025-09-13 23:42:23,13/09/2025 00:42,SALE_HIGH_CONFIDENCE,explicit_sale_title,37
109436,1370291.0,Bán căn hộ 3pn + 1 penthouse kosmo tây hồ view trọn hồ tây,"Cơ hội sở hữu penthouse Kosmo Tây Hồ - view trọn hồ tây.Diện tích: 181 m².Thiết kế: 3 phòng ngủ + 1, không gian rộng rãi, tiện nghi.View: Tầm nhìn đắt giá, ngắm trọn Hồ Tây, không gian sống đẳng cấp.Nội thất: Full nội thất sang trọng, sẵn sàng cho cuộc sống thượng lưu.Slot ô tô: Đảm bảo tiện ích di chuyển và đỗ xe thoải mái.Giá: 21.5 tỷ (chỉ có một căn duy nhất với giá này).Nhanh tay liên hệ:  (Hoàng Đoàn) - Cơ hội không thể bỏ lỡ!Xem thêm",215000.0,181.0,"Đường Xuân La - Xuân Đỉnh,Phường Xuân Tảo,Quận Bắc Từ Liêm,Hà Nội",ha-noi,Căn hộ chung cư,can-ho-chung-cu,2025-09-13 00:04:29,14/08/2025 00:04,SALE_HIGH_CONFIDENCE,explicit_sale_title,38
16340,1249234.0,Bán đất 24862m² 50 tỷ tại Xã Long Nguyên Huyện Bàu Bàng,,50000.0,24862.0,"Phường Long Nguyên,TP. Hồ Chí Minh(Mới)",binh-duong,Đất,dat-tho-cu,2025-09-13 16:50:32,13/09/2025 03:50,SALE_HIGH_CONFIDENCE,explicit_sale_title,39
198672,1478159.0,Bán đất 951.5m² giá 4.5 tỷ Phường Tân Uyên,,4500.0,951.5,"Phường Tân Uyên,TP. Hồ Chí Minh(Mới)",tp-ho-chi-minh,Đất,dat-tho-cu,2025-09-13 20:43:52,13/09/2025 03:43,SALE_HIGH_CONFIDENCE,explicit_sale_title,40
228808,1361122.0,"Bán căn hộ quận 3 82m2 2pn 2wc . giá 4,4 tỷ ( có sổ) đường nguyễn phúc nguyên","Bán căn hộ Quận 3Đường nguyễn phúc nguyên - Quận 3Diện tích : 82m² - 2pn 2wcFull nội thấtTầng trungGiá 4,4 tỷ ( có sổ)LH :  (ko kết hợp môi giới)Ngoài ra em còn ký gửi môi giới các căn hộ trung tâm TPHCMXem thêm",44000.0,82.0,"Đường Nguyễn Phúc Nguyên,Phường 10,Quận 3,TP. Hồ Chí Minh",tp-ho-chi-minh,Căn hộ chung cư,can-ho-chung-cu,2025-09-13 22:56:12,14/08/2025 22:56,SALE_HIGH_CONFIDENCE,explicit_sale_title,41
50808,1373794.0,Bán đất 153.6m² ngang 5m giá 5 tỷ Phường Tân Lập,"Chủ Gửi bán căn nhà, Phường Tân lập, Mặt tiền kinh doanh, Quốc Lộ : 27Vị trí kinh doanh siêu đẹp – tiện ích đầy đủ – nhà xây dựng kiên cố• Diện tích: 5.5*30 tc 110 m2• Kết cấu: Nhà 2 lầu, gồm 3 phòng ngủ, 2 phòng khách, 1 bếp, sân trước rộng thoáng, 1 nhà tắm, 1 nhà vệ sinh, đã xây bờ rào bê tông, cổng kiên cố.• Pháp lý: Sổ hồng riêng, sang tên ngayTiện ích xung quanh:• Vị trí nằm trên con đường QL: 27, giao thương nhộn nhịp, gần chợ, bách hoá xanh, , sân bay, Trường mầm non, cấp 1 cấp 2..Căn nhà tâm huyết nhưng vì gia đình chuyển qua nước ngoài định cư nên bán lại cho ai có nhu cầu.( Nhà còn mê chờ, mua có thể xây thêm phòng hoặc thiết kế lại, hoa viên thoáng đảng, sân vườn rộng rãi, nhà mớ",5000.0,153.6,"Phường Tân Lập,Đắk Lắk(Mới)",dak-lak,Đất,dat-tho-cu,2025-09-13 15:21:01,13/09/2025 03:21,SALE_HIGH_CONFIDENCE,explicit_sale_title,42
159970,1221154.0,❌ Bán Nhà 2 tầng KQH Hương Sơ - Xe Ô TÔ Tránh nhau vi vu.,"❌ Bán Nhà 2 tầng KQH Hương Sơ - Xe Ô TÔ Tránh nhau vi vu.==============- 84m ngang 6m- Hướng Tây Nam- Đường 26m- Công năng : 3 phòng ngủ, 2 tolet , bếp, phòng khách, phòng thờ, ban công, sân phơi- Giá : 2tỷ 3XX có thương lượng nhẹ-----☎️  Liên hệ SĐT/ZALO: 09.8888.7015 gặp Viết Phú",2350.0,82.0,"Đường Tản Đà,Phường Hương Sơ,Thành phố Huế,Thừa Thiên Huế",thua-thien-hue,Nhà riêng,nha-mat-pho-mat-tien,2025-09-13 13:40:46,16/05/2025 13:40,SALE_HIGH_CONFIDENCE,explicit_sale_title,43
31856,1413381.0,Bán đất 250m² ngang 5m Xã Tân Quan,,260.0,250.0,"Xã Tân Quan,Đồng Nai(Mới)",binh-phuoc,Đất,dat-tho-cu,2025-09-13 16:06:05,30/08/2025 16:06,SALE_HIGH_CONFIDENCE,explicit_sale_title,44
235930,1313070.0,Cần bán 100m TT Kim Long - Tam Dương cạnh trường đại học Trưng Vương giá 1.x (Tin Hết Hạn),Chính chủ cần bán 100m tt Kim Long - Tam DươngNgay sau ký túc xá trường đại học Trưng VươngĐường hiện hữu 4m và đường quy hoạch 19m đang triển khai san lấpHướng Đông BắcNgay gần đường DT 310Giá chỉ 1.5x tỷLiên hệ : 0865566675 Đỗ Thăng,1500.0,100.0,"đường 310,Xã Kim Long,Huyện Tam Dương,Vĩnh Phúc",vinh-phuc,Đất,dat-tho-cu,2025-09-13 12:59:15,15/07/2025 12:59,SALE_HIGH_CONFIDENCE,explicit_sale_title,45
123770,1509204.0,"Bán Nhà 3 Tầng Hà Quang 2 Vị Trí đẹp Giá Tốt, Thích Hợp ở Và đầu Tư Sinh Lời","Bán nhà 3 tầng Hà Quang 2 vị trí đẹp giá tốt.- Diện tích: 80m² ngang 4m giá bán: 6,65 tỷ.- Diện tích: 80m² ngang 4m giá bán: 7 tỷ đường 18m (đường lớn).- Diện tích: 80m² ngang 4m giá bán: 7,8 tỷ đường 18m (đường lớn) nhà đẹp.- Vị trí đẹp, khu dân cư đông.- Phù hợp ở và kinh doanh tốt.- Trung tâm thành phố cơ hội sinh lời cao.- Còn vài căn khác anh chị quan tâm.Liên hệ : Đặc điểm nổi bậtDiện tích :80m2Giá :7 tỷSố tầng :3 tầngPhòng ngủ :3 phòngPhòng tắm :4 phòngĐường vào :13m",7000.0,80.0,"Đường Lê Hồng Phong,Phường Phước Hải,Thành phố Nha Trang,Khánh Hòa",khanh-hoa,Nhà riêng,nha-mat-pho-mat-tien,2025-09-13 14:31:52,13/09/2025 10:31,SALE_HIGH_CONFIDENCE,explicit_sale_title,46
153436,1422079.0,"Bán gấp căn hộ 3pn, 92m2 tại misaki tower, 35 triệu, hạ long, quảng ninh","Misaki Tower, tọa lạc tại Nguyễn Văn Cừ, Hồng Hải, Hạ Long, Quảng Ninh, là một căn hộ chung cư lý tưởng cho những ai đang tìm kiếm không gian sống tiện nghi và hiện đại. Với diện tích 92m², căn hộ này mang đến sự thoải mái và tiện ích cho gia đình.+ Căn hộ 3 phòng ngủ (3PN).+ 2 toilet (2WC).+ Nội thất đầy đủ, tủ lạnh, máy giăt, điều hòa...+ Hướng cửa chính: Nam, hướng ban công: Đông Nam + đón nắng gió tự nhiên, cảm thấy thư thái vào ngày mới.+ Pháp lý; sở hữu lâu dài.+ Căn hộ này không chỉ mang lại không gian sống rộng rãi mà còn nằm trong một khu vực yên tĩnh, thích hợp cho cuộc sống gia đình. Môi trường sống tại Misaki Tower sẽ đem lại sự thoải mái và tiện nghi cho cư dân.+ Dự kiến bàn gia",3220.0,92.0,"Đường Nguyễn Văn Cừ (Khu Phía Đồi) - Mặt Đường Chính - Phường Hồng Hải,Phường Hồng Hải,Thành phố Hạ Long,Quảng Ninh",quang-ninh,Căn hộ chung cư,can-ho-chung-cu,2025-09-13 00:44:07,23/08/2025 00:44,SALE_HIGH_CONFIDENCE,explicit_sale_title,47
77357,1073198.0,Bán nhà 63m² 22 tỷ tại Đốc Ngữ Phường Liễu Giai Quận Ba Đình,,22000.0,63.0,"Phường Ngọc Hà,Hà Nội(Mới)",ha-noi,Nhà riêng,nha-mat-pho-mat-tien,2025-09-12 22:04:23,13/08/2025 22:04,SALE_HIGH_CONFIDENCE,explicit_sale_title,48
28512,1282972.0,CHÍNH CHỦ CẦN BÁN 2 CĂN CHUNG CƯ TẠI BÌNH HÒA - THUẬN AN,"CHÍNH CHỦ CẦN BÁN 2 CĂN CHUNG CƯ TẠI BÌNH HÒA - THUẬN AN- Địa chỉ : KCC Đồng An ,  Bình Hoà, Thuận An, Bình Dương.- Diện tích căn 1 : 131 m2- Diện tích căn 2 : 125 m2- Thiết kế : Nhà tầng trệt, có 1 lầu, 1 gác lửng , 3 PN, 3 WC, Công năng đầy đủ- Phù hợp cho gia đình ở , làm văn phòng hoặc kinh doanh buôn bán ....- Xung quoanh đầy đủ tiện ích .* Giá bán : 2tỷ850 triệu/ 1 cănLIÊN HỆ : 0985328955 ,  0978643333",2850.0,131.0,"Đường Đồng An,Phường Bình Hòa,Thị xã Thuận An,Bình Dương",binh-duong,Căn hộ chung cư,can-ho-chung-cu,2025-09-13 17:38:32,15/06/2025 17:38,SALE_HIGH_CONFIDENCE,explicit_sale_title,49
17023,1372588.0,"Bán đất MT QUỐC LÔ 13:  1344.7m² ngang 10,6m giá 13 tỷ Phường Thới Hòa 0815422197","🚛 BÁN ĐẤT MẶT TIỀN QUỐC LỘ 13 – PHƯỜNG THỚI HOÀ – TP. BẾN CÁT 🚛📍 Vị trí vàng kinh doanh – ngay trục Quốc lộ 13, gần đường vào KCN Mỹ Phước 2👉 Thích hợp mở Showroom, văn phòng, nhà xưởng hoặc bãi xe📐 Diện tích lớn: 11 x 88m = 1.345m²🔺 Nở hậu 20m – thế đất đẹp, cực kỳ tốt cho phong thủy kinh doanh✅ Thổ cư: 160m² – pháp lý rõ ràng, sẵn sàng giao dịch💰 Giá bán chỉ: 13 tỷ – quá tốt cho quỹ đất mặt tiền quốc lộ📞 Liên hệ ngay: 0815 422 197 (Kim Phú BĐS)📌 #datquoclo13 #thoihoa #benCat #bdsbinhduong #kimphubds",13000.0,1344.7,"Phường Thới Hòa,TP. Hồ Chí Minh(Mới)",binh-duong,Đất,dat-tho-cu,2025-09-13 16:53:06,13/09/2025 16:07,SALE_HIGH_CONFIDENCE,explicit_sale_title,50
92840,1386313.0,"Bán đất tại việt hưng chợ diêm gỗ, 5,35 tỷ, 30m2, mặt tiền 4.2m, ngõ 4m, pháp lý đầy đủ","Đất nền ở Việt Hưng chợ Diêm gỗ, Long Biên, Hà Nội với diện tích 30m².Giá chỉ 5,35 tỷ, phù hợp cho các dự án xây dựng hoặc đầu tư.Mặt tiền rộng 4.2m, rất thích hợp cho việc kinh doanh. Oto vào nhà.Ngõ vào rộng 4m, thuận tiện cho xe cộ di chuyển.Pháp lý đầy đủ, sẵn sàng cho giao dịch.Khu vực xung quanh.Winmart + gần đó, công viên Việt Hưng và công viên Long Biên là nơi lý tưởng để thư giãn.Trường mầm non Lá Phong Xanh Ban Mai và trường mầm non Montessori Kinder Paradise phục vụ cho việc học tập của trẻ nhỏ.Bệnh viện Đa Khoa Đức Giang đảm bảo sức khỏe và an toàn cho cư dân.Liên hệ để biết thêm chi tiết: , Hoàng kiên.Xem thêm",5350.0,30.0,"Phường Đức Giang,Quận Long Biên,Hà Nội",ha-noi,Đất,dat-tho-cu,2025-09-12 23:02:48,05/09/2025 23:02,SALE_HIGH_CONFIDENCE,explicit_sale_title,51
122008,1330304.0,Bán đất 1000m² ngang 20m giá 20 tỷ Xã Chí Minh,mảnh đất hình chữ nhật đẹp phân lô mặt đường nhựa 7m,20000.0,1000.0,"Xã Chí Minh,Hưng Yên(Mới)",hung-yen,Đất,dat-tho-cu,2025-09-13 13:21:51,13/09/2025 03:21,SALE_HIGH_CONFIDENCE,explicit_sale_title,52
32166,1410833.0,Bán đất 1135.1m² giá 1.7 tỷ Xã Tân Quan,,1700.0,1135.1,"Xã Tân Quan,Đồng Nai(Mới)",binh-phuoc,Đất,dat-tho-cu,2025-09-13 16:07:09,14/08/2025 16:07,SALE_HIGH_CONFIDENCE,explicit_sale_title,53
94904,1391087.0,Bán đất 61m² ngang 4.09m giá 2.46 tỷ Xã Thư Lâm,Lh e 0358357986,2460.0,61.0,"Xã Thư Lâm,Hà Nội(Mới)",ha-noi,Đất,dat-tho-cu,2025-09-12 23:10:31,13/08/2025 23:10,SALE_HIGH_CONFIDENCE,explicit_sale_title,54
40892,1219017.0,"🔴💥Bán nhà C4 mặt tiền 7,5m đường Trịnh Khắc Lập - thông biển","Bán nhà C4 mặt tiền 7,5m đường Trịnh Khắc Lập - thông biển- Liên Chiểu, TP Đà Nẵng- Diện tích: 90m2 (4,5x20m)- Đường 7m5 vỉa hè 3m- Vị trí lô đất: Gần Tòa Tháp đôi 34 tầng Shizen Nami 600m, Resort Mikazuki Nhật Bản 800m., tiện ích xung quanh đầy đủ, gần biểnGiá: 3,65 tỷ",3650.0,90.0,"Đường Trịnh Khắc Lập,Phường Hòa Hiệp Nam,Quận Liên Chiểu,Đà Nẵng",da-nang,Nhà riêng,nha-mat-pho-mat-tien,2025-09-13 13:52:31,16/04/2025 13:52,SALE_HIGH_CONFIDENCE,explicit_sale_title,55
160704,1380950.0,"Bán đất tặng nhà cấp 4 mặt tiền nguyễn tất thành (ngang 8m), gần chợ dạ lê huế","* Nhà Cấp 4 mặt tiền đường Nguyễn Tất Thành, đối diện chợ Dạ Lê 100m và UBND Phường Thuỷ Phương, về trung tâm TM Aeon Mall Huế 7phút, sân bay quốc tế Phú Bài 10 phút.+ Đường thoáng rộng 36m thuận tiện đỗ xe Oto, kinh doanh cho thuê siêu thị điện máy, gara oto, xưởng vật liệu xây dựng,----------------------------* Bán đất tặng nhà tiền chế - ngang 8m:+ Diện tích: 212m² (ngang 8x26,5m); Cho thuê 15triệu/tháng mở siêu thị.+ Hướng: Đông Bắc.* Giá bán: 7tỷ7 (sổ đỏ chính chủ - ngân hàng hỗ trợ vay 70%).----------------------------* Liên hệ: Minh Thành.Cảm ơn quý khách đã xem tin!Xem thêm",7700.0,212.0,"Đường Các Đường Kiệt Còn Lại Của Đường Nguyễn Tất Thành - Phường Thủy Châu,Phường Thủy Phương,Thị xã Hương Thủy,Thừa Thiên Huế",thua-thien-hue,"Kho, nhà xưởng",kho-nha-xuong,2025-09-13 13:43:11,14/08/2025 13:43,SALE_HIGH_CONFIDENCE,explicit_sale_title,56
116607,773012.0,"Bán đất huyện Thủy Nguyên, xã Hoa Động, mặt đường thôn, 93m2 , giá 2,5x tỷ","Bán đất huyện Thủy Nguyên, xã Hoa Động, mặt đường thôn, 93m2 , giá 2,5x tỷmặt tiền 4mđường 7mgần bến tàu Bạch Long VỹLiên hệ.0362558882",2550.0,93.0,"Phường Thiên Hương,Hải Phòng(Mới)",hai-phong,Đất,dat-tho-cu,2025-09-13 13:07:24,13/09/2025 03:07,SALE_HIGH_CONFIDENCE,explicit_sale_title,57
196407,1275600.0,Bán đất 135m² giá 2.49 tỷ tại Phường Tương Bình Hiệp Thành phố Thủ Dầu Một,,2490.0,135.0,"Phường Chánh Hiệp,TP. Hồ Chí Minh(Mới)",tp-ho-chi-minh,Đất,dat-tho-cu,2025-09-13 20:34:53,13/09/2025 18:34,SALE_HIGH_CONFIDENCE,explicit_sale_title,58
154535,1439922.0,Bán đất kênh Bưng Cốc 291.7m² ngang 10m giá 790 triệu Phường Mỹ Xuyên,Gần Cty Khánh SủngNgang 10m dài 29m.View Sông Bưng CốcChỉ 790tr☎Call: #Lắm #0946261719 -CCMG: CT-0901 SỞ XD TP. CẦN THƠ☘️ #Kiều #0768808088 CCMG:CT-0896 SỞ XD TP. CẦN THƠ,790.0,291.7,"Phường Mỹ Xuyên,Cần Thơ(Mới)",soc-trang,Đất,dat-tho-cu,2025-09-12 21:34:41,11/09/2025 21:34,SALE_HIGH_CONFIDENCE,explicit_sale_title,59
64979,1263749.0,Bán đất 1468.5m² 1.35 tỷ tại Xã La Ngà Huyện Định Quán,LH 0901803151,1350.0,1468.5,"Xã La Ngà,Đồng Nai(Mới)",dong-nai,Đất,dat-tho-cu,2025-09-14 00:33:56,15/08/2025 00:33,SALE_HIGH_CONFIDENCE,explicit_sale_title,60
156400,1410914.0,"Bán đất 1458.9m² ngang 27,2m giá 220 triệu Xã Tân Hội","Dân cư đông, đất vuông vức",220.0,1458.9,"Đường 785,Xã Tân Hội,Tây Ninh(Mới)",tay-ninh,Đất,dat-tho-cu,2025-09-13 16:19:49,14/08/2025 16:19,SALE_HIGH_CONFIDENCE,explicit_sale_title,61
150302,1305308.0,"Bán đất tại trần thủ độ, điện nam đông, điện bàn, quảng nam, 15,5 triệu / m2, 115 m2","Đất nền tại Trần Thủ Độ, Phường Điện Nam Đông, Điện Bàn, Quảng Nam với diện tích 115m².Giá bán chỉ 15,5 triệu / m².Ngõ vào rộng 16,5m, thuận tiện cho xe hơi ra vào.Mặt tiền 6m, phù hợp cho kinh doanh hoặc xây dựng nhà ở.Pháp lý đầy đủ, đảm bảo an toàn cho giao dịch.Liên hệ ngay để được tư vấn miễn phí! Gọi  gặp Phạm Văn Hiếu.Xem thêm",178000.0,115.0,"Đường Trần Thủ Độ (Đường Đt 607A) - Phường Điện Nam Bắc,Phường Điện Nam Đông,Thị xã Điện Bàn,Quảng Nam",quang-nam,Đất,dat-tho-cu,2025-09-13 14:26:13,15/07/2025 14:26,SALE_HIGH_CONFIDENCE,explicit_sale_title,62
85116,1253323.0,"Bán nhà lô góc 4 tầng 3 mặt ngõ phố Thái Hà, Đống Đa chỉ 8.5 tỷ","Bán nhà lô góc 4 tầng 3 mặt ngõ dân xây phố Thái Hà, Đống Đa, mặt tiền 5.4m chỉ 8.5 tỷ- Vị trí đẹp, ngõ 3 gác thông thoáng, vài phút đi bộ ra ngã Tư Chùa Bộc - Thái Hà - Tây Sơn.- Nhà lô góc 3 mặt ngõ, thiết kế 4 tầng, diện tích sổ 26m2, từ tầng 2 đua ra là 33m2.- Sổ đỏ chính chủ, pháp lý chuẩn, sẵn sàng giao dịch.",8500.0,26.0,"Đường Thái Hà,Phường Trung Liệt,Quận Đống Đa,Hà Nội",ha-noi,Nhà riêng,nha-mat-pho-mat-tien,2025-09-12 22:33:45,14/06/2025 22:33,SALE_HIGH_CONFIDENCE,explicit_sale_title,63
110544,1325628.0,"Hiếm !! Bán căn hộ tòa A2 - 54 Hạ Đình, Lô góc thoáng mát - 105m² × 3 ngủ - Nhỉnh 6 tỷ.","- Vị trí siêu đẹp, Tòa A2 - 54 Hạ Đình nằm giữa khuôn viên của những căn Biệt Thự, nhà Liền kề sang trọng, hưởng trọn tiện ích KĐT, không khí trong lành thoáng mát.- Diện tích: 105m² × 3 ngủ + 2 wc, nhà lô góc nên các phòng đều có cửa sổ đón ánh sáng và tài lộc, chủ ở căn này làm ăn rất phát, nay bán mua nhà to hơn.- Khu vực dân trí cao, an ninh tốt, tiện ích bạt ngàn, gần trường học các cấp 1.2 Hạ Đình, Hồ Hạ Đình, Chợ, bãi gửi xe, cách Nguyễn Trãi - Khuất Duy Tiến chỉ 100m.- Giao thông thuận tiện, dễ dàng di chuyển sang Khương Đình, Vũ Tông Phan, Kim Giang, Nguyễn Trãi, Khuất Duy Tiến...- Sổ đỏ chính chủ - Sẵn sàng giao dịch.- Giá: 6.3 tỷ ( thương lượng )- Liên hệ em Trung để được tư vấn, ",6300.0,105.0,"đường Phố Hạ Đình,Phường Thanh Xuân Trung,Quận Thanh Xuân,Hà Nội",ha-noi,Căn hộ chung cư,can-ho-chung-cu,2025-09-13 00:08:30,15/07/2025 00:08,SALE_HIGH_CONFIDENCE,explicit_sale_title,64
29323,1301739.0,Bán nhà xưởng đẹp giá 12 tỷ kdc việt sing thuận an bình dương,"Cần bán nhà xưởng đẹp.Tại KDC Việt Sing phường An Phú thành phố Thuận An Bình Dương giá 12 tỷ TL.Địa chỉ: Khu dân cư Việt Sing, phường An Phú, TP. Thuận An, tỉnh Bình Dương.Diện tích: 290m² (ngang 10m, dài 29m).Vị trí: Mặt tiền đường Lê Hồng Phong, gần các tuyến giao thông chính và khu công nghiệp VSIP 1.Pháp lý rõ ràng Sổ hồng riêng Công chứng ngay.Khu dân cư đông đúc, dân trí cao, an ninh tốt.Gần chợ, trường học, bệnh viện, siêu thị AEON, Lotte Mart, giao thông thuận tiện.Giá bán 12 tỷ TL.Xem thêm",12000.0,290.0,"Đường Lê Hồng Phong,Phường An Phú,Thị xã Thuận An,Bình Dương",binh-duong,"Kho, nhà xưởng",kho-nha-xuong,2025-09-13 17:41:16,15/07/2025 17:41,SALE_HIGH_CONFIDENCE,explicit_sale_title,65
68303,1391106.0,Bán đất 3500m² ngang 45m x dài 70m ( có 750m thổ cư) giá 29 tỷ Phường Mỹ Trà,"đầu thành phố cao lãnh ( cũ) , khu cảnh quan cửa ngõ vào thành phố cao lãnh, thuộc vòng xoay đường tránh quốc lộ 30, đất đã san lấp, cảnh quan, wiew đẹp. thuận lợi làm kho bãi, bến xe , trạm sạc điện,  bệnh viện tư nhân,",29000.0,3500.0,"Phường Mỹ Trà,Đồng Tháp(Mới)",dong-thap,Đất,dat-tho-cu,2025-09-13 23:53:22,13/09/2025 03:53,SALE_HIGH_CONFIDENCE,explicit_sale_title,66
227874,1357443.0,"Bán nhanh căn 85m2 2pn 2wc giá siêu tốt, gần aeon mall bình tân, đường huỳnh bá chánh","Căn hộ 85m² - 2PN 2WC - view công viên & 3 mặt sông.Diện tích: 85m², thiết kế rộng rãi, thoáng đãng.Bố trí: 2 phòng ngủ, 2 phòng vệ sinh, ban công và logia mát mẻ.View: Hướng công viên cây xanh, 3 mặt sông thoáng đãng.Căn hộ đã hoàn tất các hồ sơ, đang trong giai đoạn đợi nhận sổ, KH vô cùng an tâm sở hữu.Vị trí đắc địa, tiện di chuyển:Kết nối nhanh chóng các quận trung tâm chỉ từ 10 - 15 phút qua ĐL Võ Văn Kiệt, QL1A, Kinh Dương Vương, Nguyễn Văn Linh...Tiện ích đầy đủ:- Ngay gần trường học, chợ, bệnh viện, hàng quán.- Khu dân cư hiện hữu, đông đúc, an ninh.Điểm nổi bật:- Không gian sống rộng rãi, gần gũi thiên nhiên.- Môi trường sống trong lành, thoáng mát nhờ 3 mặt sông.- Tiện nghi cuộc s",244000.0,85.0,"Đường Võ Văn Kiệt,Xã Tân Kiên,Huyện Bình Chánh,TP. Hồ Chí Minh",tp-ho-chi-minh,Căn hộ chung cư,can-ho-chung-cu,2025-09-13 22:51:58,14/08/2025 22:51,SALE_HIGH_CONFIDENCE,explicit_sale_title,67
99758,1317055.0,"Bán đất Hoàng Tăng Bí, Thụy Phương, 60m², mt 5.2m, 2 mặt ngõ ô tô, 20m ra phố, 7.8 tỷ","Bán đất Hoàng Tăng Bí, Thụy Phương, 60m²,  mt 5.2m, 2 mặt ngõ  ô tô,  20m ra phố, 7.8 tỷ– Diện tích 60m², mặt tiền 5.2m vuông vắn– 2 mặt ngõ ô tô tránh, cực hiếm– Cách mặt phố chỉ 20m, ngõ rộng, thông thoáng– Khu vực đang phát triển mạnh, thích hợp xây ở, xây căn hộ đầu tư– Gần Phạm Văn Đồng, An Dương Vương, cầu Nhật Tân, cầu Thăng Long ra sân bay nhanh– Bán kính 1.5km là các trường Học viện Tài chính, Học Viện Cảnh Sát, Đại Học Mỏ, y tế Cộng Đồng.💰 Giá: 7.8 tỷ, có thương lượng- Sổ đỏ chính chủ, sẵn sàng giao dịch.- ☎️ Zalo Tuyết Sương:",7800.0,60.0,"Phường Đức Thắng,Quận Bắc Từ Liêm,Hà Nội",ha-noi,Đất,dat-tho-cu,2025-09-12 23:29:15,14/07/2025 23:29,SALE_HIGH_CONFIDENCE,explicit_sale_title,68
65190,1239980.0,Bán đất 1000m² 450 triệu tại Xã Xuân Trường Huyện Xuân Lộc,Bán 1 sào Xuân Trường Xuân Lộc Đồng Nai. Giá chỉ : 450tr. Lh : 0971335591,450.0,1000.0,"Xã Xuân Lộc,Đồng Nai(Mới)",dong-nai,Đất,dat-tho-cu,2025-09-14 00:34:48,15/08/2025 00:34,SALE_HIGH_CONFIDENCE,explicit_sale_title,69
199484,1394366.0,Bán đất 3001m² ngang 45m giá 4.5 tỷ Xã Bình Châu,,4500.0,3001.0,"Xã Bình Châu,TP. Hồ Chí Minh(Mới)",tp-ho-chi-minh,Đất,dat-tho-cu,2025-09-13 20:47:17,13/09/2025 03:47,SALE_HIGH_CONFIDENCE,explicit_sale_title,70
160395,1266361.0,Bán Nhanh Lô Đất Nằm Cạnh Khu resort Vedana Huế,"CẦN BÁN LÔ ĐẤT CÓ VỊ TRÍ ĐẮC ĐỊA , NẰM NGAY CẠNH KHU RESORT VEDANA HUẾ- Đất chính chủ, có tiếp Mg- Với nhiều tiện ích và không gian thiên nhiên tuyệt vời.- Đây là cơ hội tuyệt vời để đầu tư kinh doanh du lịch hoặc xây dựng biệt thự nghỉ dưỡng, homestay.Đặc điểm và tiện ích:- Diện tích: 481,2m2- Vị trí: Cạnh khu resort Vedana Huế, nằm trong khu vực phát triển du lịch sinh thái.Tiện ích:- Gần các khu du lịch nổi tiếng, dễ dàng tiếp cận các điểm tham quan như Laguna Lăng Cô-Huế; Vườn Quốc Gia Bạch Mã; Đà Nẵng- Hội An- Cảnh quan thiên nhiên đẹp, không khí trong lành, lý tưởng cho du lịch trải nghiệm.- Có sẵn nhà cấp 4, điện nước đã lắp đặt sẵn.- Phù hợp với: Đầu tư xây dựng khu nghỉ dưỡng, homes",6730.0,481.0,"Thị trấn Phú Lộc,Huyện Phú Lộc,Thừa Thiên Huế",thua-thien-hue,Đất,dat-tho-cu,2025-09-13 13:42:09,15/06/2025 13:42,SALE_HIGH_CONFIDENCE,explicit_sale_title,71
111908,1297189.0,"Chính chủ bán căn 3 ngủ tại the golden palm tòa b, 124m2, ban công đông bắc, ntcb, sổ đỏ.","Tôi chủ căn hộ tại The Golden Palm Lê Văn Lương tòa B, do gia đình chuyển đổi nơi ở nên không có nhu cầu sử dụng căn hộ.- Diện tích thông thủy 124m², thiết kế 3 ngủ, 2 vệ sinh.- Nội thất để cơ bản liền tường.- Hướng cửa Đông Nam, ban công Đông Bắc.- Giá bán: 10 tỷ.- Liên hệ xem nhà. . (Mr. Khánh).Xem thêm",102000.0,124.0,"Đường Lê Văn Lương,Phường Nhân Chính,Quận Thanh Xuân,Hà Nội",ha-noi,Căn hộ chung cư,can-ho-chung-cu,2025-09-13 00:13:22,15/07/2025 00:13,SALE_HIGH_CONFIDENCE,explicit_sale_title,72
89451,1414298.0,Bán đất 50m² ngang 3.5m giá 2.75 tỷ Xã Quang Minh,Lh e 0358357986,2750.0,50.0,"Xã Quang Minh,Hà Nội(Mới)",ha-noi,Đất,dat-tho-cu,2025-09-12 22:50:29,11/09/2025 22:50,SALE_HIGH_CONFIDENCE,explicit_sale_title,73
137058,1393276.0,Mở bán đất nền giai đoạn 1 công ty uy tín nhất bảo lâm giá 500tr gốc chủ đầu tư alo em ngay,"Đất nền tại Lộc Đức, Bảo Lâm, Lâm Đồng đang chờ chủ mới.+ Sổ đỏ full thổ cư, công chứng ngay.+ 100m², giá từ 4,8 triệu/m².+ Gần UBND Lộc Đức, đón đầu tuyến cao tốc Tân Phú - Bảo Lộc; Bảo Lộc - Liên Khương.+ Pháp lý đầy đủ, sổ đỏ sẵn sàng.+ Mặt tiền rộng 8m, ngõ trước 10m, cực thoáng.+ View thung lũng săn mây, có thể kinh doanh homestay, đầu tư lâu dài.+ Hướng chính Đông, phong thủy tốt, thu hút tài lộc.+ Cơ sở hạ tầng hoàn thiện, có thể xây dựng liền.+ Có nguồn thu cố định hàng tháng từ 6 - 18 triệu/ tháng.+ Khu vực yên tĩnh, thích hợp cho cuộc sống nhẹ nhàng, gần gũi với thiên nhiên.Alo em ngay.Xem thêm",500.0,100.0,"Xã Lộc Đức,Huyện Bảo Lâm,Lâm Đồng",lam-dong,Đất,dat-tho-cu,2025-09-13 15:53:00,14/08/2025 15:53,SALE_HIGH_CONFIDENCE,explicit_sale_title,74
20780,1345675.0,Bán đất 150m² ngang 5m giá 2.75 tỷ Phường Bình Dương,"🔥 Nguồn Đẹp và Hiếm Nha AE 🔥________\\\__TĐC Hoà Lợi B☘️ Mặt tiền đường D6A phường Bình Dương, TP Hồ Chí Minh☘️ Vị trí trung tâm, sát ĐHQT MIỀN ĐÔNG, cách TOÀ NHÀ HÀNH CHÍNH CHỈ 1km...☘️ DT: 5x30 full thổ cư, không hố cống, hướng Đông☘️ Giá chỉ : 2ty7** ( có bớt làm việc ngay )☎️☎️☎️LH: 0988893838 gặp Nhật giáp chủ 100%#batdongsanso1binhduong",2750.0,150.0,"Phường Bình Dương,TP. Hồ Chí Minh(Mới)",binh-duong,Đất,dat-tho-cu,2025-09-13 17:07:50,23/08/2025 17:07,SALE_HIGH_CONFIDENCE,explicit_sale_title,75
93339,1455206.0,"Bán đất tại tt đại nghĩa mỹ đức hà nội, giá ưu đãi từ 900tr, diện tích 50 60m2, mặt tiền 4 6m","Đất nền tại TT Đại Nghĩa Mỹ Đức Hà Nội có vị trí thuận lợi, diện tích 50 - 60m², phù hợp cho nhiều mục đích sử dụng.Gần bệnh viện đa khoa, gần khu sinh thái Đầm Long, du lịch Quang Sơn khu dân cư hiện hữu, thuận tiện sinh sống hoặc đầu tư lâu dài.Hạ tầng hoàn thiện, ô tô vào tận cửa.- Pháp lý đầy đủ, sổ đỏ/ sổ hồng.- Mặt tiền 5m, lý tưởng cho việc kinh doanh.- Ngõ vào rộng, dễ dàng cho xe ô tô qua lại.Liên hệ ngay để biết thêm thông tin chi tiết em Quỳnh: .Xem thêm",900.0,60.0,"Đường Tỉnh lộ 419,Thị trấn Đại Nghĩa,Huyện Mỹ Đức,Hà Nội",ha-noi,Đất,dat-tho-cu,2025-09-12 23:04:37,05/09/2025 23:04,SALE_HIGH_CONFIDENCE,explicit_sale_title,76
12228,1354473.0,"Chính chủ bán biệt thự valley of dream, nhận nhà vào ở ngay, 5 phòng ngủ, 275m2","Biệt thự đẳng cấp tại EcoLakes Mỹ Phước.Giá: 5.1 tỷ.DT: 10*25m, 275m².Thiết kế hiện đại, không gian xanh mát.Khu dân cư cao cấp, an ninh đảm bảo.Tiện ích đầy đủ: Hồ bơi, công viên, khu thể thao.Liên hệ ngay:   để chốt căn giá tốt! Chỉ duy nhất 1 căn!Xem thêm",51000.0,275.0,"Đường NE2,Phường Thới Hòa,Thị xã Bến Cát,Bình Dương",binh-duong,Nhà riêng,nha-mat-pho-mat-tien,2025-09-13 16:33:59,14/08/2025 16:33,SALE_HIGH_CONFIDENCE,explicit_sale_title,77
133837,1155689.0,Bán đất 770.3m² 1.1 tỷ tại Xã Hàm Hiệp Huyện Hàm Thuận Bắc,,1100.0,770.3,"Phường Bình Thuận,Lâm Đồng(Mới)",lam-dong,Đất,dat-tho-cu,2025-09-13 15:41:42,13/09/2025 03:41,SALE_HIGH_CONFIDENCE,explicit_sale_title,78
170318,1479667.0,"Bán gấp nhà mt lê quang định, gò vấp. dt 9x25m, nh 18m, dtcn 312m2 , ctxd hầm 8 tầng, giá 60 tỷ","Chủ nhà định cư nước ngoài hạ giá bán gấp  nhà mặt tiền Lê Quang Định,  Quận Gò Vấp.Diện Tích: 9x25m, nở hậu 18m, công nhận 312m2Kết cấu : cấp 4 tiện xây dựng mới.CTXD hầm 8 tầngVị trí đẹp,  Gần nút giao thông Phạm Văn Đồng, cửa ngõ vào sân bay  Tân Sơn Nhất. Giao thông thuận tiện đi đến Quận 1-2-3- Phú Nhuận,... Khu dân cư sầm uất. Xung quanh có nhiều tòa nhà văn phòng. Là tài sản đáng mua để giữ tiền.Pháp lý: Sổ hồng chính chủ.Giá bán: 60 tỷ còn thương lượngKhách hàng có nhu cầu xem và mua nhà liên hệ Quốc Nhật .Xem thêm",60000.0,312.0,"Đường Lê Quang Định,Phường 15,Quận Gò Vấp,TP. Hồ Chí Minh",tp-ho-chi-minh,Nhà riêng,nha-mat-pho-mat-tien,2025-09-13 18:49:19,09/09/2025 18:49,SALE_HIGH_CONFIDENCE,explicit_sale_title,79
110896,1307432.0,"Cần bán gấp tiền bán căn studio tầng trung view đẹp, thông thuỷ 30m2, sẵn đồ cao cấp.","Bán gấp căn hộ Studio tại toà S1.11:+ Diện tích thông thuỷ: 30m2+ Pháp lý: sẵn sổ đỏ chính chủ, sang tên ngay+ Căn hộ nằm tại tầng trung đẹp, sẵn nội thất cho thuê hoặc làm homestay được ngay.+ Giá bán: 1,88 tỷ.+ Liên hệ xem nhà 24/7: 0927.03.444 Mr Huy. Chuyên mua bán chuyển nhượng  cho thuê tại Vinhomes Ocean Park.Xem thêm",188000.0,30.0,"Xã Đa Tốn,Huyện Gia Lâm,Hà Nội",ha-noi,Căn hộ chung cư,can-ho-chung-cu,2025-09-13 00:09:46,15/07/2025 00:09,SALE_HIGH_CONFIDENCE,explicit_sale_title,80
25177,1188519.0,"Bán Đất Thổ Cư Trừ Văn Thố Bàu Bàng, Bình Dương – Vị Trí Đẹp, Giá Rẻ","Bán Đất Thổ Cư KCN Bàu Bàng, Bình Dương – Vị Trí Đắc Địa, Giá Rẻ- Bán đất thổ cư 250m² vị trí đắc địa, gần 3 KCN lớn Bàu Bàng, Cây Trường 2, Chơn Thành - Giao thông thuận tiện, hỗ trợ vay ngân hàng- Diện tích: 250m², đất đã có thổ cư- Đường nhựa rộng 15m, giao thông thuận lợi, dễ dàng di chuyển- Vị trí chiến lược: Nằm giữa 3 khu công nghiệp lớn Bàu Bàng, Cây Trường 2 và Chơn Thành- Gần Quốc Lộ 13 và Đường Hồ Chí Minh, kết nối nhanh chóng với các khu vực khác- Hỗ trợ vay ngân hàng lên đến 50%, dễ dàng sở hữu ngay đất thổ cư- Liên hệ ngay: 0325 881 235 (Em Niên) để biết thêm chi tiết và đặt cọc",500.0,250.0,"đường 749A,Xã Trừ Văn Thố,Huyện Bàu Bàng,Bình Dương",binh-duong,Đất,dat-tho-cu,2025-09-13 17:25:32,16/04/2025 17:25,SALE_HIGH_CONFIDENCE,explicit_sale_title,81
85557,1058329.0,"Bán nhà Hoàng Ngân (Thanh Xuân) 26m, 6 tầng, mt 4.3m, giá 6.35 tỷ","KHU VIP THANH XUÂN - TẦM TIỀN HIẾM NHÀ BÁN - CÔNG NĂNG ĐẦY ĐỦ.Bán nhà Hoàng Ngân (Thanh Xuân) 26m, 6 tầng, mt 4.3m, giá 6.35 tỷ+ Mô tả :Nhà siêu đẹp 50m ra ngõ 21 Lê Văn Lương, ngõ thông, 6 tầng, mỗi tầng 1 phòng khép kín.Vị trí kim cương trung tâm quận Thanh Xuân rất hiếm nhà bán, nhà chủ tự thiết kế rất đẹp và bắt mắt.- Tầng 1 bếp và sân để xe.- Tầng 2 phòng khách bếp.- Tầng 3,4,5 mỗi tầng 1 phòng khép kín.- Tầng 6 Phòng thờ sân phơi.- Lưu ý : ACE dẫn khách từ ngõ 21 Lê Văn Lương là đẹp nhất.+ Sổ đẹp sẵn giao dịch.",6350.0,26.0,"Đường Hoàng Ngân,Phường Nhân Chính,Quận Thanh Xuân,Hà Nội",ha-noi,Nhà riêng,nha-mat-pho-mat-tien,2025-09-12 22:35:22,14/06/2025 22:35,SALE_HIGH_CONFIDENCE,explicit_sale_title,82
133330,542906.0,Bán đất 360m² ngang 12m giá 2.6 tỷ tại Xã Tân Phưốc Thị xã La Gi,"Làm nhà nghỉ, nhà nghỉ dưỡng, phân lô",2600.0,360.0,"Phường Phước Hội,Lâm Đồng(Mới)",lam-dong,Đất,dat-tho-cu,2025-09-13 15:39:57,13/09/2025 03:39,SALE_HIGH_CONFIDENCE,explicit_sale_title,83
86225,1241940.0,"Bán nhà riêng phân lô ô tô, kinh doanh, Phố Hoàng Văn Thái, Thanh Xuân 65m2 chỉ 15.5 tỷ","Bán nhà riêng phân lô ô tô, Hoàng Văn Thái, Thanh Xuân, 65m2, mặt tiền 4m chỉ 15.5 tỷ.- Nhà nằm mặt ngõ ô tô, khu phân lô Hoàng Văn Thái, thông hồ Đầm Hồng, Nguyễn Ngọc Nại, Cù Chính Lan..., cách ngã Tư Sở chưa đến 1 cây số.- Nhà hiện đang cho thuê Kinh doanh thời trang 30tr/tháng.- Thiết kế 5 tầng, 6 phòng ngủ đầy đủ công năng.- Sổ đỏ phân lô, sẵn sàng giao dịch.",15500.0,65.0,"đường Hoàng Văn Thái,Phường Khương Mai,Quận Thanh Xuân,Hà Nội",ha-noi,Nhà riêng,nha-mat-pho-mat-tien,2025-09-12 22:37:57,15/05/2025 22:37,SALE_HIGH_CONFIDENCE,explicit_sale_title,84
213353,1290734.0,"Bán đất An Sơn, Thuận An","🍁🍁4 lô mặt tiền đường An Sơn 19 thông An Sơn 01 và 02.🔑🔑Sổ sẵn công chứng ngay.👉✍️Diện tích: 141.5m có 60 thổ cư.👉❤️💸💵Giá bán 2,3 tỷ💎💎0919022011 NgaNHẬN KÍ GỬIweb: ketnoidiaoc.com#372",2300.0,141.0,"Phường Thuận An,TP. Hồ Chí Minh(Mới)",tp-ho-chi-minh,Đất,dat-tho-cu,2025-09-13 21:44:13,14/08/2025 21:44,SALE_HIGH_CONFIDENCE,explicit_sale_title,85
167140,1383030.0,Bán Nhà Mặt Tiền Nguyễn Kim Cương-Củ Chi(Giá Tốt Cho Nhà Đầu Tư),"Bán Nhà Mặt tiền đường Nguyễn Kim Cương,Xã Tân Thạnh Đông,Huyện Củ Chi,TPHCMDiện tích:432,8m2.Đất ở:120m2Đất trồng cây lâu năm:312.8m2Hiện trạng:Có nhà cấp 4 đang kinh doanh ăn uống,tạp hóa.,Mặt tiền đường nhựa lớn,xe tải ra vào thoải mái,Tiện kinh doanh,buôn bán,hoặc xây mớiPháp lý:Sổ Hồng Riêng,khu dân cư hiện hữu.Vị trí đẹp,tiện ích xung quanh đầy đủ,gần chợ,trường học,UBND xã.",8500.0,423.8,"Xã Phú Hòa Đông,TP. Hồ Chí Minh(Mới)",tp-ho-chi-minh,Nhà riêng,nha-mat-pho-mat-tien,2025-09-13 18:36:50,14/08/2025 18:36,SALE_HIGH_CONFIDENCE,explicit_sale_title,86
198451,1119306.0,"Bán đất Phú Lợi TDM xây nhà ở đẹp thoáng mát diện tích 92,7 m2 thổ cư full",Hotline: 0986694438 🔸Ký Gửi - Mua Bán: Bất Động Sản 🔸Xây Dựng Nhà Ở Trọn Gói 🔸Hỗ Trợ Vay Vốn Ngân Hàng,2400.0,92.7,"Phường Phú Lợi,TP. Hồ Chí Minh(Mới)",tp-ho-chi-minh,Đất,dat-tho-cu,2025-09-13 20:42:58,13/09/2025 08:42,SALE_HIGH_CONFIDENCE,explicit_sale_title,87
57657,1321125.0,"Còn mấy lô Biệt Thự, Nhà đường 33m, nhà đường 45m cần bán. Sổ sẵn sang tên ngay.","Lâm còn mấy lô biệt thự view sông và nhà đường 45m, đường 33m nhiều vị trí cực kỳ đẹp cần bán, cam kết lấy giá tốt nhất.Diện tích: Biệt thự 15x18. 15x23. 20x25. 10x30Diện tích nhà hoặc đất đường 45m và đường 33m, 8x20. 8x24 và 6x24 có nhà thô hoặc hoàn thiện ở liền sổ sẵn hoặc hợp đồng sang tên cho ai thích tự xây dựng. Tất cả đều 2 mặt tiền trước và sau.Ngoài ra Lâm có rất nhiều sản phẩm cho quý vị lựa chọn, và nền đất 5x20 đường 12m các khu 1,2,3,4,5,6 rất đẹp đầu tư cực kỳ tốt. Giá cả hiện tại đang rất rẻ so với các dự án kế bên chỉ bằng 1/4 giá. Mà pháp lý cực kỳ chuẩn sổ sẵn sang tên. Vị trí cực kỳ đẹp, giá tốt ở Long HưngNhà Đất Long Hưng anh/em ghé uống caffe, hợp tác.Địa chỉ: HSH01-1",8000.0,160.0,"Đường Hương Lộ 2,Xã Long Hưng,Thành phố Biên Hòa,Đồng Nai",dong-nai,Nhà riêng,nha-mat-pho-mat-tien,2025-09-13 17:46:20,15/07/2025 17:46,SALE_HIGH_CONFIDENCE,explicit_sale_title,88
109628,1368193.0,Cần bán chung cư 3 ngủ tại usilk,"toà 103 Usilk.Dt 94m2 gồm 3pn 2vs. Full đồ.Cửa tây,. Ban công đông. Giá 5.75",5750.0,94.0,"Đường Tố Hữu,Phường La Khê,Quận Hà Đông,Hà Nội",ha-noi,Căn hộ chung cư,can-ho-chung-cu,2025-09-13 00:05:13,14/08/2025 00:05,SALE_HIGH_CONFIDENCE,explicit_sale_title,89
56322,1339978.0,Bán đất có dãy trọ,"🏡 BÁN NHÀ CÓ DÃY TRỌ – VỊ TRÍ TRUNG TÂM TP. ĐIỆN BIÊN – MUA LÀ CÓ THU NHẬP NGAY📍 Địa chỉ: SN 25, tổ 15, phường Him Lam, TP. Điện Biên📐 Diện tích: 180m² – Đất ở tại đô thị💰 Giá mong muốn: 3,xtỷ (có thương lượng)🔥 Ưu điểm nổi bật:Đất thổ cư lâu dài, pháp lý rõ ràng, sổ đỏ chính chủ.Đã có sẵn dãy trọ – mua về có thể kinh doanh cho thuê ngay, thu nhập hàng tháng ổn định.Khu dân cư hiện hữu, an ninh tốt, gần chợ, trường học, cơ quan hành chính.Giao thông thuận tiện, đường rộng dễ đi, xe ô tô vào tận cửa.Rất phù hợp để ở kết hợp đầu tư sinh lời lâu dài.📞 Liên hệ ngay : 0865332116➡️ Ai quan tâm vui lòng gọi trực tiếp để xem nhà và thương lượng!",3300.0,180.0,"Phường Him Lam,Thành phố Điện Biên Phủ,Điện Biên",dien-bien,Đất,dat-tho-cu,2025-09-13 00:30:25,14/08/2025 00:30,SALE_HIGH_CONFIDENCE,explicit_sale_title,90
100563,1295775.0,Tôi cần bán đất trục nhựa kinh doanh phường chương mỹ,"Tôi có mảnh đất trục kinh doanh đường nhựa phường chương mỹ.DT 80m² sẵn sổ đỏ, gần chợ, trường học,...Lô đất đẹp cực kỳ tiềm năng, xung quanh quy hoạch đường cách 50m đường Lê Văn Lương kéo dài cắt qua.Đất QH giáo dục các trường đại học rất nhiều.Gần khu du lịch núi Trầm, tượng đài khuôn viên Bác Hồ đang xây dựng.Hồ câu khu nghỉ mát, nhà hàng, cafe, khu tập thể dục, sân bóng đủ cả.Tôi cần tiền lo công việc nên bán.LH trực tiếp tôi để xem sổ đỏ .Xem thêm",435000.0,80.0,"Xã Phụng Châu,Huyện Chương Mỹ,Hà Nội",ha-noi,Đất,dat-tho-cu,2025-09-12 23:32:30,14/07/2025 23:32,SALE_HIGH_CONFIDENCE,explicit_sale_title,91
230189,1325310.0,Bán căn hộ 3pn 3.9 tỷ dvela 1177 huỳnh tấn phát phường phú thuận q7,Bán căn hộ 3PN 3.9 tỷ Dvela 1177 Huỳnh Tấn Phát - Phường Phú Thuận - Q7.Thiết kế: 3PN 2WC 110m².Hiện trạng: Nội thất đẹp tầng 12 hướng tây bắc.Giá thuê: 3.9 tỷ.Chưa bao gồm 5% tiền sổ.Liên hệ:  Ngô Quyền.Nhận Ký Gửi: Căn Hộ Nhà Phố Tòa nhà Buil Ding.Xem thêm,39000.0,110.0,"Đường Huỳnh Tấn Phát,Phường Phú Thuận,Quận 7,TP. Hồ Chí Minh",tp-ho-chi-minh,Căn hộ chung cư,can-ho-chung-cu,2025-09-13 23:02:34,15/07/2025 23:02,SALE_HIGH_CONFIDENCE,explicit_sale_title,92
108581,1381536.0,"Cần bán gấp căn cc tại masteri, giá rẻ, full nội thất, sẵn sổ 0819 328 ***","* Liên hệ trực tiếp chính chủ:* Thông tin căn hộ:- Loại căn: Studio- Diện tích: 27,2m²- Hướng: Tây Nam  View nội khu yên tĩnh, thoáng mát- Nội thất: Full đồ như hình 100%, setup đầy đủ.- Pháp lý: Sổ sẵn, sang tên nhanh gọn- Giá bán: 2,130 tỷ.- Căn hộ thích hợp cho người độc thân, vợ chồng trẻ hoặc đầu tư cho thuê với tỉ suất sinh lời tốt.* Liên hệ SĐT:  để xem nhà thực tế và thương lượng giá tốt.Xem thêm",213000.0,27.0,"Đường Quốc lộ 5B,Xã Đa Tốn,Huyện Gia Lâm,Hà Nội",ha-noi,Căn hộ chung cư,can-ho-chung-cu,2025-09-13 00:01:29,14/08/2025 00:01,SALE_HIGH_CONFIDENCE,explicit_sale_title,93
185054,1308548.0,Bán nhà phố đẹp hoàn thiện 100% qúy khách mua và mang vali vào ở ngay,"Hi, kính chào quý khách! Cảm ơn quý khách đã quan tâm sản phẩm của chúng tôi.* Pháp lý: Nhà phố cao cấp sổ hồng riêng biệt, pháp lý rõ ràng, bao công chứng sang tên.* Kết cấu: Diện tích 4.2x15m thiết kế 01 trệt, 02 lầu, sân thượng. 04 phòng, 03 toilet.* Tiện ích xung quanh: Gần chợ, trường học, siêu thị, cách Phú Mỹ Hưng chỉ 3 phút đi xe máy.* Giá bán: 10 tỷ 800 triệu (ngân hàng hỗ trợ 70%).* Công ty TNHH dịch vụ BĐS Giang Law.Địa chỉ: Số 10 Huỳnh Thị Đồng (số 1979/16 Huỳnh Tấn Phát), TT. Nhà Bè, huyện Nhà Bè.Mr. Giang: .* Xin vui lòng liên hệ hoặc kết bạn Zalo để được tư vấn tận tình và chu đáo.* Cảm ơn vì đã xem tin!Xem thêm",108000.0,63.0,"Đường Huỳnh Tấn Phát,Phường Phú Thuận,Quận 7,TP. Hồ Chí Minh",tp-ho-chi-minh,Nhà riêng,nha-mat-pho-mat-tien,2025-09-13 19:48:29,15/07/2025 19:48,SALE_HIGH_CONFIDENCE,explicit_sale_title,94
169417,1498240.0,"Bán nhà mặt tiền Sơn Kỳ - Lê Trọng Tấn. trung tâm TP (6m x 20m) Kết cấu 4 Tầng, HĐ 40tr. Giá 16 Tỷ","Chính chủ bán nhà Mặt tiền Sơn Kỳ, ngay Lê Trọng Tấn. - Vị trí trung tâm quận Tân Phú, khu vực kinh doanh sầm uất. - Diện tích: 6m x 20m. - Kết cấu: 4 Tầng. - HĐT 40tr - Pháp lý chính chủ, mua bán công chứng ngay. - Giá 16 tỷ Liên hệ Long 0911119338",16000.0,115.0,"Đường Sơn Kỳ,Phường Sơn Kỳ,Quận Tân Phú,TP. Hồ Chí Minh",tp-ho-chi-minh,Nhà riêng,nha-mat-pho-mat-tien,2025-09-13 18:45:49,12/09/2025 18:45,SALE_HIGH_CONFIDENCE,explicit_sale_title,95
153653,1304316.0,Ngợp bank bán gấp căn hoa hậu chung cư icon 40 hạ long studio mã 04 hướng đông nam tầng trên 30,Ngợp bank bán gấp căn hoa hậu chung cư Icon 40 Hạ Long - Studio mã 04 hướng Đông Nam tầng trên 30.Cách bãi tắm 200m đi bộ.Bên cạnh TTTM Lotte đang khởi công.Thông tin chi tiết liên hệ em qua SĐT .Xem thêm,158000.0,35.0,"Đường Khu Vực Dự Án Đường Nối Khu Du Lịch Hùng Thắng Với Đường Hạ Long Và Dự Án Khu Đô Thị Mới Cái Dăm (Trừ Dãy Bám Đường Hoàng Quốc Việt Và Dãy Bám Đường Hạ Long) - Phường Bãi Cháy,Phường Hùng Thắng,Thành phố Hạ Long,Quảng Ninh",quang-ninh,Căn hộ chung cư,can-ho-chung-cu,2025-09-13 00:44:53,15/07/2025 00:44,SALE_HIGH_CONFIDENCE,explicit_sale_title,96
89374,1457452.0,Bán đất 71.5m² ngang 6.6m giá 1.28 tỷ Xã Sóc Sơn,"Chỉ 1 tỉ 2xx có ngay 71.5m2 đất tại cộng hòa -phù linh -sóc sơn - Hà Nội-Mặt tiền = 6,52m nở Hậu 6,60m- lô đất cạnh sân golf Phù Linh; Giáp Dự án phim Trường VTV- Đường trước đất rộng 4m- cách trục chính kinh doanh thôn; chợ thôn 50mzalo 0358357986giá 1 tỷ 2xx",1280.0,71.5,"Xã Sóc Sơn,Hà Nội(Mới)",ha-noi,Đất,dat-tho-cu,2025-09-12 22:50:11,11/09/2025 22:50,SALE_HIGH_CONFIDENCE,explicit_sale_title,97
55729,1399587.0,Bán lô đất nà nhạn lợi thế vượt trội khí hậu trong lành,"#KG28------------------🌿 BÁN ĐẤT RỘNG – GIÁ TỐT TẠI BẢN NÀ NHẠN 1, TP. ĐIỆN BIÊN PHỦ 🌿📍 Địa chỉ: Bản Nà Nhạn 1, xã Nà Nhạn, TP. Điện Biên Phủ📐 Diện tích: 429,7m² – đất rộng, vuông vắn, dễ quy hoạch xây dựng💰 Giá bán: Chỉ 1,5 tỷ – giá siêu tốt cho lô đất gần trung tâm!✨ Lợi thế vượt trội:Khu vực yên tĩnh, khí hậu trong lành – lý tưởng để làm nhà vườn, homestay nghỉ dưỡng.Giao thông thuận tiện, cách trung tâm TP. Điện Biên Phủ chỉ vài phút di chuyển.Phù hợp cả để ở, đầu tư dài hạn hoặc phát triển mô hình kinh doanh nhỏ.📞 Liên hệ ngay để xem đất và thương lượng giá tốt: XXX.XXX.XXXX",1500.0,429.0,"Xã Tà Lèng,Thành phố Điện Biên Phủ,Điện Biên",dien-bien,Đất,dat-tho-cu,2025-09-13 00:28:41,14/08/2025 00:28,SALE_HIGH_CONFIDENCE,explicit_sale_title,98
216690,1386868.0,Bán đất 105m2 view hồ sinh thái thoáng mát đất full thổ cư shr giá chỉ hơn 22tr/m2,"- Diện tích ngang 6m, dài 17,5m (105m²) đất vuông vức, không dính quy hoạch.- Khu dân trí cao, dân cư đông đúc dân cư kinh doanh sầm uất.- Đất đẹp, bằng phẳng, cao ráo, view hô mát mẻ, thông thoáng, đón ánh sáng tự nhiên nằm trên đường lớn LG 16m trải nhựa.- Có các KCN đang hoạt động mạnh thích hợp kinh doanh.- Sổ hồng có sẵn sang tên công chứng ngay.- Liên hệ em Phượng  để được xem sổ và giá ngay.Xem thêm",238000.0,105.0,"Đường Tỉnh lộ 10,Xã Bình Lợi,Huyện Bình Chánh,TP. Hồ Chí Minh",tp-ho-chi-minh,Đất,dat-tho-cu,2025-09-13 21:58:58,14/08/2025 21:58,SALE_HIGH_CONFIDENCE,explicit_sale_title,99
211055,345308.0,Bán đất 120m² 6 tỷ tại Xã Xuân Thới Đông Huyện Hóc Môn,LÔ GÓC 2MT ĐƯỜNG NHỰA XÃ XUÂN THỚI ĐÔNG HÓC MÔN------🌠50triệu/m2🌠--------Kích Thước 6.8mx20Diện tích công nhận 120m2 (k dính lộ giới)Đường trước 12m  lề đường 3mĐường hông 7m (lề đường)Vị Trí xa xuân thới đông hóc mônPháp lý Sổ hồng riêng mua bán sang tên ngay.Chức năng khu dân cưChính chủ hỗ trợ vay ngân hàngLH 0901061518 xem đất và giấy tờ pháp lý,6000.0,120.0,"Xã Xuân Thới Sơn,TP. Hồ Chí Minh(Mới)",tp-ho-chi-minh,Đất,dat-tho-cu,2025-09-13 21:34:10,06/09/2025 21:34,SALE_HIGH_CONFIDENCE,explicit_sale_title,100
28749,1291736.0,"Cho thuê nhà xưởng 14.318 m2 tại KCN Đất Cuốc, Bắc Tân Uyên, Bình Dương","Cho thuê nhà xưởng 14.318 m2 tại KCN Đất Cuốc, Bắc Tân Uyên, Bình Dương📍 Vị trí: KCN Đất Cuốc, Bắc Tân Uyên, tỉnh Bình Dương– Nằm trong khu công nghiệp quy hoạch bài bản, hạ tầng hoàn chỉnh, an ninh đảm bảo– Giao thông thuận tiện, kết nối nhanh đến TP. Thủ Dầu Một, TP. Biên Hòa, cao tốc Mỹ Phước – Tân Vạn…🏗️ THÔNG TIN CHI TIẾT:•	✅ Tổng diện tích đất: 26.000 m²•	✅ Tổng diện tích xây dựng: 14.318 m², bao gồm:• Nhà xưởng 1: 3.570 m² (rộng 35m x dài 102m)• Nhà xưởng 2: 3.570 m² (35m x 102m)• Nhà xưởng 3: 3.570 m² (35m x 102m)• Nhà xưởng 4: 3.045 m² (35m x 87m)• Văn phòng làm việc: 420 m²• Nhà vệ sinh: 60 m²• Cùng các công trình phụ trợ khác: sân bãi, phòng bảo vệ, hệ thống thoát nước, điện – nướ",100.0,20000.0,"Xã Bình Mỹ,Huyện Bắc Tân Uyên,Bình Dương",binh-duong,"Kho, nhà xưởng",kho-nha-xuong,2025-09-13 17:39:17,09/09/2025 17:39,RENT_HIGH_CONFIDENCE,explicit_rental_title,1
9203,1312431.0,"Cho thuê nhà xưởng 17000m2,giá rẻ, mới khu Công Nghiệp Quế Võ 3. (Tin Hết Hạn)","Nhà xưởng mới xây dựng 17000m2 nằm trong khu Công Nghiệp Quế Võ 3. Có văn phòng rộng, có thể đăng ký EPE. Bàn giao ngay.Đặc điểm:-	Xưởng mới chưa qua sử dụng.-	PCCC vòng ngoài đầy đủ.-	Điện 3 pha công suất cao 650-700KVA.-	Có văn phòng trần thạch cao,vách panel chống nắng.Diện tích:-	Gồm 2 tầng tổng 17000m2.-	Mỗi tầng 8500m2.Giá cho thuê:-	Xưởng: 4$/m2/tháng.-	Văn Phòng: 5$/m2/tháng.Mục đích sử dụng:-	Ưu tiên sản xuất các ngành công nghiệp nhẹ, điện tử, may mặc...-	Không sản xuất các ngành công nghiệp hóa chất độc hại, xả thải môi trường.-	Có thể làm kho chứa.***Liên hệ: Mr.Tiến( Megasun Bắc Ninh)-0399075614- Chuyên gia tư vấn Bất động sản công nghiệp miền Bắc: Đất- Kho- Xưởng để được tư vấn",0.0,17000.0,"Huyện Quế Võ,Bắc Ninh",bac-ninh,"Kho, nhà xưởng",kho-nha-xuong,2025-09-13 13:04:43,15/07/2025 13:04,RENT_HIGH_CONFIDENCE,explicit_rental_title,2
123807,1505454.0,Cho Thuê Nhà 1 Trệt 2 Lầu Sân Thượng Lđt Mỹ Gia Full Nội Thất Mới - Giá 25tr/tháng,"Cho thuê nhà nguyên căn gói 8 Mỹ Gia.Nhà 3 tầng, full nội thất đẹp.4 phòng ngủ 3WC sân thượng thoáng.Giá thuê: 25tr/tháng.Cọc 2 tháng, thanh toán 2 tháng/lần (Cọc 2TT2).Liên hệ ngay để xem nhà Hoàng Nhã (Tngo).Đặc điểm nổi bậtDiện tích :100m2Mặt tiền :5mGiá :25 triệu/thángSố tầng :3 tầngPhòng ngủ :4 phòngPhòng tắm :3 phòngĐường vào :12m",25.0,100.0,"Đường Võ Nguyên Giáp,Xã Vĩnh Thái,Thành phố Nha Trang,Khánh Hòa",khanh-hoa,Nhà riêng,nha-mat-pho-mat-tien,2025-09-13 14:32:01,13/09/2025 10:32,RENT_HIGH_CONFIDENCE,explicit_rental_title,3
29354,1261874.0,"Cho thuê nhà xưởng 7.080m2, ở Vĩnh Hòa Phú Giáo ,BD, giá tốt hạ tầng hoàn thiện.","📍 Vị trí: Xã Vĩnh Hòa, Huyện Phú Giáo, Tỉnh Bình Dương – khu vực thuận tiện di chuyển, dễ dàng kết nối các tuyến giao thông chính và khu công nghiệp lân cận.Thông tin chi tiết:•	Tổng diện tích đất: 13.000 m²•	Diện tích xây dựng: 7.080 m² bao gồm:o	Nhà xưởng 1: 3.360 m² (kích thước 40m x 84m)o	Nhà xưởng 2: 3.360 m² (kích thước 40m x 84m)o	Văn phòng điều hành: 360 m² (kết cấu 3 tầng, kích thước 8m x 15m)Tiện ích & hạ tầng:•	Nhà xưởng xây dựng kiên cố, khung thép tiền chế, nền bê tông chịu lực cao.•	Hệ thống điện 3 pha, nước đầy đủ.•	PCCC theo tiêu chuẩn.•	Đường xe container ra vào thuận tiện.•	Khu vực an ninh, dân cư thân thiện, dễ tuyển lao động.Giá cho thuê:•	Nhà xưởng: 2.8 USD/m²/tháng•	Văn",7000.0,7080.0,"Xã Vĩnh Hoà,Huyện Phú Giáo,Bình Dương",binh-duong,"Kho, nhà xưởng",kho-nha-xuong,2025-09-13 17:41:23,15/06/2025 17:41,RENT_HIGH_CONFIDENCE,explicit_rental_title,4
29268,1312145.0,Cho thuê kho xưởng Bình Dương giá rẻ (Tin Hết Hạn),"Chuyên cho thuê kho  xưởng chứa hàng tại KCN Sóng Thần, Bình Dương và KCN Cát Lái, Quận 2.Kho cho thuê nằm tại KCN  thuận tiện kéo hàng về kho và phân phối hàng.Khuôn viên kho rộng, xe container ra vào xoay đầu dễ dàng, thuận tiện.Kho mặt tiền đường Nguyễn Thị Định, không hạn chế giờ lưu thông, không kẹt đường.Diện tích cho thuê kho bãi linh động từ 100 m²,…đến 5000m² theo nhu cầu khách hàng.Kho cao thoáng, trần kho cao 9m, cửa kho rộng 6m.Có đầy đủ các dịch vụ đi kèm: Bốc xếp, vận tải, đóng gói, dán tem,…Báo cáo hàng tồn kho hàng tháng.An ninh, an toàn đảm bảo: Hệ thống camera, PCCC, bảo vệ 24/7Và đặt biệt có giao kho trần cho khách hàng tự quản lý với diện tích : 5.000m2Liên hệ thuê kho:Ho",0.0,50000.0,"Thị xã Dĩ An,Bình Dương",binh-duong,"Kho, nhà xưởng",kho-nha-xuong,2025-09-13 17:41:05,15/07/2025 17:41,RENT_HIGH_CONFIDENCE,explicit_rental_title,5
235478,1349719.0,Cho thuê nhà xưởng tại TT Long Hồ Vĩnh Long diện tích 18.128m2,"🔹 Tổng diện tích khuôn viên: ~18.128m²🔹 Diện tích xây dựng: 10.625m², bao gồm:•	Xưởng A: 1.400m²•	Xưởng B: 1.400m²•	Xưởng C: 1.525m²•	Xưởng D: 3.050m²•	Xưởng E: 3.050m²•	Văn phòng: 100m²🔹 Trạm điện: 700 KVA🔹 Vị trí: Trung tâm Thị trấn Long Hồ, tỉnh Vĩnh Long🔹 Giá thuê: 2.7 USD/m²Để biết thêm thông tin chi tiết về xưởng cho thuê vui lòng liên hệCTY TNHH MTV QUÝ LÔC VƯỢNGHotline: 0931 769 444Website: https://nhaxuongchinhchu.vn",25000.0,18128.0,"Xã Long Hồ,Vĩnh Long",vinh-long,"Kho, nhà xưởng",kho-nha-xuong,2025-09-13 23:52:29,14/08/2025 23:52,RENT_HIGH_CONFIDENCE,explicit_rental_title,6
28715,1287932.0,Cho thuê Kho Định Hoà mặt tiền Mỹ Phước Tân Vạn,"Đường xe container, có căn phòng và phòng ngủ lại--Phù hợp làm gara, showroom, kho...--Gần Thành Phố Mới Bình Dương",50.0,1081.0,"Phường Định Hoà,Thành phố Thủ Dầu Một,Bình Dương",binh-duong,"Kho, nhà xưởng",kho-nha-xuong,2025-09-13 17:39:13,13/09/2025 10:39,RENT_HIGH_CONFIDENCE,explicit_rental_title,7
232636,1395726.0,Cho thuê kho 300m² đường số tân quy quận 7 xe tải ra vào thoái mái,"FORRENT - KHO ĐS TÂN QUY QUẬN 7Giá cho thuê: 30 Tr/thángDT: 300m². Hiện trạng: Kho lợp máy toleCách MT 50 m, xe tải ra vào thoải máiDT hiếm hợp làm kho chứa đồ, hàng hoáXem thêm",30.0,300.0,"Phường Tân Quy,Quận 7,TP. Hồ Chí Minh",tp-ho-chi-minh,"Kho, nhà xưởng",kho-nha-xuong,2025-09-13 23:13:21,14/08/2025 23:13,RENT_HIGH_CONFIDENCE,explicit_rental_title,8
11256,1507007.0,Cho Thuê Nhà Phố Liền Kề Ehome 4,"Cho thuê nhà phố liền kề, có nội thất cơ bản, mặt tiền đường 21 - thuộc tuyến đường thông thương 6m nhựa.Nhà 1 trệt 1 lầu, 3PN, 3WC, nội thất căn bản, sân ô tô, cây xanh bao quanh thoáng mát.Vị trí: Cách QL13 chỉ 800m, thuận tiện đi Thủ Đức, Bình Thạnh, quận 12 chỉ 5 - 10. Nội khu an ninh cao, camera canh gác 24/24, làm việc và sinh sống rất thoải mái, môi trường sinh thái tốt. Khu tiện ích đầy đủ như: Công viên, hồ bơi, chợ, trường, quán ăn đầy đủ các mặt hàng.Địa chỉ: Ehome4, KP Hoà Long, Vĩnh Phú 41, Thuận An, Bình Dương.Đặc điểm nổi bậtDiện tích :90m2Giá :7,8 triệu/thángSố tầng :2 tầngPhòng ngủ :3 phòngPhòng tắm :3 phòng",7.0,90.0,"Đường Đại Lộ Bình Dương (Quốc Lộ 13) - Đường Loại 3,Phường Vĩnh Phú,Thị xã Thuận An,Bình Dương",binh-duong,Nhà riêng,nha-mat-pho-mat-tien,2025-09-13 16:29:46,13/09/2025 10:29,RENT_HIGH_CONFIDENCE,explicit_rental_title,9
121501,1506099.0,"Cho Thuê Căn Hộ 60m2 Tại Vinhomes Ocean Park2. Thiết Kế Hiện đại, ưu Tiên Dài Hạn.","Nhà 5 tầng 60m2Tầng 1 :Phòng khách : Đầy đủ bàn ghế sofa.Phòng bếp : Thiết bị bếp đầy đủ (bếp, hút mùi, tủ bếp, tủ lạnh, chậu rửa)Tầng 2 : 2 Phòng Ngủ ( chung wc )Tầng 3 : 2 Phòng Ngủ ( 1 đơn, 1 kk )Tầng 4 : 1 Phòng Ngủ kkTầng 5 : Sân thượngNội thất y như ảnh chỉ việc xách vali vào ở:Giường, đệm, chăn ga gốiTủ quần áo từng phòngĐiều hòa và bình nóng lạnh lắp sẵn.Đặc điểm nổi bậtDiện tích :60m2Giá :20 triệu/thángSố tầng :5 tầngPhòng ngủ :5 phòngPhòng tắm :4 phòng",20.0,60.0,"Đường San Hô 6,Xã Long Hưng,Huyện Văn Giang,Hưng Yên",hung-yen,Nhà riêng,nha-mat-pho-mat-tien,2025-09-13 13:20:08,13/09/2025 11:20,RENT_HIGH_CONFIDENCE,explicit_rental_title,10
222891,1510434.0,Cho thuê nhanh căn 3 phòng ngủ đủ nội thất giá 11.5 triệu,"Căn 3 phòng ngủ diện tích 90m² được trang bị đầy đủ nội thấtHiện đang để trống chỉ cần xách valy vào ởTiện ích: hồ bơi, phòng tập gym, siêu thị, trường học, cafe, bóng bàn,.Xem nhàXem thêm",11.5,90.0,"Đường Võ Chí Công,Phường Phú Hữu,Quận 9,TP. Hồ Chí Minh",tp-ho-chi-minh,Căn hộ chung cư,can-ho-chung-cu,2025-09-13 22:28:30,13/09/2025 16:28,RENT_HIGH_CONFIDENCE,explicit_rental_title,11
168354,1508238.0,"Cho Thuê Nhà Kdc Parkriverside Từ 13tr Gần Liên Phường, Bưng ông Thoàn. Lh","Cho thuê nhà KDC ParkRiverside:- Vị trí: gần vòng xoay Liên Phường, Bưng Ông Thoàn, Võ Chí Công tiện về Đỗ Xuân Hợp, Quận 2, Thủ Đức...- Nội khu có an ninh 24/24, gym, hồ bơi, công viên...- KDC đồng bộ văn minh thuận tiện để ở, làm văn phòng...Bảng giá:+ Nhà phố cơ bản từ 12,5tr (5x15m sử dụng 190m2)+ Nhà phố full nội thất cao cấp từ 14tr - 15tr (5x15m sử dụng 190m2)+ Biệt thự từ 15tr - 25tr(10x15m, 12x20m...)Đặc điểm nổi bậtDiện tích :75m2Giá :12,5 triệu/thángSố tầng :3 tầngPhòng ngủ :4 phòngPhòng tắm :4 phòng",12.0,75.0,"Đường Bưng Ông Thoàn,Phường Phú Hữu,Quận 9,TP. Hồ Chí Minh",tp-ho-chi-minh,Nhà riêng,nha-mat-pho-mat-tien,2025-09-13 18:41:53,13/09/2025 10:41,RENT_HIGH_CONFIDENCE,explicit_rental_title,12
60610,1194005.0,"Cho thuê xưởng diện tích 5.000m2 tại KCN Long Đức, Long Thành, Đồng Nai","Chúng tôi hiện đang cho thuê xưởng với diện tích rộng lớn tại Khu Công Nghiệp Long Đức, Long Thành, Đồng Nai, với các thông tin chi tiết như sau:•	Diện tích tổng thể: 5.000m²o	Diện tích xưởng: 2.541m²o	Diện tích văn phòng: 283m²•	Giá cho thuê: 4,5 USD/m²Tiện ích và lợi thế khi thuê xưởng:•	Hệ thống điện, nước, hệ thống thoát nước và các tiện ích công nghiệp đầy đủ, đáp ứng nhu cầu sản xuất.•	Khu vực an ninh 24/7, đảm bảo an toàn cho tài sản và hàng hóa.•	Văn phòng làm việc tiện nghi, đáp ứng yêu cầu của các công ty, doanh nghiệp.Để biết thêm thông tin xưởng cho thuê vui lòng liên hệ :Công Ty TNHH MTV Quý Lộc VượngMs Chi : 0931 769 444 hoặc Website: http://nhaxuongchinhchu.vn•",1000.0,5000.0,"Xã Long Đức,Huyện Long Thành,Đồng Nai",dong-nai,"Kho, nhà xưởng",kho-nha-xuong,2025-09-13 17:57:18,16/04/2025 17:57,RENT_HIGH_CONFIDENCE,explicit_rental_title,13
11250,1505076.0,Cho Thuê Căn 3 Phòng Ngủ Full Nội Thất Sun Casa Central,"- Cho thuê căn nhà full nội thất, vào ở ngay- 3 phòng ngủ, 4 toilet, 3 máy lạnh- Giá thuê: 13tr/tháng- Hỗ trợ đăng ký tạm trú cho người nước ngoài- Khu đô thị Sun Casa Central, liền kề KCN VSIP 2 Bình DươngĐặc điểm nổi bậtDiện tích :100m2Mặt tiền :5mGiá :13 triệu/thángSố tầng :3 tầngPhòng ngủ :3 phòngPhòng tắm :4 phòngĐường vào :5m",13.0,100.0,"Xã Vĩnh Tân,Thị xã Tân Uyên,Bình Dương",binh-duong,Nhà riêng,nha-mat-pho-mat-tien,2025-09-13 16:29:46,13/09/2025 10:29,RENT_HIGH_CONFIDENCE,explicit_rental_title,14
60621,1190092.0,"Cho thuê nhà xưởng 74.000 m2 kcn Dầu Giây, Thống Nhất, Đồng Nai","Cho thuê nhà xưởng 74.000 m2 kcn Dầu Giây, Thống Nhất, Đồng Nai📍 Vị trí: KCN Dầu Giây, Thống Nhất, Đồng Nai✅ Giao thông thuận tiện, kết nối nhanh đến TP.HCM, cảng biển, sân bay🏭 Tổng diện tích: 122.000m² (12,2ha)🏢 Diện tích xây dựng: 74.000m² (7,4ha) gồm 6 block•	Mỗi block ~12.000m², linh hoạt nhiều diện tích từ 1.477m²•	Diện tích còn trống: 16.541m²⚡ Hạ tầng & tiện ích:•	Xưởng xây dựng kiên cố, trần cao, nền chịu tải tốt•	Điện 3 pha, cấp thoát nước hoàn chỉnh•	Đường nội bộ rộng, xe container ra vào thuận tiện•	Hệ thống PCCC tiêu chuẩn, đảm bảo an toàn sản xuất💰 Giá thuê ưu đãi: 4,3 USD/m²📞 Hotline: 0931 769 444 (Liên hệ ngay để xem xưởng thực tế!)🌐 Website: nhaxuongchinhchu.vn",10000.0,100000.0,"Thị trấn Dầu Giây,Huyện Thống Nhất,Đồng Nai",dong-nai,"Kho, nhà xưởng",kho-nha-xuong,2025-09-13 17:57:20,16/04/2025 17:57,RENT_HIGH_CONFIDENCE,explicit_rental_title,15
34107,1279205.0,"🔹 Cho thuê nhà xưởng diện tích 10.000m2 tiêu chuẩn tại Đồng Xoài 3, Bình Phước.","📍 Vị trí: Khu công nghiệp Đồng Xoài 3, TP. Đồng Xoài, Tỉnh Bình Phước📐 Tổng diện tích đất: 10.000 m²🏗️ Diện tích xây dựng: 6.682 m²💰 Giá cho thuê:•	Xưởng sản xuất: 3.5 USD/m²/tháng•	Văn phòng điều hành: 5.0 USD/m²/tháng________________________________________🏭 Chi tiết công trình:•	Nhà xưởng chính: 6.075 m² – kết cấu kiên cố, nền bê tông chịu lực cao, chiều cao phù hợp cho sản xuất công nghiệp.•	Nhà điều hành (văn phòng): 277 m² – đầy đủ tiện nghi, phù hợp làm trụ sở làm việc.•	Nhà ăn công nhân: 120 m²•	Nhà để xe: 110 m²•	Nhà bảo vệ: 20 m²•	Nhà vệ sinh: 40 m²•	Các công trình phụ trợ khác: đầy đủ, đảm bảo hoạt động sản xuất ổn định và lâu dài.🔌 Trạm điện riêng: Công suất 750 KVA – đáp ứng tốt",20000.0,10000.0,"Xã Tân Thành,Thành phố Đồng Xoài,Bình Phước",binh-phuoc,"Kho, nhà xưởng",kho-nha-xuong,2025-09-13 16:13:46,15/06/2025 16:13,RENT_HIGH_CONFIDENCE,explicit_rental_title,16
9171,1454070.0,"Cho thuê nhà xưởng 5.000m2 – Khu công nghiệp Thuận Thành, PCCC tự động. (Tin Hết Hạn)","Cho thuê 5.000m2 nhà xưởng tại Khu công nghiệp Thuận Thành 3, bao gồm 5.000m2 xưởng mới 2 tầng, hệ thống PCCC tự động, trạm điện 1.000KVA. Đầy đủ văn phòng, nhà bảo vệ.Giấy tờ pháp lý đầy đủ, minh bạch rõ ràng.Hiện trạng:-	Nhà xưởng mới xây dựng 100% sàn bê tông, Kết cấu thép, vách panel cách nhiệt chống cháy, nhà xưởng 2 tầng đầy đủ công năng, hệ thống PCCC tự động đã nghiệm thu, trạm điện công suất lớn 1.000KVA.Diện tích nhà xưởng:-	5.000m2 (tầng 1 cao 7m, tầng 2 cao 4-7m)Điện:-	3 pha sản xuất công suất 1.000KVANước:-	Có đầy đủ phục vụ sản xuất và sinh hoạtVị trí:-	Kho xưởng cho thuê tại khu công nghiệp Thuận Thành – Bắc NinhMục đích sử dụng:- Thích hợp mở công ty, xưởng sản xuất, gia công",0.0,5000.0,"Huyện Thuận Thành,Bắc Ninh",bac-ninh,"Kho, nhà xưởng",kho-nha-xuong,2025-09-13 13:04:35,06/09/2025 13:04,RENT_HIGH_CONFIDENCE,explicit_rental_title,17
7582,1311811.0,"Cho thuê 5.000m2 nhà xưởng cụm công nghiệp Đại Lâm – Bắc Giang, giá rẻ. (Tin Hết Hạn)","Cho thuê nhà xưởng 1 tầng diện tích 5.000m2, độc lập, hệ thống pccc tiêu chuẩn mới, trạm điện công suất lớn, giá tốt tại cụm công nghiệp Đại Lâm – Bắc Giang•	Diện tích nhà xưởng: 5.000m2 chiều cao xưởng từ 8 -11m•	TBA: 500KVA.•	Hệ thống Pccc vòng ngoài đã nghiệm thu•	Hệ thống chiếu sáng trong ngoài nhà đầy đủ.•	Hạ tầng giao thông nội bộ đường nhựa Asphalt xung quanh nhà máy, đảm bảo yêu cầu về PCCC.•	Vị trí giao thông kết nối thuận thiện: Phù hợp làm kho, sản xuất gỗ, cơ khí, điện tử•	Đơn giá thuê: Nhà xưởng 2,5$/m2 (chưa VAT)•	Hình thức thanh toán: Đặt cọc 3 tháng thanh toán, 6 tháng/lần.Giấy tờ pháp lý đầy đủ, minh bạch rõ ràng.Hiện trạng:- Xưởng 1 tầng độc lập, hệ thống sân đường rộng rãi",0.0,5000.0,"Xã Đại Lâm,Huyện Lạng Giang,Bắc Giang",bac-giang,"Kho, nhà xưởng",kho-nha-xuong,2025-09-13 00:47:15,15/07/2025 00:47,RENT_HIGH_CONFIDENCE,explicit_rental_title,18
168399,1507833.0,Cho Thuê Nhà Phố 80m2 Gồm 4 Phòng Ngủ Tại Park Riverside. Liên Hệ Tấn Giàu,"Số điện thoại: - Tấn Giàu.Cho thuê nhà phố 1 trệt 2 lầu tại Mega Village.- Vị trí căn nhà: Thuộc đường D - trục chính từ cổng Mega Village vào Melosa Garden.- Diện tích đất: 80m2.- Thiết kế 4 phòng ngủ & 3 toilet.- Nội thất: Tủ bếp & bếp, máy lạnh, tủ quần áo.- Giá cho thuê: 15 triệu/tháng (bao gồm phí quản lý) - Giá còn thương lượng.Xem nhà liên hệ theo số điện thoại.* Tiện ích nội khu Mega Village: Hồ bơi, phòng tập gym, nhiều quán ăn & cafe.Đặc điểm nổi bậtDiện tích :80m2Mặt tiền :5mGiá :15 triệu/thángSố tầng :3 tầngPhòng ngủ :4 phòngPhòng tắm :3 phòngĐường vào :20m",15.0,80.0,"Đường Dân Chủ, Phường Hiệp Phú,Phường Phú Hữu,Quận 9,TP. Hồ Chí Minh",tp-ho-chi-minh,Nhà riêng,nha-mat-pho-mat-tien,2025-09-13 18:42:03,13/09/2025 10:42,RENT_HIGH_CONFIDENCE,explicit_rental_title,19
28746,1278535.0,"Cho thuê xưởng mới xây diện tích 3.500 m2 tại Bàu Bàng, Bình Dương.","Cho thuê xưởng mới xây diện tích 3.500 m2 tại Bàu Bàng, Bình Dương.📍 Vị trí: Xã Long Nguyên, Huyện Bàu Bàng, Bình Dương📐 Tổng diện tích: 5.300m²🏢 Diện tích nhà xưởng: 3.500m²🏢 Văn phòng làm việc: 100m²🔥 PCCC tự động – đạt chuẩn an toàn🚛 Đường xe container, hạ tầng hoàn thiện, điện 3 pha💰 Giá thuê: 185 triệu/tháng📞 Liên hệ chính chủ: 0931.769.444🌐 www.nhaxuongchinhchu.vn➡️ Phù hợp: sản xuất, kho chứa, logistics, thực phẩm sạch...➡️ Nhận xưởng vào sử dụng ngay!",9000.0,5000.0,"đường 15B,Xã Hưng Hòa,Huyện Bàu Bàng,Bình Dương",binh-duong,"Kho, nhà xưởng",kho-nha-xuong,2025-09-13 17:39:17,09/09/2025 17:39,RENT_HIGH_CONFIDENCE,explicit_rental_title,20
29190,1307805.0,"Cho thuê xưởng kcn bình dương. tổng diện tích 10.000m2, xưởng 6.000m2. văn phòng lầu trệt","Cho thuê xưởng KCN Bình Dương.- Tổng diện tích: 10.000m², xưởng: 6.000m².- Văn phòng lầu trệt: 570m².- Nhà ăn xây dựng 110m², trạm Điện 560kva.Pccc tự động.- Giấy tờ đầy đủ xưởng có hoàng công.- Cho sản xuất nhiều nghành nghề.- Lưu ý tháng 10 bàn giao xưởng.- Giá thuê: 142.780đ/m², văn phòng: 181.720đ/1m².- Chuyển nhượng giá 130 tỷ.- Liên hệ:Xem thêm",130000.0,10000.0,"Phường Phú Tân,Thành phố Thủ Dầu Một,Bình Dương",binh-duong,"Kho, nhà xưởng",kho-nha-xuong,2025-09-13 17:40:48,14/08/2025 17:40,RENT_HIGH_CONFIDENCE,explicit_rental_title,21
60062,1277411.0,"Cho thuê nhà xưởng 12.000 m2 tại KCN Bàu Xéo, Trảng Bom, Đồng Nai.","Cho thuê nhà xưởng 12.000 m2 tại KCN Bàu Xéo, Trảng Bom, Đồng Nai.📍 Vị trí: Khu Công Nghiệp Bàu Xéo, Trảng Bom, Đồng Nai➡️ Vị trí thuận lợi, kết nối nhanh đến QL1A, cao tốc Long Thành – Dầu Giây, TP. Biên Hòa, sân bay Long Thành và TP.HCM.🔹 Thông tin bất động sản:•	Tổng diện tích khuôn viên: 12.000 m²•	Diện tích xây dựng:o	Nhà xưởng: 4.800 m²o	Nhà xe: 400 m²o	Căn tin: 400 m²•	Khuôn viên rộng, sân bãi thoáng, xe container ra vào dễ dàng🔧 Tiện ích & hạ tầng:•	Hệ thống điện 3 pha, nước sạch, PCCC đầy đủ•	Đường nội bộ bê tông kiên cố•	Vị trí KCN hoạt động ổn định, dễ tuyển công nhân•	Phù hợp các ngành: sản xuất, cơ khí, kho bãi, may mặc, bao bì...💵 Giá cho thuê: 2.9 USD/m²/tháng➡️ Cho thuê toàn ",110000.0,20000.0,"Xã An Viễn,Huyện Trảng Bom,Đồng Nai",dong-nai,"Kho, nhà xưởng",kho-nha-xuong,2025-09-13 17:55:30,09/09/2025 17:55,RENT_HIGH_CONFIDENCE,explicit_rental_title,22
68581,1311180.0,"Cho thuê đất mặt tiền Quôc lộ 80 xã An Nhơn, huyện Châu Thành tỉnh Đồng Thadp","Cần cho thuê 3500 m2 đất mặt tiền quốc lộ 80, dối diện nhà thờ nhà Mân, gần trường cấp 2 An Nhơn, kế bên hủ tiếu Văn Vĩ, khu dan cu đóng đúc bề ngang mặt tiền khoảng 20m rất thuận tiền mở mặt bằng. Liên hệ 0915060079. Giá thỏa thuận",0.0,3500.0,"Xã An Nhơn,Huyện Châu Thành,Đồng Tháp",dong-thap,Đất,dat-tho-cu,2025-09-13 23:54:20,15/07/2025 23:54,RENT_HIGH_CONFIDENCE,explicit_rental_title,23
168307,1508688.0,Cho Thuê Biệt Thự Him Lam Kênh Tẻ Làm Văn Phòng Giá 100tr/th,"Chủ gửi cho thuê căn biệt thự tại Him Lam Kênh Tẻ.Dt: 10*20m.Xây hầm trệt 3 lầu.Có thang máy.Thích hợp làm văn phòng, công ty kết hợp ở.Dt sử dụng 650m2.Đường 14m.Giá: 100tr/ th.Lh: Đặc điểm nổi bậtDiện tích :200m2Giá :100 triệu/thángSố tầng :4 tầngĐường vào :14m",100.0,200.0,"Phường Tân Hưng,Quận 7,TP. Hồ Chí Minh",tp-ho-chi-minh,Nhà riêng,nha-mat-pho-mat-tien,2025-09-13 18:41:43,13/09/2025 10:41,RENT_HIGH_CONFIDENCE,explicit_rental_title,24
60615,1196357.0,"Cho thuê kho bãi diện tích 20.000m2  Tại KCN Biên Hòa 2, Đồng Nai","Thông Tin Cho Thuê:•	Tổng diện tích cho thuê: 20.000m2o	Kho 1: Diện tích 5.000m2o	Kho 2: Diện tích 3.000m2•	Sân bãi và diện tích ngoài trời: 8.000m2, bao gồm cả diện tích sân thượng trên mái.Chi Tiết Các Khu Vực Cho Thuê:1.	Kho Bãi (Diện Tích 8.000m2):o	Diện tích kho lớn, phù hợp cho việc lưu trữ hàng hóa, nguyên liệu, hoặc các hoạt động sản xuất.o	Giá cho thuê: 4,5 USD/m2 (chưa VAT).2.	Sân Bãi (Diện Tích 8.000m2):o	Không gian sân bãi rộng rãi, lý tưởng cho các hoạt động lưu trữ ngoài trời hoặc làm bãi đỗ xe.o	Giá cho thuê: 2,5 USD/m2 (chưa VAT).3.	Sân Thượng (Diện Tích 8.000m2):o	Tầng 2, sân thượng mái có diện tích rộng, có thể tận dụng cho các mục đích sản xuất hoặc lưu trữ.o	Giá cho thuê:",1120.0,20000.0,"Phường Hiệp Hòa,Thành phố Biên Hòa,Đồng Nai",dong-nai,"Kho, nhà xưởng",kho-nha-xuong,2025-09-13 17:57:19,16/04/2025 17:57,RENT_HIGH_CONFIDENCE,explicit_rental_title,25
28741,1284110.0,"🔶 CHO THUÊ NHÀ XƯỞNG MỚI 21.260 m2 trong KCN VSIP 2, VĨNH TÂN, BÌNH DƯƠNG 🔶","🔶 CHO THUÊ NHÀ XƯỞNG MỚI 21.260 m2 trong KCN VSIP 2, VĨNH TÂN, BÌNH DƯƠNG 🔶Phù hợp cho sản xuất công nghiệp, kho bãi, xuất khẩu, hoặc logistics.________________________________________🔹 Tổng diện tích đất: 20.940 m²🔹 Tổng diện tích xây dựng: 21.260 m²🔹 Kết cấu:▪ 2 nhà xưởng lớn▫ Diện tích mỗi xưởng: 10.630 m²▫ Kết cấu: 1 trệt + 1 lầu (mỗi sàn 5.315 m²)▪ Văn phòng làm việc khang trang (bố trí riêng hoặc tích hợp)📍 Vị trí đắc địa – KCN VSIP 2, Vĩnh Tân, Tân Uyên, Bình Dương➡️ Cách TP. HCM chỉ 45 phút, dễ dàng kết nối đến cảng biển, sân bay quốc tế➡️ Gần các tuyến đường chính: DT742, Quốc lộ 13, Mỹ Phước – Tân Vạn📌 ƯU ĐIỂM NỔI BẬT:✅ Nhà xưởng mới xây dựng, hiện đại, chất lượng cao✅ Chiều cao tr",110000.0,21000.0,"Xã Bạch Đằng,Thị xã Tân Uyên,Bình Dương",binh-duong,"Kho, nhà xưởng",kho-nha-xuong,2025-09-13 17:39:16,09/09/2025 17:39,RENT_HIGH_CONFIDENCE,explicit_rental_title,26
123779,1508985.0,Cho Thuê Villa đẹp Khu Wyndham Grand Cam Ranh Giá 32 Triệu/tháng đã Bao Gồm Phí Quản Lý,"Cho thuê villa đẹp khu Wyndham Grand Cam Ranh giá 32triệu/tháng (đã bao gồm phí quản lí).Mã nhà: VIL - 109.Khu vực: Cam Ranh.- Giá thuê: 32triệu/tháng (có thương lượng).- Đặt cọc 02 tháng & thanh toán 01 tháng/lần.- Hợp đồng tối thiểu 06 tháng - 12 tháng, ưu tiên thuê dài hạn.- Diện tích sàn 220m2 x 2 tầng.- Diện tích sử dụng gần 500m2.- Cấu trúc gồm:+ Tầng 1: Phòng khách, khu vực bếp, 1PN, 2WC, hồ bơi.+ Tầng 2: 3PN.- Nội thất đầy đủ.- Chi phí Điện & Nước giá nhà nước, thanh toán theo hoá đơn.Liên hệ: Vân (Facebook, Zalo, WhatsApp.Đặc điểm nổi bậtDiện tích :220m2Giá :32 triệu/thángSố tầng :2 tầngPhòng ngủ :4 phòngPhòng tắm :2 phòng",32.0,220.0,"Phường Cam Nghĩa,Thành phố Cam Ranh,Khánh Hòa",khanh-hoa,Nhà riêng,nha-mat-pho-mat-tien,2025-09-13 14:31:53,13/09/2025 10:31,RENT_HIGH_CONFIDENCE,explicit_rental_title,27
116105,1509332.0,"Cho Thuê Nhà Liền Kề 8 Phòng Ngủ Vinhomes Marina, Hải Phòng","CHO THUÊ NHÀ LIỀN KỀ 8 PHÒNG NGỦ VINHOMES MARINA, HẢI PHÒNGKết cấu & tiện ích:Tầng 1: Phòng khách rộng, bếp hiện đại8 phòng ngủ đầy đủ giường, tủ, tivi, điều hoàTrang bị tủ lạnh, đồ dùng cơ bản, nội thất đẹp chỉ việc xách vali vào ởƯu điểm nổi bật:Phù hợp cho gia đình đông người hoặc đoàn chuyên giaKhu đô thị Vinhomes Marina phong cách châu Âu, an ninh 24/7Môi trường sống văn minh, tiện ích nội khu cao cấpGiá thuê: chỉ 55 triệu/thángLiên hệ ngay: Mr. Thịnh Call/Zalo)Xem nhà trực tiếp Thủ tục nhanh gọn Nhà đẹp, vào ở ngay!#ChoThueNha #VinhomesMarina #HaiPhong #NhaChuyenGia #GiaTotĐặc điểm nổi bậtDiện tích :105m2Giá :55 triệu/thángSố tầng :4 tầngPhòng ngủ :8 phòngPhòng tắm :8 phòng",55.0,105.0,"Phường Vĩnh Niệm,Quận Lê Chân,Hải Phòng",hai-phong,Nhà riêng,nha-mat-pho-mat-tien,2025-09-13 13:05:53,13/09/2025 11:05,RENT_HIGH_CONFIDENCE,explicit_rental_title,28
123413,1310333.0,"Cho Thuê Kho, Xưởng sản xuất tại KCN Tân Quang, KCN Phố Nối A-B, tỉnh Hưng Yên (Tin Hết Hạn)","Cho Thuê Kho, Xưởng sản xuất trong các  KCN Tân Quang, KCN Phố Nối A-B, KCN Thăng Long 2 tỉnh Hưng Yên- Kho xưởng mới xây, theo tiêu chuẩn hạng A, có hệ thống PCCC thẩm duyệt hạng C, Hệ thống thu gom xử lý nước thải tập trung.- Nhà xưởng phù hợp với các doanh nghiệp FDI nước ngoài1- Diện tích cho thuê: 1.000m2 - 1.600m - 5.000m2 đến 30.000m22. Đường xe cont, khu vực kho, xưởng có riêng và chung có bảo vệ vòng ngoài, đường nội bộ rộng 12m.3. Phù hợp chứa hàng xá, dời, pallet, kho phân phối, xưởng sản xuất các loại ngành nghề.- Có kho tự quản và kho full dịch vụ bốc xếp, nâng hạ xe nâng, quản lý xuất nhập hàng... (Các loại hàng xá, hàng rời nông sản, và pallet).- Có xưởng cho thuê sản xuất các",455.0,2000.0,"Xã Lạc Đạo,Huyện Văn Lâm,Hưng Yên",hung-yen,"Kho, nhà xưởng",kho-nha-xuong,2025-09-13 13:26:37,15/07/2025 13:26,RENT_HIGH_CONFIDENCE,explicit_rental_title,29
168455,1507381.0,Cho Thuê Biệt Thự Mặt Tiền đường Nội Bộ Khu Tên Lửa Gần Siêu Thị Aeon - Nhà Mới Sạch đẹp,"Cho thuê biệt thự mặt tiền đường nội bộ khu Tên Lửa gần siêu thị Aeon.Giá thuê: 40tr/thángDT: 7 x 20Nhà có 1 trệt 2 lầu sân thượng10 phòng ngủ, 11 WCCó nội thất.Nhà mới sạch đẹp.Đối diện công viênĐặc điểm nổi bậtDiện tích :140m2Mặt tiền :7mGiá :40 triệu/thángPhòng ngủ :10 phòngPhòng tắm :11 phòng",40.0,140.0,"Phường Bình Trị Đông B,Quận Bình Tân,TP. Hồ Chí Minh",tp-ho-chi-minh,Nhà riêng,nha-mat-pho-mat-tien,2025-09-13 18:42:15,13/09/2025 10:42,RENT_HIGH_CONFIDENCE,explicit_rental_title,30
34087,1268111.0,"Cho thuê nhà xưởng 10.000 m2 KCN Đồng Xoài 3, Bình Phước","Cho thuê nhà xưởng 10.000 m2 KCN Đồng Xoài 3, Bình Phước📍 Vị trí: KCN Đồng Xoài 3, Phường Tiến Hưng, TP. Đồng Xoài, Tỉnh Bình Phước📐 Diện tích:•	Tổng diện tích: 9.000 m²•	Xưởng 2 tầng: 10.000 m² (5.000 m² x 2 tầng)•	Văn phòng: 750 m² (250 m² x 3 tầng)💰 Giá cho thuê: 2.8 USD/m²/tháng✅ Tiện ích & ưu điểm:•	Nằm trong khu công nghiệp quy hoạch chuẩn, giao thông thuận tiện•	Kết cấu kiên cố, phù hợp sản xuất nhiều ngành nghề•	Hệ thống PCCC, điện 3 pha, nước máy đầy đủ•	Văn phòng điều hành hiện đại, tiện nghi•	Có thể sử dụng ngay📞 Hotline: 0931 769 444🌐 www.nhaxuongmiennam.vn",9000.0,9000.0,"Xã Tân Hòa,Huyện Đồng Phú,Bình Phước",binh-phuoc,"Kho, nhà xưởng",kho-nha-xuong,2025-09-13 16:13:44,09/09/2025 16:13,RENT_HIGH_CONFIDENCE,explicit_rental_title,31
229433,1344868.0,"Cho thuê nhanh ch tresor 2 pn (65 m2) full nt giá 5,8 tỷ tầng cao, view sông . dung xem nhà","Tin thật 100%, giá rẻ nhất tại Tresor.Dung có nhiều căn tại The Tresor cần bán. Hỗ trợ kiếm căn phù hợp theo nhu cầu của Khách hàng.- Diện tích 65 m² (2 PN, 1WC) - Full nội thất.- Giá: 5,8 tỷ bao gồm tiền sổ và thuế phíTiện ích: Gym, hồ bơi, siêu thị,...Dung (Danh Land) còn nhiều Office Tel, 1,2, 3 PN cần cho thuê tại quận 4.LH Dung  (zalo) nhận thông tin chi tiết.Xem thêm",58000.0,65.0,"Đường Bến Vân Đồn,Phường 12,Quận 4,TP. Hồ Chí Minh",tp-ho-chi-minh,Căn hộ chung cư,can-ho-chung-cu,2025-09-13 22:59:03,14/08/2025 22:59,RENT_HIGH_CONFIDENCE,explicit_rental_title,32
34116,1266970.0,"Cho thuê nhà xưởng 19.989m2 phù hợp cưa xẻ,sấy tẩm gỗ Hớn Quản, Bình Phước.","📍 Vị trí: Hớn Quản, Bình Phước📐 Tổng diện tích đất: 19.989 m²🏗️ Tổng diện tích xây dựng: 13.430 m²💰 Giá cho thuê: 2.3 USD/m²/tháng________________________________________Chi tiết công trình gồm:🔹 6 nhà xưởng độc lập:•	Xưởng 1: 1.503 m²•	Xưởng 2: 1.315 m²•	Xưởng 3: 920 m²•	Xưởng 4: 4.376 m²•	Xưởng 5: 3.613 m²•	Xưởng 6: 996 m²🔹 Các công trình phụ trợ:•	Nhà điều hành, nhà ăn và công trình phụ trợ: 708 m²________________________________________Ưu điểm nổi bật:✅ Thiết kế phù hợp sản xuất ngành gỗ: cửa, xẻ, sấy tẩm✅ Hệ thống điện 3 pha, nước đầy đủ✅ Đường xe container vào tận nơi✅ Khu vực an ninh, thuận tiện nhân côngĐể biết thêm thông tin về xưởng cho thuê vui lòng liên hệCông Ty TNHH MTV Quý Lộc",44000.0,19989.0,"Đường Bắc Nam 4A - Thị Trấn Tân Khai,Xã Minh Đức,Huyện Hớn Quản,Bình Phước",binh-phuoc,"Kho, nhà xưởng",kho-nha-xuong,2025-09-13 16:13:47,15/06/2025 16:13,RENT_HIGH_CONFIDENCE,explicit_rental_title,33
168530,1506896.0,"Cho Thuê Biệt Thự đẹp Tại Phú Mỹ Hưng,q7, Hcm. Giá 68 Triệu, 280 M2, 5pn, 5wc, Full Nội Thất","Cho thuê biệt thự tại Phú Mỹ Hưng, Tân Phong, Quận 7, TP.HCM với các đặc điểm nổi bật sau:+ Diện tích rộng rãi 280 m2, phù hợp cho gia đình lớn hoặc nhóm bạn.+ Thiết kế hiện đại với 3 tầng, tạo không gian sống thoải mái.+ Nội thất đầy đủ, bao gồm điều hòa, tủ lạnh, giường,...+ Giá thuê 68 triệu VND, linh hoạt thời gian thuê từ 1 năm trở lên.Khu vực xung quanh có nhiều tiện ích như:+ Gần bệnh viện FV, bệnh viện tim Tâm Đức.+ Siêu thị Winmart và Youth Market Sky Garden.+ Công viên Hồ Bán Nguyệt lý tưởng cho các hoạt động ngoài trời.+ Các trường học như Seami Quận 7 và Little Genius International Kindergarten.Liên hệ ngay để được tư vấn miễn phí qua số điện thoại hoặc liên hệ với Hoàng Văn Cườn",68.0,280.0,"Đường Nội Bộ Khu Phú Mỹ Hưng,Phường Tân Phong,Quận 7,TP. Hồ Chí Minh",tp-ho-chi-minh,Nhà riêng,nha-mat-pho-mat-tien,2025-09-13 18:42:32,13/09/2025 10:42,RENT_HIGH_CONFIDENCE,explicit_rental_title,34
231890,1349982.0,"Cho thuê đất 23.000 m2 gần CCN Quang Trung Quận 12, TPHCM","Cho thuê đất 23.000 m2 gần CCN Quang Trung Quận 12, TPHCM📌 Phù hợp làm kho bãi, bãi đậu xe, xưởng ngoài trời📐 Thông tin chi tiết:•	Tổng diện tích đất: 23.000 m²•	Trong đó có hơn 10.000 m² đất sản xuất kinh doanh (SXKD)•	Có sẵn nhà văn phòng 1 trệt 1 lầu – đầy đủ tiện nghi sử dụng làm điều hành, quản lý•	Đất trống bằng phẳng, dễ thi công, dựng kho, mái che tạm...📍 Vị trí đắc địa:•	Quận 12, TP.HCM – gần Cụm Công Nghiệp Quang Trung•	Cách Quốc lộ 1A chỉ 500m – giao thông thuận tiện container ra vào💰 Giá cho thuê: 23.000 VNĐ/m²/tháng📑 Hợp đồng dài hạn – linh hoạt phương án thuê theo nhu cầu📞 Hotline: 0931 769 444🌐 Website: www.nhaxuongchinhchu.vn",100.0,23000.0,"Phường An Phú,TP. Hồ Chí Minh",tp-ho-chi-minh,"Kho, nhà xưởng",kho-nha-xuong,2025-09-13 23:10:17,09/09/2025 23:10,RENT_HIGH_CONFIDENCE,explicit_rental_title,35
6828,1197147.0,"Cho thuê nhà xưởng 1.305 m2 tại Mỹ Xuân, BRVT","Cho thuê nhà xưởng 1.305 m2 tại Mỹ Xuân, BRVT📍 Vị trí: Mỹ Xuân, Bà Rịa - Vũng Tàu✅ Giao thông thuận lợi, gần cảng biển, khu công nghiệp lớn🏭 Diện tích khuôn viên: 3.000m²🏢 Diện tích nhà xưởng: 1.305m² (27.81m × 46.95m)⚙ Trang bị sẵn:•	Cẩu trục 25 tấn•	Cẩu trục 3 tấn•	Hệ thống điện, nước đầy đủ, phù hợp nhiều ngành nghề sản xuất💰 Giá thuê: 83 triệu VNĐ/tháng📞 Hotline: 0931 769 444 🌐 Website: www.nhaxuongmiennam.vn📌 Liên hệ ngay để xem xưởng thực tế & nhận ưu đãi! 🚀",10000.0,1800.0,"Xã Châu Pha,Thị xã Phú Mỹ,Bà Rịa - Vũng Tàu",ba-ria-vung-tau,"Kho, nhà xưởng",kho-nha-xuong,2025-09-13 18:16:40,16/04/2025 18:16,RENT_HIGH_CONFIDENCE,explicit_rental_title,36
28731,1263671.0,"Cho thuê nhà xưởng diện tích 18.500 m2 Bến Cát , Bình Dương","Cho thuê nhà xưởng diện tích 18.500 m2 Bến Cát , Bình Dương📌 Tổng diện tích khuôn viên 39.000m² – Xưởng chia khu – Có văn phòng riêng từng xưởng📐 Thông tin chi tiết:•	Tổng diện tích đất: 39.000 m²•	Tổng diện tích xây dựng: 18.500 m², gồm:▫️ Xưởng 1: 3.500 m²▫️ Xưởng 2: 4.200 m²▫️ Xưởng 3: 4.800 m²▫️ Xưởng 4: 6.000 m²•	Mỗi xưởng đều có văn phòng riêng bên trong•	Kết cấu nhà xưởng cao ráo, thông thoáng, nền bê tông chịu lực, mái chống nóng•	Xe container ra vào thuận tiện, hệ thống PCCC tiêu chuẩn💵 Giá cho thuê:•	Nhà xưởng: 2.5 USD/m²/tháng•	Văn phòng: 4.0 USD/m²/tháng(Có thể thuê từng xưởng hoặc toàn bộ tùy nhu cầu sử dụng)📍 Vị trí: Khu vực An Lập, Bến Cát, Bình Dương – Giao thông thuận lợi, k",110000.0,30000.0,"Xã An Tây,Thị xã Bến Cát,Bình Dương",binh-duong,"Kho, nhà xưởng",kho-nha-xuong,2025-09-13 17:39:15,11/09/2025 17:39,RENT_HIGH_CONFIDENCE,explicit_rental_title,37
145805,1215830.0,"Cho thuê Kho Xưởng 6.000m2 Tân An, Long An. Hệ thống PCCC tự động. LH 0798530267","* Diện Tích Khuôn viên: 5000m2 đến 30.000m2* Diện tích xưởng: 3000m2 đến 20.000m2* Văn phòng đa dạng diện tích, còn lại là khuôn viên nhà xe hành lang cây xanh và phòng bảo vệ* Hạ trạm biến áp 250kva - 2000kva* PCCC tự động, vách tường và Sprinkler đc thẩm duyệt nghiệm thu* Tiêu chuẩn xử lý nước thải của KCN: QCVN* Vị trí sát trục đường lớn khu công nghiệp, cơ sở hạ tầng hiện đại, trục đường giao thông vận tải nội khu an toàn, sạch đẹp với nhiều làn xe, hệ thống giao thông tốt, cây xanh vỉa hè thoáng mát* Hỗ trợ giấy phép đầu tư nước ngoàiNgoài ra bên em còn đa dạng diện tích và sản phẩm khác, anh/chị có thể liên hệ trực tiếp để được hỗ trợ các thông tin khác.",400.0,6000.0,"đường 1,Xã Hướng Thọ Phú,Thành phố Tân An,Long An",long-an,"Kho, nhà xưởng",kho-nha-xuong,2025-09-13 23:43:12,16/04/2025 23:43,RENT_HIGH_CONFIDENCE,explicit_rental_title,38
168347,1508247.0,Cho Thuê Biệt Thự Mặt Tiền Khu Tân định Quận 1 - Dtsd: 11x30m Trệt 3 Lầu,"CHO THUÊ BIỆT THỰ MẶT TIỀN khu Tân Định Quận 1 - DTSD: 11x30m Trệt 3 LầuDiện tích: 10x 30m- Kết cấu: trệt 3 lầu- Nhà mới xây có sẵn nội thất đầy đủ vào hoạt động luôn.- Vị trí đắc địa đường lớn tập trung khu dân cư đông đúc, dân trí cao.- Phù hợp VP cty, spa.,coffee, yoga,...- Giá thuê: 90 triệu/tháng.Liên hệ: Cô Đào.Đặc điểm nổi bậtDiện tích :300m2Giá :90 triệu/tháng",90.0,300.0,"Đường Trần Khánh Dư,Phường Tân Định,Quận 1,TP. Hồ Chí Minh",tp-ho-chi-minh,Nhà riêng,nha-mat-pho-mat-tien,2025-09-13 18:41:53,13/09/2025 10:41,RENT_HIGH_CONFIDENCE,explicit_rental_title,39
29388,1218425.0,"Cho thuê nhà xưởng 7.678 m2 Long Nguyên, Bàu Bàng, Bình Dương","Cho thuê nhà xưởng 7.678 m2 Long Nguyên, Bàu Bàng, Bình DươngPhù hợp sản xuất gỗ phun sơn & cơ khí – Điện 1.000kVA – Giá thuê tốt📍 Vị trí: Long Nguyên, Bàu Bàng, Bình Dương📐 Diện tích đất: 19.337 m²🏭 Diện tích xây dựng: 7.678 m²•	Gồm:• Xưởng 1: 3.906 m²• Xưởng 2: 3.472 m²🏢 Văn phòng: 300 m²⚡ Trạm điện: 1.000 kVA💼 Ngành nghề phù hợp: Gỗ phun sơn, cơ khí💰 Giá cho thuê: 65.000 VNĐ/m²/tháng________________________________________📞 Liên hệ chính chủ: 0931 769 444🌐 Website: www.nhaxuongchinhchu.vn",10000.0,10000.0,"Xã Hưng Hòa,Huyện Bàu Bàng,Bình Dương",binh-duong,"Kho, nhà xưởng",kho-nha-xuong,2025-09-13 17:41:30,16/04/2025 17:41,RENT_HIGH_CONFIDENCE,explicit_rental_title,40
168544,1506756.0,"Cho Thuê Biệt Thự Phú Mỹ đường Hoàng Quốc Việt, Quận 7, 5pn, Nhà đẹp, 60 Triệu, Lh:","Cho thuê Biệt Thự Khu dân cư Phú Mỹ, đường Hoàng Quốc Việt, quận 7, kế bên trường học Canada và trung tâm hành chính Phú Mỹ Hưng.Diện tích: 10.5 x 21, 1 trệt, 2 lầu, 1 áp mái, 5pn, 5wc, phòng khách,Giá cho thuê: 60,000,000 vnd/ thángNội thất đầy đủ, nhà đẹp.Để xem nhà thực tế, vui lòng liên hệ: Phi Thanh Đặc điểm nổi bậtDiện tích :220m2Giá :60 triệu/thángSố tầng :2 tầngPhòng ngủ :6 phòngPhòng tắm :4 phòng",60.0,220.0,"Đường Hoàng Quốc Việt Nối Dài (Phường Phú Mỹ) - Đường Nội Bộ Khu Dân Cư Vạn Phát Hưng,Phường Phú Mỹ,Quận 7,TP. Hồ Chí Minh",tp-ho-chi-minh,Nhà riêng,nha-mat-pho-mat-tien,2025-09-13 18:42:34,13/09/2025 10:42,RENT_HIGH_CONFIDENCE,explicit_rental_title,41
28722,1287939.0,"CHO THUÊ NHÀ XƯỞNG MỚI XÂY – TÂN UYÊN, BÌNH DƯƠNG","Tổng diện tích đất: 3.500m²🔹 Diện tích nhà xưởng: 3.000m² (chia 2 phân xưởng: 1.500m² + 1.500m²)🔹 Văn phòng: 120m² (xây riêng ngoài xưởng)🔹 Trạm điện: 320kVA – PCCC vách tường, pháp lý đầy đủ🔹 Vị trí: Trong cụm sản xuất hoạt động 24/24, 2 mặt tiền, xe container ra vào thoải mái🔹 Khu vực dễ tuyển công nhân, phù hợp đa ngành nghề: gỗ, cơ khí, sofa, ngũ kim, in ấn, nhựa, kho bãi…🛠️ Hiện trạng: Đang xây dựng – Bàn giao đầu tháng 8💼 Giá cho thuê: 230 triệu/tháng📌 Cọc 6 tháng – Hợp đồng dài hạn",230.0,3500.0,"Xã Thạnh Hội,Thị xã Tân Uyên,Bình Dương",binh-duong,"Kho, nhà xưởng",kho-nha-xuong,2025-09-13 17:39:14,13/09/2025 10:39,RENT_HIGH_CONFIDENCE,explicit_rental_title,42
168189,1509828.0,Cho Thuê Nhà Phố Lk Hà đô Centrosa- đa Dạng Dt: 5.5x12-5.5x16-8x16 Giá Chỉ Từ 55tr/th.sơn Minh Land,"CHUYÊN CHO THUÊ NHÀ PHỐ LK HÀ ĐÔ CENTROSA TRỤC ĐƯỜNG ĐẸP - PHƯỜNG HOÀ HƯNG, TP HỒ CHÍ MINHĐịa chỉ : 118 đường Ba tháng hai, Phường Hoà hưng,TP. Hồ Chí Minh+ Đa dạng diện tích : 5,5x12 - 5,5x16 - 8x16+ Xây dựng 1 trệt 2lầu 1 áp mái+ Sẵn sàng giao nhà - vào ở được ngay+ Thích hợp kinh doanh đa ngành nghề như: spa , văn phòng , cửa hàng , vv.Giá thuê chỉ từ : 55tr - 65tr - 90 tr/thángĐặt cọc 3 tháng thanh toán 1 thángKhu vưc an ninh 24/7 - để xe ô tô trước nhà - Kết nối 2000 cư dân, dân trí cao cấp - Khu vực kinh doanh sầm uấtVị trí đắc địa, kết nối các quận trung tâm - sân bay chỉ 5-10phút : như quận 1,3,5,tân bình, bình thạnh, q11Xem nhà vui lòng liên hệ : Ms MinhĐặc điểm nổi bậtDiện tích :60",55.0,60.0,"Đường 3/2,Phường 12,Quận 10,TP. Hồ Chí Minh",tp-ho-chi-minh,Nhà riêng,nha-mat-pho-mat-tien,2025-09-13 18:41:15,13/09/2025 10:41,RENT_HIGH_CONFIDENCE,explicit_rental_title,43
145807,1215827.0,Cho thuê kho xưởng 10.000m2 (xd: 7000m2) CCN Lợi Bình Nhơn. Xây mới 100%. LH 0798530267,"* Diện Tích Khuôn viên: 5000m2 đến 30.000m2* Diện tích xưởng: 3000m2 đến 20.000m2* Văn phòng đa dạng diện tích, còn lại là khuôn viên nhà xe hành lang cây xanh và phòng bảo vệ* Hạ trạm biến áp 250kva - 2000kva* PCCC tự động, vách tường và Sprinkler đc thẩm duyệt nghiệm thu* Tiêu chuẩn xử lý nước thải của KCN: QCVN* Vị trí sát trục đường lớn khu công nghiệp, cơ sở hạ tầng hiện đại, trục đường giao thông vận tải nội khu an toàn, sạch đẹp với nhiều làn xe, hệ thống giao thông tốt, cây xanh vỉa hè thoáng mát* Hỗ trợ giấy phép đầu tư nước ngoàiNgoài ra bên em còn đa dạng diện tích và sản phẩm khác, anh/chị có thể liên hệ trực tiếp để được hỗ trợ các thông tin khác.",550.0,10000.0,"đường 1,Xã Lợi Bình Nhơn,Thành phố Tân An,Long An",long-an,"Kho, nhà xưởng",kho-nha-xuong,2025-09-13 23:43:12,16/04/2025 23:43,RENT_HIGH_CONFIDENCE,explicit_rental_title,44
168830,1504107.0,Huyền - Cho Thuê Biệt Thự Lucasta Full Nội Thất đẹp Hiện đại Chỉ 33tr/th,"Cho thuê biệt thự khu compound cao cấp Lucasta Khang Điền với đầy đủ nội thất nằm trên mặt tiền đường Liên Phường thuận tiện giao thông.- Kết cấu 1 trệt và 2 lầu. Gồm 4 phòng mỗi phòng đều có cửa sổ lớn.Tầng trệt: Phòng khách, nhà bếp rộng.Tầng 1: Với 2 phòng ngủ và không gian sinh hoạt/phòng làm việc.Tầng 2: Với thiết kế 2 phòng ngủ (có 1 phòng ngủ có thể làm phòng thờ).- Giá 33 triệu/tháng.- Nhà thiết kế đẹp full nội thất hiện đại.Tiện ích khu vực:- Nhà nằm ngay khu an ninh 24/24, yên tĩnh, sạch sẽ thoáng mát, không khí trong lành, đường rộng rãi đậu xe hơi thoải mái.- Tiện ích xung quanh: Gần khu công nghệ cao, trường mẫu giáo, siêu thị, cửa hàng ăn uống, caphê...- Tiện ích nội khu gồm: H",50.0,160.0,"Đường 100, Khu Phố 6, Phường Tân Phú,Phường Phú Hữu,Quận 9,TP. Hồ Chí Minh",tp-ho-chi-minh,Nhà riêng,nha-mat-pho-mat-tien,2025-09-13 18:43:39,13/09/2025 10:43,RENT_HIGH_CONFIDENCE,explicit_rental_title,45
168192,1509832.0,"Hồng Ngọc Cho Thuê Nhà Biệt Thự Camellia Garden, Bình Chánh T9/2025 | Giỏ Hàng Giá Tốt","CHO THUÊ NHÀ BIỆT THỰ CAMELLIA GARDEN, BÌNH CHÁNHVị trí đắc địa: Camellia Garden nằm ngay mặt tiền Nguyễn Văn Linh, kết nối nhanh:8km Quận 15,5km Phú Mỹ HưngThuận tiện đi các tỉnh miền TâyDanh sách nhà cho thuê:1. Biệt thự mới, gần full NT 3PN + 3WC 25tr/tháng (ở ngay)2. Biệt thự full NT 3PN + 3WC 27tr/tháng (nhận 01/10/2025)3. Biệt thự sân vườn view hồ 4PN + 3VS, có sẵn NT cơ bản 21tr/tháng (nhận cuối 09/2025)4. Nhà phố Camellia 3PN + 2VS, nhà trống 14tr/tháng (nhận 15/09/2025, giá có giảm)Camellia Garden không gian sống xanh, tiện nghi, vị trí chiến lược khu Nam Sài Gòn.Em Ngọc Chuyên căn hộ khu vực TP.HCM, đặc biệt là các dự án của CĐT Nam Long như:Mizuki Park Akari City - WaterpointNhận ",14.0,74.0,"Đường Nguyễn Văn Linh,Xã Bình Hưng,Huyện Bình Chánh,TP. Hồ Chí Minh",tp-ho-chi-minh,Nhà riêng,nha-mat-pho-mat-tien,2025-09-13 18:41:15,13/09/2025 10:41,RENT_HIGH_CONFIDENCE,explicit_rental_title,46
34074,1273424.0,"Cho thuê nhà xưởng 4.945 m2 tại KCN Đồng Xoài 3 , Tiến Hưng, Bình Phước","Cho thuê nhà xưởng 4.945 m2 tại KCN Đồng Xoài 3 , Tiến Hưng, Bình Phước📐 Tổng diện tích khu đất: 7.850 m²🏗 Diện tích nhà xưởng xây dựng: 4.945 m²📍 Vị trí: Nằm trong Khu công nghiệp Đồng Xoài 3, phường Tiến Hưng, TP. Đồng Xoài, tỉnh Bình Phước – khu vực đang thu hút nhiều doanh nghiệp đầu tư trong lĩnh vực sản xuất, chế biến và logistics.✅ Hạ tầng & tiện ích:•	Nhà xưởng xây dựng kiên cố, kết cấu vững chắc, mái cao, thông thoáng.•	Sân bãi rộng rãi, xe container ra vào thuận tiện.•	Hệ thống điện 3 pha, cấp thoát nước đầy đủ.•	PCCC đã được trang bị theo tiêu chuẩn.💰 Giá cho thuê: 2.0 USD/m²/tháng➡️ Giá cạnh tranh, phù hợp làm kho chứa hàng, xưởng sản xuất nhẹ hoặc gia công.📞 Liên hệ ngay để xem ",11000.0,7000.0,"Phường Tân Phú,Thành phố Đồng Xoài,Bình Phước",binh-phuoc,"Kho, nhà xưởng",kho-nha-xuong,2025-09-13 16:13:42,09/09/2025 16:13,RENT_HIGH_CONFIDENCE,explicit_rental_title,47
11254,1506031.0,"Cho Thuê Nhà Ecolakes Mỹ Phước, Gồm 4pn, 4wc Giá 17,5tr Tháng","Cho Thuê nhà Vườn Thiên Đàng 2, Ecolakes Mỹ PhướcDt: 6x20Nhà xây 1trệt 1lầu ,4pn 4wc full nội thấtGiá cho thuê 17,5tr.Hợp đồng 2 năm trở lên. Có giá tốt.Nhà mới chưa qua sử dụng.Khu bao có bảo vệ, an ninh thích hợp vs chuyên giaGần trường học, chợ ,khu công nghiệp Mỹ PhướcLiên hệ : xem nhàĐặc điểm nổi bậtDiện tích :120m2Mặt tiền :6mGiá :17,5 triệu/thángSố tầng :2 tầngPhòng ngủ :4 phòngPhòng tắm :4 phòngĐường vào :10m",17.0,120.0,"Đường NE2,Phường Thới Hòa,Thị xã Bến Cát,Bình Dương",binh-duong,Nhà riêng,nha-mat-pho-mat-tien,2025-09-13 16:29:46,13/09/2025 10:29,RENT_HIGH_CONFIDENCE,explicit_rental_title,48
29401,1223309.0,"Cho thuê nhà xưởng 8.000m2 Tân Định Bắc Tân Uyên, BD.","Diện tích lớn – Hạ tầng đầy đủ – Giá thuê hấp dẫn🔹 Tổng diện tích đất: 8.000 m²🔹 Diện tích nhà xưởng: 4.800 m²🔹 Diện tích văn phòng: 300 m²🔹 Bình điện: 630 kVA – Phù hợp cho các ngành công nghiệp sử dụng máy móc công suất lớn🔹 Vị trí: Tân Định, huyện Bắc Tân Uyên, tỉnh Bình Dương – Giao thông thuận tiện, kết nối dễ dàng đến các tuyến đường huyết mạch và khu công nghiệp lân cận🔹 Giá cho thuê: 2,7 USD/m² (thỏa thuận cho khách thiện chí, hợp đồng dài hạn)✅ Ưu điểm nổi bật:•	Nhà xưởng kiên cố, mái cao, thông thoáng, có hệ thống PCCC, thoát nước hoàn chỉnh•	Văn phòng xây dựng riêng biệt, hiện đại, tiện nghi đầy đủ•	Khuôn viên rộng rãi, xe container ra vào thoải mái•	Pháp lý rõ ràng, hỗ trợ nhanh ",1000.0,8000.0,"Xã Tân Định,Huyện Bắc Tân Uyên,Bình Dương",binh-duong,"Kho, nhà xưởng",kho-nha-xuong,2025-09-13 17:41:32,16/05/2025 17:41,RENT_HIGH_CONFIDENCE,explicit_rental_title,49
29393,1218794.0,"🚨 Cho thuê nhà xưởng mới đang xây DT 16.373m2 ở Lai Hưng Bàu Bàng, BD","📍 Địa chỉ: Xã Lai Hưng, Huyện Bàu Bàng, Tỉnh Bình Dương🏭 Hiện trạng: Nhà xưởng đang xây dựng, sắp hoàn thiện. Có thể điều chỉnh thiết kế theo nhu cầu sử dụng của khách thuê nếu chốt sớm.________________________________________🔹 THÔNG TIN CHI TIẾT:•	Tổng diện tích khu đất: 16.373 m²•	Tổng diện tích xây dựng: 9.028 m²o	Diện tích nhà xưởng chính: 8.682 m² (Kích thước 87m x 99.8m)o	Diện tích văn phòng + nhà ăn: 142 m²o	Bao gồm đầy đủ các hạng mục phụ trợ:	Nhà bảo vệ	Khu nhà vệ sinh	Sân bãi rộng rãi, đổ bê tông toàn bộ•	Trạm điện: 560 KVA – đáp ứng tốt cho các ngành công nghiệp nặng, sản xuất lớn•	Hệ thống PCCC: Thiết kế đạt chuẩn, có thể lắp đặt tự động theo yêu cầu___________________________",1000.0,16373.0,"đường 15B,Xã Lai Hưng,Huyện Bàu Bàng,Bình Dương",binh-duong,"Kho, nhà xưởng",kho-nha-xuong,2025-09-13 17:41:31,16/04/2025 17:41,RENT_HIGH_CONFIDENCE,explicit_rental_title,50
158028,1198497.0,"Cho thuê nhà xưởng 20.000 m2 tại Gò Dầu, Tây Ninh giá rẻ","Cho thuê nhà xưởng 20.000 m2 tại Gò Dầu, Tây Ninh giá rẻ📍 Vị trí: Gò Dầu, Tây Ninh (Gần KCN Phước Đông)✅ Khu vực công nghiệp phát triển, thuận lợi sản xuất & logistics🏭 Tổng diện tích: 36.000m²🏢 Diện tích nhà xưởng: 20.000m²🏢 Văn phòng: 200m²⚙ Trang thiết bị sẵn có:•	Trạm cân phục vụ sản xuất•	Điện 3 pha, công suất 2.000KW•	36 lò sấy (40cm), công suất 3-3.5 tấn•	2 lò đốt•	Chuyền phun sơn, bồn tẩm, hệ thống hút bụi, máy cưa xẻ•	40 nhà ở cho công nhân💰 Giá thuê xưởng trống: 2 USD/m²💰 Thuê kèm máy móc: Liên hệ trao đổi trực tiếp📞 Hotline: 0931 769 444🌐 Website: www.nhaxuongchinhchu.vn📌 Liên hệ ngay để xem xưởng thực tế! 🚀",10000.0,30000.0,"Xã Cẩm Giang,Huyện Gò Dầu,Tây Ninh",tay-ninh,"Kho, nhà xưởng",kho-nha-xuong,2025-09-13 16:25:15,16/04/2025 16:25,RENT_HIGH_CONFIDENCE,explicit_rental_title,51
29348,1292390.0,Cho thuê nhà xưởng tại Phước Hòa Phú Giáo Bình Dương diện tích 21.974m2,"📍 Vị trí đắc địa – Cơ hội đầu tư – Diện tích lớn – Phù hợp nhiều ngành nghề________________________________________Thông tin chi tiết bất động sản:•	Địa chỉ: Xã Phước Hòa, Huyện Phú Giáo, Tỉnh Bình Dương•	Tổng diện tích khuôn viên: 21.974 m²•	Tổng diện tích nhà xưởng xây dựng: 11.740 m², bao gồm:o	Xưởng X1: 2.820 m²o	Xưởng X2: 1.500 m²o	Xưởng X3, X4, X5: 2.400 m² mỗi xưởng•	Diện tích văn phòng: 340 m²•	Kết cấu xây dựng: Nhà xưởng kiên cố, khung thép tiền chế, mái cao thoáng, nền bê tông chịu lực tốt, phù hợp cho sản xuất công nghiệp hoặc làm kho bãi.________________________________________Giá cho thuê:•	💰 Xưởng sản xuất: 2,2 USD/m²/tháng•	💼 Văn phòng: 3,5 USD/m²/thángĐể biết thêm thông tin c",29000.0,21794.0,"Đường DH501,Xã Phước Hoà,Huyện Phú Giáo,Bình Dương",binh-duong,"Kho, nhà xưởng",kho-nha-xuong,2025-09-13 17:41:22,15/07/2025 17:41,RENT_HIGH_CONFIDENCE,explicit_rental_title,52
9180,1454057.0,Cho thuê 4.000m2 xưởng mới tại Khu công nghiệp Thuận Thành – Bắc Ninh (Tin Hết Hạn),"Mời thuê nhà xưởng 4.000m2, mới xây dựng, bàn giao ngay. Hệ thống PCCC tự động, có hút khói tại khu công nghiệp Thuận Thành  – Bắc Ninh-	Tổng diện tích xưởng 4.000m2,  có văn phòng 2 tầng.-	Văn phòng 2 tầng 400m2-	PCCC tự động theo tiêu chuẩn mới, có hệ thống hút khói, báo cháy tự động-	Sàn sika đánh bóng, trần tôn chóng nóng-	Hệ thống tường rào độc lập.-	Trạm điện 500KVA•	Giá thuê: Xưởng 5,2$/m2, phí quản lý 0,4$/m2 (chưa VAT), văn phòng 6$/m2•	Cọc 3 TT 12 tháng. (miễn phí setup xưởng 2 tháng)Giấy tờ pháp lý đầy đủ, minh bạch rõ ràng.Hiện trạng:- Xưởng 1 tầng độc lập, có văn phòng và hàng rào riêng biệt, tôn chống nóng, hệ thống pccc tự động có hút khói, sàn đánh bóng sika, sân đường rộng r",0.0,4000.0,"Huyện Thuận Thành,Bắc Ninh",bac-ninh,"Kho, nhà xưởng",kho-nha-xuong,2025-09-13 13:04:36,06/09/2025 13:04,RENT_HIGH_CONFIDENCE,explicit_rental_title,53
34120,1216610.0,Cho thuê nhà xưởng khuôn viên rộng 53.000m² tại Đồng Xoài Bình Phước – GIÁ CHỈ 2 USD/M²,"Thông tin chi tiết:•	Tổng diện tích khuôn viên: 53.000m²•	Tổng diện tích nhà xưởng: 29.000m², bao gồm:o	Xưởng 1 (X1): 12.000m²o	Xưởng 2 (X2): 3.000m²o	Xưởng 3 (X3): 6.000m²o	Xưởng 4 (X4): 4.000m²o	Xưởng 5 (X5): 3.000m²•	Công trình phụ trợ: đầy đủ, phục vụ nhu cầu sản xuất và sinh hoạtƯu điểm nổi bật:✅ Vị trí đắc địa tại trung tâm công nghiệp của Bình Phước✅ Diện tích đa dạng, linh hoạt cho nhiều loại hình sản xuất✅ Nhà xưởng xây dựng kiên cố, thoáng mát, đạt tiêu chuẩn✅ Đường nội bộ rộng rãi, thuận tiện cho container, xe tải ra vào✅ Giá thuê cạnh tranh: chỉ từ 2 USD/m²/thángĐể biết thêm thông tin nhà xưởng cho thuê vui lòng liên hệ:Công Ty TNHH MTV Quý Lộc VượngMs Chi : 0931 769 444 hoặc Web",1000.0,53000.0,"Phường Tân Thiện,Thành phố Đồng Xoài,Bình Phước",binh-phuoc,"Kho, nhà xưởng",kho-nha-xuong,2025-09-13 16:13:51,16/04/2025 16:13,RENT_HIGH_CONFIDENCE,explicit_rental_title,54
60604,1194000.0,"Cho thuê kho diện tích 100.778m2 KCN Công Nghiệp Long Đức, Long Thành, Đồng Nai","Cần cho thuê kho tại Khu công nghiệp Long Đức, Long Thành, Đồng Nai, với các thông tin chi tiết như sau:•	Tổng diện tích: 100.778m²•	Diện tích xây dựng: 59.639m²•	Giá cho thuê: 4.5 USD/m²•	Phù hợp cho thuê lẻ theo nhu cầu sử dụng.Ưu điểm của kho:•	Vị trí đắc địa: Khu công nghiệp Long Đức nằm trong khu vực có cơ sở hạ tầng giao thông phát triển, dễ dàng kết nối với các tuyến đường chính và các khu vực lân cận, thuận tiện cho việc vận chuyển hàng hóa.•	Diện tích linh hoạt: Với diện tích kho có thể cho thuê theo nhu cầu sử dụng của khách hàng, đây là một lựa chọn lý tưởng cho các doanh nghiệp cần không gian lưu trữ hoặc sản xuất có quy mô khác nhau.•	Giá cho thuê hợp lý: Mức giá 4.5 USD/m² .Để ",1000.0,100778.0,"Xã Lộc An,Huyện Long Thành,Đồng Nai",dong-nai,"Kho, nhà xưởng",kho-nha-xuong,2025-09-13 17:57:18,16/04/2025 17:57,RENT_HIGH_CONFIDENCE,explicit_rental_title,55
27421,1306736.0,"Chỉ từ 5tr/tháng, sở hữu căn hộ 2 phòng ngủ 2 toilet view đẹp tại opal skyline gần aeon,vsip1","CHO THUÊ / BÁN CĂN HỘ 2 PHÒNG NGỦ  OPAL SKYLINE LÁI THIÊUVị trí trung tâm, tiện nghi đầy đủ  giá cực tốt, không phát sinh chi phí!Thông tin căn hộ:Diện tích: 65m²Thiết kế: 2 phòng ngủ, 2 toilet, ban công thoáng mátTrang bị sẵn: 2 máy lạnh, rèm cửaTình trạng: Nhà mới, sạch đẹp, vào ở ngayGiá cho thuê: chỉ 5 triệu/thángNhà đã có sẵn 2 máy lạnh  dọn vào ở ngay, không cần mua sắm gì thêmGiá bán: chỉ 1 tỷ 900 triệuĐÃ CÓ SỔ HỒNG riêng, pháp lý rõ ràngKhông phát sinh chi phí thêm  bao mọi thuế phí sang tênLý do nên chọn căn hộ này:Vị trí trung tâm Lái Thiêu, đi AEON Mall, TP.HCM, VSIP cực kỳ thuận tiệnChung cư cao cấp, có đầy đủ tiện ích: hồ bơi, gym, công viên, khu vui chơi trẻ em, BBQ, siêu thị m",19000.0,65.0,"Đường Nguyễn Văn Tiết - Đường Loại 1,Phường Lái Thiêu,Thị xã Thuận An,Bình Dương",binh-duong,Căn hộ chung cư,can-ho-chung-cu,2025-09-13 17:34:27,14/08/2025 17:34,RENT_HIGH_CONFIDENCE,explicit_rental_title,56
116054,1310579.0,Cho thuê nhà xưởng mới gần 8000m2 tại Hải Dương (Tin Hết Hạn),"- Diện tích đất: 1,4ha- Diện tích nhà xưởng: gần 8.000m2PCCC tự động- Xưởng đẹp,cao ráo, khung thép zamil.Mới xây dựng không lâu- Công trình phụ trợ: văn phòng,nhà ăn,nhà bảo vệ,an ninh 24/24- Có trạm biến áp 630kva, bãi đỗ xe,hồ nước,...- Giao thông thuận tiện,mặt đường tỉnh lộ, tuyển dụng dễ dàng.Cách Hải Phòng 13km- Pháp lý đầy đủ. Ưu tiên cho thuê lâu dàiGiá cho thuêLiên hệ / Call: (+84) 0975 655 724 Mr.Hội.Email:[email protected]( Zalo . Wechat . Instagram )Quý nhà đầu tư quan tân vui lòng liên hệ số máy trên(Hỗ trợ mua bán,cho thuê,tìm kiếm nhà xưởng,đất công nghiệp tại Hải Dương)SERVICE:   Industrial factory for rent / sell  .  租工厂/卖工厂  .임대/판매용 산업 공장  .  レンタル・販売工場.#Chothuênhàxưởng#thu",0.0,8000.0,"Xã Minh Đức,Huyện Tứ Kỳ,Hải Dương",hai-duong,"Kho, nhà xưởng",kho-nha-xuong,2025-09-13 13:05:41,15/07/2025 13:05,RENT_HIGH_CONFIDENCE,explicit_rental_title,57
11222,1509255.0,Cho Thuê Nhà Nội Thất Mới 3 Pn. Nhà View Công Viên,Nhà mới full nội thất xách vali vào ở ngayNội thất hiện đại đầy đủ công năng. View trực diện công viên đẹp thoángĐường trước nhà rộng rãi đỗ xe thoải máiLiên hệ xem nhàĐặc điểm nổi bậtDiện tích :100m2Giá :15 triệu/thángSố tầng :3 tầngPhòng ngủ :3 phòngPhòng tắm :4 phòngĐường vào :42m,15.0,100.0,"Xã Vĩnh Tân,Thị xã Tân Uyên,Bình Dương",binh-duong,Nhà riêng,nha-mat-pho-mat-tien,2025-09-13 16:29:36,13/09/2025 10:29,RENT_HIGH_CONFIDENCE,explicit_rental_title,58
60614,1191490.0,"Cho thuê nhà xưởng diện tích 9.215 m2 KCN Long Thành, Đồng Nai","Cho thuê nhà xưởng diện tích 9.215 m2 KCN Long Thành, Đồng Nai📍 Vị trí: KCN Long Thành, Đồng Nai✅ Giao thông thuận tiện, kết nối nhanh đến TP.HCM, cảng biển, sân bay🏭 Tổng diện tích: 14.535m²🏢 Diện tích nhà xưởng: 9.215m²⚡ Hạ tầng & tiện ích:•	Hệ thống điện: 1.000kVA, đáp ứng nhu cầu sản xuất lớn•	Kết cấu kiên cố, trần cao, nền chịu tải tốt•	Đường nội bộ rộng, xe container ra vào dễ dàng•	Hệ thống PCCC tiêu chuẩn, đảm bảo an toàn vận hành💰 Giá thuê: 4,75 USD/m²📞 Hotline: 0931 769 444🌐 Website: www.nhaxuongmiennam.vn📌 Liên hệ ngay để xem xưởng thực tế!",10000.0,12000.0,"Xã An Phước,Huyện Long Thành,Đồng Nai",dong-nai,"Kho, nhà xưởng",kho-nha-xuong,2025-09-13 17:57:19,16/04/2025 17:57,RENT_HIGH_CONFIDENCE,explicit_rental_title,59
29358,1260492.0,"Cho thuê nhà xưởng diện tích 8.900m2 có sẵn dây chuyền sản xuất ở Tân vĩnh hiệp,Tân Uyên, BD.","📍 Vị trí: Đường Tân Vĩnh Hiệp, Phường Tân Hiệp, TP. Tân Uyên, Bình Dương📐 Tổng diện tích đất: 17.000 m²🏭 Diện tích nhà xưởng: 8.900 m²•	Xưởng 1: 1.700 m²•	Xưởng 2: 3.400 m²•	Xưởng 3: 3.800 m²🏢 Văn phòng làm việc: 252 m² (1 trệt + 1 lầu)💵 Giá cho thuê:•	Nhà xưởng: 3 USD/m²/tháng•	Văn phòng: 4 USD/m²/tháng🔧 Tiện ích và trang bị sẵn có:•	Có sẵn máy móc định hình, nhà xưởng tiền chế chắc chắn•	Phù hợp để làm phôi, gia công gỗ hàng trắng•	Đã được lắp đặt dây chuyền sơn chuyên nghiệp•	Hạ tầng hoàn chỉnh, giao thông thuận tiện, xe container ra vào dễ dàngĐể biết thêm thông tin về xưởng cho thuê vui lòng liên hệCông Ty TNHH MTV Quý Lộc VượngHotline: 0931 769 444Website: https://nhaxuongchinhchu.vn",20000.0,17000.0,"Đường Bạch Đằng 07 - Khu Vực 2,Xã Tân Vĩnh Hiệp,Thị xã Tân Uyên,Bình Dương",binh-duong,"Kho, nhà xưởng",kho-nha-xuong,2025-09-13 17:41:23,15/06/2025 17:41,RENT_HIGH_CONFIDENCE,explicit_rental_title,60
29402,1197125.0,"Cho thuê bãi xe depot container diện tích 30.000 m2 tại Dĩ An, Bình Dương","Cho thuê bãi xe depot container diện tích 30.000 m2 tại Dĩ An, Bình Dương📍 Vị trí đắc địa: Dĩ An, Bình Dương (Gần ngã 3 Tân Vạn)✅ Kết nối thuận tiện đến TP.HCM, cảng biển, các KCN lớn📏 Diện tích bãi: 30.000m² (có thể chia nhỏ theo nhu cầu)⚡ Tiện ích & Hạ tầng:•	Mặt bằng rộng, nền cứng, phù hợp làm bãi xe, depot container•	Giao thông thuận lợi, xe tải, container ra vào dễ dàng•	An ninh đảm bảo, phù hợp lưu trữ và trung chuyển hàng hóa💰 Giá thuê: 15.000 VNĐ/m²📞 Hotline: 0931 769 444 Website: www.nhaxuongmiennam.vn📌 Liên hệ ngay để xem bãi & nhận ưu đãi! 🚀",10000.0,30000.0,"Phường An Bình,Thị xã Dĩ An,Bình Dương",binh-duong,"Kho, nhà xưởng",kho-nha-xuong,2025-09-13 17:41:32,16/04/2025 17:41,RENT_HIGH_CONFIDENCE,explicit_rental_title,61
28739,1264180.0,"Cho thuê nhà xưởng 11.120 m2 An Tây, Bến Cát, Bình Dương","Cho thuê nhà xưởng 11.120 m2 An Tây, Bến Cát, Bình Dương📌 Đất SKC đến năm 2047 – Hạ tầng chuẩn – Sẵn sàng vận hành ngay📐 Thông tin chi tiết:•	Tổng diện tích khuôn viên: 19.189 m²•	Tổng diện tích xây dựng: 11.120 m², gồm:▫️ Nhà xưởng 1: 2.700 m² (30m x 90m)▫️ Nhà xưởng 2: 4.500 m² (50m x 90m)▫️ Nhà xưởng 3: 3.600 m² (40m x 90m)▫️ Văn phòng 3 lầu: 320 m²/sàn, tổng diện tích 960 m²⚙️ Tiện ích & hạ tầng:•	Bình điện riêng: 630 KVA•	Hệ thống PCCC tiêu chuẩn•	Đường nội bộ rộng, container ra vào thoải mái•	Đất SKC – thời hạn sử dụng đến năm 2047•	Xưởng đã hoàn công – pháp lý rõ ràng💵 Giá cho thuê: 2.9 USD/m²/tháng (ưu đãi cho khách thuê lâu dài, có thể thương lượng nhẹ)📍 Vị trí: An Tây, Bến Cát, Bìn",100.0,19000.0,"Xã An Tây,Thị xã Bến Cát,Bình Dương",binh-duong,"Kho, nhà xưởng",kho-nha-xuong,2025-09-13 17:39:16,09/09/2025 17:39,RENT_HIGH_CONFIDENCE,explicit_rental_title,62
9216,1311558.0,"Cho thuê nhà xưởng trong KCN Yên Phong, dt 20000m2 độc lập làm EPE, PCCC tự động (Tin Hết Hạn)","Nhà xưởng mới, xây dựng theo tiêu chuẩn quốc tế,sẵn sàng bàn giao ngay.Xưởng 1 tầng, chiều cao 9-14mĐã trang bị PCCC tự động, đầy đủ hệ thống thông gió hút khóiNhà xưởng độc lập, khu văn phòng ,canteen, nhà xe miễn phí, sẵn bảo vệ vòng ngoài.Đáp ứng mọi ngành nghề theo quy định của KCNgiá thuê 5.6$/m2 đã bao gồm phí quản lýLiên hệ xem xưởng: Bích Diệp: 0988 457 392Chuyên bđs công nghiệp, kho xưởng miền bắc.",0.0,20000.0,"Xã Hòa Tiến,Huyện Yên Phong,Bắc Ninh",bac-ninh,"Kho, nhà xưởng",kho-nha-xuong,2025-09-13 13:04:45,15/07/2025 13:04,RENT_HIGH_CONFIDENCE,explicit_rental_title,63
60622,1188983.0,"Cho thuê nhà xưởng diện tích 16.731 m2 tại KCN An Phước, Long Thành, Đồng Nai","Cho thuê nhà xưởng diện tích 16.731 m2 tại KCN An Phước, Long Thành, Đồng Nai📍 Vị trí đắc địa – Khu công nghiệp An Phước, Long Thành, Đồng Nai✅ Giao thông thuận tiện, gần cao tốc TP.HCM – Long Thành – Dầu Giây, Quốc lộ 51, dễ dàng kết nối TP.HCM, sân bay Long Thành & các cảng biển lớn🏭 Tổng diện tích khu đất: 29.047m²🏢 Diện tích nhà xưởng: 16.731m² (gồm 5 xưởng)•	Xưởng 1-3: 3.069m²/xưởng•	Xưởng 4: 5.016m²•	Xưởng 5: 2.508m²🏢 Diện tích văn phòng:•	Văn phòng 1: 400m²•	Văn phòng 2: 400m²⚡ Hạ tầng & tiện ích:•	Nhà xưởng xây dựng kiên cố, kết cấu thép vững chắc, nền chịu tải cao•	Hệ thống điện 3 pha công suất lớn, cấp thoát nước đầy đủ•	Đường nội bộ rộng, xe container ra vào dễ dàng•	PCCC tiêu chu",10000.0,20000.0,"Xã An Phước,Huyện Long Thành,Đồng Nai",dong-nai,"Kho, nhà xưởng",kho-nha-xuong,2025-09-13 17:57:20,16/04/2025 17:57,RENT_HIGH_CONFIDENCE,explicit_rental_title,64
163561,1359064.0,CHO THUÊ TÒA NHÀ 17 TẦNG NGUYỄN VĂN TRỖI p17 PHÚ NHUẬN,"CHO THUÊTòa nhà 22A Nguyễn Văn Trỗi, phường 17, quận Phú NhuậnKết cấu: 02 hầm, 15 TầngThang máy: 03Diện tích XD: 22 x 25Tổng diện tích xd: 9.350m²Tổng diện tích sd: 4.505m²Diện tích/ sàn: 359m²Giá thuê sàn: 23$/m²LH trực tiếp 086 859 6068",2300.0,9350.0,"Phường Cầu Kiệu,TP. Hồ Chí Minh(Mới)",tp-ho-chi-minh,Nhà riêng,nha-mat-pho-mat-tien,2025-09-13 18:23:32,13/09/2025 17:58,RENT_HIGH_CONFIDENCE,explicit_rental_title,65
145786,1292091.0,"Cho thuê nhà xưởng tại KCN Đức Hòa Long An- diện tích 32.500m2, giao nhận tháng 4/2026","Chi tiết các lô nhà xưởng:•	Lô B6:o	Diện tích nhà xưởng: 3.970m²o	Văn phòng: 300m²•	Lô B7:o	Diện tích nhà xưởng: 3.970m²o	Văn phòng: 300m²•	Lô B8:o	Diện tích nhà xưởng: 3.970m²o	Văn phòng: 300m²•	Lô B9:o	Diện tích nhà xưởng: 5.520m²o	Văn phòng: 300m²👉 Tất cả các lô đều có khuôn viên đất trống rộng rãi, thuận tiện cho việc lưu thông container, đỗ xe tải, phát triển kho bãi ngoài trời hoặc mở rộng sản xuất trong tương lai.Giá cho thuê:•	Nhà xưởng: Từ 3.5 – 3.8 USD/m²/tháng (tùy theo vị trí và diện tích thuê)•	Văn phòng: 4.5 USD/m²/thángThời gian bàn giao dự kiến: Tháng 4 năm 2026Để biết thêm thông tin chi tiết về xưởng cho thuê vui lòng liên hệCTY TNHH MTV QUÝ LÔC VƯỢNGHotline: 0931 769 444Web",45000.0,32500.0,"Đường Ba Ngừa,Xã An Ninh Đông,Huyện Đức Hòa,Long An",long-an,"Kho, nhà xưởng",kho-nha-xuong,2025-09-13 23:43:10,15/07/2025 23:43,RENT_HIGH_CONFIDENCE,explicit_rental_title,66
60081,1506708.0,"Cho Thuê Nhà Xưởng Giá Rẻ Tại Phường An Hòa, Biên Hòa, Đồng Nai","X131 Cho thuê nhà xưởng giá rẻ tại phường An Hòa, Biên Hòa, Đồng NaiDiện tích: 1.500m² gồm 1000m² nhà xưởng, xưởng cao ráo, kèo cột chữ Y chắc chắn., nền bê tông chịu lực.Trạm điện 250kva sử dụng chung Đường nhựa xe Container vào tận xưởngGiá thuê: 35 triệu/ thángPhù hợp làm cơ khí, xưởng may hoặc sản xuất nhẹLiên hệ: Huỳnh Mai 0919310345",35.0,1500.0,"Xã An Hoà,Thành phố Biên Hòa,Đồng Nai",dong-nai,"Kho, nhà xưởng",kho-nha-xuong,2025-09-13 17:55:32,13/09/2025 10:55,RENT_HIGH_CONFIDENCE,explicit_rental_title,67
123777,1508979.0,Cho Thuê Nhà Mới 4 Phòng Ngủ Full Nội Thất Kđt Mỹ Gia Gói 8 Giá 26 Triệu/tháng,"Cho thuê nhà mới 4 phòng ngủ full nội thất KĐT Mỹ Gia gói 8 giá 26 triệu/tháng.Mã nhà: NNC - 2008.Khu Vực: Vĩnh Thái.- Giá: 26 triệu/tháng.- Diện tích: Sàn 100m2 x 3 tầng, DTSD 300m2.- Cấu trúc nhà gồm: Sân trước, 1 phòng khách, 1 bếp, 4 phòng ngủ, 4 WC, sân thượng.- Nội thất: Đầy đủ mới.- Hướng: Tây.- Đường nhựa 16m, vỉa hè 3m, có chỗ đậu ô tô.- Chi phí: Điện nước giá nhà nước, phí quản lý 880.000/tháng.- Hợp đồng 1 năm.- Cọc 2 tháng thanh toán 3 tháng/lần.Liên hệ: Vân (Facebook, Zalo, WhatsApp.Đặc điểm nổi bậtDiện tích :100m2Giá :26 triệu/thángSố tầng :3 tầngPhòng ngủ :4 phòngPhòng tắm :4 phòngĐường vào :16m",26.0,100.0,"Đường Võ Nguyên Giáp,Xã Vĩnh Thái,Thành phố Nha Trang,Khánh Hòa",khanh-hoa,Nhà riêng,nha-mat-pho-mat-tien,2025-09-13 14:31:53,13/09/2025 10:31,RENT_HIGH_CONFIDENCE,explicit_rental_title,68
11262,1504675.0,Cho Thuê Căn 6m Vườn Thiên đàng 2- Ecolakes Mỹ Phước,"Cho thuê nhà nguyên căn #Ecolakes Mỹ Phước- Dt: 6x20,Nhà 1 trệt 1 lầu , 3pn, 3wc.Nhà full nội thất, mới sạch đẹp.- Khu bao, bảo vệ 24/24, tiện ích hồ bơi, phòng gym- Giá thuê: 15tr/ tháng.Hotline: . Xem nhà .Đặc điểm nổi bậtDiện tích :120m2Mặt tiền :6mGiá :15 triệu/thángĐường vào :8m",15.0,120.0,"Đường NE2,Phường Thới Hòa,Thị xã Bến Cát,Bình Dương",binh-duong,Nhà riêng,nha-mat-pho-mat-tien,2025-09-13 16:29:48,13/09/2025 10:29,RENT_HIGH_CONFIDENCE,explicit_rental_title,69
34109,1279203.0,Cho thuê xưởng khuôn viên chung diện tích 3.960m2 trong kcn Minh Hưng Bình Phước,"📍 Vị trí: Khu công nghiệp Minh Hưng, Huyện Chơn Thành, Tỉnh Bình Phước🏭 Diện tích nhà xưởng: 3.960 m²💰 Giá cho thuê: 2.8 USD/m²/tháng (chưa bao gồm VAT)🔹 Thông tin chi tiết:•	Nhà xưởng nằm trong khu công nghiệp lớn, hạ tầng hoàn chỉnh.•	Thích hợp cho các ngành sản xuất, kho bãi, logistics.•	Xưởng thiết kế chuẩn công nghiệp, có hệ thống PCCC, điện 3 pha, đường xe container vào tận nơi.•	Khu vực chung, dễ dàng kết nối với các tuyến giao thông chính như QL13, QL14.•	Để biết thêm thông tin về nhà xưởng cho thuê vui lòng liên hệ•	Công Ty TNHH MTV Quý Lộc Vượng•	Hotline: 0931 769 444•	Website: https://nhaxuongchinhchu.vn",10000.0,3960.0,"Xã Minh Hưng,Thị xã Chơn Thành,Bình Phước",binh-phuoc,"Kho, nhà xưởng",kho-nha-xuong,2025-09-13 16:13:47,15/06/2025 16:13,RENT_HIGH_CONFIDENCE,explicit_rental_title,70
235470,1350533.0,Cho thuê nhà xưởng 3.400m2 trong KCN Hòa Phú Vĩnh Long giá cho thuê 85.000/m2,"📍 Vị trí: KCN Hòa Phú, Long Hồ, tỉnh Vĩnh Long🔹 Tổng diện tích khuôn viên: 74.000 m²🔹 Diện tích xây dựng: 20.000 m²🔹 Hiện còn trống: 1 xưởng diện tích 3.400 m²🔹 Trạm điện công suất lớn: 1.250 KVA – đáp ứng nhu cầu sản xuất🔹 Giá cho thuê: 85.000 VNĐ/m²✅ Nhà xưởng xây dựng kiên cố, hạ tầng KCN đồng bộ✅ Thích hợp sản xuất công nghiệp, logistics, kho hàngĐể biết thêm thông tin chi tiết về xưởng cho thuê vui lòng liên hệCTY TNHH MTV QUÝ LÔC VƯỢNGHotline: 0931 769 444Website: https://nhaxuongchinhchu.vn",15000.0,3400.0,"Xã Long Hồ,Vĩnh Long",vinh-long,"Kho, nhà xưởng",kho-nha-xuong,2025-09-13 23:52:28,14/08/2025 23:52,RENT_HIGH_CONFIDENCE,explicit_rental_title,71
60483,1310755.0,Cho thuê nhà xưởng 1500m2 và 6200 m2 giá 30.000/m2 gần khu công nghiệp Sông Mây (Tin Hết Hạn),"️ Xưởng được thiết kế rất đẹp, cao ráo, thoáng mát. Xung quanh là tường rào và cổng kín chắc chắn.️ Diện tích : 24x65=1500 ; 45x138=6200️ Bình điện  560KW, đường  xe Container ,có giấy phép hệ thống pccc️ Phù hợp : làm kho chứa hàng, hoặc sản xuất đa ngành  nghề ( trừ những nghành gây ô nhiễm môi trường, quá ồn ào, gây khói bụi)️ Tọa lạc : gần kcn Sông Mây️ Giá thuê : xưởng 1.500 m2 giá 45 triệuXưởng 6.200 m2 giá 186 triệu️ Đặt cọc 3 tháng ký hợp đồng lâu dài️ Liên hệ: 0989027902 xem xưởng (X08-A19)",0.0,7700.0,"Xã Tân An,Huyện Vĩnh Cửu,Đồng Nai",dong-nai,"Kho, nhà xưởng",kho-nha-xuong,2025-09-13 17:56:53,15/07/2025 17:56,RENT_HIGH_CONFIDENCE,explicit_rental_title,72
224656,1400451.0,"Cho thuê & sang nhượng D-Homme Quận 6, giá tốt nhất thị trường","🎉 CHUYÊN CHO THUÊ & SANG NHƯỢNG CĂN HỘ D-HOMME QUẬN 6 – GIÁ TỐT NHẤT THỊ TRƯỜNGCăn hộ cao cấp – Sống chuẩn Singapore giữa lòng Sài Gòn♻️ GIÁ CHO THUÊ: Nhà NT Cơ Bản- Full Nội Thất• 1PN: từ 10 – 12 triệu/tháng• 2PN: từ 13 – 16 triệu/tháng• 3PN: từ 17 – 20 triệu/thángCó thương lượng cho khách thiện chí, thuê dài hạn.♻CẦN BÁN – SANG NHƯỢNG GIÁ TỐT NHẤT DỰ ÁN• 1PN: từ 3,3 tỷ• 2PN: từ 4,6 tỷ• 3PN: từ 6,1 tỷĐã thanh toán 70–95%, pháp lý rõ ràng, sang tên nhanh.Tiện ích đỉnh cao 5 sao ngay trong dự án:• Trung tâm thương mại 5 tầng, hồ bơi, gym, phòng khám DHA, sky bar, siêu thị…• Bãi đậu xe thông minh, an ninh 24/7• Cộng đồng dân cư văn minh, trí thức☎LIÊN HỆ NGAY ĐỂ XEM NHÀ THỰC TẾ & NHẬN BẢNG GIÁ",3300.0,50.0,"Đường Hồng Bàng,Phường 06,Quận 6,TP. Hồ Chí Minh",tp-ho-chi-minh,Căn hộ chung cư,can-ho-chung-cu,2025-09-13 22:36:45,06/09/2025 22:36,RENT_HIGH_CONFIDENCE,explicit_rental_title,73
160708,1502390.0,Cho thuê đất công nghiệp xây dựng nhà xưởng tại các khu công nghiệp tại huế,"Cho thuê Đất Công nghiệp xây dựng Nhà xưởng tại các Khu Công nghiệp tại Huế--- Các Khu Công nghiệp tại Huế (Phú Bài, Chân Mây,..)- Nằm tại vị trí đắc địa trên mặt tiền đường Nguyễn Tất Thành, Phường Phú Bài, Huyện Hương Thủy, Thừa Thiên Huế.+ Cách sân bay Phú Bài: Chỉ 4 phút!+ Cách trung tâm thành phố Huế: 21 phút.+ Cách cảng Thuận An: 39 phút (23km).+ Cách cảng Chân Mây: 01 giờ.- Diện tích đất dự án xây nhà máy có đa dạng diện tích: Từ 20,000 m² (2 héc - ta) lên đến 460 héc - ta, rất lý tưởng cho các hoạt động sản xuất và lưu trữ nhà kho.- Giá bán hấp dẫn: Chỉ 1.6 triệu/ m².- Pháp lý đầy đủ, đảm bảo an tâm cho việc đầu tư.- Tư vấn và Hỗ trợ các thủ tục hoàn thành việc cấp giấy chứng nhận đầ",33140.0,20000.0,"Đường Các Đường Kiệt Còn Lại Của Đường Nguyễn Tất Thành - Phường Thủy Châu,Phường Phú Bài,Thị xã Hương Thủy,Thừa Thiên Huế",thua-thien-hue,"Kho, nhà xưởng",kho-nha-xuong,2025-09-13 13:43:12,13/09/2025 00:43,RENT_HIGH_CONFIDENCE,explicit_rental_title,74
29365,1257678.0,"Cho thuê nhà xưởng diện tích tổng 26.770M² – KCN Bình Chuẩn,Thuận An, BD","Thông tin tổng quan:•	Tổng diện tích đất: 26.770m²•	Mặt tiền đường: 136m•	Diện tích xây dựng: 16.678m²•	Vị trí: Khu công nghiệp Bình Chuẩn, TP. Thuận An, tỉnh Bình Dương•	Pháp lý rõ ràng, phù hợp sản xuất đa ngànhChi tiết công trình xây dựng gồm:•	Xưởng sơn hoàn thiện: 4.320m²•	Xưởng định hình: 2.790m²•	Xưởng tạo phôi: 2.790m²•	Xưởng kho sấy: 2.340m²•	Xưởng sơn: 3.010m²•	Văn phòng làm việc: 435m²•	Nhà kho vật tư: 322m²•	Showroom có gác lửng: 671m²•	Văn phòng đại diện để lại sử dụng: 278m²Tiện ích đi kèm:•	Có sẵn chuyền sơn Balet để lại cho khách thuê sử dụng•	Kết cấu nhà xưởng kiên cố, cao ráo, thông thoáng•	Hệ thống điện 3 pha, nước đầy đủ•	Đường nội bộ và mặt tiền rộng, xe container ra vào",10000.0,26770.0,"Phường Bình Chuẩn,Thị xã Thuận An,Bình Dương",binh-duong,"Kho, nhà xưởng",kho-nha-xuong,2025-09-13 17:41:24,15/06/2025 17:41,RENT_HIGH_CONFIDENCE,explicit_rental_title,75
145521,1463113.0,"Cho thuê kho xưởng cần guộc, long an. dt 7.000m2 , nhà xưởng 1.660m2. hệ thống pccc tự động","Cho thuê Kho Xưởng 7.000m² Cần Guộc - Long An.Vị trí: gần Quốc Lộ 50, Mỹ Lộc.- Tổng diện tích: 7.000m² (Gồm: nhà xưởng, văn phòng, sân bãi).Diện tích kho xưởng: 1.660m2Văn phòng, nhà ở đầy đủXưởng cao: 9m.Điện 3 pha. Hệ thống PCCC tự độngSân bãi rộng, xe Container 24h ra vào thuận tiện- Phù hợp làm kho chứa hàngXưởng sản suất nghành nghề- Giá thuê: 120 triệu/thángHợp đồng dài hạn.Liên hệ:  ( Tuấn Anh ).Hỗ trợ tư vấn, xem kho miễn phí.Wedsite: https://khoxuongmiennam.com.vnXem thêm",120.0,7000.0,"Xã Mỹ Lộc,Huyện Cần Giuộc,Long An",long-an,"Kho, nhà xưởng",kho-nha-xuong,2025-09-13 23:42:20,13/09/2025 00:42,RENT_HIGH_CONFIDENCE,explicit_rental_title,76
28738,1284143.0,"Cho thuê nhà xưởng đang xây dựng 6.221 m2 tại Long Nguyên, Bàu Bàng, Bình Dương","Cho thuê nhà xưởng đang xây dựng 6.221 m2 tại Long Nguyên, Bàu Bàng, Bình DươngThiết kế tối ưu cho sản xuất – Đầy đủ tiện ích – Giá thuê hấp dẫn________________________________________🔹 Tổng diện tích khuôn viên: 11.515 m²🔹 Tổng diện tích xây dựng: 6.221 m², bao gồm:▪ Nhà xưởng chính: 5.414 m²▪ Văn phòng làm việc: 224 m²▪ Tiện ích khác: Khu canteen, nhà xe, sân bãi…📍 Vị trí: Long Nguyên, huyện Bàu Bàng, tỉnh Bình Dương➡️ Nằm trong vùng công nghiệp đang phát triển mạnh➡️ Kết nối nhanh đến QL13, đường Mỹ Phước – Tân Vạn, cảng Cát Lái, cảng Thị Vải…________________________________________💰 GIÁ CHO THUÊ:▪ Nhà xưởng: 2.8 USD/m²/tháng▪ Văn phòng: 4.5 USD/m²/tháng(Chưa bao gồm VAT)⏱ Thời gian thuê ",9000.0,10000.0,"Xã Bạch Đằng,Thị xã Tân Uyên,Bình Dương",binh-duong,"Kho, nhà xưởng",kho-nha-xuong,2025-09-13 17:39:16,09/09/2025 17:39,RENT_HIGH_CONFIDENCE,explicit_rental_title,77
152411,1286149.0,"Cho thuê ô đất 568m² ( ô góc 22,7 X 25m) ngang 22,7m giá 50 triệu tại Phường Cao Xanh Thành phố Hạ Long","Cho thuê ô đất 568m² ( ô góc 22,7 X 25m) ngang 22,7m giá 50 triệu tại Phường Cao Xanh Thành phố Hạ Long",50.0,568.0,"Phường Cao Xanh,Quảng Ninh(Mới)",quang-ninh,Đất,dat-tho-cu,2025-09-13 00:41:05,14/08/2025 00:41,RENT_HIGH_CONFIDENCE,explicit_rental_title,78
34081,1274203.0,"Cho thuê nhà xưởng mới 20.400 m2 CCN Tiến Hưng, Bình Phước","Cho thuê nhà xưởng mới 20.400 m2 CCN Tiến Hưng, Bình Phước📐 Tổng diện tích đất: 25.000 m²🏗 Tổng diện tích xây dựng nhà xưởng: 20.400 m², gồm:•	Xưởng 1: 4.700 m²•	Xưởng 2: 4.700 m²•	Xưởng 3: 11.000 m², kết cấu 1 trệt + 1 lầu, mỗi sàn 5.500 m²📍 Vị trí: Nằm trong Cụm Công Nghiệp Tiến Hưng, thị xã Đồng Xoài, tỉnh Bình Phước – khu vực đang phát triển mạnh về công nghiệp, thu hút nhiều nhà đầu tư trong và ngoài nước.✅ Thông tin thêm:•	Xưởng mới đang trong quá trình hoàn thiện, có thể bàn giao theo tiến độ hoặc yêu cầu của khách thuê.•	Thiết kế hiện đại, chiều cao trần phù hợp lắp đặt thiết bị công nghiệp nặng hoặc chia thành các khu sản xuất – kho vận.•	Sân bãi rộng rãi, xe container ra vào dễ dàn",110000.0,30000.0,"Phường Tân Bình,Thành phố Đồng Xoài,Bình Phước",binh-phuoc,"Kho, nhà xưởng",kho-nha-xuong,2025-09-13 16:13:43,09/09/2025 16:13,RENT_HIGH_CONFIDENCE,explicit_rental_title,79
28737,1278513.0,"Cho thuê kho lớn 35.000 m2 tại kcn Sóng Thần, Dĩ An, Bình Dương","Cho thuê kho lớn 35.000 m2 tại kcn Sóng Thần, Dĩ An, Bình Dương📍 Vị trí: Khu công nghiệp Sóng Thần, TP. Dĩ An, tỉnh Bình Dương➡️ Trung tâm logistics và sản xuất hàng đầu khu vực phía Nam – kết nối trực tiếp TP.HCM, Đồng Nai, các cảng và sân bay quốc tế.🔹 Thông tin chi tiết:•	Tổng khuôn viên: 50.000 m²•	Diện tích kho còn trống cho thuê: 35.000 m², bao gồm:o	Kho 1: 20.000 m² – trang bị hệ thống PCCC vách tườngo	Kho 2: 15.000 m² – trang bị PCCC tự động•	Chiều cao kho:o	Vách cao: 11 mo	Đỉnh mái: 15 m•	Có hệ thống Dock Container hiện đại, thuận tiện xuất – nhập hàng nhanh chóng🔧 Hạ tầng kỹ thuật:•	Đường nội bộ rộng rãi, xe container 40ft ra vào thuận tiện•	Trạm điện ổn định, hệ thống chiếu sáng v",110000.0,50000.0,"Phường An Bình,Thị xã Dĩ An,Bình Dương",binh-duong,"Kho, nhà xưởng",kho-nha-xuong,2025-09-13 17:39:16,09/09/2025 17:39,RENT_HIGH_CONFIDENCE,explicit_rental_title,80
121486,1507223.0,"Cho Thuê Nhà Riêng Tại The Empire Vinhomes Ocean Park 2, Giá Chỉ Từ 6tr500/th","Nhanh tay sở hữu biệt thự, Cọ xanh, cho thuê tại The Empire - Vinhomes Ocean Park 2, đường 379, Xã Long Hưng, Văn Giang, Hưng Yên.- Thiết kế: 2PN + 2WC + bếp.- Giá: 6.5 triệu VND/th Văn Giang, Hưng Yên.- Nội thất: Cơ bản.- Chiều ngang mặt tiền: 5m, ngõ trước: 13m, thuận tiện cho ô tô ra vào.- Mặt tiền phù hợp cho kinh doanh.Ưu điểm:+ Điều hòa, tủ lạnh, giường.Tiện ích xung quanh: - Gần TTTM Vincom, Vinschool,- Gần bệnh viện đa khoa quốc tế Phúc Lâm.- Gần trường THPT Dương Quảng Hàm.Liên hệ ngay để biết thêm chi tiết: Lien do Đặc điểm nổi bậtDiện tích :56m2Mặt tiền :5mGiá :6,5 triệu/thángSố tầng :2 tầngPhòng ngủ :2 phòngPhòng tắm :2 phòngĐường vào :13m",6.0,56.0,"Đường 379 (Từ Nút Giao Với Đường 179 Về Phía Hà Nội) - Thị Trấn Văn Giang Và Các Khu Đô Thị Mới,Xã Nghĩa Trụ,Huyện Văn Giang,Hưng Yên",hung-yen,Nhà riêng,nha-mat-pho-mat-tien,2025-09-13 13:20:06,13/09/2025 11:20,RENT_HIGH_CONFIDENCE,explicit_rental_title,81
29368,1240539.0,"Cho thuê kho xưởng 3500m² Thuận An Bình Dương – PCCC đạt chuẩn, điện 250kva, container vào tận nơi.Liên hệ: Chothuexuongmiennam.com - 0366632092","Cho thuê kho xưởng 3500m² tại Thuận An, Bình Dương – PCCC đạt chuẩn, container vào tận nơi, giá 210tr/tháng. Liên hệ: Chothuexuongmiennam.com - 0366632092📍 Địa chỉ: Thuận An, Bình DươngThông tin chi tiết:Diện tích đất: 4.100 m²Diện tích xưởng: 3.500 m²Văn phòng: 100 m² riêng biệtĐiện: Trạm điện 250 KVA, đáp ứng tốt nhu cầu sản xuấtĐường giao thông: Xe container ra vào thuận tiện, đường lớnNgành nghề: Ưu tiên sản xuất sạch, kho chứa hàngPCCC: Hệ thống chữa cháy vách tường đạt chuẩnBàn giao: Kho xưởng mới, bàn giao sau 10 ngày kể từ khi ký hợp đồngGiá thuê: 210 triệu/thángĐặt cọc: 3 tháng✅ Ưu điểm:✔ Xưởng đẹp, cao ráo, thoáng mát✔ Khu vực an ninh, dễ tuyển lao động✔ Chủ cho thuê thiện chí, hỗ ",210.0,4800.0,"Đường 22 Tháng 12 (Thuận Giao - An Phú + Đất Thánh) - Đường Loại 3,Phường An Phú,Thị xã Thuận An,Bình Dương",binh-duong,"Kho, nhà xưởng",kho-nha-xuong,2025-09-13 17:41:24,16/05/2025 17:41,RENT_HIGH_CONFIDENCE,explicit_rental_title,82
34114,1265732.0,Cho thuê nhà xưởng tại Chơn Thành Bình Phước 26.000M² đầy đủ máy móc và hạ tầng giá chỉ 500 triệu/ tháng.,"📍 Vị trí: Chơn Thành, tỉnh Bình Phước💰 Giá cho thuê: 500 triệu/tháng📜 Pháp lý rõ ràng – đất đã lên SKC 13.355m², thời hạn sử dụng đến năm 2072________________________________________✅ Thông tin chi tiết:•	Tổng diện tích khuôn viên: 25.748 m²•	Diện tích nhà xưởng xây dựng: 10.800 m²•	Hiện trạng nhà xưởng:o	Hệ thống 12 lò sấy gỗ, hiện đang hoạt động 6 lòo	1 nồi hơi công nghiệpo	3 máy cưa CDo	13 máy cưa vòngo	Xe nâng hàng (sẵn có phục vụ vận hành)o	Trạm điện công suất lớn: 1600 KVA & 630 KVA – đảm bảo điện năng ổn định cho sản xuất liên tục________________________________________📌 Ưu điểm nổi bật:•	Nhà xưởng quy mô lớn, bố trí hợp lý, phù hợp cho sản xuất gỗ, cơ khí, chế biến, kho bãi…•	Máy móc",500.0,26000.0,"Đường Huyện Lộ Đh 13 - Xã Nha Bích,Xã Minh Long,Thị xã Chơn Thành,Bình Phước",binh-phuoc,"Kho, nhà xưởng",kho-nha-xuong,2025-09-13 16:13:47,15/06/2025 16:13,RENT_HIGH_CONFIDENCE,explicit_rental_title,83
114464,1319462.0,Cho thuê bãi tập kết vật liệu xây dựng gần Cảng Thanh Trì (Tin Hết Hạn),"Hiện công ty chúng tôi có khu đất ở gần Cảng Thanh Trì muốn cho thuê làm bãi tập kết vật liệu xây dựngKhu đất rộng 5ha, có thể cho thuê lẻ tùy theo nhu cầu sử dụng của quý khách hàngGần khu đất có các mấu cảng để bốc dỡ hàng. Hiện đã có các đơn vị đang thuê làm bãi chứa cát, đá, sỏi và các loại vật liệu xây dựng khácGiá thuê hợp lý theo giá thị trườngCông ty chúng tôi trực tiếp cho thuêChi tiết liên hệ:A. Duy: 0983088896Cảm ơn quý vị đã đọc tin!""",0.0,,"Xã Đông Mỹ,Huyện Thanh Trì,Hà Nội",ha-noi,"Kho, nhà xưởng",kho-nha-xuong,2025-09-13 00:21:53,15/07/2025 00:21,RENT_HIGH_CONFIDENCE,explicit_rental_title,84
121494,1506683.0,"Chính Chủ Cho Thuê Biệt Thự Song Lập Vườn Mai Ecopark, 162m2, Hoàn Thiện đẹp","Cho thuê nhanh căn biệt thự song lập Vườn Mai Ecopark, diện tích 162m2 hướng Tây Bắc.Thiết kế 4 phòng ngủ 4 vệ sinh.Có hồ cá koi, sân vườn rộng.Giá thuê 25 triệu/tháng.Liên hệ xem nhà Đặc điểm nổi bậtDiện tích :162m2Mặt tiền :12mGiá :25 triệu/thángSố tầng :2 tầngPhòng ngủ :4 phòngPhòng tắm :4 phòngĐường vào :30m",25.0,162.0,"Xã Xuân Quan,Huyện Văn Giang,Hưng Yên",hung-yen,Nhà riêng,nha-mat-pho-mat-tien,2025-09-13 13:20:08,13/09/2025 11:20,RENT_HIGH_CONFIDENCE,explicit_rental_title,85
29366,1257676.0,"Cho thuê nhà xưởng diện tích 7.000m2 có văn phòng tại Hài Mỹ, Bình Chuẩn , BD","📐 Tổng diện tích đất: 7.000 m²🏭 Diện tích nhà xưởng: 4.542 m²🏢 Diện tích văn phòng: 320 m²🚗 Diện tích nhà xe: 207 m²🍽️ Diện tích nhà ăn: 309 m²💵 Giá cho thuê chi tiết:•	Nhà xưởng: 4.7 USD/m²/tháng•	Văn phòng: 6.5 USD/m²/tháng•	Nhà xe & nhà ăn: 4.0 USD/m²/tháng✅ Phù hợp cho các doanh nghiệp sản xuất, kho bãi, logistics,...✅ Cơ sở hạ tầng hoàn thiện – vào hoạt động ngay✅ Pháp lý rõ ràng – hỗ trợ nhanh chóngĐể biết thêm thông tin về xưởng cho thuê vui lòng liên hệCông Ty TNHH MTV Quý Lộc VượngHotline: 0931 769 444Website: https://nhaxuongchinhchu.vn",1000.0,7000.0,"Đường An Phú 01 - Đường Loại 4,Phường Bình Chuẩn,Thị xã Thuận An,Bình Dương",binh-duong,"Kho, nhà xưởng",kho-nha-xuong,2025-09-13 17:41:24,15/06/2025 17:41,RENT_HIGH_CONFIDENCE,explicit_rental_title,86
168312,1508640.0,"Cho Thuê Biệt Thự Hưng Thái, Phú Mỹ Hưng 5pn Nhà Mới 100%","Cho thuê biệt thự Hưng Thái, Phú Mỹ Hưng nhà mới 100%.- DT đất: 302m2, nhà 1 trệt 1 lầu.- 5 phòng ngủ, 5 nhà vệ sinh.- 2 ô đậu xe trong nhà.- Full nội thất cao cấp như hình.Giá thuê: 179tr/tháng.LH xem nhà: Dung.Đặc điểm nổi bậtDiện tích :302m2Giá :179 triệu/thángSố tầng :2 tầngPhòng ngủ :5 phòngPhòng tắm :5 phòng",179.0,302.0,"Phường Tân Phong,Quận 7,TP. Hồ Chí Minh",tp-ho-chi-minh,Nhà riêng,nha-mat-pho-mat-tien,2025-09-13 18:41:44,13/09/2025 10:41,RENT_HIGH_CONFIDENCE,explicit_rental_title,87
29359,1262624.0,"Cho thuê kho tại vsip 2 – vĩnh tân tân uyên bình dương, diện tích 36.000m2.","🔹 Tổng diện tích khuôn viên: 36.000m²🔹 Diện tích xây dựng: 17.000m²•	Kho lạnh: 3.000m²•	Kho tổng hợp: 14.000m²💰 Giá cho thuê: 4,5 USD/m²/tháng (thương lượng cho khách thiện chí)________________________________________🔧 Tiện ích nổi bật:•	Hệ thống kho xây dựng kiên cố, chuẩn công nghiệp•	Kho lạnh đạt tiêu chuẩn bảo quản hàng đông lạnh, thực phẩm, dược phẩm...•	Hệ thống PCCC tự động, cấp thoát nước hoàn chỉnh•	Giao thông nội bộ rộng rãi, xe container ra vào thuận tiện•	Hạ tầng điện – nước – viễn thông đầy đủ•	Khuôn viên rộng rãi, thuận tiện cho logistics và phân phối hàng hóa________________________________________✅ Phù hợp với nhiều ngành nghề:•	Sản xuất – chế biến•	Logistics – phân phối•	Kho",1000.0,36000.0,"Xã Vĩnh Tân,Thị xã Tân Uyên,Bình Dương",binh-duong,"Kho, nhà xưởng",kho-nha-xuong,2025-09-13 17:41:23,15/06/2025 17:41,RENT_HIGH_CONFIDENCE,explicit_rental_title,88
36894,1310465.0,Cho thuê đất Khu Công Nghiệp Hàm Kiệm 1 - Bình Thuận. (Tin Hết Hạn),"Tỉnh Bình Thuận hiện đang được ưu đãi hàng loạt các loại thuế suất khi các doanh nghiệp đầu tư về nơi đâyTheo Luật thuế thu nhập doanh nghiệp (TNDN) số 14/2008/QH12, ngày 03/06/2008 và Nghị định số 218/2013/NĐ-CP ngày 26/12/2013+ Thuế thu nhập doanh nghiệp giảm còn 17% trong 10 năm+ Miễn thuế xuất nhập khẩu+ Thuế giá trị Gia tăng Hàng hóa, dịch vụ xuất khẩu, vận tải quốc tế: 0%+Thuế chuyển lợi nhuận ra nước ngoài: 0%... Và hàng loạt thuế suất ưu đãi khác.-------------------------------------------------------------------------------------------------------------------#Khucongnghiephamkiem1 - TỈNH BÌNH THUẬN- Có Quy mô 132hecta- Cơ sở hạ tầng hoàn chỉnh: Hệ thống xử lý nước thải, đường nhựa h",0.0,5000.0,"Xã Hàm Kiệm,Huyện Hàm Thuận Nam,Bình Thuận",binh-thuan,"Kho, nhà xưởng",kho-nha-xuong,2025-09-13 15:09:18,15/07/2025 15:09,RENT_HIGH_CONFIDENCE,explicit_rental_title,89
34080,1224064.0,"Cho thuê nhà xưởng 10.000 m2 KCN Đồng Xoài 3, Tiến Hưng, Bình Phước","Cho thuê nhà xưởng 10.000 m2 KCN Đồng Xoài 3, Tiến Hưng, Bình Phước📍 Vị trí: Khu công nghiệp Đồng Xoài 3, xã Tiến Hưng, TP. Đồng Xoài, tỉnh Bình Phước – khu vực đang phát triển mạnh, thu hút nhiều nhà đầu tư trong và ngoài nước. Giao thông thuận tiện, kết nối nhanh đến TP.HCM, Tây Ninh, Đồng Nai và các cửa khẩu quốc tế.🔹 Tổng diện tích đất: 9.000 m²🔹 Nhà xưởng xây dựng: 10.000 m² (Kết cấu 2 tầng: 5.000 m² x 2 tầng – phù hợp sản xuất hoặc kho hàng)🔹 Văn phòng điều hành: 750 m² (3 tầng, mỗi tầng 250 m² – không gian làm việc tiện nghi, hiện đại)✅ Tiêu chuẩn xây dựng hiện đại:•	Xưởng cao ráo, có hệ thống PCCC tự động•	Sàn chịu lực tốt, thuận tiện cho máy móc, xe nâng hoạt động•	Trang bị điện 3 p",10000.0,9000.0,"Xã An Phú,Huyện Hớn Quản,Bình Phước",binh-phuoc,"Kho, nhà xưởng",kho-nha-xuong,2025-09-13 16:13:43,09/09/2025 16:13,RENT_HIGH_CONFIDENCE,explicit_rental_title,90
29349,1288122.0,Cho thuê nhà xưởng Tại trừ văn thố bàu bang bình dương diện tích xây dựng 14.765m2,"Tổng quan bất động sản cho thuê:•	✅ Tổng diện tích đất: 25.645 m²•	✅ Tổng diện tích xây dựng: 14.765 m², bao gồm:o	🏭 Nhà xưởng 1: 2.028 m²o	🏭 Nhà xưởng 2: 1.508 m²o	🏭 Nhà xưởng 3: 806 m²o	🏭 Nhà xưởng 4: 6.962 m²o	📦 Nhà kho: 2.262 m²o	🧱 Các công trình phụ trợ khác: văn phòng, nhà xe, khu kỹ thuật, nhà bảo vệ, PCCC,…Pháp lý - Tiện ích:•	🏗️ Đất SKC (đất sản xuất kinh doanh)•	⏳ Thời hạn sử dụng đất đến năm 2069•	🔌 Hệ thống điện 3 pha, nước sạch đầy đủ•	🚛 Đường nội bộ rộng, xe container ra vào thoải mái•	🔥 Hệ thống PCCC đạt chuẩn, đã nghiệm thu•	🛠️ Phù hợp làm nhà xưởng sản xuất, kho chứa hàng, logistics, gia công cơ khí, bao bì,…Giá cho thuê:💵 Chỉ 2.7 USD/m²/tháng👉 Giá thuê cạnh tranh khu vực, h",10000.0,25645.0,"đường 16C,Xã Trừ Văn Thố,Huyện Bàu Bàng,Bình Dương",binh-duong,"Kho, nhà xưởng",kho-nha-xuong,2025-09-13 17:41:22,15/07/2025 17:41,RENT_HIGH_CONFIDENCE,explicit_rental_title,91
60617,1193062.0,"Cho Thuê Xưởng Xây Dựng diện tích 43.906m2 Tại KCN Nhơn Trạch, Đồng Nai","Chúng tôi hiện đang cho thuê xưởng xây dựng tại Khu Công Nghiệp Nhơn Trạch, Đồng Nai với diện tích tổng thể 43.906m² và diện tích xây dựng 24.891m², gồm các hạng mục sau:1.	4 Nhà Xưởng:o	Xưởng X1, X2, X3: Mỗi xưởng có diện tích 6.192m², văn phòng 137m² và khu phụ trợ 66m². Các xưởng này có thiết kế giống nhau.o	Xưởng X4: Diện tích 4.824m², văn phòng 137m².2.	Các Công Trình Phụ:o	Nhà văn phòng đại diện và nhà ăn: 680m².o	Nhà xe: Có 2 nhà xe với diện tích 96m² và 156m².Xưởng nằm trong khu công nghiệp Nhơn Trạch, vị trí thuận tiện cho việc vận chuyển và giao thương. Đây là lựa chọn lý tưởng cho các doanh nghiệp muốn thuê xưởng có đầy đủ tiện ích, không gian rộng rãi và dễ dàng tiếp cận các khu ",1000.0,43906.0,"Xã Hiệp Phước,Huyện Nhơn Trạch,Đồng Nai",dong-nai,"Kho, nhà xưởng",kho-nha-xuong,2025-09-13 17:57:19,16/04/2025 17:57,RENT_HIGH_CONFIDENCE,explicit_rental_title,92
29360,1261667.0,"Cho thuê nhà xưởng Full máy móc khuôn viên 18.000m2 tại An Long, Phú Giáo, BD","THÔNG TIN CHI TIẾT:•	Tổng diện tích khuôn viên: 18.000 m²•	Diện tích nhà xưởng chính: gần 5.000 m²•	Diện tích kho: 1.000 m²•	Sân bãi: Rộng rãi, xe container quay đầu thoải mái•	Phòng ở công nhân: 11 phòng đầy đủ tiện nghiHẠ TẦNG & TRANG THIẾT BỊ:•	Trạm cân: 80 tấn•	Trạm điện: 250 KVA – đủ tải cho sản xuất công nghiệp•	Máy móc bao gồm:o	10 máy cưa vòngo	2 máy cưa CDo	10 lò sấy hơi nướco	1 nồi hơi công suất 7 tấn________________________________________PHÁP LÝ & GIẤY TỜ:•	Đã có giấy phép môi trường•	Đã có giấy thẩm duyệt PCCC•	Đất có 8.000 m² đất SKC – sẵn sàng sản xuất________________________________________💰 GIÁ CHO THUÊ:260 triệu/tháng – bao gồm toàn bộ máy móc và trang thiết bị➡️ Phù hợp ch",260.0,18000.0,"Xã An Long,Huyện Phú Giáo,Bình Dương",binh-duong,"Kho, nhà xưởng",kho-nha-xuong,2025-09-13 17:41:23,15/06/2025 17:41,RENT_HIGH_CONFIDENCE,explicit_rental_title,93
34123,1216605.0,Cho thuê nhà xưởng mới xây diện tích 61.951m2 tại Đồng Phú Bình Phước.,"Thông tin chi tiết:•	Tổng diện tích: 61.951 m²•	Diện tích xây dựng: 20.227 m² (bao gồm 7 xưởng)•	Công trình phụ: Đầy đủ (nhà vệ sinh, khu vực nghỉ ngơi, văn phòng làm việc, khu vực vận chuyển hàng hóa…)•	Pháp lý: Đầy đủ, rõ ràng, sẵn sàng hợp tác lâu dài.•	PCCC: Đảm bảo đầy đủ theo tiêu chuẩn quy định.•  Xưởng có chủ trương ngành gỗ, phù hợp với các công ty hoạt động trong lĩnh vực chế biến gỗ, sản xuất nội thất, hay các ngành công nghiệp liên quan.•  Vị trí đắc địa tại Đồng Phú, Bình Phước, thuận tiện di chuyển và giao thương.•  Giá cho thuê hợp lý: 2,5 USD/m².Để biết thêm thông tin nhà xưởng cho thuê vui lòng liên hệ:Công Ty TNHH MTV Quý Lộc VượngMs Chi : 0931 769 444 hoặc Website: http://",1000.0,61951.0,"đường 14,Xã Tân Lập,Huyện Đồng Phú,Bình Phước",binh-phuoc,"Kho, nhà xưởng",kho-nha-xuong,2025-09-13 16:13:51,16/04/2025 16:13,RENT_HIGH_CONFIDENCE,explicit_rental_title,94
123819,1504862.0,Villa For Rent : Cho Thuê Biệt Thự đồi View Biển Vĩnh Hoà Nha Trang 432m2 Chỉ 30tr/tháng,"Căn biệt thự 3 tầng sang trọng, thiết kế Châu Âu, nhìn trọn vịnh Nha Trang lựa chọn hoàn hảo để an cư hoặc nghỉ dưỡng!* Thông tin chi tiết:- Diện tích: 432,5m, căn góc 3 mặt thoáng.- Kết cấu: 3 tầng phòng khách rộng, 3 phòng ngủ lớn, WC riêng, bồn tắm, ban công siêu rộng để BBQ.- Gara riêng, sân vườn thoáng mát.- Phòng ngủ master view biển siêu đẹp, không lo chắn tầm nhìn.* Vị trí đắc địa:- Nằm trên đồi Vĩnh Hoà, khu dân trí cao, yên tĩnh.- Gần các dự án lớn: Libera, Vega City, bến du thuyền Amina.- Đường trước nhà rộng (13m + 7m), ô tô ra vào thoải mái.m* Hiện trạng: Nhà không nội thất, cần cải tạo lại một số hạng mục như đèn hoặc thay mới nhà vệ sinh. Nên chủ nhà để giá thuê siêu rẻ* Ưu đi",30.0,4325.0,"Đường Nguyễn Du,Phường Vĩnh Hòa,Thành phố Nha Trang,Khánh Hòa",khanh-hoa,Nhà riêng,nha-mat-pho-mat-tien,2025-09-13 14:32:02,13/09/2025 10:32,RENT_HIGH_CONFIDENCE,explicit_rental_title,95
60620,1191505.0,"Cho thuê nhà xưởng diện tích 145.000 m2 trong KCN An Phước, Long Thành, Đồng NAi","Cho thuê nhà xưởng diện tích 145.000 m2 trong KCN An Phước, Long Thành, Đồng NAi📍 Vị trí: KCN An Phước, Long Thành, Đồng Nai✅ Giao thông thuận lợi, kết nối nhanh đến TP.HCM, cảng biển, sân bay🏭 Tổng diện tích: 145.000m² (14,5ha)🔹 Giai đoạn 1: 44.147m² (8 xưởng, diện tích từ 4.875m²/xưởng)🔹 Giai đoạn 2: 52.622m²⚡ Hạ tầng & tiện ích:•	Xưởng xây dựng kiên cố, phù hợp nhiều ngành sản xuất•	Điện 3 pha, cấp thoát nước đầy đủ•	Đường nội bộ rộng, xe container ra vào thuận tiện•	Hệ thống PCCC tiêu chuẩn, đảm bảo an toàn vận hành💰 Giá thuê: 5,2 USD/m²💰 Phí quản lý: 0,3 USD/m²📞 Hotline: 0931 769 444 web www.nhaxuongmiennam.vn(Liên hệ ngay để xem xưởng thực tế!)",100000.0,145000.0,"Xã Bình An,Huyện Long Thành,Đồng Nai",dong-nai,"Kho, nhà xưởng",kho-nha-xuong,2025-09-13 17:57:19,16/04/2025 17:57,RENT_HIGH_CONFIDENCE,explicit_rental_title,96
34127,1224018.0,"Cho thuê nhà xưởng 23.281 m2 trong KCN Minh Hưng Sikiko , Hớn Quảng, Bình Phước","Cho thuê nhà xưởng 23.281 m2 trong KCN Minh Hưng Sikiko , Hớn Quảng, Bình Phước📍 Vị trí đắc địa: Nằm trong Khu công nghiệp Minh Hưng – SIKIKO, huyện Hớn Quảng, tỉnh Bình Phước. Giao thông thuận tiện, kết nối dễ dàng đến các tỉnh miền Đông Nam Bộ và cửa khẩu quốc tế. Phù hợp cho doanh nghiệp sản xuất, kho bãi, logistics, hoặc đầu tư mở rộng nhà máy.🔹 Tổng diện tích đất: 41.637 m²🔹 Diện tích nhà xưởng xây dựng: 23.281 m²🔹 Diện tích văn phòng làm việc: 1.092 m²🔹 Hạ tầng đồng bộ, tiêu chuẩn cao:•	Nhà xưởng cao ráo, thông thoáng, trang bị hệ thống PCCC tiêu chuẩn•	Trạm điện riêng, hệ thống cấp thoát nước hoàn chỉnh•	An ninh đảm bảo 24/7, môi trường làm việc an toàn💰 Giá cho thuê hấp dẫn: Chỉ 2.8 ",10000.0,30000.0,"Xã An Khương,Huyện Hớn Quản,Bình Phước",binh-phuoc,"Kho, nhà xưởng",kho-nha-xuong,2025-09-13 16:13:52,16/05/2025 16:13,RENT_HIGH_CONFIDENCE,explicit_rental_title,97
123781,1508913.0,Cho Thuê Nhà Nguyên Căn Gói 8 Full Nội Thất Khu đô Thị Mỹ Gia - The Capella Nha Trang,"* Cho thuê nhà nguyên căn gói 8 khu đô thị Mỹ Gia - The Capella Nha Trang- Diện tích : 100m2 ( 5m x 20m)Nhà kết cấu 3 tầng gồm 3 phòng ngủ, 4 phòng vệ sinh, phòng khách, phòng bếp, sân trước để xe, sân phía sau, sân thượng thoáng mát có thể trồng hoa hoặc tiệc BBQ- Nhà đầy đủ nội thất đẹp và hiện đại. Thiết bị điện tử thông minh, nội thất gỗ sang trọng. Khách hàng xách vali vào ở ngay- Vị trí gần công viên hoa giấy, gần hồ bơi và quán caffe ngay trong gói 8, mật độ cây xanh phủ kín , bảo vệ an ninh 24/7, gần bệnh viện, trường học cách biển 10 phút đi xe* Giá thuê : 25 triệu / tháng- Đặt cọc 2 tháng, thanh toán 2 tháng / lần- Liên hệ chi tiết : Em OanhĐặc điểm nổi bậtDiện tích :100m2Mặt tiền ",25.0,100.0,"Xã Vĩnh Thái,Thành phố Nha Trang,Khánh Hòa",khanh-hoa,Nhà riêng,nha-mat-pho-mat-tien,2025-09-13 14:31:54,13/09/2025 10:31,RENT_HIGH_CONFIDENCE,explicit_rental_title,98
28743,1263727.0,"Cho thuê nhà xưởng 23.000 m2 Định Hiệp, Dầu Tiếng, Bình Dương","Cho thuê nhà xưởng 23.000 m2 Định Hiệp, Dầu Tiếng, Bình Dương📌 Tổng diện tích đất 43.000m² – Nhà xưởng mới, đồng bộ – Phù hợp thuê từng phần hoặc toàn bộ📐 Thông tin chi tiết:•	Tổng diện tích khuôn viên: 43.000 m²•	Tổng diện tích xây dựng: 23.000 m²•	Gồm 5 xưởng độc lập, diện tích đồng đều:▫️ Xưởng 1: 4.600 m²▫️ Xưởng 2: 4.600 m²▫️ Xưởng 3: 4.600 m²▫️ Xưởng 4: 4.600 m²▫️ Xưởng 5: 4.600 m²•	Có thể thuê từng xưởng riêng biệt hoặc toàn bộ, tùy theo nhu cầu sản xuất/kho bãi•	Hệ thống PCCC tiêu chuẩn, trạm điện công suất lớn, hạ tầng hoàn chỉnh•	Đường nội bộ xe container ra vào thuận tiện, mặt bằng sạch đẹp💵 Giá cho thuê: 2,5 USD/m²/tháng (giá cạnh tranh – hợp đồng linh hoạt – ưu đãi cho khách thu",110000.0,43000.0,"Đường Bến Đồn - Vĩnh Tân - Đường Loại 4,Xã An Điền,Thị xã Bến Cát,Bình Dương",binh-duong,"Kho, nhà xưởng",kho-nha-xuong,2025-09-13 17:39:17,09/09/2025 17:39,RENT_HIGH_CONFIDENCE,explicit_rental_title,99
114500,1311824.0,"Cho thuê mặt bằng làm Showroom, kho xưởng tại Hoài Đức - mặt tiền rộng (Tin Hết Hạn)","-  Cho Thuê lâu dài mặt bằng trong khuôn viên KCN An Khánh - Hoài Đức-  Kho xưởng thuộc khuôn viên đất công nghiệp 50 năm, tính chất ổn định lâu dài, Vị trí mặt bằng ngay mặt đường lớn, đông người qua lại. thuận tiện làm ăn buôn bán-  Kho xưởng mới được xây dựng từ năm 2020 đồ còn rất mới, mục đích làm showroom chưng bày vật liệu xây dựng, gạch - ngói - thiết bị vệ sinh-  Mặt bằng được đầu tư bài bản, có hệ thống PCCC tự động nghiệm thu hiện đại bậc nhất, phù hợp với lưu kho hàng điện tử, hàng giá trị cao-  Hợp đồng lâu dài, cho khách hàng yên tâm sử dụng-  Giá cho thuê: 110k/m-  Diện tích cho thuê: 2.600m ( có chia nhỏ )-  Chi tiết mặt bằng, vui lòng liên hệ: 092 406 7795Ngoài ra tôi còn 1.",110.0,2600.0,"Xã An Khánh,Huyện Hoài Đức,Hà Nội",ha-noi,"Kho, nhà xưởng",kho-nha-xuong,2025-09-13 00:22:01,15/07/2025 00:22,RENT_HIGH_CONFIDENCE,explicit_rental_title,100
220898,1247059.0,Đất Lọt Khe. Bình Tân 75m². Bán 5Tỷ TL,KHU Đông Dân Nhất Của Bình Tân.Thiện chí bớt Lộc.Đất Lọt khe Hiếm vô cùng Giá 5 Tỷ Thương Lượng,5000.0,80.0,"Phường Bình Hưng Hoà A,Quận Bình Tân,TP. Hồ Chí Minh",tp-ho-chi-minh,Đất,dat-tho-cu,2025-09-13 22:18:01,16/05/2025 22:18,AMBIGUOUS,insufficient_primary_title_intent,1
42698,1475506.0,"Lô đất 2 mặt tiền đường ô tô vuông nở hậu rất đẹp, sát đường dt602 lên bà nà.5486m ngang 52m","LÔ ĐẤT 2 MẶT TIỀN ĐƯỜNG Ô TÔ VUÔNG NỞ HẬU RẤT ĐẸP, SÁT ĐƯỜNG DT602 LÊN BÀ NÀ.Hòa Ninh 5486m 52 x 105mVị trí thôn an sơn, xã hòa ninh, hòa vang, đà nẵng.Thích hợp làm du lịch nghỉ dưỡng, giá chỉ hơn 7tr/m², xung quanh đất chủ nhà đã xây tường rào hoàn chỉnh, có điện vào tới đất, xung quanh nhiều dự án du lịch, chỉ cách vòng xoay đường 602 và đường vào khu du lịch bà nà khoảng 400m, đường nhựa trước lô đất rộng 10m, bên cạnh có đường 5m, rất đẹp và hiếm có.Chính chủ lâu đời nay lớn tuổi cần chuyển nhượng lại, lấy tiền dưỡng già.Xem thêm",43000.0,5486.0,"Đường Đt 602 - Xã Hòa Ninh,Xã Hòa Ninh,Huyện Hòa Vang,Đà Nẵng",da-nang,Đất,dat-tho-cu,2025-09-13 13:59:24,08/09/2025 13:59,AMBIGUOUS,insufficient_primary_title_intent,2
11128,1421478.0,"Trả trước 300 nhận nhà ở ngay, nhà cấp bốn ngay cầu Bạch Đằng 2 sổ riêng thổ cư","Cần bán căn nhà cấp bốn sổ riêng thổ cư.Diện tích 80m² ngang 4m dài 20m.2PN, phòng khách, nhà ăn, sân xe hơi.Đường ô tô tới nhà.Sổ riêng thổ cư ngân hàng cho vay 1 tỷ góp mỗi tháng 10tr.Hỗ trợ gói vay giá rẻ cho người thu nhập thấp.Anh chị quan tâm inbox em số 0705577 010 (Duy) để em gửi vị trí đi xem nhà nhé anh chị.",1350.0,96.0,"Đường ĐT 747,Phường Khánh Bình,Thị xã Tân Uyên,Bình Dương",binh-duong,Nhà riêng,nha-mat-pho-mat-tien,2025-09-13 16:29:12,23/08/2025 16:29,AMBIGUOUS,insufficient_primary_title_intent,3
102092,1234142.0,"ĐẤT ĐẸP - GIÁ TỐT - Vị Trí Đắc Địa Tại Thôn Trinh Tiết, Xã Đại Hưng, Huyện Mỹ Đức, Hà Nội","ĐẤT ĐẸP - GIÁ TỐT - Vị Trí Đắc Địa Tại Thôn Trinh Tiết, Xã Đại Hưng, Huyện Mỹ Đức, Hà NộiDiện tích: 80,8m2 mặt tiền 6mGiá bán: 1 tỷ 250- Lô đất đẹp nằm ngay vị trí trung tâm nên gần trường, chợ, bệnh viện, ...- Nằm ngay trong khu dân cư đông đúc- Thích hợp đầu tư xây dựng hay kinh doanh buôn bán- Đường rộng, đi lại thuận tiện- Pháp lý đầy đủ, thủ tục sang tên nhanh chóng- TIỀM NĂNG LỚN: Nhà đất luôn tăng giá theo tình hình chung của BĐS nên đảm bảo đầu tư sinh lời caoLiên hệ 0962387481",1250.0,80.0,"Xã Đại Hưng,Huyện Mỹ Đức,Hà Nội",ha-noi,Đất,dat-tho-cu,2025-09-12 23:38:36,15/05/2025 23:38,AMBIGUOUS,insufficient_primary_title_intent,4
91922,1477462.0,"Chính chủ gửi bán 610m2 tại viên nội, vân nội, sẵn nhà cấp 4, đất sát khu dân cư","- Diện tích trên sổ 610m² đất nông nghiệp diện tích thực tế hơn 700m².- Chủ đã làm sẵn nhà cấp 4 nội thất cơ bản sẵn về ở, Đất sát khu dân cư, đường thông các ngả, 50m ra trục đường Vân Trì.- Chủ thiện chí liên hệ e để ép giá.Xem thêm",2000.0,610.0,"Xã Vân Nội,Huyện Đông Anh,Hà Nội",ha-noi,Đất,dat-tho-cu,2025-09-12 22:59:24,08/09/2025 22:59,AMBIGUOUS,insufficient_primary_title_intent,5
83938,1249774.0,PHÂN LÔ TUYỆT ĐẸP -50M - 6 TẦNG THANG MÁY TẠI DƯƠNG NỘI HÀ ĐÔNG,"💥✅💥 PHÂN LÔ TUYỆT ĐẸP - VIEW TRƯỜNG HỌC - CẠNH NÚT GIAO LÊ QUANG ĐẠO KÉO DÀI - LÊ TRỌNG TẤN - CÁCH AEON MALL, CÔNG VIÊN THIÊN VĂN HỌC VÀI BƯỚC CHÂN - Ở SƯỚNG - 6 TẦNG THANG MÁY💥✅💥.Mô tả:-✅ Vị trí đắc địa, sát nút giao Lê Quang Đạo - Lê Trọng Tấn, giao thông thuận tiện vô cùng.Thiết Kế:✅Tầng 1: Gara ô tô.✅Tầng 2: Phòng khách, bếp, wc.✅Tầng 3,4: Mỗi tầng 2 ngủ, wc✅Tầng 5: 1 phòng ngủ rộng, wc✅ Tầng 6: phòng thờ, sân phơi.✅Gọi ngay 0936 411313 hoặc 0936139444⸻#NhàĐẹpHàĐông #Geleximco #BánNhàLêTrọngTấn #Nhà6TầngThangMáy #BĐSHàNội #KinhDoanhHàĐông #NhàĐầuTư #ChínhChủBán",16500.0,50.0,"Phường Dương Nội,Quận Hà Đông,Hà Nội",ha-noi,Nhà riêng,nha-mat-pho-mat-tien,2025-09-12 22:29:17,14/06/2025 22:29,AMBIGUOUS,insufficient_primary_title_intent,6
53920,1415487.0,"Bán 3 lô đất full thổ cư liền kề tại thị xã buôn hồ, mặt đường nhựa 10m, khu bàn cờ dân đông","Diện tích 5m x 33m, thổ cư 100%.Xung quanh dân đông, đầy đủ chợ, trường học, trạm y tế, giáo xứ...Mặt tiền đường nhựa rộng 10m, hệ thống thoát nước đầy đủ.Pháp lý sổ hồng riêng. Giá còn ngồi nói chuyện cho người thiện chí mua.Xem thêm",350.0,165.0,"Xã Cư Bao,Thị xã Thị Xã Buôn Hồ,Đắk Lắk",dak-lak,Đất,dat-tho-cu,2025-09-13 15:32:59,23/08/2025 15:32,AMBIGUOUS,insufficient_primary_title_intent,7
39884,1318325.0,💥NHÀ 3 TẦNG MT KD VIP ĐƯỜNG HẢI PHÒNG–NGAY BỆNH VIỆN ĐÀ NẴNG–90M2–GIÁ CHỈ 11.X TỶ🍀🌹🍀,"📍 Vị trí kim cương – Trung tâm lõi đô thị Đà Nẵng:– Mặt tiền đường Hải Phòng – tuyến phố kinh doanh lâu đời, tấp nập suốt ngày đêm– Sát bên Bệnh viện Đà Nẵng, gần trường học, chợ, trung tâm hành chính, ngân hàng– Khu vực cực kỳ sầm uất, đa ngành nghề kinh doanh: spa, nha khoa, văn phòng, showroom, căn hộ dịch vụ…🏠 Thông số & Công năng:– Diện tích: 90m² – mặt tiền đẹp, vuông vức– Kết cấu: 3 tầng kiên cố, thích hợp vừa ở vừa khai thác kinh doanh ngay– Mặt bằng tầng 1 đang trống, sẵn sàng cho thuê hoặc vận hành trực tiếp– Tiềm năng tăng giá cực cao, vị trí luôn khan hàng💸 Giá bán: chỉ 11.X Tỷ – thương lượng chính chủ – cơ hội cực tốt để sở hữu mặt tiền kinh doanh trung tâm thành phố!☎ Liên hệ n",11900.0,90.0,"Đường Hải Phòng,Phường Hải Châu  I,Quận Hải Châu,Đà Nẵng",da-nang,Nhà riêng,nha-mat-pho-mat-tien,2025-09-13 13:48:28,15/07/2025 13:48,AMBIGUOUS,insufficient_primary_title_intent,8
232374,1454246.0,Nhà Phú Nhuận 81m2 cách hẻm ô tô 10m chỉ 6 tỷ 5 (Tin Hết Hạn),"Nhà Phú Nhuận 81m2 cách hẻm ô tô 10m chỉ 6 tỷ 5+ Nhà giá rẻ nhất thị trường đường Nguyễn Đình Chính Phường 15, Phú Nhuận hẻm cách 10m ra ô tô+ Diện tích 81m2 (5.2×14) gồm 3 tầng+ Thông số đẹp sổ vuông, hoàn công đầy đủ đúc BTCT.+ Khu an ninh, dân trí cao.+ Nhà có sân đậu khoảng 10 chiếc xe, trồng hoa, nuôi chim.+ Thiết kế 1 trệt gồm 2 PN 1 Pk 1 Bếp 1 Wc thích hợp cho người già ở.+ Tầng 2 và sân thượng tổng 4 phòng đang cho thuê hơn 10 triệu tháng.+ Nhà 2 mặt thoáng, hướng Đông Nam lúc nào cũng mát.Liên hệ để xem nhà 0797918321 Nhung",0.0,81.0,"Quận Phú Nhuận,TP. Hồ Chí Minh",tp-ho-chi-minh,"Kho, nhà xưởng",kho-nha-xuong,2025-09-13 23:12:16,06/09/2025 23:12,AMBIGUOUS,insufficient_primary_title_intent,9
184490,1318640.0,"Hẻm Lớn Bạch Đằng, Tân Bình - Chỉ 2 Tỷ 1/ 56m2 - Đang cho thuê 15tr - Sổ Hồng Riêng","📍 Địa chỉ: Hẻm lớn đường Bạch Đằng, Tân Bình📍 Gần các tiện ích, công viên, sân bay - đi đâu cũng tiện🏠 Thông tin chi tiết:• Diện tích: 56m2 (4x14)• Kết cấu: 1 trệt 2 lầu, thiết kế hiện đại, BTCT kiên cố• Không gian biệt lập – chuẩn sống đẳng cấp & riêng tư• Pháp lý chuẩn chỉnh: Sổ riêng – hoàn công đủ💰Giá bán: Chỉ 2 tỷ 100 – bớt lộc mạnh tay cho khách thiện chí!Liên hệ ngay để được xem nhà trực tiếp 📞📞📞",2100.0,56.0,"đường Bạch Đằng 1,Quận Tân Bình,TP. Hồ Chí Minh",tp-ho-chi-minh,Nhà riêng,nha-mat-pho-mat-tien,2025-09-13 19:46:11,15/07/2025 19:46,AMBIGUOUS,insufficient_primary_title_intent,10
33809,1224265.0,Vườn sầu 4 năm tuổi ở Bình Phước,Chủ vừa gửi em bán dùm vườn sầu trồng được 4 năm ở Bình Phước.Diện tích: 10.881m2 tặng nhà cấp 4 nhỏ. Giá 229/sào  (thương lượng nhẹ).Khách thiện chí tìm vườn thì alo em:0972038052,2270.0,10811.0,"Xã Thanh Phú,Thị xã Bình Long,Bình Phước",binh-phuoc,Đất,dat-tho-cu,2025-09-13 16:12:44,16/05/2025 16:12,AMBIGUOUS,insufficient_primary_title_intent,11
202207,1161999.0,"(B450) Đất xã Phước Hiệp, dt 4000m2, giá 6 tỷ còn TL","Đất xã Phước Hiệp:- Diện tích : 4000m2 = 30m x 138m đất cây hàng năm khác- Giá : 1.5tr/m2 TL (B450)- LH: 090 266 0617 zaloP/S: Loan nhận hỗ trợ pháp lý sang tên, chuyển mục đích sử dụng đất.",6000.0,4000.0,"Xã Tân An Hội,TP. Hồ Chí Minh(Mới)",tp-ho-chi-minh,Đất,dat-tho-cu,2025-09-13 20:58:02,13/09/2025 03:58,AMBIGUOUS,insufficient_primary_title_intent,12
147404,1494956.0,"Đất nghỉ dưỡng Nam Khánh Hòa, người nhanh sẽ thắng, người chậm sẽ tiếc","Hơi muộn hay vừa kịp? Có những người mua đất sớm rồi sau này dạo biển ngay trước nhà mình. Có người khác vẫn đang đợi giá rẻ hơn. Vĩnh Hải Nam Khánh Hòa chỉ vài bước là tới biển. Đối diện vườn nho lưng tựa núi, mặt hướng biển đúng chuẩn nghỉ dưỡng. Diện tích: 120m2, giá chỉ 1,920 tỷ, sổ riêng, pháp lý rõ ràng. Xây nhà hôm nay sang năm đón khách du lịch! Anh Chị muốn trở thành người kể lại cơ hội hay là người nắm bắt nó? Liên hệ tư vấn: Phương Uyên: 0369111935",1920.0,120.0,"Xã Vĩnh Hải,Huyện Ninh Hải,Ninh Thuận",ninh-thuan,Đất,dat-tho-cu,2025-09-13 14:58:31,12/09/2025 14:58,AMBIGUOUS,insufficient_primary_title_intent,13
13015,1229597.0,Nhà mới 100% – Mặt tiền đường N1 nhựa 13m – KDC Phú Hồng Thịnh 9 – P. Bình An – Full nội thất,"ms62 📍 Vị trí đắc địa: KDC Phú Hồng Thịnh 9, mặt tiền đường nhựa 13m, có vỉa hè 2 bên, xe hơi ra vào thoải mái• Diện tích: 76m² (4 x 19m) – nhà 1 trệt 3 lầu, kết cấu chắc chắn, hiện đại• Công năng đầy đủ: 5PN – 5WC – phòng khách – phòng thờ – bếp – sân đỗ ô tô riêng, có lối thoát hiểm sau 2m• Có phòng ngủ tầng trệt – phù hợp người lớn tuổi hoặc làm văn phòng• Full nội thất cao cấp – mua xong dọn vào ở ngay📍 Kết nối tiện lợi: Gần đường DT743A – QL1K – Trần Đại Nghĩa, chỉ 900m đến Làng ĐH Quốc Gia, gần BX Miền Đông Mới – Suối Tiên – Sân bay Tân Sơn Nhất & Long Thành• Tiện ích xung quanh: Chợ – trường học – Bách Hóa Xanh – BV Hoàn Mỹ – siêu thị GO! – tất cả trong bán kính 2km📄 Pháp lý chuẩn: Sổ",6500.0,76.0,"Đường 30 Tháng 4 (Bình Thắng 1 + Bình Thắng 2) - Đường Loại 4,Phường Bình An,Thị xã Dĩ An,Bình Dương",binh-duong,Nhà riêng,nha-mat-pho-mat-tien,2025-09-13 16:37:24,16/05/2025 16:37,AMBIGUOUS,insufficient_primary_title_intent,14
12551,1320735.0,bán căn nhà mới xây đt 100m² giá 2 tỷ 7 (Tin Hết Hạn),cần bán căn nhà mới xây có sân đậu xe hơi đường bê tông 5 m thông hai đầu điện ít xung quanh đầy đủ anh chị liên hệ 091 772 8672 để biết thêm thông tin căn nhà ạ,2700.0,100.0,"Phường Khánh Bình,Thị xã Tân Uyên,Bình Dương",binh-duong,Nhà riêng,nha-mat-pho-mat-tien,2025-09-13 16:35:21,15/07/2025 16:35,AMBIGUOUS,insufficient_primary_title_intent,15
36465,1299484.0,"Cặp võ văn kiệt đối diện công viên, phú thuỷ, phan thiết","- Cặp Võ Văn Kiệt đối diện công Viên, Phú Thuỷ, Phan Thiết.- Hướng Nam.- Diện tích 200m² (10x20m).- Giá tốt (có thương lượng).- Vị trí kinh doanh đắc địa, đối diện công viên.Quý khách hàng vui lòng liên hệ SĐT  gặp Mr Sáng để xem đất, giá chốt, thông tin pháp lý.- Nhận ký gửi và mua bán tất cả các loại nhà đất thành phố Phan Thiết Bình Thuận.Xem thêm",175000.0,200.0,"Đường Võ Văn Kiệt,Phường Phú Thủy,Thành phố Phan Thiết,Bình Thuận",binh-thuan,Đất,dat-tho-cu,2025-09-13 15:07:51,15/07/2025 15:07,AMBIGUOUS,insufficient_primary_title_intent,16
82578,1300102.0,"Hoa hậu hà đông, làng việt kiều châu âu. 45m2 ô tô đỗ cửa 3 tầng kinh doanh nhỏ","Chính chủ cần bán nhà 40m² ngay Làng Việt Kiều Châu Âu, chân toà Hồ Gươm Plaza.Nhà ô đỗ, xung quanh đầy đủ tiện ích, gần trường C1. C2. C3 công tư chất lượng cao.Gần HV Bưu Chính, HV An Ninh, Trường Y cổ Truyền...Nhà ngay chân ga tàu điện trên cao, đi lại thuận lợi, đi Thanh Xuân, Đống Đa...Nhà kinh doanh được, mặt ngõ lớn.- Diện tích: 45m².- Nhà dân xây chắc chắn 3 tầng.- Ô tô đỗ cửa.- Sổ đỏ cất két.- Giá bán: 10 tỷ (có thương lượng).Anh chị quan tâm xin liên hệ: Hà Thanh: .Xem thêm",10000.0,45.0,"Đường Trần Phú,Phường Mộ Lao,Quận Hà Đông,Hà Nội",ha-noi,Nhà riêng,nha-mat-pho-mat-tien,2025-09-12 22:23:57,14/07/2025 22:23,AMBIGUOUS,insufficient_primary_title_intent,17
87573,1219223.0,🏠 SIÊU PHẨM MẶT PHỐ NGUYỄN NGỌC NẠI – VỈA HÈ KINH DOANH – 88M2 – GIÁ CHỈ 28 TỶ!,"💥 CƠ HỘI VÀNG cho nhà đầu tư thông thái – Mặt phố hiếm, giá tốt, vị trí không thể đẹp hơn!📌 Vị trí đắc địa:Mặt phố Nguyễn Ngọc Nại – tuyến phố trung tâm quận Thanh Xuân, giao thông tấp nập ngày đêm.Gần Trường Chinh, Hoàng Văn Thái, Lê Trọng Tấn, hưởng trọn tiện ích khu vực: trường học, bệnh viện, trung tâm thương mại...📐 Diện tích 88m² – Mặt tiền đẹp, vỉa hè rộng rãi – Kinh doanh siêu lợi nhuận:☑️ Mở showroom☑️ Văn phòng công ty☑️ Spa, thẩm mỹ☑️ Cửa hàng thời trang, nhà hàng...📄 Pháp lý chuẩn chỉnh – Sổ đỏ chính chủ – Sẵn sàng giao dịch ngay!💸 Giá chào bán: 28 TỶ – thương lượng trực tiếp chính chủ – giá tốt nhất thị trường!📞 Liên hệ ngay: Em Thế  xem nhà và làm việc chính chủ!",28000.0,88.0,"Đường Nguyễn Ngọc Nại,Phường Khương Trung,Quận Thanh Xuân,Hà Nội",ha-noi,Nhà riêng,nha-mat-pho-mat-tien,2025-09-12 22:43:10,15/04/2025 22:43,AMBIGUOUS,insufficient_primary_title_intent,18
174166,1440437.0,"Sang nhượng nhà hàng chay  P Cầu Ông Lãnh,Q 1, TP Hồ Chí Minh","Sang nhượng nhà hàng chay vừa xây sửa tháng 1/2025Toàn bộ nội thất đều được mua mới và thiết kế riêng, vị trí ngay mặt tiền đường Trần Hưng Đạo,  P Cầu Ông Lãnh,Q 1, TP HCMKết cấu: 1 trệt 3 lầu.- Diện tích mặt bằng: 79.2 m², diện tích mặt tiền 4.4 x 18m, nở hậu.Thiết kế sang trọng, tinh tế, chữa lành, thích hợp làm nhà hàng chay, spa, fine dining.-> Thông tin chi tiết về cơ sở vật chất:- Trang thiết bị và dịch vụ: Sang nhượng toàn bộ cơ sở vật chất, bao gồm nội thất, thiết bị bếp, dụng cụ.- Nhân viên: Đội ngũ nhân viên chuyên nghiệp, sẵn sàng hỗ trợ chủ mới trong quá trình tiếp nhận và vận hành.-> Ưu điểm của nhà hàng:- Mặt tiền rộng, dễ dàng tiếp cận và thu hút khách hàng.- Nhà hàng đã có l",1500.0,79.0,"Phường Cầu Ông Lãnh,Quận 1,TP. Hồ Chí Minh",tp-ho-chi-minh,Nhà riêng,nha-mat-pho-mat-tien,2025-09-13 19:04:08,30/08/2025 19:04,AMBIGUOUS,insufficient_primary_title_intent,19
206565,602362.0,"(S318) Đất 1/ Trần Thị Tuồng, xã Phú Hòa Đông, dt 131m2 chỉ 1 tỷ 100.","Xã Phú Hòa Đông:- Đất 1/Trần Thị Tuồng vào 30m- Diện tích : 131,6m2 = 5m x 26m, full thổ cư, đất ở màu hồng ONT.- Giá chỉ : 1 tỷ 100 (S318)-	Pháp lý : Sổ hồng riêng đầy đủ-	Liên hệ : 0983 514 207 Loan ( zalo để nhận đủ thông tin và  xem  thêm nhiều lô khác )-	Loan nhận môi giới mua, bán, cho thuê bất động sản huyện Củ Chi, TP.HCM-	Nhận hỗ trợ thủ tục pháp lý sang tên, xem thông tin quy hoạch, trích lục các văn bản,…",1100.0,131.0,"Xã Phú Hòa Đông,TP. Hồ Chí Minh(Mới)",tp-ho-chi-minh,Đất,dat-tho-cu,2025-09-13 21:15:40,09/09/2025 21:15,AMBIGUOUS,insufficient_primary_title_intent,20
11586,1470685.0,Có 400tr muốn sở hữu căn hộ ngay nhà Ga metro để tiện làm việc tại Hồ chí minh?? LH em 0932138269,"FULL GIÁ CHỈ TỪ 2,3 TỶ/CĂN sở hữu ngay căn hộ 2PN tại Tháp Green Diamond Bcons City. .Thanh toán chỉ 15% (~380TR) ký HDMB ân hạn gốc & lãi đến khi nhận nhà. .Chỉ từ 8 triệu/tháng để trở thành chủ nhân viên kim cương cuối cùng tại Bcons City. .MT Đường Thống Nhất liền kề Đại học Thủ Đức, kết nối Metro số 1 & BX Miền Đông mới. .Bàn giao hoàn thiện cao cấp full tiện ích 135+ chuẩn compound. Gọi em Thương hỗ trợ anh chị tận tình ạ 0932138269",2300.0,52.0,"Đường Thống Nhất (Ngôi Sao + 1 Phần Bình Thắng 1) - Đường Loại 4,Phường Đông Hòa,Thị xã Dĩ An,Bình Dương",binh-duong,Nhà riêng,nha-mat-pho-mat-tien,2025-09-13 16:31:16,07/09/2025 16:31,AMBIGUOUS,insufficient_primary_title_intent,21
188989,1264323.0,"**HƠN 16 TỶ- Mặt Tiền KD Gần Chợ Bình Tây 6Tầng,ST BTCT,(4.1X180 HDT.30Tr/Th","+ HÀNG SIÊU HIẾM!! GIÁ TỐT – TÀI CHÍNH PHÙ HỢP KHÁCH MUA Ở & ĐẦU TƯ KD+ Kết cấu:  1 trệt + lửng + 4 lầu  + ST  sàn BTCT, đã hoàn công.+ DTKV. 73.8m2 (4.1m × 18m)+ Thu nhập đang cho thuê: 30Tr/Th+ Pháp lý: sổ chính chủ , công chứng ngay.+ Khu vực: Gần BV Bình Tây – Chợ Kim, Biên kinh doanh đa ngành nghề+ Giá:  ( Trực tiếp chủ- chốt giá nhanh)+ Nhà Ngon Cọc Nhanh Liên hệ: 0903356875 Hằng Nhà Chính Chủ**************Trực tiếp chính chủ- Giá tốt nhất thị trường.* Tư Vấn hỗ trợ pháp lý sang tên mua bán BĐS.* Ngoài ra em còn rất nhiều BĐS toà nhà, building, khách sạn cao cấpvị trí trung tâm.",16990.0,73.0,"Đường Mai Xuân Thưởng,Phường 01,Quận 6,TP. Hồ Chí Minh",tp-ho-chi-minh,Nhà riêng,nha-mat-pho-mat-tien,2025-09-13 20:04:37,15/06/2025 20:04,AMBIGUOUS,insufficient_primary_title_intent,22
75235,1419903.0,"Bán tòa văn phòng 8 tầng mặt phố nguyễn hoàng diện tích 300m2, mt 11m. giá đầu tư","Tòa nhà văn phòng, tổ chức sự kiện, mặt phố Nguyễn Hoàng. Giá đầu tư.+ Tòa nhà tọa lạc tại Phố Nguyễn Hoàng cực thông thoáng, vỉa hè trước nhà để được 30 xe ô tô.+ Diện tích 300m² xây dựng 240m² x 8 tầng tổng gần 2000m² sàn sử dụng lâu dài, phong cách thiết kế hiện đại.+ Mặt đường Nguyễn Hoàng được coi là trung tâm mới của khu phía Tây Hà Nội khi kết nối vành đai 3 với đường Lê Đức Thọ, Lê Quang Đạo, Hàm Nghi, Tôn Thất Thuyết, Hồ Tùng Mậu, Trần Bình, khi đi về các ngả dễ dàng...+ Tòa nhà với nhiều công năng, chủ dễ dàng khai thác hoặc cho thuê vận hành (xem qua ảnh).Thiết kế:+ Tầng 1: Sảnh lớn, lễ tân, phòng tiếp khách.+ Tầng 2: Thông sàn, 2 vệ sinh.+ Tầng 3, 4: Mỗi tầng ngăn 3 phòng họp, cự",79500.0,300.0,"Đường Nguyễn Hoàng,Phường Mỹ Đình 2,Quận Nam Từ Liêm,Hà Nội",ha-noi,Nhà riêng,nha-mat-pho-mat-tien,2025-09-12 21:56:17,22/08/2025 21:56,AMBIGUOUS,insufficient_primary_title_intent,23
224120,1431829.0,"Hàng hiếm tại nguyễn hữu thọ, nhà bè, 4,2 tỷ, 121m2, 3pn, 3wc","Căn hộ chung cư tại New Saigon Hoàng Anh 3, Nguyễn Hữu Thọ, Phước Kiển, Nhà Bè, HCM, được thiết kế hiện đại và sang trọng.- Diện tích rộng rãi 121m², phù hợp cho gia đình.- Giá bán chỉ 4,2 tỷ VND.- Nội thất đầy đủ: điều hòa, tủ lạnh, giường...- Pháp lý đầy đủ, đảm bảo an toàn cho người mua.- Phong thủy tốt, mang lại tài lộc cho gia chủ.Bảng giá bán căn hộ New Saigon - Hoàng Anh Gia Lai 3.- 2PN 100m² giá: 3.7 tỷ có nội thất.- 3PN 121m², 126m² giá 4.2 tỷ (nhà decor).- Thông tầng 200m² giá 4.9 tỷ.- Thông tầng 240m², 252m² giá 5 - 6 tỷ.- Penthouse 300m², 360m² giá 5 tỷ - 8 tỷ.- Ngân hàng hỗ trợ cho vay 70%.- Hỗ trợ thủ tục sang tên.Call:Gần trường mầm non Midori Dragon Hill, gần chợ và siêu thị ",4200.0,121.0,"Đường Nguyễn Hữu Thọ,Xã Phước Kiển,Huyện Nhà Bè,TP. Hồ Chí Minh",tp-ho-chi-minh,Căn hộ chung cư,can-ho-chung-cu,2025-09-13 22:34:06,07/09/2025 22:34,AMBIGUOUS,insufficient_primary_title_intent,24
184348,1318469.0,"Nhà Đẹp Nguyễn Thượng Hiền, Phú Nhuận,Giá yêu Thương 1 tỷ 5-52m2. SHR","📍 Vị trí đắc địa : Di chuyển nhanh vào trung tâm quận 1, quận 3 và nằm gần các Trung tâm thương mại như Emart, Vincom, Lotte,…✅ Diện tích: 52m²(4 x 13) – thiết kế gọn gàng, thoáng mát, có sân nhỏ trồng cây, nuôi thú cưng chill hết cỡ!✅ Kết cấu: 1 trệt 2 lầu, gồm 3 phòng ngủ, 3 toilet, phòng khách – bếp đầy đủ, chỉ việc xách vali vào ở ngay.✅ Pháp lý: Sổ hồng riêng – mua bán sang tên nhanh gọn.✅ Giá chốt: 1 TỶ 500 TRIỆU – thương lượng nhẹ cho khách thiện chí!💥 Ưu điểm nổi bật:– Nhà còn mới, sạch sẽ, không cần sửa gì thêm.– Hẻm rộng, ô tô vào thoải mái.– Khu vực an ninh, yên tĩnh, hàng xóm thân thiện.",1500.0,52.0,"Đường Nguyễn Thượng Hiền,Quận Phú Nhuận,TP. Hồ Chí Minh",tp-ho-chi-minh,Nhà riêng,nha-mat-pho-mat-tien,2025-09-13 19:45:36,15/07/2025 19:45,AMBIGUOUS,insufficient_primary_title_intent,25
146575,1423796.0,Đất mặt tiền 12m trục đường ql 48D,Khu dân cư đông đúc.,1300.0,232.0,"Xã Nghĩa Đồng,Nghệ An",nghe-an,Đất,dat-tho-cu,2025-09-13 13:36:42,23/08/2025 13:36,AMBIGUOUS,insufficient_primary_title_intent,26
83070,1296637.0,"Bán tòa văn phòng vip tại nguyễn hoàng, mỹ đình. dt 130m2x8 tầng 1 hầm giá 83 tỷ","Thiết kế dạng VP hiện đại, chuẩn văn phòng hạng A, đường 3 ôtô tránh có vỉa hè.Hệ thống điều hòa âm trần, điện thông minh điều khiển, PCCC đầy đủ.+ Hầm để ôtô xe máy.+ Tầng 1,2,3,4 thông sàn làm văn phòng.+ Tầng 5,6: Mỗi tầng chia 2 phòng, vệ sinh Vip khép kín.+ Tầng 7: Phòng khách, liền bếp cực Víp.+ Tầng 8: Phòng thờ, 2 PN, sân phơi.- Vị trí: Gần sân vận động quốc gia Mỹ Đình, xung quanh toàn các tòa văn phòng, kinh doanh sầm uất. Đường 3 oto tránh nhau có vỉa hè, thông sang Dương Khuê, Hồ Tùng Mậu.Sổ đỏ, GPXD, PCCC đầy đủ, sẵn sàng giao dịch.Giá chào 83 tỷ (có TL cho khách thiện chí).LH Mr. Hiếu: .Xem thêm",83000.0,130.0,"Đường Nguyễn Hoàng,Phường Mỹ Đình 1,Quận Nam Từ Liêm,Hà Nội",ha-noi,Nhà riêng,nha-mat-pho-mat-tien,2025-09-12 22:25:52,14/07/2025 22:25,AMBIGUOUS,insufficient_primary_title_intent,27
157055,1426802.0,Ngang 5m dài 40m full thổ cư shr 200m2 chỉ 780tr Kp Phước Hiệp Gia Bình Trảng Bàng Tninh 0949953215,"Lh ngay 0949953215Dt 200m2 , ngang 5m dài 40m full thổ cư odt - shr780triệu thương lượng nhẹCách đường Gia Bình 100mQl22 đi vào chỉ 500mĐất cao ráo thích hợp xây trọ, công nhân an cư lâu dàiĐường rải đá 4m thông xe ô tô",780.0,200.0,"Đường Gia Bình,Xã Gia Lộc,Huyện Trảng Bàng,Tây Ninh",tay-ninh,Đất,dat-tho-cu,2025-09-13 16:22:07,23/08/2025 16:22,AMBIGUOUS,insufficient_primary_title_intent,28
199819,1376012.0,Bất bán,Đất vườn nghỉ dưỡng là ok,70000.0,22000.0,"đường ĐT 749A,Phường Long Nguyên,TP. Hồ Chí Minh(Mới)",tp-ho-chi-minh,Đất,dat-tho-cu,2025-09-13 20:48:39,13/09/2025 03:48,AMBIGUOUS,insufficient_primary_title_intent,29
102879,1208316.0,"60m2, mt 4m, đường 13m Trâu Quỳ, Gia Lâm, Hà Nội giá đầu tư. Lh 0989894845","60m2, mt 4m, đường 13m Trâu Quỳ, Gia Lâm, Hà Nội giá đầu tư.Độc nhất vô nhị giữa Trung tâm Trâu Quỳ, Gia Lâm, Hà Nội.Đất 60m2. Mặt tiền 4.56m. Đường trước nhà 13m, view siêu thoáng.Sổ chuẩn pháp lý, mốc giới rõ ràng, nguồn đất sạch.Bay ngay khi khớp giá đầu tư.Thông tin liên hệ: Mr. Vỹ - 0989894845",10200.0,63.0,"Đường Nguyễn Mậu Tài,Thị trấn Trâu Quỳ,Huyện Gia Lâm,Hà Nội",ha-noi,Đất,dat-tho-cu,2025-09-12 23:41:47,15/04/2025 23:41,AMBIGUOUS,insufficient_primary_title_intent,30
4351,1413691.0,"Bán 2 nền liền kề mặt tiền đường nhựa suối rao, huyện châu đức. nay là xuân sơn, tp. hcm","Bán 2 nền liền kề mặt tiền đường nhựa Suối Rao, huyện Châu Đức. Nay là Xuân Sơn, TP. HCM.Diện tích 228m² và 270m². Sổ riêng có 80m² thổ cư.Giá lẻ chỉ 750tr/1 lô. Gía sỉ 690 tr/lô.Vị trí đẹp:Cách biển Hồ Tràm chỉ 20 phút chạy xe.Sẵn thổ cư, có điện nước, xây nhà ở ngay.Địa hình cao ráo, đẹp, thoáng mát.Gần Ủy ban, trường học, khu dân cư đông đúc.Gần hồ Suối Rao, không khí trong lành, thích hợp nghỉ dưỡng hoặc đầu tư.Zalo/sdt:Nhận kí gửi - mua bán và cho thuê. Tìm kiếm theo nhu cầu của khách hàng. BDS khu vực Đồng Nai.Xem thêm",750.0,228.0,"Xã Suối Rao,Huyện Châu Đức,Bà Rịa - Vũng Tàu",ba-ria-vung-tau,Đất,dat-tho-cu,2025-09-13 18:08:29,06/09/2025 18:08,AMBIGUOUS,insufficient_primary_title_intent,31
62258,1259779.0,Nhà Đất Long Thọ Nhơn Trạch Đồng Nai,"C1802. Nhà Đất Long Thọ Nhơn Trạch Đồng NaiLH: 0909371552* Tờ 62/18 + 62/101: 28 x 31m = 1146m2 đất CLN👉 Giá Bán 10,887 tỷ = 9,5 tr/m2Vị trí: 10.681843,106.961739",10890.0,1146.0,"Xã Phước An,Đồng Nai(Mới)",dong-nai,Đất,dat-tho-cu,2025-09-14 00:23:06,15/08/2025 00:23,AMBIGUOUS,insufficient_primary_title_intent,32
147566,1363992.0,ĐẤT NỀN KHU ĐÔ THỊ MỚI PHỦ HÀ – TRUNG TÂM TP. PHAN RANG – SỔ SẴN – GIÁ TỐT NHẤT KHU VỰC,"🌇 ĐẤT NỀN KHU ĐÔ THỊ MỚI PHỦ HÀ – TRUNG TÂM TP. PHAN RANG – SỔ SẴN – GIÁ TỐT NHẤT KHU VỰCVị trí đắt giá – Tiềm năng tăng trưởng – Pháp lý minh bạch📍 Khu đô thị mới Phủ Hà – MK Central City nằm ngay trung tâm TP. Phan Rang – Tháp Chàm, sở hữu vị trí kết nối chiến lược giữa các trục đường lớn như Trần Phú, 21/8, QL1A, đường 16/4.🔹 Thông tin sản phẩm:Diện tích: từ 68 – 120m².Pháp lý: Sổ hồng riêng – công chứng ngayXây dựng tự do – không ép tiến độGiá bán chỉ từ 36 triệu/m.Hạ tầng đã hoàn thiện 100%: điện âm, nước máy, vỉa hè cây xanh, đèn đường...💎 Ưu điểm nổi bật:Nằm trong khu đô thị quy hoạch đồng bộ, dân cư hiện hữuĐối diện Trung tâm thương mại lớn, gần trường học, công viên, UBND, chợ, bệnh",3600.0,100.0,"Đường Trần Phú,Phường Phủ Hà,Thành phố Phan Rang-Tháp Chàm,Ninh Thuận",ninh-thuan,Đất,dat-tho-cu,2025-09-13 14:59:06,14/08/2025 14:59,AMBIGUOUS,insufficient_primary_title_intent,33
120517,1405326.0,"Đất đẹp, giá rẻ 150tr/ lô, 80m tại An Bình, Lạc thuỷ, Hoà Bình","🔥 SIÊU PHẨM ĐẤT 3 MẶT GIAO THƯƠNG – GẦN CÁP TREO CHÙA TIÊN 🔥💰 Chỉ từ 150 triệu/lô – Giá quá tốt cho vị trí siêu đẹp tại An Bình, Lạc Thủy, Hòa Bình📐 Diện tích đa dạng: 69–134m² – Bao quanh bởi đường nhựa rộng📍 Vị trí vàng:Cách cáp treo Chùa Tiên chỉ 8km1 giờ di chuyển từ Hà NộiGần Hà Nam – Ninh BìnhKề cận resort, farmstay, trục đường liên xã🏡 Khu dân cư hiện hữu – Gần trường học, ủy ban, ngân hàng📈 Tiềm năng tăng giá mạnh – Pháp lý rõ ràng, sẵn sàng giao dịch📲 Liên hệ ngay [Tên/Zalo/SĐT] – Số lượng giới hạn, nhanh tay đón sóng đầu tư!",150.0,80.0,"Xã An Bình,Phú Thọ(Mới)",hoa-binh,Đất,dat-tho-cu,2025-09-13 00:32:41,09/09/2025 00:32,AMBIGUOUS,insufficient_primary_title_intent,34
102790,1210823.0,"66m2 Kiêu Kỵ, Gia Lâm, Hà Nội. Ô tô thông, gần trục chính, QL5. Giá đầu tư. Lh 0989894845","Tôi có lô đất tại Kiêu Kỵ, Gia Lâm, Hà Nội cần bán GẤP.Diện tích 66m2. Mặt tiền 4,5m. Đường ô tô thông.Giá đầu tư, sẵn sổ giao dịch ngay.Thông tin liên hệ: Mr. Vỹ - 0️⃣9️⃣8️⃣9️⃣8️⃣9️⃣4️⃣8️⃣4️⃣5️⃣",5250.0,66.0,"Xã Kiêu Kỵ,Huyện Gia Lâm,Hà Nội",ha-noi,Đất,dat-tho-cu,2025-09-12 23:41:25,15/04/2025 23:41,AMBIGUOUS,insufficient_primary_title_intent,35
60650,1508289.0,Bán Vườn Trái Cây Thổ Cư đất đỏ Giá Rẽ,"Cần bán 28000m2 đất đỏ ,vườn trái cây ,đất cao ráo bằng phẳng ,khu dân cư ,đường thôngCách 2 chợ xuân thọ xuân lữ 500m cách nhà thờ trường học 500m, có giếng có điện đầy đủCó 140m thổ cư , phù hơp mua đầu tư nghĩ dưỡngGiá 1ty2/sàoĐặc điểm nổi bậtDiện tích :2800m2Mặt tiền :25mGiá :3,2 tỷĐường vào :4m",3200.0,2800.0,"Xã Xuân Thọ,Huyện Xuân Lộc,Đồng Nai",dong-nai,Khách sạn,khach-san,2025-09-13 17:57:27,13/09/2025 10:57,AMBIGUOUS,insufficient_primary_title_intent,36
81617,1318525.0,💥 H.IẾM – NHÀ ĐẸP PHÚC ĐỒNG – 4 TẦNG – FULL NỘI THẤT – GIÁ 6.18 TỶ,"🏡 Phúc Đồng – Long Biên📐 Diện tích: 57.6m²📏 Mặt tiền: 4m💰 Giá: 6.18 tỷ (~1.0xx triệu/m²)✅ Nhà mới đẹp, nội thất cao cấp sắm full mới cứng sang trọng, chỉ việc dọn về ở ngay✅ Vị trí trung tâm phường Phúc Đồng, tiện ích ngập tràn, hạ tầng phát triển🛋️ Thiết kế công năng:- Tầng 1: Phòng khách + Bếp + WC- Tầng 2: 2 phòng ngủ + WC- Tầng 3: 1 phòng ngủ + Phòng thờ + WC- Tầng 4: Sân phơi rộng rãi kết hợp BBQ cực chill✅ Sổ đỏ vuông vắn – sẵn sàng giao dịch",6180.0,58.0,"Đường Nguyễn Văn Linh,Phường Phúc Đồng,Quận Long Biên,Hà Nội",ha-noi,Nhà riêng,nha-mat-pho-mat-tien,2025-09-12 22:20:15,14/07/2025 22:20,AMBIGUOUS,insufficient_primary_title_intent,37
119621,1280043.0,"KH gửi bán 120m mặt đường Cát Linh ngay cạnh VinHome Tràng Cát, Hải An","KH gửi bán 120m mặt đường Cát Linh ngay cạnh VinHome Tràng Cát, Hải AnDt 120m , mặt tiền 5m, đường rộng 6-8mkhu dân cư đông đúc, kinh doanh sầm uất, phù hợp để ở kinh doanh, đầu tư lâu dàigiá 41,5tr/m2 có ttLH 0365046999",4980.0,120.0,"Đường Tràng Cát,Phường Đằng Hải,Quận Hải An,Hải Phòng",hai-phong,Đất,dat-tho-cu,2025-09-13 13:17:50,15/06/2025 13:17,AMBIGUOUS,insufficient_primary_title_intent,38
39827,1318738.0,"Shophouse 4,5 tầng Mặt tiền đường Nguyễn Sinh Sắc- S=130m2 ngang 6m5 - Giá 15.5 tỷ","Shophouse 4,5 tầng Mặt tiền đường Nguyễn Sinh Sắc- S=130m2 ngang 6m5 - Giá 15.5 tỷ-Sổ hồng chính chủ:-Pháp lý rõ ràng:.........Hotline:   Mr ÁiHoặc : Zalo/messenger/viber/sms/telegram).Email: nguyenai07n1@gmail.comCảm ơn quý cô chú anh chị đã xem tin.Đặc Biệt:Chuyên nhận tìm kiếm nhà đất giá tốt theo yêu cầu khách hàng)....Hỗ Trợ giấy tờ pháp lý chuyển nhượng, tách sổ, làm thừa kế, gắn tài sản, xin phép xây dựng,đáo hạn.Hỗ trợ vay vốn ngân hàng...",15500.0,130.0,"Đường Nguyễn Sinh Sắc,Phường Hòa Minh,Quận Liên Chiểu,Đà Nẵng",da-nang,Nhà riêng,nha-mat-pho-mat-tien,2025-09-13 13:48:16,15/07/2025 13:48,AMBIGUOUS,insufficient_primary_title_intent,39
36165,1325881.0,"Bán 887m2 view biển mặt tiền hoà bình, hàm tiến","Bán đất mặt tiền Hòa Bình, Hàm Tiến.- DT 887m² có 130m² thổ cư.- Bên đồi view biển.- Khu phố tây.- Cách biển 100m.- Giá 22tr/m².- Sổ đỏ chính chủ.LH  Hiệp (zalo). Mua bán kí gửi nhà đất Phan Thiết Bình Thuận.Xem thêm",1951000.0,887.0,"Đường Hòa Bình - Phường Hàm Tiến, Mũi Né,Phường Hàm Tiến,Thành phố Phan Thiết,Bình Thuận",binh-thuan,Đất,dat-tho-cu,2025-09-13 15:06:48,14/08/2025 15:06,AMBIGUOUS,insufficient_primary_title_intent,40
132478,1246173.0,"Căn hộ biển Phú Quốc The Meypearl chỉ 1tỷ8 một căn thanh toán 180 triệu nhận nhà, sổ hồng lâu dài lh 0939439474","Cơ hội đầu tư sinh lời cực khủng tại Phú Quốc!Căn hộ 30m2 view siêu đẹp, nằm ngay trung tâm An Thới, Phú Quốc - khu vực đang phát triển mạnh, tiềm năng tăng giá bất động sản cực cao. Thuộc dự án Meypearl Harmony, pháp lý sổ hồng sẵn sàng. Chỉ 1.8 tỷ sở hữu ngay!1 phòng ngủ, tiện nghi đầy đủ, chuẩn bị cho thuê hoặc ở đều tuyệt vời. Rất lý tưởng cho ai muốn giữ tiền, đầu tư sinh lời dài hạn.Ai muốn biết thêm thông tin hay xem nhà trực tiếp liên hệ ngay 0939439474 nhé! Nhanh tay kẻo lỡ! Đừng bỏ lỡ cơ hội này!Tổ hợp căn hộ Meypearl Harmony Phú Quốc:Tên dự án: Meypearl Harmony.Chủ đầu tư: Meyland Tân Á Đại Thành.Vị tri: Khu đô thị Meyhomes Capital, An Thới, TP. Phú Quốc, tỉnh Kiên Giang.Quy mô: 1",1800.0,30.0,"Thị trấn An Thới,Thành phố Phú Quốc,Kiên Giang",kien-giang,Căn hộ chung cư,can-ho-chung-cu,2025-09-14 00:03:27,17/05/2025 00:03,AMBIGUOUS,insufficient_primary_title_intent,41
38127,1488838.0,"Đất đẹp Nguyễn Văn Cừ – đoạn view thoáng, giáp kênh thoát nước lớn","📍 Diện tích: 2.300m² (CLN 100%)✅ Mặt tiền rộng 22m🔄 Hướng: Nam📌 View cực thoáng, phù hợp làm resort mini hoặc khu nghỉ dưỡng.📄 Pháp lý: Hỗ trợ pháp lý đầy đủ💵 Giá: 33 triệu/m² → Tổng giá: 75,9 tỷ________________________________________",75900.0,2300.0,"Phường An Bình,Quận Ninh Kiều,Cần Thơ",can-tho,Đất,dat-tho-cu,2025-09-14 00:07:27,11/09/2025 00:07,AMBIGUOUS,insufficient_primary_title_intent,42
125639,1289316.0,C300 0984648677 ThịnhBán đất 105m² ngang 5m giá 400 triệu tại Xã Ninh Quang Thị xã Ninh Hòa,"c300💥💥💥Chỉ 4xxtr/lô, full thổ cư Thạnh Mỹ, Ninh Quang, cách Chợ Mới, Ủy ban, trường học, trạm xá, nhà thuốc Long Châu,... chỉ 4 phút đi xe (bán kính 1,3km)Lh:0984.648.677",400.0,105.0,"Xã Tân Định,Khánh Hòa(Mới)",khanh-hoa,Đất,dat-tho-cu,2025-09-13 14:38:25,13/09/2025 03:38,AMBIGUOUS,insufficient_primary_title_intent,43
121308,1260677.0,🔥 CƠ HỘI VÀNG - CHỈ CÒN 2 LÔ DUY NHẤT TẠI KCN CÔNG NGHỆ CAO BẢO HIỆU - GIÁ CHỈ 180 TRIỆU/LÔ 🔥,"🔥 CƠ HỘI VÀNG - CHỈ CÒN 2 LÔ DUY NHẤT TẠI KCN CÔNG NGHỆ CAO BẢO HIỆU - GIÁ CHỈ 180 TRIỆU/LÔ 🔥TỔNG QUAN:- Tổng số lô: 20 lô đất liền kề khu dân cư Lạc Hưng - Yên Thủy - Hòa Bình- Diện tích: Từ 80m² đến 130m²- Pháp lý: Sổ đỏ riêng từng lô, minh bạch - an toàn- Đặc điểm đất: Vuông vắn, nở hậu, đã cắm mốc rõ ràngVỊ TRÍ VÀNG - KẾT NỐI ĐỈNH:- Mặt trước bám trục đường chính khu công nghiệp, mặt sau giáp suối sinh thái- Cách đường Hồ Chí Minh chỉ 700m- Gần trung tâm hành chính huyện, tiện ích đầy đủ- Giao thông liên kết thuận lợi tới: Hòa Lạc, Hà Nội, Hà Nam, Ninh Bình, Thanh Hóa, Hải Phòng...TIỀM NĂNG TĂNG GIÁ CỰC CAO:- Yên Thủy đang là tâm điểm phát triển công nghiệp tại Hòa Bình- Liền kề KCN Bảo ",180.0,113.0,"Xã Lạc Hưng,Huyện Yên Thủy,Hòa Bình",hoa-binh,Đất,dat-tho-cu,2025-09-13 00:34:56,15/06/2025 00:34,AMBIGUOUS,insufficient_primary_title_intent,44
207115,1371781.0,"LÔ ĐẤT NGANG 7,5m KDC CHÂU THỚI DĨ AN BÌNH DƯƠNG","🔹Bán lô đất TĐC làng đại học QGChâu Thới Tp HCM🔹Diện tích : 150m ( Ngang 7.5m )< Hướng Đông Nam >🔹Xây dựng tự do , vị trí đẹp👉 Giá 6ty 600 tr( thương lượng)📞LH : 0983.92.04.14 Lê Tuấn",6600.0,150.0,"Đường D6,Phường Đông Hòa,TP. Hồ Chí Minh(Mới)",tp-ho-chi-minh,Đất,dat-tho-cu,2025-09-13 21:17:57,06/09/2025 21:17,AMBIGUOUS,insufficient_primary_title_intent,45
99069,1342425.0,"Đất đông ngạc 198m2 mặt tiền 10m, xây biệt thự hay ccmn thi hết bài","Đất Đông Ngạc mảnh đất cực đẹp và hiếm có người bán.- Vị trị lô đất cực đẹp, khu dân cư văn minh hàng xóm thân thiện, xây biệt thự hay CCMN hết bài.- Tiện ích không thiếu bất cứ gi.- Mảnh đất này rất hiếm có người bán nhưng bà cụ muốn bán chia cho các con cháu mỗi người một ít của hương hoa các cụ đẻ lại.Xem thêm",11000.0,198.0,"Phường Đông Ngạc,Quận Bắc Từ Liêm,Hà Nội",ha-noi,Đất,dat-tho-cu,2025-09-12 23:26:36,13/08/2025 23:26,AMBIGUOUS,insufficient_primary_title_intent,46
19756,1430225.0,"Chủ có việc cần ra nhanh lô đất ngay vĩnh phú 26 gần chợ vĩnh phú, dt 75m2, giá 1,82 tỷ,full thổ cư","Ngay đường Vĩnh Phú 26 gần chợ Vĩnh Phú, cách mặt tiền quốc lộ 13 chỉ 2p di chuyểnDiện tích 75m² (5mx15m) hẻm thông xe hơi rộng 6m, full thổ cưSổ sẵn sang tên liền trong ngày, hỗ trợ vay ngân hàng đến 80%Liên hệ:  em Tài hỗ trợ anh chị xem sổXem thêm",1820.0,75.0,"Đường Vĩnh Phú 26 - Đường Loại 4,Phường Vĩnh Phú,Thị xã Thuận An,Bình Dương",binh-duong,Đất,dat-tho-cu,2025-09-13 17:03:47,08/09/2025 17:03,AMBIGUOUS,insufficient_primary_title_intent,47
160538,1232409.0,"Đất mặt tiền Nguyễn Thị Lài, KQH Xuân Phú, Xuân Phú, TP Huế lô đất siêu đẹp ✅","Đất mặt tiền Nguyễn Thị Lài, KQH Xuân Phú, Xuân Phú, TP Huế lô đất siêu đẹp ✅______________________🔸Thông tin sản phẩm- Diện tích : 117m2 , Ngang 6,5m- Đường 11.5m- Pháp lý: chính chủ sổ hồng- Lô đất sở hữu mặt tiền Nguyễn Thị Lại đối lưng Hoàng Lanh, vị trí trung tâm thành phố Huế, tiện tích xung quanh...- Giá bán : 45 Triệu / M2 ( Thương lượng )-----☎️  Liên hệ SĐT/ZALO: 09.8888.7015 gặp Viết Phú-----Xem thêm nhiều bđs đẹp tại website: bdscodohue .com",5270.0,117.0,"Phường Xuân Phú,Thành phố Huế,Thừa Thiên Huế",thua-thien-hue,Đất,dat-tho-cu,2025-09-13 13:42:37,16/05/2025 13:42,AMBIGUOUS,insufficient_primary_title_intent,48
182550,1320222.0,"Nhà mặt tiền Tây Hòa-PLA- Đỗ Xuân Hợp-300m(7,2x41)5tag-9pn chỉ 43T-dòng tiềnđeu (Tin Hết Hạn)",""" Nhà mặt tiền đường lớn – Kinh doanh đa ngành nghề! Dòng tiền ổn định, đầu tư không bao giờ lỗ!""tn16082Tòa nhà văn phòng mặt tiền Tây Hòa- Phước Long A giao Đỗ Xuân Hợp, Phước Long B Thủ Đức .Nhà mặt tiền trung tâm, vừa ở vừa cho thuê – Dòng tiền đều, lợi nhuận cao!""thu nhập đều mỗi tháng .- Diện tích : 7.2 x 41 = 300m2 vuông đẹp.Nhà nước công nhận 246m2.- Xây 5 tầng : thang máy lớn xịn, 9 phòng học lớn, mỗi phòng có 1 phòng vệ sinh lớn.Sân vườn trước và sân sau.- Nhà đang kinh doanh trường học.Tiện cải tạo công năng văn phòng cho thuê- căn hộ mini, quán ăn , cafe ,spa,gym...Di chuyển nhanh Nam Hòa, Ngã Tư Bình Thái, Song Hành, Xa lộ Hà nội, Metro gas Đặng Văn Bi, Lê Văn Việt...0938 198*** ",43000.0,300.0,"Phường Phước Long A,Quận 9,TP. Hồ Chí Minh",tp-ho-chi-minh,Nhà riêng,nha-mat-pho-mat-tien,2025-09-13 19:38:06,15/07/2025 19:38,AMBIGUOUS,insufficient_primary_title_intent,49
47238,1472882.0,Cơ hội sở hữu căn hộ view pháo hoa đẹp nhất masteri rivera đà nẵng - chỉ 4 tỷ/căn - hỗ trợ vay 70%,"CƠ HỘI SỞ HỮU CĂN HỘ VIEW PHÁO HOA ĐẸP NHẤT MASTERI RIVERA ĐÀ NẴNG - CHỈ 4 TỶ/CĂN Masteri Rivera Đà Nẵng - vị trí kim cương bên sông Hàn, liền kề Lotte Mart, cầu Tiên Sơn, trung tâm tổ chức lễ hội pháo hoa quốc tế DIFF. Chi tiết căn hộ: + Diện tích: 52,8m2 + Thiết kế: 1 phòng ngủ, tối ưu ánh sáng tự nhiên, không gian mở hiện đại + Hướng Tây Bắc: View trọn vẹn pháo hoa DIFF và sông Hàn + Bàn giao: Full nội thất cao cấp theo tiêu chuẩn Masteri Ưu điểm nổi bật: + Vị trí trung tâm, kết nối thuận tiện mọi khu vực + View cực phẩm: xem pháo hoa ngay tại căn hộ giá trị tăng trưởng theo từng mùa lễ hội + Chủ đầu tư uy tín Masterise Homes - bàn giao chuẩn quốc tế + Pháp lý minh bạch, sổ hồng lâu dài P",4500.0,528.0,"Đường Quy Mỹ,Phường Hòa Cường Nam,Quận Hải Châu,Đà Nẵng",da-nang,Căn hộ chung cư,can-ho-chung-cu,2025-09-13 14:17:39,07/09/2025 14:17,AMBIGUOUS,insufficient_primary_title_intent,50
131867,26611.0,"Bán bán  đất thương mại dịch vụ 3764m² , giá 18.85 tỷ tại đường ấp bến tràm, Xã Cửa Dương, Thành phố Phú Quốc, Kiên Giang",còn thương lượng,18850.0,3764.0,"đường ấp bến tràm,Đặc khu Phú Quốc,An Giang(Mới)",kien-giang,Đất,dat-tho-cu,2025-09-14 00:01:12,15/08/2025 00:01,AMBIGUOUS,insufficient_primary_title_intent,51
29497,1469506.0,"Chủ đi XKLĐ, để bán căn Bcons Green View 2PN 2WC, 51m2, NTCB, dọn vào ở được ngay, giá 2 tỷ","Em Bách BRE xin tổng hợp giỏ hàng chuyển nhượng view đẹp giá tốt, cắt lỗ tại dự án. Với kinh nghiệm 12 năm làm trong ngành bất động sản tại Bình Dương, BRE xin cam kết minh bạch và uy tín cho khách hàng. LH tư vấn nhanh: 0902567191 Bách BRE. --- Chủ đi XKLĐ nhượng lại căn hộ Bcons Green View giá tốt. Diện tích: 51m² | 2PN | 2WC | nội thất cơ bản | dọn vào ở ngay. Giá bán: 2 tỷ - sổ sẵn hỗ trợ thủ tục nhanh gọn. Ưu điểm căn hộ: * Thiết kế hợp lý, tối ưu không gian sử dụng. * Ban công thoáng mát, ánh sáng tự nhiên cả ngày. * Đã trang bị nội thất cơ bản: Bếp từ, tủ bếp, rèm cửa, giàn phơi. Tiện ích nội khu & khu vực: * Hồ bơi, công viên, khu vui chơi trẻ em, nhà sinh hoạt cộng đồng. * Gần Quốc ",2000.0,51.0,"Đường Quốc Lộ 1K (Nhánh 17) Khu Phố Châu Thới - Đường Loại 5,Phường Đông Hòa,Thị xã Dĩ An,Bình Dương",binh-duong,Nhà trọ,phong-tro,2025-09-13 17:41:52,07/09/2025 17:41,AMBIGUOUS,insufficient_primary_title_intent,52
186332,1296077.0,"Góc 3mt bàu cát đôi & nguyễn hồng đào, tân bình 8x20m 5 tầng hđt 200 triệu giá 60 tỷ","Bán nhà góc 3 mặt tiền Bàu Cát Đôi & Nguyễn Hồng Đào, P12, Tân Bình.- Diện tích: 8x20m.- Kết cấu: 5 tầng.- Hợp đồng thuê 200 triệu/tháng.- Tuyến đường đẹp sang trọng tập trung nhiều chuỗi thương hiệu: Thời trang - ngân hàng - văn phòng - nhà hàng - nha khoa - khách sạn,...- Giá bán: 60 tỷ TL.- Liên hệ:  - Thanh Tùng.Và hơn 1000 sản phẩm vị trí siêu đẹp vip trung tâm Sài Gòn từ 50 - 2000 tỷ ""bảo đảm khách hàng hài lòng"".Xem thêm",60000.0,160.0,"Đường Bàu Cát Đôi,Phường 12,Quận Tân Bình,TP. Hồ Chí Minh",tp-ho-chi-minh,Nhà riêng,nha-mat-pho-mat-tien,2025-09-13 19:53:52,15/07/2025 19:53,AMBIGUOUS,insufficient_primary_title_intent,53
107174,1408383.0,Gia chủ chuyển định cư nước ngoài cần gả cho người thương căn hộ thiết kế tâm huyết 2pn1k1vs giá rẻ,"Không chê vào đâu được căn hộ quá đẹp nằm cạnh các khu đô thị hàng xóm đẳng cấp như An Lạc Symphony, Taco Xuân Phương, Vinsmart City Tây Mỗ... Đường ô bàn cờ thông khắp nơi vô cùng thuận tiện. Căn hộ đang được cho thuê với giá 8 trieu full đồ tầng trung.DT 60m².Sổ đỏ vĩnh viễn sẵn sàng sang tên.LH  để rõ mọi thông tin và xem nhà.Xem thêm",3750.0,60.0,"Đường 70,Phường Xuân Phương,Quận Nam Từ Liêm,Hà Nội",ha-noi,Căn hộ chung cư,can-ho-chung-cu,2025-09-12 23:56:34,13/08/2025 23:56,AMBIGUOUS,insufficient_primary_title_intent,54
217544,1371186.0,"Đất mặt tiền đường 249 hoàng hữu nam, long thạnh mỹ, q9, dt 105m², giá 7.2 tỷ, thương lượng.","Đất mặt tiền đường 249 Hoàng Hữu Nam, Long Thạnh Mỹ, Q9, DT: 105m², giá 7.2 tỷ, thương lượng.- Diện tích 5x21m.- Hướng Bắc.- Đường 10m.Ngay mặt tiền Hoàng Hữu Nam, gần ngay 3 Mỹ Thành Lê Văn Việt là trung tâm mới của quận 9 và khu phía đông, kết nối cao tốc, Vincity, BV Ung Bướu 2, Bến Xe Miền Đông mới, làng đại học, chợ đêm Man Thiện... Nhà đang kinh doanh sầm uất, khu dân cư đẳng cấp, vị trí đắc địa nhất trục đường, giá phù hợp thị trường.LH TàiXem thêm",72000.0,105.0,"Phường Tân Phú,Quận 9,TP. Hồ Chí Minh",tp-ho-chi-minh,Đất,dat-tho-cu,2025-09-13 22:02:40,14/08/2025 22:02,AMBIGUOUS,insufficient_primary_title_intent,55
212282,1431379.0,Đất full thổ khu dân cư apec đường số 9 p. trường thọ có tl tốt.,"BÁN ĐẤT KHU DÂN CƯ APEC - ĐƯỜNG SỐ 9 - P. TRƯỜNG THỌ - 68.8M2* đất khu dân cư Apec đường số 9, phường Trường Thọ* Xây dựng tự do*Khu dân cư đông đúc*Tiện ích xung quanh đầy đủ*Diện tích công nhận: 68.8m² (4.15mx14.46m)GIÁ :6.8 TỶ TL tốtHoà hổ trợ giúp anh chị xem vị trí làm việc giá tốt,hổ trợ làm hồ sơ , cắm ranh đo mốcXem thêm",6800.0,68.0,"đường Số 907,Phường Trường Thọ,Quận Thủ Đức,TP. Hồ Chí Minh",tp-ho-chi-minh,Đất,dat-tho-cu,2025-09-13 21:39:27,30/08/2025 21:39,AMBIGUOUS,insufficient_primary_title_intent,56
126666,1207999.0,9 Triệu/m2. 130 Triệu/mn. Đất Cam Đức . Quy Hoạch An Toàn 2045,"*Quy Hoạch :+ Quy Hoạch 2045 đất ở khu vực an toàn Bàn Cờ Cam Đức.+ Cạnh lô đất là quy hoạch đất dịch vụ ( công viên; chợ ; trường học...) Và Quy Hoạch Đất Bãi Đỗ Xe.+  Phía sau Quy hoạch đường mở rộng 13m.+ Cách 50m là Quy Hoạch Đường 13m nối thẳng ra Đầm Thuỷ Triều và Đường ven Đầm.= Nhiều tiềm năng tăng giá cao. Đầu tư Sinh lời an toàn.* Vị Trí : Thị Trấn Cam Đức - Cam Lâm+ Gần ngay Khu Bàn Cờ Cam Đức. Đoạn Đường Hoàng Văn Thụ .* Diện tích : 142.9m2. Có 45 Đất Ở Tại Đô Thị.+ Chiều Ngang 10m* Pháp Lý : Sổ Hồng chính chủ. Sang tên nhanh gọn.* Tiện ích : Bán kính 1 km đầy đủ tiện ích dân sinh vd như Chợ Cam Đức, UBND, Trạm Y Tế, Trường Học, Ngân Hàng, Bưu Điện ..v...v..+ Cách Đầm Thuỷ Triều ",1300.0,142.9,"Đường Hoàng Văn Thụ,Xã Cam Lâm,Khánh Hòa(Mới)",khanh-hoa,Đất,dat-tho-cu,2025-09-13 14:42:03,14/08/2025 14:42,AMBIGUOUS,insufficient_primary_title_intent,57
194334,1205207.0,MẶT TIỀN KINH DOANH 5 TẦNG NGAY CHỢ GÒ XOÀI - TKTQ - MÃ LÒ -  60M2 CHỈ 6.9 TỶ TL,"MẶT TIỀN KINH DOANH NGAY CHỢ GÒ XOÀI - TKTQ - MÃ LÒ - 5 TẦNG 60M2 CHỈ 6.9 TỶL/H: 0937 924 934 - Tuấn- 4X15, 5 Tầng mới đẹp lung linh gồm 5 phòng ngủ, bếp, phòng khách, ban công, phòng giặt phơi... chỉ cần dọn vào ở ngay- Mặt tiền kinh doanh nhộn nhịp ngay chợ gò xoài, giáp Tân Kỳ Tân Quý, Mã Lò, Lê Văn Quới, 5 phút ra Aeon Tân Phú...- Sổ hồng riêng, hoàn công đủ, mua bán nhanhL/H: 0937 924 934 - Tuấnbán nhà bình tânmua bán nhà bình tânbán nhà bình tân sài gònbán nhà bình tân dưới 1 tỷbán nhà bình tân dưới 3 tỷbán nhà bình tân dưới 2 tỷbán nhà bình tân 4 tỷbán nhà bình tân giá rẻbán nhà bình tân khu tên lửabán nhà bình tân chợ tốtbán nhà bình tân 3 tỷbán nhà tân bình dĩ anbán nhà an bình tân ",6900.0,60.0,"Phường Bình Hưng Hoà A,Quận Bình Tân,TP. Hồ Chí Minh",tp-ho-chi-minh,Nhà riêng,nha-mat-pho-mat-tien,2025-09-13 20:26:26,16/04/2025 20:26,AMBIGUOUS,insufficient_primary_title_intent,58
73217,1468287.0,"Căn hộ 2PN + 1WC 55,6m2 full nội thất phù hợp vợ chồng trẻ tại Vinhomes Ocean Park, đã có sổ","Trải nghiệm sống thượng lưu tại Vinhomes Ocean Park với tài chính nhỏ sổ hồng riêng. Giao nhà hoàn thiện với nội thất cao cấp: Sàn gỗ, thiết bị hiện đại chỉ cần vào là ở. Tọa lạc tại trung tâm phân khu Sapphire 1, bạn thụ hưởng không gian sống hiện đại với thiết kế căn hộ thông minh: 2PN + 1, diện tích thanh lịch 55,6 m². Nằm trong phân khu Sapphire 1, tận hưởng Vincom Mega Mall, Vinmec, Vinschool, biển hồ, công viên BBQ, gym, hồ điều hoà all in one. Hướng Tây Bắc mát mẻ, tầng trung thoáng đãng, view rộng phù hợp với gia đình trẻ. Vị trí của căn và tòa S1.09 cho phép kết nối nhanh chóng đến các tuyến đường nội khu và tiện ích trong dự án. Mức giá hấp dẫn trong tuần đối với căn diện tích 55,6",3500.0,556.0,"Xã Đa Tốn,Huyện Gia Lâm,Hà Nội",ha-noi,Nhà riêng,nha-mat-pho-mat-tien,2025-09-12 21:48:45,07/09/2025 21:48,AMBIGUOUS,insufficient_primary_title_intent,59
27251,1365466.0,"Giỏ hàng 2pn phân khu skyzen phân khu cao cấp nhất picity sky park, thanh toán chỉ 350tr","- Vị trí Skyzen: 15/9 KP. Bình Đường 2, Phường An Bình, TP. Dĩ An, Bình Dương, (cách trung tâm TP Thủ Đức 550m).- Cổng chính Sky Zen hướng ra vào mặt tiền Quốc lộ 1A, cách đại lộ Phạm Văn Đồng 500m... Nhờ đó di chuyển đến sân bay Tân Sơn Nhất chỉ 10km và trung tâm TPHCM chỉ 25 phút.- Chính sách thanh toán:+ Đợt 1 đóng 10%.+ Đợt 2 đóng 15% - 1 tháng sau.+ Đợt 3 tháng 9/2027 đóng 45% khi ký hđmb - được hỗ trợ lãi 24 tháng khi vay.+ Đợt 4: Quý 3/2028 nhận nhà đóng phần còn lại.+ Thanh toán chỉ 350 triệu đến khi nhận nhà.- Loại hình sản phẩm: Căn hộ ở & Officetel. Tổng số căn: 650 sản phẩm.Căn hộ 2PN 1WC - 50m² giá 2.16 tỷ.Căn hộ 2PN 2WC - 59m² giá 2.565 tỷ.- Chủ đầu tư: Công ty CP Khách Sạn Đầu",257000.0,59.0,"Phường An Bình,Thị xã Dĩ An,Bình Dương",binh-duong,Căn hộ chung cư,can-ho-chung-cu,2025-09-13 17:33:52,14/08/2025 17:33,AMBIGUOUS,insufficient_primary_title_intent,60
20522,1427721.0,Mặt tiền phạm ngũ lão ngay trường quốc tế việt anh nhà thờ phú cường kinh doanh buôn bán vip,Mặt tiền Phạm Ngũ Lão ngay Quốc Tế Việt Anh - Nhà thờ Phú Cường.1007m² thổ cư 950m².Đất nở hậu phong thủy tốt.Khách quan tâm liên hệ em.Xem thêm,55000.0,1007.0,"Đường Phạm Ngũ Lão - Đường Loại 3,Phường Hiệp An,Thành phố Thủ Dầu Một,Bình Dương",binh-duong,Đất,dat-tho-cu,2025-09-13 17:06:48,23/08/2025 17:06,AMBIGUOUS,insufficient_primary_title_intent,61
227778,1357877.0,"Căn hộ nhỏ studio lợi nhuận lớn với 4 tầm view kép triệu đô, sống chuẩn thượng lưu tại the opus one","Căn hộ hạng sang mức giá cực tốt với vị trí đẹp nhất là trái tim của Đại đô thị Vinhomes Grand Park.Thừa hưởng hệ sinh thái tiện ích đỉnh cao và hạ tầng hoàn thiện vào thời điểm bàn giao tiềm năng tăng giá bùng nổ trong tương lai!Sở hữu căn hộ Studio chỉ từ 2,6 tỷ (33 - 35m²):- OS502.01 giá 2,686 tỷ.- OS503.01 giá 2,694 tỷ.- OS105.17 giá 2,781 tỷ.Giá đã chiết khấu và đã VAT.Liên hệ ngay Phòng Kinh Doanh CĐT Vinhomes. Hotline:  - Thanh Trúc.The Opus One, siêu phẩm được phát triển bởi Vinhomes & Samty Nhật Bản, sở hữu 4 tầm view vĩnh cửu:- Đại công viên 36ha, VinWonders, hồ bơi nội khu 3 tầng.- Trường học Vinschool hệ Cambridge.- Quảng trường nghệ thuật Golden Eagle.- CBD sôi động: Vincom Mega",269000.0,35.0,"Đường Nguyễn Xiển,Phường Long Bình,Quận 9,TP. Hồ Chí Minh",tp-ho-chi-minh,Căn hộ chung cư,can-ho-chung-cu,2025-09-13 22:51:26,14/08/2025 22:51,AMBIGUOUS,insufficient_primary_title_intent,62
86173,1243435.0,"Nhà đẹp Lê Quang Đạo, ngõ thông ô tô tránh giá hơn 6 tỷ","- Nhà năm ở ngõ Lê Quang Đạo,ngõ thoáng sáng, trải nhựa sạch sẽ tận nhà, siêu thị winmart ngay cổng. Bãi đậu xe gần nhà, 3 bước ra đường đua F1 và bệnh viện Hồng Ngọc đầy đủ tiện ích- Nhà dân xây tâm huyết, xây 5 tầng full nội thất về ở ngay. Nhà thiết kế hiện đại đầy đủ ô thoáng, giếng trời, phòng vuông vắn cực thoáng.-Chủ nhà ăn nên làm ra đổi nhà phố- Nhà có sổ đỏ chính chủ, sổ nở hậu sẵn giao dịch",6900.0,35.0,"Phường Phú Đô,Quận Nam Từ Liêm,Hà Nội",ha-noi,Nhà riêng,nha-mat-pho-mat-tien,2025-09-12 22:37:46,15/05/2025 22:37,AMBIGUOUS,insufficient_primary_title_intent,63
106061,1408438.0,"Căn hộ cực ""mát"" trong mùa hè này giá thấp nhất heritage west lake 13.5 tỷ giá hot hết nhanh","Bán căn hộ cao cấp tại Heritage West Lake dự án biểu tượng mới bên Hồ Tây của chủ đầu tư Capitaland.Diện tích: 93m², thiết kế 2PN, 1 đa năng, 1WC hiện đại, không gian sống tinh tế.Full nội thất cao cấp chỉ cần xách vali vào ở.Thiết kế thang máy riêng vào tận cửa đẳng cấp và tôn trọng sự riêng tư tuyệt đối của mỗi cư dân.Dự án sang trọng, cư dân văn minh, tiện ích quốc tế chuẩn 5*.Giá bán: 13.5 tỷ (bao toàn bộ phí sang tên, chuyển nhượng).Pháp lý: Lâu dài.Liên hệ ngay em Lan  để xem nhà trực tiếp và trải nghiệm không gian sống xứng tầm!Xem thêm",13500.0,93.0,"Đường Lạc Long Quân,Phường Phú Thượng,Quận Tây Hồ,Hà Nội",ha-noi,Căn hộ chung cư,can-ho-chung-cu,2025-09-12 23:52:47,29/08/2025 23:52,AMBIGUOUS,insufficient_primary_title_intent,64
30003,1493810.0,Bán mảnh vườn ven suối  5514.6m² ngang 81m giá 190 triệu Xã Minh Đức,"📏 Diện tích: 5.514,6m²📐 Ngang: 81m💰 Giá: 190 triệu/sào📍 Vị trí: Xã Minh Đức – mảnh vườn ven suối, thích hợp nghỉ dưỡng, trồng cây ăn trái hoặc đầu tưƯu điểm nổi bật:Vườn rộng, có suối chảy quanh, cảnh quan đẹp, thoáng mátGiao thông thuận tiện, dễ ra vàoSổ đỏ chính chủ, pháp lý minh bạch, sang tên nhanh chóngLiên hệ ngay: 0901.370.396 để xem đất và nhận thông tin chi tiết.",190.0,5514.6,"Xã Minh Đức,Đồng Nai(Mới)",binh-phuoc,Đất,dat-tho-cu,2025-09-13 15:59:37,13/09/2025 08:59,AMBIGUOUS,insufficient_primary_title_intent,65
87638,1218531.0,THẬT KHÓ TIN!!! Mặt Phố Cầu Giấy (Gần ĐH Giao Thông) 43m/ Mặt tiền 5.2m 13.9 Tỷ,"❌ Mặt Phố Lớn => 13.9 Tỷ 😳 📲 0987881444🔥🔥SIÊU NGON - CỰC HIẾM - PHẢI THẬT NHANH🔥🔥♦️ Bán nhà Mặt Phố Cầu Giấy (Đối Diện Ga Cầu Giấy - Gần ĐH Giao Thông Vận Tải)➖ Diện tích: 43m2 ( sổ đỏ), sau quy hoạch còn  31m2, Mặt tiền 5.2m➖ Giá bán: 13.9 Tỷ (thương lượng)🎉🎉MẶT PHỐ LỚN - KINH DOANH CỰC TỐT - NGAY GA ĐẮC ĐỊA 🎉🎉+ Nhà Mặt Phố Kinh Doanh Sầm Uất Hiện Đang Cho Thuê 25 Triệu/Tháng.+ Thiết kế mỗi tầng 1 phòng+ Chủ tặng giấy phép xây dựng 4 tầng+1 tum- Sổ đỏ siêu đẹp, giao dịch ngay..._____________________Hãy là người đi xem & thương lượng nhanh nhất.""Uy tín - chuyên nghiệp - hết mình vì quyền lợi khách hàng"".Trần Dũng Chuyên Bất động sản mặt phố, Biệt Thự, Toà Văn Phòng, Nhà Ở… Phân Khúc Từ: 5 Tỷ",13900.0,43.0,"Phường Quan Hoa,Quận Cầu Giấy,Hà Nội",ha-noi,Nhà riêng,nha-mat-pho-mat-tien,2025-09-12 22:43:28,15/04/2025 22:43,AMBIGUOUS,insufficient_primary_title_intent,66
39471,1392286.0,"Mua biệt thự 2 mặt tiền, trực diện sông, sở hữu lâu dài vip nhất đà nẵng ở đâu","* Thông tin nhà: Sổ đỏ lâu dài.+ Diện tích: 300m².+ 3,5 tầng: 1 phòng khách thông tầng, 4 phòng ngủ lớn, 5 phòng WC nam nữ.+ Ngoại thất full nhập ngoại, đá Marble cao cấp Tây Ban Nha.+ Có hồ bơi riêng view trực diện sông Cổ Cò.+ 1 gara để 2 ô tô lớn.+ Có sổ đỏ lâu dài.+ 1 sân vườn rộng để BBQ.---Giá 25,9 tỷ (thương lượng chính chủ).* Tiện ích: Có đặc quyền riêng cho chủ sở hữu.+ Có công viên rộng lớn để vui chơi giải trí.+ Có xe buýt đưa đón từ biệt thự đến sân bay và ngược lại.+ Có du thuyền riêng du lịch.+ Có sân tennis để sử dụng tập thể thao.+ Có xe điện trung chuyển ra biển và xung quanh.+ Có siêu thị, nhà hàng, khu spa và trung tâm thương mại.Liên hệ:  nhận báo giá trực tiếp.Vị trí lô ",25900.0,300.0,"Đường Song Hào,Phường Hoà Hải,Quận Ngũ Hành Sơn,Đà Nẵng",da-nang,Nhà riêng,nha-mat-pho-mat-tien,2025-09-13 13:46:49,14/08/2025 13:46,AMBIGUOUS,insufficient_primary_title_intent,67
132568,60323.0,"Bán  nhà riêng 124m² , giá 9.5 tỷ tại đường Ngô Quyền, Phường 6, Thành phố Đà Lạt, Lâm Đồng","Nhà đẹp 2 mặt tiền, sân đậu ô tô rộng rãi",9500.0,124.0,"Phường Cam Ly - Đà Lạt,Lâm Đồng(Mới)",lam-dong,Nhà riêng,nha-mat-pho-mat-tien,2025-09-13 15:37:18,13/09/2025 03:37,AMBIGUOUS,insufficient_primary_title_intent,68
102820,1209845.0,"ĐẤT CHÍNH CHỦ 100m2 Giá tốt - Vị Trí Đẹp tại Cổ Đông, Sơn Tây, Hà Nội","ĐẤT CHÍNH CHỦ - Giá tốt - Vị Trí Đẹp tại Cổ Đông, Sơn Tây, Hà NộiDiện tích: 100m2Giá Thương lượng- Các tiện ích về an sinh xã hội đầy đủ, ở ngay khu trung tâm nên gần chợ, trường học, bệnh viện, ...- Khu dân cư đông đúc, an ninh đảm bảo- Giao thông thuận tiện đi lại, đường rộng rãi- Pháp lý đầy đủ, sổ đỏ chính chủ, thủ tục sang tên nhanh- Phù hợp định cư lâu dài, đầu tư sinh lời caoLiên hệ SĐT: 0772053888",3550.0,100.0,"Xã Cổ Đông,Thị xã Sơn Tây,Hà Nội",ha-noi,Đất,dat-tho-cu,2025-09-12 23:41:35,15/04/2025 23:41,AMBIGUOUS,insufficient_primary_title_intent,69
158875,1342752.0,Có 1 lô duy nhất do e chính chủ,"📣📣📣📣📣📣👍- 193m2 ( mặt tiền 5m dài 38m) mà giá chỉ 210 triệu/ lô, sẵn sổ hồng.- Từ vị trí lô đất ra tới Trường học cấp 1,2,3 và cơ quan hành chính, chợ, bệnh viện, bến xe, khu vui chơi… chỉ trong vòng bán kính 1km.- Bác nào sẵn tiền đang muốn sinh lời thì alo cho em nhé, vàng giờ giá cao chót vót , đất thì giá đang rẻ ạ.lại có quy hoạch xáp nhập trung tâm ở thạch thành, nên tương lai giá lên 2,3,4,5 triệu/ m2 là chắc chắn rồi!Liên hệ 0376505208",210.0,193.0,"Xã Thạch Quảng,Thanh Hóa",thanh-hoa,Đất,dat-tho-cu,2025-09-13 13:34:03,12/09/2025 21:34,AMBIGUOUS,insufficient_primary_title_intent,70
219710,1293817.0,HOT! HÓC MÔN DƯỚI 3TR/M² – ĐƯỜNG NHỰA 8M LÔ ĐẤT KHỦNG 24.492M² CHỈ 64 TỶ!,"HOT! HÓC MÔN DƯỚI 3 TRIỆU/M² – ĐƯỜNG NHỰA 8M – LÔ ĐẤT KHỦNG 24.492M² CHỈ 64 TỶ! 					1 SẸC Nguyễn Văn Bứa – Vào đúng 900m, Đường nhựa rộng 8m, xe tải vi vuDiện tích siêu lớn: Ngang 70m x Dài 395m – Tổng 24.492m²Quy hoạch: Dân cư hiện hữu ~8.000m², phần còn lại đất nông nghiệp – Tiềm năng lên thổ cao 				Giá bán chỉ 64 tỷ (~2,6 triệu/m²) – Còn thương lượng sâu cho khách thiện chíVị trí đẹp – gần trung tâm, thuận tiện phân lô, làm kho xưởng, dự án sinh thái, đầu tư dài hạn 					Pháp lý rõ ràng, giao dịch nhanh gọnLiên hệ ngay Ms Mỹ - 0909.805.456 để chốt siêu phẩm giá tốt nhất Hóc Môn hiện tại!",64000.0,24492.0,"Xã Xuân Thới Thượng,Huyện Hóc Môn,TP. Hồ Chí Minh",tp-ho-chi-minh,Đất,dat-tho-cu,2025-09-13 22:12:06,15/07/2025 22:12,AMBIGUOUS,insufficient_primary_title_intent,71
127782,1156030.0,Đất viên gia cắt bán 9x 30(60ont). Ninh Trung Ninh Hòa Khánh Hòa. LH 0938156791 Hiếu,S 022,360.0,270.0,"Xã Hòa Trí,Khánh Hòa(Mới)",khanh-hoa,Đất,dat-tho-cu,2025-09-13 14:45:57,06/09/2025 14:45,AMBIGUOUS,insufficient_primary_title_intent,72
62847,1504148.0,"Lô Góc Hai Mặt Tiền đường Bưng Cơ Dt 166m2 Tc 80m2 Gần Chợ Mới Lt Sổ Hồng Riêng Giá Ngộp Sâu 3,9 Tỷ","Chính chủ cần bán lô góc hai mặt tiền đường Bưng Cơ Lộc An, gần ngay chợ mới Long Thành, giá ngộp 3,9 tỷ, sổ hồng riêng.DT: Ngang 5.56m sâu 30.05m. Thổ cư 80m2, sổ hồng riêng.- Vị trí ngay mặt tiền đường nhựa 8m, quy hoạch mở rộng, kinh doanh thuận tiện, khu dân cư đông đúc, gần ngay chợ mới Long Thành và DT 769 kết nối sân bay Long Thành.- Lô góc hai mặt tiền thoáng, mặt tiền bên hông tầm 5m đá mi, điện, nước máy có sẵn, thích hợp kinh doanh, đầu tư lâu dài, xây nhà để ở.Giá ngộp bán nhanh 3,9 tỷ.LH: Khang Gia Phát.Đặc điểm nổi bậtDiện tích :166m2Mặt tiền :5.56mGiá :3,9 tỷĐường vào :8m",3900.0,166.0,"Đường Bưng Cơ,Xã Lộc An,Huyện Long Thành,Đồng Nai",dong-nai,Đất,dat-tho-cu,2025-09-14 00:25:22,13/09/2025 10:25,AMBIGUOUS,insufficient_primary_title_intent,73
129467,1371270.0,"Đất mặt tiền cách trung tâm nha trang, khánh hòa 7km. đường rộng 7m liên thông","Bán 2 lô liền kề mặt tiền đường rộng 7m liên thông. Diên Phú, giáp ranh Vĩnh Phương.- Vị trí cách TTTP Nha Trang 7km, có thể vừa ở vừa kinh doanh.- Đường liên thông Hương Lộ 45 (cách 200m). Cách KĐT Vĩnh Điềm Trung 4,5km.- Hướng Đông Bắc.- Lô 1: 109,7m² ngang 5,6m. Thổ cư 60m².+ Giá: 1 tỷ 225tr.- Lô 2: 113,4m² ngang 5,3m. Thổ cư 60m².+ Giá: 1 tỷ 268tr.- Thích hợp mua ở, đầu tư hoặc mua luôn 2 lô xây nhà vườn...LH:  Lập.Số chứng chỉ: KH - 00372.Xem thêm",123000.0,109.0,"Xã Diên Phú,Huyện Diên Khánh,Khánh Hòa",khanh-hoa,Đất,dat-tho-cu,2025-09-13 14:51:53,14/08/2025 14:51,AMBIGUOUS,insufficient_primary_title_intent,74
124568,1299031.0,Nhà mới 3 tầng kđt phước long a đường 12m giá 7 tỷ,"BÁN NHÀ MỚI XÂY KĐT PHƯỚC LONG A  ĐƯỜNG TRẦN TỬ BÌNH - 12 MÉTDiện tích đất: 97m² (ngang 5m)Diện tích sử dụng: 245m²Hướng: Đông Nam mát mẻKết cấu: 3 tầng, gồm 3 phòng ngủ, 1 phòng thờ, 4 WC, bếp, sân đậu ô tôPháp lý: Hợp đồng mua bán, nhà mới xây, đang chờ sổ hồngGiá bán: 7 tỷ (thương lượng nhẹ)Xem thêm",7000.0,97.0,"Phường Phước Long,Thành phố Nha Trang,Khánh Hòa",khanh-hoa,Nhà riêng,nha-mat-pho-mat-tien,2025-09-13 14:34:43,15/07/2025 14:34,AMBIGUOUS,insufficient_primary_title_intent,75
79999,1375123.0,Lõi hoàng mai 34m2 5t 6.x tỷ ngõ 3 gác đua điểm trung tâm các phố,"LÕI HOÀNG MAI- 34M2- 5T- 6.x Tỷ- NGÕ 3 GÁC ĐUA- ĐIỂM TRUNG TÂM CÁC PHỐ- Nhà dân xây chắc chắn, thiết kế hợp lý, thoáng 2 mặt ánh sáng ngập tràn- Khu vực trung tâm đầy đủ TRƯỜNG- VIỆN- CHỢ- TTTM, ko thiếu gìSổ đỏ chính chủ, ssgdL/h e Trang  để nhận thêm nhiều thông tin và xem nhà 247#TrangNhaPhoXem thêm",675000.0,34.0,"Đường Trương Định,Phường Tân Mai,Quận Hoàng Mai,Hà Nội",ha-noi,Nhà riêng,nha-mat-pho-mat-tien,2025-09-12 22:14:07,13/08/2025 22:14,AMBIGUOUS,insufficient_primary_title_intent,76
230312,1309876.0,"Bán cc orchid park, 2,3 tỷ, 75m2, 2pn, 2wc, phú xuân, nhà bè, hcm, chính chủ uy tín","Orchid Park là căn hộ chung cư siêu xịn tại Đường Nguyễn Lương Bằng, Xã Phú Xuân, Nhà Bè, Hồ Chí Minh. Căn hộ có 2PN - 1WC diện tích 66m² - Giá bán 2,3 tỷ ; 2PN - 2WC diện tích 72 - 75 - 77m² - Giá bán 2,4 tỷ đến 2,5 tỷ, căn hộ này có 2 phòng ngủ và 2 toilet, thiết kế thông thoáng, ban công và sân phơi riêng biệt. Nội thất đầy đủ, hướng cửa chính Tây Nam và ban công Đông Bắc, cực kỳ phong thủy. Pháp lý đầy đủ, không cần lo nghĩ gì thêm!Nói về giá cả, căn hộ này chỉ có 2,3 tỷ đến 2,5 tỷ, cực kỳ hợp lý cho một không gian sống chất lượng. Tại Orchid Park, không chỉ có không gian sống thoải mái, mà còn có nhiều tiện ích hấp dẫn như hồ bơi, công viên cây xanh, trung tâm thương mại, và cả phòng gy",23000.0,75.0,"Đường Nguyễn Lương Bằng,Xã Phú Xuân,Huyện Nhà Bè,TP. Hồ Chí Minh",tp-ho-chi-minh,Căn hộ chung cư,can-ho-chung-cu,2025-09-13 23:03:09,15/07/2025 23:03,AMBIGUOUS,insufficient_primary_title_intent,77
99845,1315456.0,Lô a5 (97m² nhỉnh 1 tỷ 8) tài chính nhỏ giá trị lớn,"Chỉ cần nhỉnh xíu 1 tỷ 8, sở hữu ngay mảnh đất sổ đỏ chính chủ tại Thôn Hạnh Côn, Xuân Mai!Diện tích 97m²  Mặt tiền 5mĐường trước đất rộng rãi  dân cư đông đúcCách trung tâm chỉ 3 phút đi xeRất phù hợp cho gia đình trẻ  tài chính gói gọn mà vẫn được ở vị trí đẹpĐầu tư lâu dài  sinh lời bền vữngLiên hệ Minh Thúy:  để đi xem ngay hôm nay!Xem thêm",184000.0,97.0,"Đường Quốc Lộ 6 - Thị Trấn Xuân Mai,Xã Nam Phương Tiến,Huyện Chương Mỹ,Hà Nội",ha-noi,Đất,dat-tho-cu,2025-09-12 23:29:37,14/07/2025 23:29,AMBIGUOUS,insufficient_primary_title_intent,78
234585,1407474.0,NHÀ 4 TẦNG MẶT TIỀN NGAY CHỢ CÁI VỒN.,"NHÀ PHỐ MẶT TIỀN CHỢ CÁI VỒN.Diện tích: 4m x 13,62mDiện tích sàn: 206,6m2.Hiện trạng nhà thô gồm 1 trệt 3 lầu.Kết hợp vừa ở vừa cho thuê, đầu tư sinh lời.Xung quanh nhiều tiện ích: ngân hàng, bưu điện, điện lực, tiệm thuốc….Giá: 6 tỷ 599 triệu.",6600.0,53.0,"Phường Cái Vồn,Vĩnh Long",vinh-long,Nhà riêng,nha-mat-pho-mat-tien,2025-09-13 23:49:19,14/08/2025 23:49,AMBIGUOUS,insufficient_primary_title_intent,79
223488,1481657.0,"Chủ thiện chí gửi bán căn 62m2 2pn2wc dream home palace giá 2,250 tỷ nhà sạch sẽ","Nằm trong khu Dream Home Palace, căn hộ này có 2 phòng ngủ, 2 toilet, phù hợp cho các bạn trẻ đang tìm kiếm không gian sống hiện đại và tiện nghi.Căn hộ hướng Tây Bắc, ban công Đông Nam, cực mát mẻ và thoáng đãng. Nội thất full, có sofa, giường, tủ bếp, máy lạnh, sẵn sàng cho cuộc sống mới.Phong thủy tốt, giúp mang lại may mắn và tài lộc cho chủ nhân.Liên hệ ngay để biết thêm thông tin chi tiết qua  và Dream Home Q8 giá tốt.Xem thêm",2250.0,62.0,"Đường Trịnh Quang Nghị,Phường 07,Quận 8,TP. Hồ Chí Minh",tp-ho-chi-minh,Căn hộ chung cư,can-ho-chung-cu,2025-09-13 22:31:03,09/09/2025 22:31,AMBIGUOUS,insufficient_primary_title_intent,80
27634,1337374.0,"3032tr/m2 có 23pn diện tích từ 64104m2. sổ hồng trao tay, ngân hàng hỗ trợ 70%","-Chung cư Minh Quốc Plaza TT Tp Thủ Dầu Một-Căn hộ 2PN-3PN diện tích từ 64.3m² - 104m2-Sổ hồng trao ngay, pháp lí rõ ràng-Chỉ 30-32tr/m2-Ngân hàng hỗ trợ 70%. Không đóng lãi gốc 18 tháng đầu (chỉ dành cho 20 khách đầu tiên)- Tặng gói nội thất lên đến 120tr-Cam kết nhận nhà cho thuê ngay 8-10tr/tháng-Nằm ngay đại lộ Mỹ Phước-Tân Vạn. Nằm cạnh trung tâm TP. Thủ Dầu Một và TT hành chính Tp mới Bình Dương, KCN Đại Đăng-Gần nút giao vành đai 3 và Metro Suối Tiên-Bình Dương-Quỹ đất TOD 49ha cách 2ph đi bộ. Bệnh viện 1500 giường cách 10ph đi xeLh:  để được hỗ trợ tư vấn hết mình ạXem thêm",205000.0,64.0,"Đường Mỹ Phước - Tân Vạn - Đường Loại 3,Phường Phú Mỹ,Thành phố Thủ Dầu Một,Bình Dương",binh-duong,Căn hộ chung cư,can-ho-chung-cu,2025-09-13 17:35:16,15/07/2025 17:35,AMBIGUOUS,insufficient_primary_title_intent,81
209130,1500331.0,"BDS HVL 🔥SIÊU HOT – 3 LÔ ĐẤT F0 MẶT TIỀN ĐƯỜNG SỐ 7, LINH TRUNG – THỦ ĐỨC 🔥","BDS HVL 🔥SIÊU HOT – 3 LÔ ĐẤT F0 MẶT TIỀN ĐƯỜNG SỐ 7, LINH TRUNG – THỦ ĐỨC 🔥• A1: 89,8m² (CN 74,7m²)• A2: 87,7m² (CN 71,4m²)• A3: 85m² (CN 66,7m²) – Lô góc 2 MT cực hiếm.🌟 Vị trí vàng: Mặt tiền KD sầm uất, gần Hoàng Diệu 2 & Làng ĐH Quốc Gia.👉 Thích hợp ở, KD, xây CHDV cho thuê.💰 Giá: 7,5 tỷ/lô – TL#phướcbình #villapark #melosa #lucasta #merita #riovista #giahòa #khang điền #anthiênlý #parkriverside #thảonguyênsàigòn #saigonhill #khangan #namlong #điềnphúcthành #Rosita #đôngtăngLong #dragonvillge #megavillge #liênphường#đỗxuânhợp #lêvănviệt #verosa #classia #rivieracove #lakeview #garland #hoja #muabánbấtđộngsản #quận9 #thủđức #quận2 #thạnhmỹlợi #thảođiền #đảokimcương #thảođiền #villathủthiêm",7500.0,89.8,"Phường Linh Trung,Quận Thủ Đức,TP. Hồ Chí Minh",tp-ho-chi-minh,Đất,dat-tho-cu,2025-09-13 21:26:07,12/09/2025 21:26,AMBIGUOUS,insufficient_primary_title_intent,82
219516,1301260.0,Chưa tới 50tr/m2 bán khuôn đất xây chdv hxt tô ngọc vân p. linh đông thủ đức 20x95m giá 90 tỷ,"Bán khuôn đất Hẻm xe tải Tô Ngọc Vân, phường Linh Đông, Thủ Đức- Diện tích: 20x95m- Đất trống. Khuôn đất lớn hiếm có, hẻm xe tải- Phù hợp xây CHDV cho thuê, phân lô lẻ, hẻm xe tải rộng 8m- Giá 90 tỷ thương lượng ( chưa tới 50 triệu/m²)- Liên hệ:  Vân AnhXem nhà và làm việc chính chủVà hơn 1000 sản phẩm vị trí siêu đẹp VIP trung tâm Sài Gòn từ 50 - 2000 tỷ.Xem thêm",90000.0,1900.0,"Phường Linh Đông,Quận Thủ Đức,TP. Hồ Chí Minh",tp-ho-chi-minh,Đất,dat-tho-cu,2025-09-13 22:11:10,15/07/2025 22:11,AMBIGUOUS,insufficient_primary_title_intent,83
67055,1315466.0,"Bán quỹ đất 2 mặt đường phù hợp phân lô hoặc làm kho bãi, xưởng. có sẵn thổ cư 300m2","Đất 2 MT tại Bàu Cạn, Long Thành, Đồng Nai với diện tích rộng lớn 19538m², lý tưởng cho các dự án đầu tư hoặc xây dựng nhà ở.- Diện tích lớn 19538m² có sẵn thổ cư 300m² phù hợp cho nhiều loại hình phát triển.- Giá hấp dẫn chỉ 25 tỷ VND, cơ hội tốt cho nhà đầu tư.- Mặt tiền rộng 270m, tạo thuận lợi cho các hoạt động kinh doanh.- Ngõ vào rộng 12m, dễ dàng cho xe ô tô ra vào.- Pháp lý đầy đủ, đảm bảo sự an toàn cho các giao dịch.+ Điểm cộng:- Vị trí đất thuận lợi, không gian thoáng đãng, phù hợp cho cuộc sống an lành.- Mặt tiền rộng có thể phát triển thành các dự án thương mại hoặc dịch vụ.- Đường vào rộng rãi, thuận tiện cho việc vận chuyển hàng hóa.Liên hệ để biết thêm thông tin chi tiết qua ",25000.0,19538.0,"Xã Bàu Cạn,Huyện Long Thành,Đồng Nai",dong-nai,Đất,dat-tho-cu,2025-09-14 00:42:16,16/07/2025 00:42,AMBIGUOUS,insufficient_primary_title_intent,84
182056,1331092.0,"Siêu rẻ 189tr/m2 hẻm hxh trần quang khải, tân định q1 dt 4,2 x 19m cn 79,3m2 giá 15 tỷ. 0937 324 ***","Nhà riêng tại Trần Quang Khải, Tân Định, Quận 1, Hồ Chí Minh với diện tích 79.3m², 2 tầng, 2 phòng ngủ, 2 phòng tắm, được thiết kế đầy đủ nội thất, hứa hẹn mang lại không gian sống tiện nghi cho gia đình.- Diện tích: 79.3m².- Giá: 15 tỷ VND.- 2 phòng ngủ, 2 phòng tắm.- 2 tầng, hướng cửa chính Tây Nam.- Pháp lý đầy đủ.Nổi bật với phong thủy tốt, nhà ở khu vực trung tâm, dễ dàng tiếp cận các tiện ích xung quanh, tạo điều kiện thuận lợi cho cuộc sống hàng ngày.Gần các bệnh viện lớn như Bệnh viện Da Liễu TP. HCM, Bệnh viện Nhi Đồng 2, và Bệnh viện Tai Mũi Họng TP. HCM. Các siêu thị như Chiaki, Co. Opmart Rạch Miễu, và Winmart + cũng chỉ trong tầm tay. Công viên Chi Lăng và Công viên Lê Văn Tám l",15000.0,79.0,"Đường Trần Quang Khải,Phường Tân Định,Quận 1,TP. Hồ Chí Minh",tp-ho-chi-minh,Nhà riêng,nha-mat-pho-mat-tien,2025-09-13 19:36:05,15/07/2025 19:36,AMBIGUOUS,insufficient_primary_title_intent,85
91902,1477607.0,"45m2 đất cửu việt, trâu quỳ, đường ngõ thông cách 15m ra trục chính. giá 125tr/m2","Bán 45m² đất Cửu Việt. Đường thông, cách 15m ra trục đường chính.- Diện tích 45m², mặt tiền 3.5m, hậu 3.7m.- Đường 2.2m ngõ thông, cách 2 nhà ra trục chính Cửu Việt.- Giá 125tr/m².- Đất sổ đỏ chính chủ. Ko tranh chấp, QH.- LH em Việt:  đi xem đất.Xem thêm",5630.0,45.0,"Đường Cửu Việt 1,Thị trấn Trâu Quỳ,Huyện Gia Lâm,Hà Nội",ha-noi,Đất,dat-tho-cu,2025-09-12 22:59:16,08/09/2025 22:59,AMBIGUOUS,insufficient_primary_title_intent,86
63042,1334388.0,2500m2 sẵn 100m2 thổ cư view đẹp + suối chỉ 2tỷ7 0901 512 ***,"Mảnh vườn 2500m² vuông vức có 100m² thổ cư.Ngang 23m ở hậu 25.5m.Thế view đẹp, suối cuối vườn.Chỉ 2tỷ7.Xem thêm",2700.0,2500.0,"Xã Hàng Gòn,Thành phố Long Khánh,Đồng Nai",dong-nai,Đất,dat-tho-cu,2025-09-14 00:26:06,12/09/2025 00:26,AMBIGUOUS,insufficient_primary_title_intent,87
161344,1390719.0,"723m2 đất đẹp vườn đẹp, view vườn dừa mát mẻ, cách sg 65km, giá rẻ chỉ 399tr","Bán mảnh đất vườn đẹp ngay Cù Lao Tân Phú Đông Tiền Giang.Xung quanh bao bọc bởi sông và vườn dừa nên không khí vô cùng trong lành và mát mẻ.Giá: 399 triệu.DT: 14 x 53m (nở hậu) 723m², quy hoạch full hồng.Địa chỉ: H. Tân Phú Đông - Tiền Giang, cách SG chỉ 65km.https://maps.app.goo.gl/oTaCPVtbuML8KnEs7?g_st=icThích hợp làm nhà vườn nghỉ dưỡng, đầu tư ngắn và dài hạn.Hiện trạng mặt đường đá xanh 3m, đang chờ đổ bê tông trong năm nay, chỉ cách mặt đường nhựa DT 300m.Dự kiến tốc độ tăng giá trong 2 giai đoạn tới:1. Sau khi nhà nước hoàn tất đổ đường bê tông ngang 3m (xung quanh đang đổ). Giá tăng từ 2 - 30%.2. Cầu Bình Lợi bắc từ Gò Công theo tuyến ven biển miền Tây hoàn thành 3 năm tới (tăng lầ",399.0,723.0,"Xã Tân Thới,Huyện Tân Phú Đông,Tiền Giang",tien-giang,Đất,dat-tho-cu,2025-09-13 23:45:09,14/08/2025 23:45,AMBIGUOUS,insufficient_primary_title_intent,88
132298,1297444.0,"Đất đẹp sẵn xây biệt thự, lưng tựa núi đường 30 tháng 4","Gần trung tâm, chợ các tuyến đường chính, đầu tư xây dựng biệt thự.Đất nền quy hoạch đất ở ngay tuyến 30/4.Giá 6tr/ m², diện tích 1000m².Sổ sách chuẩn.Xem thêm",6000.0,1000.0,"Xã Dương Tơ,Thành phố Phú Quốc,Kiên Giang",kien-giang,Đất,dat-tho-cu,2025-09-14 00:02:49,16/07/2025 00:02,AMBIGUOUS,insufficient_primary_title_intent,89
100797,1281527.0,"Đất Đa Tốn, Gia Lâm. 71m2, ô tô thông. Chỉ 5 tỷ x. Đầu tư tốt. Lh 0989894845","Đất Đa Tốn, Gia Lâm. 71m2, ô tô thông. Chỉ 5 tỷ x. Đầu tư tốt. Lh 0989894845Tôi có lô đất tại Đa Tốn, Gia Lâm, Hà Nội cần thanh khoản.Diện tích 71m2. Mặt tiền rộng, khuôn đất đẹp.Đường trước nhà ô tô chạy thông, gần bến xe buýt, chợ, khu vui chơi.Khu dân cư văn minh, tiện ích dồi dào, cơ sở hạ tầng đồng bộ.Sẵn sổ giao dịch ngay: 5 tỷ x thương lượng.Thông tin liên hệ: Mr. Vỹ - 0989894845",5680.0,71.0,"Đường Đa Tốn,Xã Đa Tốn,Huyện Gia Lâm,Hà Nội",ha-noi,Đất,dat-tho-cu,2025-09-12 23:33:25,14/06/2025 23:33,AMBIGUOUS,insufficient_primary_title_intent,90
221052,1179953.0,"Đất Thổ vườn sổ riêng đường liên ấp 3-4, dt 9200m2","Bán đất thổ vườn đường liên ấp 3-4, xã Hiệp Phước, Nhà BèĐất nằm sát cầu Bàu Le, Gần ubnd xã Hiẹp PhướcDiện tích: 9200m2. Có đường vào tới đấtQuy hoạch đất ở.Giá bán 15 tỷ TLSổ riêng công chứng ngay",15000.0,9200.0,"Xã Hiệp Phước,Huyện Nhà Bè,TP. Hồ Chí Minh",tp-ho-chi-minh,Đất,dat-tho-cu,2025-09-13 22:18:52,16/05/2025 22:18,AMBIGUOUS,insufficient_primary_title_intent,91
187895,985866.0,SÁT EMART GÒ VẤP CHỈ 3.470 TY/44M2. KHU AN NINH DÂN CƯ ĐÔNG ĐÚC SÁT MẶT TIỀN CHO ANH CHỊ . TẶNG NỘI THẤT KHI MUA NHÀ . LH 0799089619 ĐỂ XEM NHÀ,👏👏RA MẮT BỘ 3 MINI HOUSE TRANG BỊ FULL OPTION✅Vị trí : Phan Huy Ích P14 Gò Vấp. Sát bên TTTM Emart 2- Diện tích : 4m ❌ 11m- Đúc 1 trệt 1 lầu kiên cố. Có phòng khách. Phòng bếp. 2 phòng ngủ rộng rãi. 2wc.- Tặng nội thất cao cấp sang trọng. Vào xem sẽ cảm nhận rõ- Hẻm trước nhà 4m. Cách mặt tiền hẻm 331 tầm 40m💸Giá : 3ty470tr TL☎️Liên hệ : 0799089619 xem nhà,3470.0,44.0,"Phường 14,Quận Gò Vấp,TP. Hồ Chí Minh",tp-ho-chi-minh,Nhà riêng,nha-mat-pho-mat-tien,2025-09-13 20:00:15,15/06/2025 20:00,AMBIGUOUS,insufficient_primary_title_intent,92
82854,1298673.0,6 tầng thang máy vỉa hè ô tô tránh kinh doanh nở hậu,"6 TẦNG THANG MÁY  VỈA HÈ  Ô TÔ TRÁNH  KINH DOANH  NỞ HẬUVị trí siêu đẹp: Hàng xóm các chung cư cao cấp An Quý Hưng, Bình Minh Garden. Khu vực dân cư sầm uất, đầy đủ trường học  chợ  tiện ích, giao thông cực kỳ thuận lợi.Trước nhà vỉa hè rộng, ô tô tránh nhau, dừng đỗ ngày đêm thoải mái  kinh doanh cực đỉnh.Hiện trạng nhà 6 tầng thang máy siêu đẹp:Tầng 1: Thông sàn  Gara ô tôTầng 2, 3, 4: Mỗi tầng 1 phòng ngủ rộng + WC khép kínTầng 5: Bếp + WCTầng 6: Phòng thờ  Sân phơi thoáng mátPháp lý chuẩn chỉ: Sổ đỏ chính chủ  đất vuông vắn, nở hậu cực đẹp.Liên hệ chính chủ:Xem thêm",1095000.0,40.0,"Đường Đức Giang,Phường Đức Giang,Quận Long Biên,Hà Nội",ha-noi,Nhà riêng,nha-mat-pho-mat-tien,2025-09-12 22:25:01,14/07/2025 22:25,AMBIGUOUS,insufficient_primary_title_intent,93
234755,1265315.0,"Nhà phố sổ Hồng liền kề đường Ngô Quyền, Chợ Cái Vồn, Bình Minh","BÁN NHÀ]NHÀ PHỐ SỔ HỒNG LIỀN KỀ ĐƯỜNG NGÔ QUYỀN, CHỢ CÁI VỒN, THỊ XÃ BÌNH MINHDiện tích: 81.1m2 (4X20.275)Diện tích xây dựng: 299.4m2Kiến trúc: Tân cổ điển, 1 trệt 3 lầuPháp lý: Sổ HồngGiá: 8.25 tỷVị trí trung tâm Thị xã Bình Minh:- Mặt tiền đường số 2, liền kề đường Ngô Quyền, Chợ Cái Vồn.- Nằm trong khu phố đẳng cấp nhất Thị xã Bình Minh.- Nhà mới hoàn thiện, chưa qua sử dụng.- Sổ Hồng sẵn, công chứng ngay.- Vào ở, cho thuê hoặc kinh doanh ngay.Eco ret house listings- Đầy đủ tiện ích trong bán kính 500m như ngân hàng, bưu điện, siêu thị, nhà thuốc, tiệm vàng,…- Cách cao tốc Mỹ Thuận - Cần Thơ 5 phút đi xe.- Cách Tp Cần Thơ 20 phút đi xe.",8250.0,81.0,"Đường Ngô Quyền - Phường Cái Vồn,Phường Cái Vồn,Thị xã Bình Minh,Vĩnh Long",vinh-long,Nhà riêng,nha-mat-pho-mat-tien,2025-09-13 23:49:53,15/06/2025 23:49,AMBIGUOUS,insufficient_primary_title_intent,94
115412,1276225.0,"🔅 TÒA CCMN DÒNG TIỀN TRƯƠNG ĐỊNH, 46M2 6T THANG MÁY, XÂY MỚI, 10 PHÒNG, 12,8 TỶ 🔅","🔅 TÒA CHUNG CƯ MINI, CĂN HỘ DỊCH VỤ, DÒNG TIỀN TRƯƠNG ĐỊNH, HOÀNG MAI 46M2 6T THANG MÁY, MT 4.5M, XÂY MỚI 10 PHÒNG, CHỈ 12,8 TỶ 🔅☎️ LH NGAY 0982833366 – 0902223785(CAM KẾT ẢNH THẬT, NHÀ THẬT, GIÁ THẬT)----------------------------PHÂN KHÚC DÒNG TIỀN THANG MÁY XÂY MỚI CỰC HIẾM NỘI ĐÔ TRƯƠNG ĐỊNH, HOÀNG MAI, HÀ NỘICHỈ 10M RA Ô TÔ - 50M RA PHỐ TRƯƠNG ĐỊNH - TÒA CHUNG CƯ MINI, CĂN HỘ DỊCH VỤ, DÒNG TIỀN TRƯƠNG ĐỊNH, HOÀNG MAI - 6 TẦNG THANG MÁY, XÂY MỚI - MẶT TIỀN ĐẸP - 10 PHÒNG KHÉP KÍN CÓ GÁC XÉP CỰC ĐẸP, ĐẦY ĐỦ NỘI THẤT XỊN, DÒNG TIỀN TIỀN 55 TR/THÁNG, 850TR/NĂM- Vị trí đắc địa, 1 nhà ra Ô tô, 50m ra Phố Trương Định, thông thương Kim Đồng, Tân Mai đôi, Đại La, Minh Khai.THIẾT KẾ HIỆN ĐẠI, 6 TẦN",12800.0,46.0,"Đường Trương Định,Phường Tương Mai,Quận Hoàng Mai,Hà Nội",ha-noi,Nhà trọ,phong-tro,2025-09-13 00:24:46,15/06/2025 00:24,AMBIGUOUS,insufficient_primary_title_intent,95
24369,1272872.0,ĐẤT BÌNH DƯƠNG GIÁ RẺ CHỈ 450TR SẴN SỔ CHÍNH CHỦ,"ĐẤT BÌNH DƯƠNG GIÁ RẺ CHỈ 450TR SẴN SỔ CHÍNH CHỦVị trí: Phường Tân Định, TP. Bến Cát, Bình Dương.Diện tích: 5x30 mặt tiền nhựa 8m.Tiện ích xung quanh: Gần chợ, trường học, Đại Nam, KCN Mỹ Phước 1,2,3; KCN Hoàng Gia.Giao thông thuận tiện, cách MPTV 400m và thông qua đường QL13.Pháp lý rõ ràng, minh bạch: Sổ hồng riêng, công chứng sang tên ngay.Giá bán: Chỉ từ 450TR có hỗ trợ vay ngân hàng đến 70% giá trị lô đất.Liên hệ: 0343311683 gặp em Nhi.",1300.0,150.0,"Phường Tân Định,Thị xã Bến Cát,Bình Dương",binh-duong,Đất,dat-tho-cu,2025-09-13 17:22:13,15/06/2025 17:22,AMBIGUOUS,insufficient_primary_title_intent,96
86474,1236040.0,"Nhà 6t phố Yên Bình, Văn Quán – 42m², thang máy- giá đẹp","📍 Vị trí trung tâm – Đáng sống bậc nhất Hà ĐôngTọa lạc tại phố Yên Bình, khu vực Văn Quán – một trong những khu đô thị đồng bộ, văn minh, dân trí cao. Giao thông thuận tiện, kết nối nhanh với Nguyễn Trãi, Lê Văn Lương, Trần Phú, và chỉ mất vài phút tới trung tâm Thanh Xuân, Cầu Giấy.🌟 Tiện ích khu vực vượt trội – Cuộc sống đủ đầy chỉ vài bước chân:✅ Trường học các cấp & trường quốc tế: Gần Ban Mai School, Vinschool, trường Lomonoxop, ĐH Kiến Trúc, Học viện An Ninh, ĐH Hà Nội.✅ Trung tâm thương mại – Dịch vụ sống hiện đại: Liền kề Aeon Mall Hà Đông, BigC, Vincom, chợ Xala, khu cafe – ẩm thực sôi động.✅ Y tế – Sức khỏe: Gần Bệnh viện 103, Viện Bỏng, phòng khám tư nhân, nhà thuốc lớn.✅ Công viê",8300.0,42.0,"Đường Yên Bình,Phường Văn Quán,Quận Hà Đông,Hà Nội",ha-noi,Nhà riêng,nha-mat-pho-mat-tien,2025-09-12 22:38:57,15/05/2025 22:38,AMBIGUOUS,insufficient_primary_title_intent,97
13084,1185936.0,"Nhà Mặt Tiền Kinh Doanh KDC Thuận Giao – 150m² – Giá Cực Tốt Chỉ 4,4 Tỷ!",""" Nhà Mặt Tiền Kinh Doanh KDC Thuận Giao – 150m² – Giá Cực Tốt Chỉ 4,4 Tỷ!Nhà mặt tiền kinh doanh đắc địa tại KDC Thuận Giao – khu vực sầm uất, giao thông thuận tiện.Diện tích: 5m x 30m (150m²), đường rộng 6,5m, vỉa hè 6m mỗi bên.Thu nhập sẵn có: 10 triệu/tháng.Tiện ích đầy đủ: Chợ Thuận Giao, đường Mỹ Phước – Tân Vạn, trường học, siêu thị trong bán kính 500m.Pháp lý rõ ràng: Sổ hồng riêng, full thổ cư.Liên hệ ngay để sở hữu!""",4400.0,150.0,"Phường Thuận Giao,Thị xã Thuận An,Bình Dương",binh-duong,Nhà riêng,nha-mat-pho-mat-tien,2025-09-13 16:37:39,16/04/2025 16:37,AMBIGUOUS,insufficient_primary_title_intent,98
113509,1216801.0,"Căn 3 ngủ Skylake Phạm Hùng view trọn hồ điều hòa công viên CV1 Cầu Giấy giá đầu tư, cả dự án chỉ có 1 căn duy nhất bán.","CẦN BÁN GẤP VIN HOMES SKYLAKE PHẠM HÙNG CĂN 3 PHÒNG NGỦ, 2 WC VIEW TRỌN HỒ ĐIỀU HÒA CÔNG VIÊN CV1 VÀ CÁC CÔNG TRÌNH KIẾN TRÚC CẢNH QUAN ẤN TƯỢNG NHẤT HÀ NỘI NHƯ TRỤ SỞ VIETTEL, CUNG THIẾU NHI MỚI,... GIÁ CÓ THỂ MUA Ở HOẶC ĐẦU TƯ CHO THUÊ DÀI HẠN, GIỮ TÀI SẢN RẤT TỐT khi VNĐ mất giá như hiện nay.Dɪệɴ ᴛíᴄh: 95m2 ᴛʜông ᴛhủy gồᴍ 2 ᴘhòɴɢ ngủ, 2WC ᴛạo ᴄảm ɢɪác ʀộɴg ʀãɪ, ᴛʜoảɪ máɪ ᴛʀoɴɢ siɴʜ hoạt.Căn hộ có viᴇᴡ thoáɴɢ bao ᴛrọn ᴍặᴛ nước ʜồ điều ʜòa, cảᴍ giác nʜư ᴍặt hồ ɴằᴍ ᴛrᴏnɢ ꜱân ɴʜà mìɴʜ. Ảnh ᴄhụp ᴋʜôɴg ᴛhể hiện được ʜếᴛ vẻ đẹp ᴄủa ᴠiᴇw ɴhư thực ᴛế, monɢ ᴀɴh ᴄʜị tʜông cảm ᴠà xᴇᴍ ᴛʀực tɪếp để ᴄó tʜể ᴄảm nhậɴ được ʀõ ɴét.Νhà đầʏ đủ nội ᴛhất đầy đủ đảm ʙảᴏ vàᴏ ở ɴɢay haʏ cho ᴛʜuê nɢay gần 1600$ / t",11900.0,95.0,"Phường Mỹ Đình 1,Quận Nam Từ Liêm,Hà Nội",ha-noi,Căn hộ chung cư,can-ho-chung-cu,2025-09-13 00:18:50,16/04/2025 00:18,AMBIGUOUS,insufficient_primary_title_intent,99
140123,1346351.0,"Cắt lỗ 300tr nhà 3 tầng liền kề nhà văn hóa bình chánh, mặt tiền hương lộ 10, sổ sẵn","Vị trí: Mặt tiền đường Hương lộ 10, liền kề Nhà Văn Hóa Bình ChánhDiện tích: 5m x 16m = 80m² | Kết cấu: 1 trệt 2 lầu, 3PN, 3WCSổ hồng riêng, công chứng ngayĐường lớn 12m, xe hơi ra vào thoải máiGần chợ, trường học, siêu thị, tiện ích đầy đủGiá cắt lỗ chỉ còn: 3ty2 (Giảm 300 triệu so với ban đầu)Liên hệ ngay:  để xem nhà thực tế!Xem thêm",28000.0,80.0,"Đường Hoàng Phan Thái,Xã Mỹ Yên,Huyện Bến Lức,Long An",long-an,Nhà riêng,nha-mat-pho-mat-tien,2025-09-13 23:24:12,14/08/2025 23:24,AMBIGUOUS,insufficient_primary_title_intent,100
