source_record_1based,listing_id,title,description,price_raw,area_raw,location,province_original,property_type,property_type_slug,scraped_at,last_updated_date,rule_label,target_audit_label,text_reference_total_vnd,reference_reason,million_relative_error,billion_relative_error,parsed_candidates
235405,1327907.0,"Bán 3144,4m2 đất 2 mặt tiền đường 909B, Phước hậu, Long Hồ (Tin Hết Hạn)","Bán 3144,4m2 đất 2 mặt tiền đường 909B, Phước hậu, Long Hồ️️Quý khách có nhu cầu liên hệ em/Kiều 0907.24.7878Diện tích đất: 3144,4m2 LUC (ngang 29,2m *dài 111m )Giá bán 6 triệu/1m2, thuế ai nấy đóng- Pháp lý: Sổ hồng, đất quy hoạch 2 mặt tiền y hình- Vị Trí: Mặt tiền đường 909B y hình, thuận tiện xây dựng nhà xưởng, đa ngành nghề,..",6.0,3144.0,"Xã Phước Hậu,Huyện Long Hồ,Vĩnh Long",vinh-long,Đất,dat-tho-cu,2025-09-13 23:52:09,15/07/2025 23:52,AMBIGUOUS,PRICE_PER_M2,18864000000.0,description_reference,0.9996819338422391,0.6819338422391857,"[{""source"": ""description"", ""basis"": ""per_m2"", ""amount_vnd"": 6000000.0, ""total_equivalent_vnd"": 18864000000.0, ""approximate"": false, ""text_excerpt"": "" *dai 111m )gia ban 6 trieu/1m2, thue ai n""}]"
28109,1311673.0,THE FELIX – Sống chất giữa tâm điểm vàng căn hộ cao cấp tại mặt tiền Nguyễn DuTP (Tin Hết Hạn),"THE FELIX – Sống chất giữa tâm điểm vàng căn hộ cao cấp tại mặt tiền Nguyễn DuTP Thuận An.- Chỉ từ 34tr/m2 – Thanh toán 20% là có nhà!- VỊ TRÍ “VÀNG” – KẾT NỐI KHÔNG GIỚI HẠNNằm ngay trung tâm liên kết giữa TP. Thuận An – Dĩ An – TP.HCM, từ The Felix, bạn chỉ mất:- 3 phút  Lotte Mart Bình Dương- 5 phút  Aeon Mall Bình Dương- 5 phút  TP. Thủ Đức- 10 phút  Vincom Dĩ An- 10 phút  KCN VSIP- 15 phút  Bệnh viện Hạnh Phúc- 30 phút  Quận 1, TP.HCM- Cạnh đường vành đai 2 khép kín, chuyển vào trung tâm TP.HCM chỉ 10p.- Căn hộ thiết kế hiện đại, không gian xanh mát, pháp lý minh bạch.Diện tích: 59m2 Công năng: 2PN – 2WC.Gọi ngay: 0935218356 – 0931828081 hôm nay để được tư vấn và giữ căn tốt nhất",34.0,69.0,"Đường Vào Ttvh (Phường Bình Hòa) - Đường Loại 4,Phường Bình Hòa,Thị xã Thuận An,Bình Dương",binh-duong,Căn hộ chung cư,can-ho-chung-cu,2025-09-13 17:37:04,15/07/2025 17:37,AMBIGUOUS,PRICE_PER_M2,2346000000.0,description_reference,0.9855072463768116,13.492753623188406,"[{""source"": ""description"", ""basis"": ""per_m2"", ""amount_vnd"": 34000000.0, ""total_equivalent_vnd"": 2346000000.0, ""approximate"": true, ""text_excerpt"": ""p thuan an.- chi tu 34tr/m2 – thanh toa""}]"
23511,1326422.0,Bán đất mặt tiền Sông Sài Gòn 600m2 cực đẹp giá tốt (Tin Hết Hạn),"Cần bán gấp giá tốt!Đất mặt tiền Sông Sài Gòn, Bình Nhâm, Thuận An.- Vị trí: gần Nhà hàng Dìn Ký Cầu Ngang.- Diện tích: 602m có 93,5m thổ cư.- Khuôn viên đất đẹp, nở hậu đều tài lộc.- Đất View Sông Sài Gòn cực đẹp.- Thích hợp xây Biệt thự, nhà vườn, cà phê View sông...- Giá bán cực tốt chỉ 8 tr/m2.",8.0,600.0,"Phường Bình Nhâm,Thị xã Thuận An,Bình Dương",binh-duong,Đất,dat-tho-cu,2025-09-13 17:18:44,15/07/2025 17:18,SALE_HIGH_CONFIDENCE,PRICE_PER_M2,4800000000.0,description_reference,0.9983333333333333,0.6666666666666666,"[{""source"": ""description"", ""basis"": ""per_m2"", ""amount_vnd"": 8000000.0, ""total_equivalent_vnd"": 4800000000.0, ""approximate"": false, ""text_excerpt"": ""gia ban cuc tot chi 8 tr/m2.""}]"
100631,1293587.0,"Bán 70m2 đất ở thôn Thuận Quang, Xã Dương Xá, Huyện Gia Lâm, HN","Bán 70m2 đất ở thôn Thuận Quang, Xã Dương Xá, Huyện Gia Lâm, Hà Nội- Tổng diện tích 70m2 chiều rộng 4,5m, chiều dài 15,5m- Sổ đỏ chính chủ- Thuận tiện giao thông sinh hoạt, khu dân cư văn minh, an ninh tốt- Giá bán: 62 triệu/ m2.Liên hệ chính chủ: Cô Loan 0385215680.",62.0,70.0,"Xã Dương Xá,Huyện Gia Lâm,Hà Nội",ha-noi,Đất,dat-tho-cu,2025-09-12 23:32:43,14/07/2025 23:32,AMBIGUOUS,PRICE_PER_M2,4340000000.0,description_reference,0.9857142857142858,13.285714285714286,"[{""source"": ""description"", ""basis"": ""per_m2"", ""amount_vnd"": 62000000.0, ""total_equivalent_vnd"": 4340000000.0, ""approximate"": false, ""text_excerpt"": "" ninh tot- gia ban: 62 trieu/ m2.lien he ch""}]"
88801,1193083.0,Mặt phố Hoàng Quốc Việt 200m2 giá rẻ nhất thị trường,"Bán nhà Mặt phố Hoàng Quốc Việt 200m2 7 tầng giá rẻ nhất thị trườngChính chủ cần chuyển đổi tài sản nên muốn chia tay em mặt phố Hoàng Quốc Việt.Đẹp nhất đường Hoàng Quốc Việt - đường đôi vỉa hè rộng thênh thang.Diện tích 200m2 x 7 tầng, đầy đủ thang máy và Phòng cháy chữa cháy tiêu chuẩn quốc gia.Giá bán: 435tr/m2 có thương lượng.ACE liên hệ Anh Thường để làm việc cụ thể nhéSĐT: 0978717123",435.0,200.0,"Phường Mỹ Đình 1,Quận Nam Từ Liêm,Hà Nội",ha-noi,Nhà riêng,nha-mat-pho-mat-tien,2025-09-12 22:48:01,15/04/2025 22:48,AMBIGUOUS,PRICE_PER_M2,87000000000.0,description_reference,0.995,4.0,"[{""source"": ""description"", ""basis"": ""per_m2"", ""amount_vnd"": 435000000.0, ""total_equivalent_vnd"": 87000000000.0, ""approximate"": false, ""text_excerpt"": ""n quoc gia.gia ban: 435tr/m2 co thuong l""}]"
73090,1470697.0,Bán căn 2 phòng ngủ tại dự án SKYLINE WEST giá rẻ nhất dự án. Mua trực tiếp chủ nhà.,Cần bán nhanh căn hộ cao cấp VVIP của dự án Skyline West Lake - view trọn Hồ Tây Vị trí đắc địa: Đường Võ Chí Công Hà Nội Tầng đẹp căn view đẹp Giá chỉ 150tr/m2 có thương lượng nếu thiện chí Cuối năm nhận bàn giao nhà. Liên hệ: 0973425345 để gặp và làm việc với chủ nhà,150.0,922.0,"Đường Võ Chí Công,Phường Phú Thượng,Quận Tây Hồ,Hà Nội",ha-noi,Nhà riêng,nha-mat-pho-mat-tien,2025-09-12 21:48:16,07/09/2025 21:48,AMBIGUOUS,PRICE_PER_M2,138300000000.0,description_reference,0.9989154013015185,0.08459869848156182,"[{""source"": ""description"", ""basis"": ""per_m2"", ""amount_vnd"": 150000000.0, ""total_equivalent_vnd"": 138300000000.0, ""approximate"": false, ""text_excerpt"": ""an view dep gia chi 150tr/m2 co thuong l""}]"
28207,1310456.0,"Bảng giá căn hộ The Emerald 68 đợt mở bán cuối cùng, nhận chiết khấu độc quyền","Bảng giá căn hộ The Emerald 68 đợt mở bán cuối cùng, nhận chiết khấu độc quyền từ CĐT- Giá chỉ từ 50 triệu/m2- 1PN+ 1WC diện tích 48m2- 2PN 2WC diện tích 69m² - 74m2- 3PN 2WC góc diện tích 88m2- Trả 10% ký hợp đồng mua bán- Phương thức thanh toán linh hoạt, tiện lợi:+ Thanh toán chuẩn: Trả chỉ 40% cho đến quý 2/2027 nhận nhà.+ Vay ngân hàng: BIDV hỗ trợ vay 70%, ân hạn gốc và miễn lãi suất vay trong 36 tháng.Liên hệ ngay Phòng kinh doanh CĐT qua số 0974231725 để nhận bảng giá căn hộ The Emerald 68 chi tiết từng căn ở cả 2 block A, B Anh Chị nhé!----------Chiết khấu siêu khủng căn hộ The Emerald 68:Chiết khấu giảm trực tiếp 50 triệu khi chốt cọc- Chiết khấu vàng: 6 chỉ SJC (tương đương 60 tri",50.0,678.0,"Đường Đại Lộ Bình Dương (Quốc Lộ 13) - Đường Loại 3,Phường Vĩnh Phú,Thị xã Thuận An,Bình Dương",binh-duong,Căn hộ chung cư,can-ho-chung-cu,2025-09-13 17:37:25,15/07/2025 17:37,AMBIGUOUS,PRICE_PER_M2,33900000000.0,description_reference,0.9985250737463127,0.4749262536873156,"[{""source"": ""description"", ""basis"": ""per_m2"", ""amount_vnd"": 50000000.0, ""total_equivalent_vnd"": 33900000000.0, ""approximate"": true, ""text_excerpt"": "" tu cdt- gia chi tu 50 trieu/m2- 1pn+ 1wc d""}]"
28100,1311749.0,The Felix - Dự án thành phố trên cây dành cho giới trẻ (Tin Hết Hạn),"THÔNG TIN TỔNG QUAN ""DỰ ÁN THE FELIX ""Căn hộ hạng sang vừa túi tiền phía Bắc Sài Gòn chỉ 34tr/M2Dòng sản phẩm Fit Home ""Căn hộ may đo cho giới trẻ""Chính sách đột phá FIT FUND thanh toán chỉ từ 3.9 triệu/tháng, HTLS cố định 5.5%/năm trong 5 nămFIT GEN trả góp từ lương văn phòng 8.5 triệu/tháng (không vay, không lãi suất)Vị trí chiến lược: Toạ lạc tại mặt tiền đường Nguyễn Du, Phường Bình Hòa, trung tâm Thành phố Thuận An, Tỉnh Bình Dương.️ Quy mô: 9,456m2. Sản phẩm: 1,216 căn hộ️ Loại hình sản phẩm: Căn hộ, Officetel, Duplex, Shophouse️ Tiện ích điểm đến: 3 tầng tiện ích và 68 tiện ích cảnh quanPháp lý: Hoàn thiệnPháp lý: Ký HĐMB - 15/05/2025Tiêu chuẩn bàn giao: Hoàn thiện nội thất cơ bản nhậ",34.0,60.0,"Phường Bình Hòa,Thị xã Thuận An,Bình Dương",binh-duong,Căn hộ chung cư,can-ho-chung-cu,2025-09-13 17:36:59,15/07/2025 17:36,AMBIGUOUS,PRICE_PER_M2,2040000000.0,description_reference,0.9833333333333333,15.666666666666666,"[{""source"": ""description"", ""basis"": ""per_m2"", ""amount_vnd"": 34000000.0, ""total_equivalent_vnd"": 2040000000.0, ""approximate"": false, ""text_excerpt"": ""hia bac sai gon chi 34tr/m2dong san pha""}]"
152114,1501445.0,"Bán 360m2 full thổ cư bán giá 11tr/m2 tại phường hà an, tỉnh quảng ninh. cạnh vinhomes hạ long xanh","Bán 360m² full thổ cư bán giá 11tr/m² tại Phường Hà An, tỉnh Quảng Ninh. Cạnh Vinhomes Hạ Long XanhBán 360m² full thổ cư bán giá 8tr tại Phường Hà An tỉnh Quảng Ninh. vị trí cạnh dự án Vinhomes Apollo City Hạ Long XanhNhận ký gửi mua/bán, cho thuê, chuyển mục đích sử dụng đất, tách thửa.... tại phường Hà An, Thị xã Quảng Yên SĐT liên hệ:  /Xem thêm",11.0,360.0,"Phường Hà An,Thị xã Quảng Yên,Quảng Ninh",quang-ninh,Đất,dat-tho-cu,2025-09-13 00:40:12,12/09/2025 16:40,AMBIGUOUS,PRICE_PER_M2,3960000000.0,title_reference,0.9972222222222222,1.7777777777777777,"[{""source"": ""title"", ""basis"": ""per_m2"", ""amount_vnd"": 11000000.0, ""total_equivalent_vnd"": 3960000000.0, ""approximate"": false, ""text_excerpt"": ""full tho cu ban gia 11tr/m2 tai phuong ""}, {""source"": ""description"", ""basis"": ""per_m2"", ""amount_vnd"": 11000000.0, ""total_equivalent_vnd"": 3960000000.0, ""approximate"": false, ""text_excerpt"": ""full tho cu ban gia 11tr/m² tai phuong ""}, {""source"": ""description"", ""basis"": ""total"", ""amount_vnd"": 8000000.0, ""total_equivalent_vnd"": 8000000.0, ""approximate"": false, ""text_excerpt"": ""full tho cu ban gia 8tr tai phuong ha ""}]"
28026,1313152.0,"THE GIÓ RIVERSIDE – Căn hộ ven sông, kết nối phố th, cận Metro chỉ 40tr/m2 (Tin Hết Hạn)","THE GIÓ RIVERSIDE – Căn hộ ven sông, kết nối phố th, cận Metro chỉ 40tr/m2- THE GIÓ RIVERSIDE – CĂN HỘ VEN SÔNG, GIÁ TỐT, THANH TOÁN NHẸ!CHÍNH SÁCH ƯU ĐÃI CHƯA TỪNG CÓ:Booking chỉ 50 triệu – TẶNG NGAY 50 triệu khi giao dịch thành công!Hoàn lại 100% booking + ls 6% nếu thay đổi nhu cầu.Giá chỉ từ 40 triệu/m² – Tổng giá chỉ từ 1,6 TỶ/CĂN.Chỉ cần 10% sở hữu ngay, pháp lý minh bạch, an tâm đầu tư.Thanh toán chỉ 50% nhận nhà – Hỗ trợ thanh toán siêu nhẹ 1%/tháng.LS 0% trong 2 năm, ân hạn gốc lên đến 3 năm.MUA NHÀ NGAY – CƠ HỘI TRÚNG XE FORD TERRITORY!ƯU ĐÃI ĐẶC BIỆT SẼ ĐƯỢC CÔNG BỐ TRONG NGÀY LỄ MỞ BÁN – CHỈ 10 NGÀY DUY NHẤT!Liên hệ ngay: 0932152647 để giữ suất ưu đãi & nhận tư vấn chi tiết",40.0,65.0,"Phường Bình Thắng,Thị xã Dĩ An,Bình Dương",binh-duong,Căn hộ chung cư,can-ho-chung-cu,2025-09-13 17:36:46,15/07/2025 17:36,AMBIGUOUS,PRICE_PER_M2,2600000000.0,title_reference,0.9846153846153847,14.384615384615385,"[{""source"": ""title"", ""basis"": ""per_m2"", ""amount_vnd"": 40000000.0, ""total_equivalent_vnd"": 2600000000.0, ""approximate"": false, ""text_excerpt"": ""o th, can metro chi 40tr/m2 (tin het ha""}, {""source"": ""description"", ""basis"": ""per_m2"", ""amount_vnd"": 40000000.0, ""total_equivalent_vnd"": 2600000000.0, ""approximate"": false, ""text_excerpt"": ""o th, can metro chi 40tr/m2- the gio ri""}]"
176350,1408489.0,BDS HVL KEO NGON: VILLA THỦ THIÊM Q2 LÔ N 8x22m Giá 148 tr/m2,"BDS HVL KEO NGON: VILLA THỦ THIÊM Q2 LÔ N 8x22m Giá 148 tr/m2#Thủ_Thiêm_Villa #Thạnh_Mỹ_Lợi #Quận_2DÃY N : 8m x 22m = 176m2Đường trước đất rộng 14m, hướng chính ĐôngQH xây dựng : 01 hầm + 3 lầuĐất có sổ hồng - xây dựng nhà hoàn công nhanh gọn.Giá chốt bán : 148tr/m2#phướcbình #villapark #melosa #lucasta #merita #riovista #giahòa #khang điền #anthiênlý #parkriverside #thảonguyênsàigòn #saigonhill #khangan #namlong #điềnphúcthành #Rosita #đôngtăngLong #dragonvillge #megavillge #liênphường#đỗxuânhợp #lêvănviệt #verosa #classia #rivieracove #lakeview #garland #hoja #muabánbấtđộngsản #quận9 #thủđức #quận2 #thạnhmỹlợi #thảođiền #đảokimcương #thảođiền #villathủthiêmLiên Hệ: Mr Trần Mạnh Hùng: 09412",148.0,176.0,"Phường Thạnh Mỹ Lợi,Thành phố Thủ Đức,TP. Hồ Chí Minh",tp-ho-chi-minh,Nhà riêng,nha-mat-pho-mat-tien,2025-09-13 19:12:49,14/08/2025 19:12,AMBIGUOUS,PRICE_PER_M2,26048000000.0,title_reference,0.9943181818181818,4.681818181818182,"[{""source"": ""title"", ""basis"": ""per_m2"", ""amount_vnd"": 148000000.0, ""total_equivalent_vnd"": 26048000000.0, ""approximate"": false, ""text_excerpt"": ""m q2 lo n 8x22m gia 148 tr/m2""}, {""source"": ""description"", ""basis"": ""per_m2"", ""amount_vnd"": 148000000.0, ""total_equivalent_vnd"": 26048000000.0, ""approximate"": false, ""text_excerpt"": ""m q2 lo n 8x22m gia 148 tr/m2#thu_thiem_v""}, {""source"": ""description"", ""basis"": ""per_m2"", ""amount_vnd"": 148000000.0, ""total_equivalent_vnd"": 26048000000.0, ""approximate"": false, ""text_excerpt"": "" gon.gia chot ban : 148tr/m2#phuocbinh #""}]"
119352,1322331.0,"Cần chuyển nhượng lô đất mặt đường đôi Thiên Lôi , Kênh Dương, Lê Chân, Hải Phòng","- Lô đất có vị trí đẹp, mặt đường đôi Thiên Lôi , kênh Dương , Hải Phòng- dt: 134 m2 ( ngang 4,5 m) + 21 m2 lưu không- lô đất rất tiềm năng khi thành phố giải toả và làm hết đường đôi thông ra Đại lộ Võ Nguyên Giáp, rất thích hợp để xây văn phòng ct , ở và kinh doanh... Tiện ích full- Giá : 65 tr / m2 ( có thoả thuận)",65.0,134.0,"Đường Thiên Lôi - Quận Lê Chân,Phường Kênh Dương,Quận Lê Chân,Hải Phòng",hai-phong,Đất,dat-tho-cu,2025-09-13 13:16:55,15/07/2025 13:16,SALE_HIGH_CONFIDENCE,PRICE_PER_M2,8710000000.0,description_reference,0.9925373134328358,6.462686567164179,"[{""source"": ""description"", ""basis"": ""per_m2"", ""amount_vnd"": 65000000.0, ""total_equivalent_vnd"": 8710000000.0, ""approximate"": false, ""text_excerpt"": ""ien ich full- gia : 65 tr / m2 ( co thoa""}]"
23698,1316584.0,Bán Gấp lô đất mặt tiền DT 310m2 - đường nhựa rộng 22m - gần bệnh viện Hạnh Phúc - Giá rẻ,"Bán gấp miếng đất mặt tiền đường Vĩnh Phú 10- Diện tích: 310m2 (160m2 thổ cư)- Sổ hồng riêng + xây dựng tự do- Đường nhựa trước đất rộng 22m (có vỉa hè)- Đất cao ráo, vuông vức phù hợp cho khách hàng có ý định đầu tư + kinh doanh lâu dài- Quy hoạch Đường liên khu nối dài với Q12- Giá bán: 26tr/m2 (Vẫn còn thương lượng)Liên hệ em Nam Zalo or SĐT (24/24)",26.0,310.0,"Đường Vĩnh Phú 10 - Đường Loại 4,Phường Vĩnh Phú,Thị xã Thuận An,Bình Dương",binh-duong,Đất,dat-tho-cu,2025-09-13 17:19:29,15/07/2025 17:19,SALE_HIGH_CONFIDENCE,PRICE_PER_M2,8060000000.0,description_reference,0.9967741935483871,2.225806451612903,"[{""source"": ""description"", ""basis"": ""per_m2"", ""amount_vnd"": 26000000.0, ""total_equivalent_vnd"": 8060000000.0, ""approximate"": false, ""text_excerpt"": ""i voi q12- gia ban: 26tr/m2 (van con th""}]"
23524,1326335.0,"Bán lô mặt tiển Quốc lộ 13 Trung tâm Bàu Bàng kinh doanh tốt, 300m2 giá 13tr/m2 (Tin Hết Hạn)","Diện tích 6x50 gần ngay Trung tâm hành chínhMặt tiền 50m gần chợ, trường học, y tế, bến xeHỗ trợ vay ngân hàng, mở cửa hàng kinh doanhliên hệ sớm để nhận ưu đãi 0986000849",13.0,300.0,"Thị trấn Lai Uyên,Huyện Bàu Bàng,Bình Dương",binh-duong,Đất,dat-tho-cu,2025-09-13 17:18:46,15/07/2025 17:18,SALE_HIGH_CONFIDENCE,PRICE_PER_M2,3900000000.0,title_reference,0.9966666666666667,2.3333333333333335,"[{""source"": ""title"", ""basis"": ""per_m2"", ""amount_vnd"": 13000000.0, ""total_equivalent_vnd"": 3900000000.0, ""approximate"": false, ""text_excerpt"": ""oanh tot, 300m2 gia 13tr/m2 (tin het ha""}]"
28029,1313094.0,Độc quyền ngay căn hộ The Gío ngay tuyến· Metro số 1 với giá chỉ từ 40tr/m2 (Tin Hết Hạn),Sở hửu ngay căn hộ The Gío ngay tuyến· Metro số 1 với giá chỉ từ 40tr/m2- Căn hộ liền kề tuyến Metro số 1 – Tiềm năng tăng giá!-Mô hình TOD đón đầu xu hướng – Gần tuyến Metro số 1- Chuỗi 68 cấp bậc tiện ích đẳng cấp hiện đại.- Vị trí kim cương – Dư địa sinh lời khủng – Ngay trung tâm thành phố Dĩ An.- Sở hữu ngay chỉ với 10% vốn ban đầu–1%/tháng .- CƠ HỘI Khởi TƯ VÀNG – ĐỪNG CHỜ GIÁ TĂNG!Liên hệ ngay: 0931828081 - 0935218356 để nhận thông tin chi tiết và ưu đãi tốt nhất!.,40.0,65.0,"Phường Bình Thắng,Thị xã Dĩ An,Bình Dương",binh-duong,Căn hộ chung cư,can-ho-chung-cu,2025-09-13 17:36:46,15/07/2025 17:36,AMBIGUOUS,PRICE_PER_M2,2600000000.0,title_reference,0.9846153846153847,14.384615384615385,"[{""source"": ""title"", ""basis"": ""per_m2"", ""amount_vnd"": 40000000.0, ""total_equivalent_vnd"": 2600000000.0, ""approximate"": true, ""text_excerpt"": ""so 1 voi gia chi tu 40tr/m2 (tin het ha""}, {""source"": ""description"", ""basis"": ""per_m2"", ""amount_vnd"": 40000000.0, ""total_equivalent_vnd"": 2600000000.0, ""approximate"": true, ""text_excerpt"": ""so 1 voi gia chi tu 40tr/m2- can ho lie""}]"
67013,1317054.0,"GIẢM NGAY 200TRIỆU BÁN NHANH LÔ ĐẤT NẰM CẠNH SÂN BAY QUỐC TẾ LONG THÀNH, CƠ HỘI ĐẦU TƯ-AN","Sở hữu nền đất 100m² full thổ cư sổ sẵn gần MT Phùng Hưng cách SB Long Thành chỉ 5km.* Nằm ngay gần mặt tiền Phùng Hưng, ngã ba Thái Lan với lộ giới 18m đang nâng cấp mở rộng lên 40m.* Di chuyển 10p đến sân bay quốc tế Long Thành (5km) theo tuyến mặt tiền Đại Lộ Bắc Sơn Long Thành.* Nằm gần các khu công nghiệp lớn như: Tam Phước, An Phước, Long Đức và đặc biệt là KCN Giang Điền (200m).* Dân cư hiện hữu đông đúc kinh doanh đa dạng ngành nghề: Bách hoá xanh, Điện máy xanh, TGDĐ, các trường học liên cấp, cửa hàng tiện lợi...* Tự tin là một dự án đầu tiên có sổ từng nền trên tuyến đường Phùng Hưng này, pháp lý rõ ràng công chứng trong ngày.* Liên kết VIB ngân hàng cho vay lên đến 50 - 70% hỗ trợ",10.0,100.0,"Đường Phùng Hưng,Xã An Phước,Huyện Long Thành,Đồng Nai",dong-nai,Đất,dat-tho-cu,2025-09-14 00:42:12,16/07/2025 00:42,SALE_HIGH_CONFIDENCE,PRICE_PER_M2,1000000000.0,description_reference,0.99,9.0,"[{""source"": ""description"", ""basis"": ""per_m2"", ""amount_vnd"": 10000000.0, ""total_equivalent_vnd"": 1000000000.0, ""approximate"": false, ""text_excerpt"": ""mo ban sieu hoi voi 10tr/m2 va cac muc ""}]"
80927,1320611.0,"Bán BT tại Vĩnh Tuy, giá ưu đãi chỉ với 300 triệu / m2, 56 m2, 5PN, 5WC (Tin Hết Hạn)","Bán BT tại Vĩnh Tuy, giá ưu đãi chỉ với 300 triệu / m2, 56 m2, 5PN, 5WCNhanh tay sở hữu biệt thự đẳng cấp tại Vĩnh Tuy, Hai Bà Trưng, Hà Nội.+ Diện tích 56 m2, 6 tầng, mặt tiền 3.7m, ngõ rộng 6m, thuận tiện cho xe ô tô đi lại.+ Thiết kế gồm 5 phòng ngủ và 5 phòng tắm, không gian rộng rãi, thoáng mát.+ Pháp lý đầy đủ, sổ đỏ, sổ hồng, đảm bảo quyền lợi cho người mua.Gần trường tiểu học Vĩnh Tuy, trường THCS Vĩnh Tuy, gần siêu thị Winmart Vincom Times City, có công viên Park Hill, tạo điều kiện thuận lợi cho cuộc sống hàng ngày.Liên hệ ngay để được tư vấn miễn phí từ Hà Quang Tuân qua số điện thoại 0333637134.",300.0,56.0,"Phường Vĩnh Tuy,Quận Hai Bà Trưng,Hà Nội",ha-noi,Nhà riêng,nha-mat-pho-mat-tien,2025-09-12 22:17:39,14/07/2025 22:17,AMBIGUOUS,PRICE_PER_M2,16800000000.0,title_reference,0.9821428571428571,16.857142857142858,"[{""source"": ""title"", ""basis"": ""per_m2"", ""amount_vnd"": 300000000.0, ""total_equivalent_vnd"": 16800000000.0, ""approximate"": false, ""text_excerpt"": "" gia uu dai chi voi 300 trieu / m2, 56 m2, 5""}, {""source"": ""description"", ""basis"": ""per_m2"", ""amount_vnd"": 300000000.0, ""total_equivalent_vnd"": 16800000000.0, ""approximate"": false, ""text_excerpt"": "" gia uu dai chi voi 300 trieu / m2, 56 m2, 5""}]"
145339,1327490.0,ĐẦU TƯ SINH LỜI TẠI DESTINO CENTRO CĂN HỘ MẶT TIỀN QUỐC LỘ 1A (Tin Hết Hạn),"ĐẦU TƯ SINH LỜI VƯỢT TRỘI TẠI 𝐃𝐄𝐒𝐓𝐈𝐍𝐎 𝐂𝐄𝐍𝐓𝐑𝐎!Giá bán: 26 triệu/m2. Chỉ từ 1 tỷ/căn.Vị trí vàng - Tiềm năng tăng giá mạnh:- Tọa lạc vòng xoay Mỹ Yên - Bến Lức, Long An. Mặt tiền Quốc Lộ 1A, chỉ 2km từ chợ Bình Chánh, kết nối dễ dàng với trung tâm TP.HCM.- Cao tốc Bến Lức - Long Thành sắp hoàn thành, giá trị khu vực tăng mạnh.Giá trị đầu tư hấp dẫn:- Pháp lý minh bạch, rõ ràng, sổ hồng vĩnh viễn.- Thanh toán theo tiến độ linh hoạt đến năm 2026.- Vay không lãi suất trong 2 năm hoặc đến khi nhận nhà.- chiết khấu khủng lên đến 4.5% cho khách hàng đặt cọc ngay hôm nay.Hotline trực tiếp Chủ đầu tư: 0937382588 Hoàng Long#destinocentro, #seaholding, #canhobenluc, #chungcubenluc, #canhovuatuitien #can",26.0,,"Xã Mỹ Yên,Huyện Bến Lức,Long An",long-an,Căn hộ chung cư,can-ho-chung-cu,2025-09-13 23:41:42,15/07/2025 23:41,AMBIGUOUS,PRICE_PER_M2,1000000000.0,description_reference,0.974,25.0,"[{""source"": ""description"", ""basis"": ""per_m2"", ""amount_vnd"": 26000000.0, ""total_equivalent_vnd"": null, ""approximate"": false, ""text_excerpt"": ""𝐈𝐍𝐎 𝐂𝐄𝐍𝐓𝐑𝐎!gia ban: 26 trieu/m2. chi tu 1 t""}, {""source"": ""description"", ""basis"": ""total"", ""amount_vnd"": 1000000000.0, ""total_equivalent_vnd"": 1000000000.0, ""approximate"": true, ""text_excerpt"": ""26 trieu/m2. chi tu 1 ty/can.vi tri van""}]"
235992,1258672.0,Chính chủ muốn bán mảnh đất 130m ở phường Hùng Vương thành phố Phúc Yên.,"Chính chủ muốn bán mảnh đất 130m ở phường Hùng Vương thành phố Phúc Yên.- Đất ở đô thị, mặt đường rộng 4 làn xe, khu dân cư văn minh, bán kính 1km có bệnh viện, trường học. Cách trung tâm Hà Nội 35km, gần bến xe buýt 58.- Khu vực tiềm năng phát triển tốt, thuận tiện làm trung tâm dạy học, phòng khám, siêu thị tiện ích,...- Sổ sạch, pháp lí chuẩn- Giá thấp hơn thị trường, chỉ 52tr/m2Liên hệ SĐT: 0986236274",52.0,130.0,"Đường Hai Bà Trưng Qua Phường Hùng Vương (Ql2A) - Phường Hùng Vương,Phường Hùng Vương,Thị xã Phúc Yên,Vĩnh Phúc",vinh-phuc,Đất,dat-tho-cu,2025-09-13 12:59:27,15/06/2025 12:59,AMBIGUOUS,PRICE_PER_M2,6760000000.0,description_reference,0.9923076923076923,6.6923076923076925,"[{""source"": ""description"", ""basis"": ""per_m2"", ""amount_vnd"": 52000000.0, ""total_equivalent_vnd"": 6760000000.0, ""approximate"": false, ""text_excerpt"": ""hon thi truong, chi 52tr/m2lien he sdt:""}]"
153018,1327073.0,CHÍNH CHỦ CẦN BÁN ĐẤT BIỆT THỰ ĐÔNG HÙNG THẮNG - HẠ LONG - QUẢNG NINH (Tin Hết Hạn),"CHÍNH CHỦ CẦN BÁN ĐẤT BIỆT THỰ ĐÔNG HÙNG THẮNG - HẠ LONG - QUẢNG NINHTọa lạc tại ngay trung tâm Bãi Cháy, bao quanh bởi các tiện ích vô cùng hiện đại: khu du lịch Bãi Cháy, chợ Cái Dăm, Đại lộ Hạ Long Marine, trường học cấp 1,2,3 Bãi Cháy,....Xứng đáng là địa điểm đầu tư hợp lý tại mọi thời điểmTHÔNG TIN SẢN PHẨMDiện tích: 303,75m2. Ngang 15mHướng: Đông NamSổ đỏ chính chủGiá bán chỉ 62 trđ/m2Liên hệ:0888.766.676 để được tư vấn và hỗ trợ",62.0,303.0,"Đường Hùng Thắng - Mặt Đường Chính - Phường Hùng Thắng,Phường Bãi Cháy,Thành phố Hạ Long,Quảng Ninh",quang-ninh,Đất,dat-tho-cu,2025-09-13 00:42:49,15/07/2025 00:42,SALE_HIGH_CONFIDENCE,PRICE_PER_M2,18786000000.0,description_reference,0.9966996699669967,2.3003300330033003,"[{""source"": ""description"", ""basis"": ""per_m2"", ""amount_vnd"": 62000000.0, ""total_equivalent_vnd"": 18786000000.0, ""approximate"": false, ""text_excerpt"": ""hinh chugia ban chi 62 trd/m2lien he:0888""}]"
47355,1454458.0,"chỉ với 45tr/m2 mức giá tốt nhất thị trường Đà Nẵng, bàn giao cuối 2025 (Tin Hết Hạn)","Siêu phẩm căn hộ biển bàn giao quý 3/2025 tiêu chuẩn bàn giao mới đẳng cấp. Hội tụ các yếu tố cho một bất động sản tốt.* Vị trí đắc địa, đầu tư sinh lời bền vững:Sát biển Mỹ Khê bãi biển đẹp nhất hành tinh.Trung tâm du lịch Đà Nẵng, kết nối linh hoạt với sân bay và phố cổ Hội An.Tầm nhìn toàn cảnh: Biển xanh, Sông Hàn Thành phố lung linh về đêm.* Tiêu chuẩn bàn giao vượt trội: Các hệ vật liệu đến từ các thương hiệu.Nội thất cao cấp, tinh tế đến từng chi tiết.Thiết kế hiện đại, tối ưu không gian sống.* Hệ thống tiện ích nội khu đẳng cấp: Hồ bơi, gym, spa, khu mua sắm và giải trí.Caphe, sân vườn, lội dạo bộ...* Ưu đãi đặc biệt đầu năm 2025:Chiết khấu lên đến 18% khi chọn thanh toán sớm.Tặng ng",45.0,774.0,"Quận Ngũ Hành Sơn,Đà Nẵng",da-nang,Căn hộ chung cư,can-ho-chung-cu,2025-09-13 14:18:08,06/09/2025 14:18,AMBIGUOUS,PRICE_PER_M2,34830000000.0,title_reference,0.9987080103359173,0.29198966408268734,"[{""source"": ""title"", ""basis"": ""per_m2"", ""amount_vnd"": 45000000.0, ""total_equivalent_vnd"": 34830000000.0, ""approximate"": false, ""text_excerpt"": ""chi voi 45tr/m2 muc gia tot""}]"
217126,1380581.0,Đất nền tp thủ đức full thổ cư giá chỉ từ 90tr/m2,"ĐẤT NỀN MẶT TIỀN TAM BÌNH  Ở NGAY, TIỆN NGHI ĐỦ ĐẦY!Vị trí đẹp nằm giữa 2 chung cư Sunview Town & Fiato UptownMặt tiền đường số 6 (lộ giới 16m)  thông thoáng, dân cư hiện hữuGần chợ, siêu thị, trường học, bệnh viện, công viên  tiện ích trong bán kính 200mSổ hồng riêng từng nền  công chứng sang tên nhanhGiá chỉ từ 4ty x nền góc đẹp, giá tốtĐặt cọc chỉ 100 triệu  hoàn lại nếu không muaHỗ trợ vay ngân hàng lên đến 80%Lựa chọn lý tưởng cho gia đình trẻ, người lớn tuổi, cần nơi an cư lâu dài  pháp lý minh bạch  kết nối tiện lợiLiên hệ để biết thêm thông tin chi tiết: Kiều Oanh - .Xem thêm",90.0,60.0,"đường Số 668,Phường Tam Bình,Quận Thủ Đức,TP. Hồ Chí Minh",tp-ho-chi-minh,Đất,dat-tho-cu,2025-09-13 22:00:44,14/08/2025 22:00,AMBIGUOUS,PRICE_PER_M2,5400000000.0,title_reference,0.9833333333333333,15.666666666666666,"[{""source"": ""title"", ""basis"": ""per_m2"", ""amount_vnd"": 90000000.0, ""total_equivalent_vnd"": 5400000000.0, ""approximate"": true, ""text_excerpt"": ""l tho cu gia chi tu 90tr/m2""}, {""source"": ""description"", ""basis"": ""total"", ""amount_vnd"": 100000000.0, ""total_equivalent_vnd"": 100000000.0, ""approximate"": false, ""text_excerpt"": "" gia totdat coc chi 100 trieu  hoan lai neu ""}]"
119350,1322329.0,"Cần chuyển nhượng lô đất mặt đường Phạm Văn Đồng, Anh Dũng, Dương Kinh, Hải Phòng","Cần chuyển nhượng lô đất mặt đường Phạm Văn Đồng, Dương Kinh, Hải Phòng. Cách cầu Rào 2 800 m rất tiềm năng- dt: 143 m2 (ngang 4 m, nở hậu 5,8 m  thực tế 156 m2 )-Lô đất có vị trí đẹp nằm cạnh dự án Biệt thự Sao Đỏ, đối diện là dự án khu biệt thự Mê Linh, rất tiềm năng tăng giá. Kinh doanh tốt- giá: 52,5 tr / m2 ( thoả thuận nhẹ)",52.5,143.0,"Đường Phạm Văn Đồng - Phường Anh Dũng,Phường Anh Dũng,Quận Dương Kinh,Hải Phòng",hai-phong,Đất,dat-tho-cu,2025-09-13 13:16:54,15/07/2025 13:16,SALE_HIGH_CONFIDENCE,PRICE_PER_M2,7507500000.0,description_reference,0.993006993006993,5.993006993006993,"[{""source"": ""description"", ""basis"": ""per_m2"", ""amount_vnd"": 52500000.0, ""total_equivalent_vnd"": 7507500000.0, ""approximate"": false, ""text_excerpt"": ""inh doanh tot- gia: 52,5 tr / m2 ( thoa th""}]"
71599,1498298.0,"Bán gấp nhà ngõ 93 chu huy mân, đường ô tô 7 chỗ, sổ đỏ sẵn, đủ tiện ích, nhà đang cho thuê.","Gần Chợ, Aeon Mall, đường ô tô 7 chỗ, sổ đỏ vuôngDiện tích: 83m² mặt tiền và hậu 4.2mHướng: Tây tứ trạchVị trí: Mặt ngõ 93 Chu Huy Mân, Long Biên, HNGiá bán 158tr/1m² có bớt cho khách thiện trí.Nhà c4 đang cho thuê, xác định bán đất tặng nhà.Nhà nằm trên mặt đường thông các ngả ra phố Chu Huy Mân và QL5, QL1A, cách đường Cầu Vĩnh Tuy 600m, đi các tỉnh và sang phố vô cùng thuận tiện.Sát chợ, trường Tiểu Học Phúc Đồng đúng 50m, siêu thị mini và siêu thị Aeon cạch bên. Khu vực dân trí cao, An ninh tốt,  tiện ích nhiều... Hàng xóm Vinhomes RiversidePháp Lý: Sổ đỏ chính chủ, pháp lý rõ ràng, không thế chấp, sẵn sàng giao dịch* Chọn đúng nơi, đầu tư đúng cách, vị thế tương lai* LH ngay  Mr Khoa, đ",158.0,83.0,"Đường Chu Huy Mân,Phường Phúc Đồng,Quận Long Biên,Hà Nội",ha-noi,Nhà riêng,nha-mat-pho-mat-tien,2025-09-12 21:42:55,12/09/2025 00:42,SALE_HIGH_CONFIDENCE,PRICE_PER_M2,13114000000.0,description_reference,0.9879518072289156,11.048192771084338,"[{""source"": ""description"", ""basis"": ""per_m2"", ""amount_vnd"": 158000000.0, ""total_equivalent_vnd"": 13114000000.0, ""approximate"": false, ""text_excerpt"": ""ong bien, hngia ban 158tr/1m² co bot cho""}]"
127604,1310359.0,Đất cực hót tại đường huyết mạch vào Nha Trang (Tin Hết Hạn),"HÀNG CỰC CỰC HIẾM️Bán đất bám mặt tiền đường Võ Nguyên Giáp.️DT. : 1950m2. ; Ngang. : 26mtrong đó có 1.200m2 ( ONT )️Đường Võ Nguyên Giáp rộng : 65m️Hướng :Tây bắc️Cách đường cao tốc Bắc Nam : 7 phút️Cách chợ đầu mối , bến xe phíanam : 3 phút di chuyển️Cách trung tâm TP : 7 phút️Cách biển , Quảng trường 2/4. : 10 phút️Phù hợp cho thuê mặt bằng : xây biệt thự , nhà hàng, quán cafe, kho xưởng, buôn bán kinh doanh,…Giá bán : 22 tr/ m2 ( thương lương )️️ 0976887841",22.0,1950.0,"Huyện Diên Khánh,Khánh Hòa",khanh-hoa,Đất,dat-tho-cu,2025-09-13 14:45:19,06/09/2025 14:45,AMBIGUOUS,PRICE_PER_M2,42900000000.0,description_reference,0.9994871794871795,0.48717948717948717,"[{""source"": ""description"", ""basis"": ""per_m2"", ""amount_vnd"": 22000000.0, ""total_equivalent_vnd"": 42900000000.0, ""approximate"": false, ""text_excerpt"": ""nh doanh,…gia ban : 22 tr/ m2 ( thuong l""}]"
100633,1293583.0,"Bán 70m2 đất ở thôn Thuận Quang, Xã Dương Xá, Huyện Gia Lâm, HN","Bán 70m2 đất ở thôn Thuận Quang, Xã Dương Xá, Huyện Gia Lâm, Hà Nội- Tổng diện tích 70m2 chiều rộng 4,5m, chiều dài 15,5m- Sổ đỏ chính chủ- Thuận tiện giao thông sinh hoạt, khu dân cư văn minh, an ninh tốt- Giá bán: 62 triệu/ m2.Liên hệ chính chủ: Cô Loan 0385215680.",62.0,70.0,"Xã Dương Xá,Huyện Gia Lâm,Hà Nội",ha-noi,Đất,dat-tho-cu,2025-09-12 23:32:43,14/07/2025 23:32,AMBIGUOUS,PRICE_PER_M2,4340000000.0,description_reference,0.9857142857142858,13.285714285714286,"[{""source"": ""description"", ""basis"": ""per_m2"", ""amount_vnd"": 62000000.0, ""total_equivalent_vnd"": 4340000000.0, ""approximate"": false, ""text_excerpt"": "" ninh tot- gia ban: 62 trieu/ m2.lien he ch""}]"
7564,1319425.0,"Bán nhà xưởng tại KCN Quang Châu Bắc Giang 2,2ha giá chỉ dưới 2tr/m2 (Tin Hết Hạn)","Chủ đầu tư cần thanh khoản gấp nhà xưởng tại KCN Quang Châu Bắc Giang, vị trí siêu đắc địa, khu tổ hợp công nghiệp đẳng cấp nơi tụ hội các doanh nghiệp đứng đầu trong nước và quốc tế giá chỉ dưới 2tr/m2.-	Vị trí:+ Nằm sát QL 1A mới và sông Cầu.+ Cách thành phố Bắc Giang 15 km.+ Cách thủ đô Hà Nội 35 km.+ Cách sân bay quốc tế Nội Bài 35 km.+ Cách cảng Hải Phòng 110 km.+ Cách cửa khẩu Hữu Nghị Quan 125 km.+ Hệ thống giao thông tương đối  thuận lợi cả về đường thủy, đường bộ và đường sắt.-	- Hạ tầng kỹ thuật:+ Khu công nghiệp được đầu tư đồng bộ.+ Đường giao thông nội bộ.+ Hệ thống thoát nước mưa.+ Thu gom nước thải.+ Trạm xử lý nước thải tập trung 9.000 m3/ngày đêm.+ Trạm điện Quang Châu 110/2",2.0,22000.0,"Xã Quang Châu,Huyện Việt Yên,Bắc Giang",bac-giang,"Kho, nhà xưởng",kho-nha-xuong,2025-09-13 00:47:13,15/07/2025 00:47,SALE_HIGH_CONFIDENCE,PRICE_PER_M2,44000000000.0,title_reference,0.9999545454545454,0.9545454545454546,"[{""source"": ""title"", ""basis"": ""per_m2"", ""amount_vnd"": 2000000.0, ""total_equivalent_vnd"": 44000000000.0, ""approximate"": true, ""text_excerpt"": "" 2,2ha gia chi duoi 2tr/m2 (tin het ha""}, {""source"": ""description"", ""basis"": ""per_m2"", ""amount_vnd"": 2000000.0, ""total_equivalent_vnd"": 44000000000.0, ""approximate"": true, ""text_excerpt"": ""uoc te gia chi duoi 2tr/m2.-\tvi tri:+ ""}]"
29261,1312656.0,"Bán 300M2 Nhà, kho xưởng đều được. Sổ Riêng Khu Dân Cư Đông An, Phường Tân Đông (Tin Hết Hạn)","Bán nhà ở, kho xưởng Phường Tân Đông HiệpCần Bán gấp nhà ở, kho xưởng mặt tiền đường nhựa 8m thông tứ phía Thuộc Khu đông an phường tân đông hiệp dĩ an bình dương.dân cư đông đúcDiện tích ngang : 10m x30m = 300m2Đất ở đô thị 100%Giá: 6.6 tỷ chỉ 22tr/m2Pháp lý: Sổ hồng chính chủLH: 0963781838 Thùy Anh",22.0,300.0,"Phường Tân Đông Hiệp,Thị xã Dĩ An,Bình Dương",binh-duong,"Kho, nhà xưởng",kho-nha-xuong,2025-09-13 17:41:04,15/07/2025 17:41,AMBIGUOUS,PRICE_PER_M2,6600000000.0,description_reference,0.9966666666666667,2.3333333333333335,"[{""source"": ""description"", ""basis"": ""total"", ""amount_vnd"": 6600000000.0, ""total_equivalent_vnd"": 6600000000.0, ""approximate"": false, ""text_excerpt"": ""t o do thi 100%gia: 6.6 ty chi 22tr/m2pha""}, {""source"": ""description"", ""basis"": ""per_m2"", ""amount_vnd"": 22000000.0, ""total_equivalent_vnd"": 6600000000.0, ""approximate"": false, ""text_excerpt"": ""100%gia: 6.6 ty chi 22tr/m2phap ly: so ""}]"
211218,1461224.0,45tr/m2 mặt tiền đường 1 cầu ông nhiêu phường long trường tp thủ đức,Nắm Chủ 45tr/m2Mặt Tiền Đường 1 .Long Trường__ Ngang 10m( 330m thổ cư+ Tặng 86m đất vườn)__ Thích Hợp Xây ở Làm căn hộ dịch vụ .biệt thự__ Khu Dân cư Hiện HữuGiá chỉ 45tr/m2Liên Hệ :  Hoàng Đức+ Vị trí:Xem thêm,45.0,330.0,"Đường 100, Khu Phố 6, Phường Tân Phú,Phường Long Trường,Quận 9,TP. Hồ Chí Minh",tp-ho-chi-minh,Đất,dat-tho-cu,2025-09-13 21:34:51,06/09/2025 21:34,AMBIGUOUS,PRICE_PER_M2,14850000000.0,title_reference,0.996969696969697,2.0303030303030303,"[{""source"": ""title"", ""basis"": ""per_m2"", ""amount_vnd"": 45000000.0, ""total_equivalent_vnd"": 14850000000.0, ""approximate"": false, ""text_excerpt"": ""45tr/m2 mat tien du""}, {""source"": ""description"", ""basis"": ""per_m2"", ""amount_vnd"": 45000000.0, ""total_equivalent_vnd"": 14850000000.0, ""approximate"": false, ""text_excerpt"": ""nam chu 45tr/m2mat tien duo""}, {""source"": ""description"", ""basis"": ""per_m2"", ""amount_vnd"": 45000000.0, ""total_equivalent_vnd"": 14850000000.0, ""approximate"": false, ""text_excerpt"": "" cu hien huugia chi 45tr/m2lien he :  h""}]"
102957,1205656.0,"Chính chủ bán đất thổ cư sổ sẵn giá tốt khu vực Phụng Châu - Chương Mỹ, Hà Nội","Chính chủ bán đất thổ cư sổ sẵn giá tốt khu vực Phụng Châu - Chương Mỹ, Hà NộiĐất nền nằm ở vị trí thuận lợi, diện tích 60m², giá 57 triệu/m².Pháp lý đầy đủ, sổ đỏ.Mặt tiền 4m, đường vào đất rộng, cách 100m ra đường liên huyện, gần đại học thể thao.Hướng cửa chính Nam, phong thủy tốt.Khu vực dân cư đông đúc, tiềm năng phát triển.Liên hệ sdt: 0358666625",57.0,60.0,"Xã Phụng Châu,Huyện Chương Mỹ,Hà Nội",ha-noi,Đất,dat-tho-cu,2025-09-12 23:42:08,15/04/2025 23:42,SALE_HIGH_CONFIDENCE,PRICE_PER_M2,3420000000.0,description_reference,0.9833333333333333,15.666666666666666,"[{""source"": ""description"", ""basis"": ""per_m2"", ""amount_vnd"": 57000000.0, ""total_equivalent_vnd"": 3420000000.0, ""approximate"": false, ""text_excerpt"": ""dien tich 60m², gia 57 trieu/m².phap ly day""}]"
152122,1501405.0,"Bán 700m2 giá 7tr/m2 tại phường hà an, tỉnh quảng ninh. vị trí trung tâm....","Bán 700m² giá 7tr/m² tại Phường Hà An, tỉnh Quảng Ninh. Vị trí trung tâm.... tiện ích đầy đủ tại trung tâm của dự án Vinhomes Apollo City Hạ Long Xanh 4109haLiên hệ xem đất Chị Vân. SĐT   /Xem thêm",7.0,700.0,"Phường Hà An,Thị xã Quảng Yên,Quảng Ninh",quang-ninh,Đất,dat-tho-cu,2025-09-13 00:40:12,12/09/2025 16:40,AMBIGUOUS,PRICE_PER_M2,4900000000.0,title_reference,0.9985714285714286,0.42857142857142855,"[{""source"": ""title"", ""basis"": ""per_m2"", ""amount_vnd"": 7000000.0, ""total_equivalent_vnd"": 4900000000.0, ""approximate"": false, ""text_excerpt"": ""ban 700m2 gia 7tr/m2 tai phuong ""}, {""source"": ""description"", ""basis"": ""per_m2"", ""amount_vnd"": 7000000.0, ""total_equivalent_vnd"": 4900000000.0, ""approximate"": false, ""text_excerpt"": ""ban 700m² gia 7tr/m² tai phuong ""}]"
28235,1310226.0,Cập nhật bảng giá Block MEGA đẹp nhất căn hộ The Emerald 68. Liên hệ nhận CK cao,"Chủ đầu tư Lê Phong & Coteccons chính thức mở bán Block MEGA đẹp nhất căn hộ The Emerald 68, nhiều ưu đãi hấp dẫn cho khách hàng. Chỉ cần thanh toán 10% ký ngay HĐMB.----------Bảng giá và các loại hình căn hộ The Emerald 68:- Giá chỉ từ 55 triệu/m2- 1PN diện tích 35m2- 1PN+ 1WC 48m2- 2PN 2WC 69m² - 74m2- 3PN 2WC góc 88m2Liên hệ ngay Phòng kinh doanh CĐT dự án The Emerald 68: 0974231725 để nhận đầy đủ quyền lợi về chiết khấu tốt nhất.----------Phương thức thanh toán linh hoạt tại căn hộ The Emerald 68:- Ngân hàng BIDV hỗ trợ vay lên đến 70%, ân hạn gốc và miễn lãi trong 36 tháng.- Chỉ cần thanh toán 40% đến khi nhận nhà, đợt đầu chỉ thanh toán 10% ký ngay Hợp đồng mua bán không rủi ro pháp lý",55.0,48.0,"Đường Đại Lộ Bình Dương (Quốc Lộ 13) - Đường Loại 3,Phường Vĩnh Phú,Thị xã Thuận An,Bình Dương",binh-duong,Căn hộ chung cư,can-ho-chung-cu,2025-09-13 17:37:28,15/07/2025 17:37,AMBIGUOUS,PRICE_PER_M2,2640000000.0,description_reference,0.9791666666666666,19.833333333333332,"[{""source"": ""description"", ""basis"": ""per_m2"", ""amount_vnd"": 55000000.0, ""total_equivalent_vnd"": 2640000000.0, ""approximate"": true, ""text_excerpt"": ""ald 68:- gia chi tu 55 trieu/m2- 1pn dien t""}]"
175326,1419664.0,Giá rẻ! gần 100m2 ngang 13m nguyễn văn đậu villa mini 2 tầng có hồ bơi 8.9 tỷ 89tr/m2,"+ Giỏ hàng gần 300 căn nhà chính chủ ở Bình Thạnh - Phú Nhuận.+ Chỉ đăng nhà thật - giá thật.+ Zalo/Hotline giỏ hàng: .---------Thông tin nhà bán:+ Diện tích: Ngang 13m - Tổng diện tích đất công nhận 99.6m² - Diện tích sử dụng 181m².+ Kết cấu: Nhà xây kiểu biệt thự mini, 1 trệt 1 lầu, có sân để xe, phòng khách, bếp, hồ cá Koi.+ Nhà diện tích lớn sẵn nội thất, có thể cải tạo thành căn hộ dịch vụ, cho thuê hiệu suất cực kỳ cao.+ Hẻm sạch sẽ an ninh dân trí, 3 căn ra hẻm xe hơi.+ Giá chào 8.9 tỷ còn thương lượng.------+ Chỉ gửi căn đúng nhu cầu - Không dẫn lan man mất thời gian của Anh/Chị.+ Anh/Chị Click  để xem ngay giỏ hàng kín.+ Nhà mới cập nhật mỗi ngày trong Zalo (Miễn tiếp môi giới).Xem ",8900.0,99.0,"Đường Nguyễn Văn Đậu,Phường 11,Quận Bình Thạnh,TP. Hồ Chí Minh",tp-ho-chi-minh,Nhà riêng,nha-mat-pho-mat-tien,2025-09-13 19:08:40,23/08/2025 19:08,AMBIGUOUS,PRICE_PER_M2,889911000000.0,title_reference,0.98999899989999,9.001000100010002,"[{""source"": ""title"", ""basis"": ""per_m2"", ""amount_vnd"": 8989000000.0, ""total_equivalent_vnd"": 889911000000.0, ""approximate"": false, ""text_excerpt"": ""ni 2 tang co ho boi 8.9 ty 89tr/m2""}]"
102537,1219891.0,"ĐẤT ĐẸP 95M2 SĐCC CẦN BÁN TẠI THÔN VỆ, NAM HỒNG, ĐÔNG ANH, HN","ĐẤT ĐẸP 95M2 SĐCC CẦN BÁN TẠI THÔN VỆ, NAM HỒNG, ĐÔNG ANH, HN- Diện tích: 95m2, SĐCC.- Mặt tiền: 4,2m. Chiều sâu: 22,5m.- Đường trước mặt 12m rộng rãi, ô tô tránh nhau thoải mái.- Khu vực tiềm năng phát triển mạnh, gần trung tâm, giao thông thuận tiện, khu dân cư an ninh tốt.Giá: 95 triệu/m2 (Có thương lượng)Khách quan tâm liên hệ trực tiếp - 0961327868 (miễn quảng cáo)Nguồn: https://nhadatchinhchu.net.vn/bat-dong-san/dat-dep-95m2-sdcc-can-ban-tai-thon-ve-nam-hong-dong-anh-hn/",95.0,95.0,"đường 19,Thị trấn Đông Anh,Huyện Đông Anh,Hà Nội",ha-noi,Đất,dat-tho-cu,2025-09-12 23:40:26,15/05/2025 23:40,SALE_HIGH_CONFIDENCE,PRICE_PER_M2,9025000000.0,description_reference,0.9894736842105263,9.526315789473685,"[{""source"": ""description"", ""basis"": ""per_m2"", ""amount_vnd"": 95000000.0, ""total_equivalent_vnd"": 9025000000.0, ""approximate"": false, ""text_excerpt"": ""cu an ninh tot.gia: 95 trieu/m2 (co thuong ""}]"
217879,1363913.0,BDS HVL BÁN 03 LÔ MTKD NGUYỄN HOÀNG Q2 GIÁ TỐT,"BDS HVL BÁN 03 LÔ MTKD NGUYỄN HOÀNG Q2 GIÁ TỐTBán Gấp Đất 3 Lô MT Nguyễn Hoàng An Phú TP HCMLô A6. A7. A8.A6 DT6x20,81mA7 DT7x20.82m.A8 DT7x20,85mGiá bán 310tr/m2Vị Trí vô cùng sầm uất, cách Nhà Ga An Phú 400mGiá rẻ: 310tr/m2 TLQuy cách XD 1 hầm 4 lầu.#phướcbình #villapark #melosa #lucasta #merita #riovista #giahòa #khang điền #anthiênlý #parkriverside #thảonguyênsàigòn #saigonhill #khangan #namlong #điềnphúcthành #Rosita #đôngtăngLong #dragonvillge #megavillge #liênphường #đỗxuânhợp #lêvănviệt #verosa #classia #rivieracove #lakeview #garland #hoja #muabánbấtđộngsản #quận9 #thủđức #quận2 #thạnhmỹlợi #thảođiền #đảokimcương #thảođiền #villathủthiêmLiên Hệ:  Mr Trần Mạnh Hùng: 0941260130 - 0981",310.0,120.0,"Phường An Phú,Thành phố Thủ Đức,TP. Hồ Chí Minh",tp-ho-chi-minh,Đất,dat-tho-cu,2025-09-13 22:04:07,14/08/2025 22:04,AMBIGUOUS,PRICE_PER_M2,37200000000.0,description_reference,0.9916666666666667,7.333333333333333,"[{""source"": ""description"", ""basis"": ""per_m2"", ""amount_vnd"": 310000000.0, ""total_equivalent_vnd"": 37200000000.0, ""approximate"": false, ""text_excerpt"": ""8 dt7x20,85mgia ban 310tr/m2vi tri vo cu""}, {""source"": ""description"", ""basis"": ""per_m2"", ""amount_vnd"": 310000000.0, ""total_equivalent_vnd"": 37200000000.0, ""approximate"": false, ""text_excerpt"": "" an phu 400mgia re: 310tr/m2 tlquy cach ""}]"
211367,1460698.0,BDS HVL BÁN P50 TRỤC 64 Huy Hoàng Q2,"BDS HVL BÁN P50 TRỤC 64 Huy Hoàng Q2💥Lô đất biệt thự sông mát mẻ trong lành 🌿 đối diện thêm mảng xanh 322m2 (15.2m * 21m )✨ Chỉ 205tr/m2Trần Quý Kiên , Thạnh Mỹ Lợi ,Q2#phướcbình #villapark #melosa #lucasta #merita #riovista #giahòa #khang điền #anthiênlý #parkriverside #thảonguyênsàigòn #saigonhill #khangan #namlong #điềnphúcthành #Rosita #đôngtăngLong #dragonvillge #megavillge #liênphường#đỗxuânhợp #lêvănviệt #verosa #classia #rivieracove #lakeview #garland #hoja #muabánbấtđộngsản #quận9 #thủđức #quận2 #thạnhmỹlợi #thảođiền #đảokimcương #thảođiền #villathủthiêmLiên Hệ: Mr Trần Mạnh Hùng: 0941260130 - 0981260130CÔNG TY TNHH ĐẦU TƯ VÀ XÂY DỰNG ĐỊA ỐC HÙNG VĨAdd: 75 Đường 14, KDC Phước Bình, ",205.0,322.0,"Phường Thạnh Mỹ Lợi,Thành phố Thủ Đức,TP. Hồ Chí Minh",tp-ho-chi-minh,Đất,dat-tho-cu,2025-09-13 21:35:29,06/09/2025 21:35,AMBIGUOUS,PRICE_PER_M2,66010000000.0,description_reference,0.9968944099378882,2.1055900621118013,"[{""source"": ""description"", ""basis"": ""per_m2"", ""amount_vnd"": 205000000.0, ""total_equivalent_vnd"": 66010000000.0, ""approximate"": false, ""text_excerpt"": ""(15.2m * 21m )✨ chi 205tr/m2tran quy kie""}]"
111730,1297418.0,"Chính chủ bán căn hộ 2pn tòa zurich 3, hướng đông nam, view đẹp, giá tốt chỉ 57 triệu/m²","Cần bán căn hộ ZR30413 chính chủ tại tòa ZR3  Vinhomes Ocean Park:Diện tích: 66,5m² thông thủyThiết kế 2PN  2WC, không gian thoáng rộngBan công side by side cực hiếm, phơi phóng  trồng cây siêu tiệnHướng Đông Nam  mát mẻ quanh năm, tránh nắng gắtGiá bán: 57 triệu/m² (tổng: ~3.8 tỷ  thương lượng nhẹ)Liên hệ chính chủ :Xem thêm",57.0,66.0,"Xã Đa Tốn,Huyện Gia Lâm,Hà Nội",ha-noi,Căn hộ chung cư,can-ho-chung-cu,2025-09-13 00:12:44,15/07/2025 00:12,SALE_HIGH_CONFIDENCE,PRICE_PER_M2,3762000000.0,title_reference,0.9848484848484849,14.151515151515152,"[{""source"": ""title"", ""basis"": ""per_m2"", ""amount_vnd"": 57000000.0, ""total_equivalent_vnd"": 3762000000.0, ""approximate"": false, ""text_excerpt"": ""ew dep, gia tot chi 57 trieu/m²""}, {""source"": ""description"", ""basis"": ""per_m2"", ""amount_vnd"": 57000000.0, ""total_equivalent_vnd"": 3762000000.0, ""approximate"": false, ""text_excerpt"": ""nh nang gatgia ban: 57 trieu/m² (tong: ~3.8""}, {""source"": ""description"", ""basis"": ""total"", ""amount_vnd"": 3800000000.0, ""total_equivalent_vnd"": 3800000000.0, ""approximate"": false, ""text_excerpt"": ""57 trieu/m² (tong: ~3.8 ty  thuong luong ""}]"
28039,1312961.0,"THE GIÓ RIVERSIDE – Bắt trúng song, sinh lời cực mạnh chỉ với 40tr/m2 (Tin Hết Hạn)","THE GIÓ RIVERSIDE – Bắt trúng song, sinh lời cực mạnh chỉ với 40tr/m2Chỉ 50 TRIỆU – Giữ chỗ ngay, chốt căn đẹp!KHÔNG MUA  HOÀN 100%VÌ SAO ĐÂY LÀ THỜI ĐIỂM VÀNG ĐỂ SỞ HỮU?GIÁ F1 – CHỐT NGAY KẺO LỠMở bán giai đoạn đầu – GIÁ RẺ NHẤT thị trường!Sau mỗi đợt mở bán, giá tăng dần – Cơ hội sinh lời nhân đôi!VỊ TRÍ VÀNG – HẠ TẦNG ĐỘT PHÁSát Metro số 1, liền kề TP. Thủ Đức – Giá trị tăng vọt!Kết nối siêu tốc Vành Đai 3 – Quốc lộ 1A – Tân VạnTHANH TOÁN NHẸ NHÀNG – ĐẦU TƯ DỄ DÀNGTrả góp giãn cách 3 năm – KHÔNG ÁP LỰC tài chínhChưa thanh toán xong vẫn có thể bán – Thanh khoản cực tốt!CƠ HỘI CHỈ CÓ 1 LẦN – ĐỪNG CHỜ ĐẾN KHI GIÁ TĂNG!Inbox ngay hoặc gọi HOTLINE/ZALO: 0932152647 để nhận bảng giá + chính sách",40.0,65.0,"Phường Bình Thắng,Thị xã Dĩ An,Bình Dương",binh-duong,Căn hộ chung cư,can-ho-chung-cu,2025-09-13 17:36:47,15/07/2025 17:36,AMBIGUOUS,PRICE_PER_M2,2600000000.0,title_reference,0.9846153846153847,14.384615384615385,"[{""source"": ""title"", ""basis"": ""per_m2"", ""amount_vnd"": 40000000.0, ""total_equivalent_vnd"": 2600000000.0, ""approximate"": false, ""text_excerpt"": ""oi cuc manh chi voi 40tr/m2 (tin het ha""}, {""source"": ""description"", ""basis"": ""per_m2"", ""amount_vnd"": 40000000.0, ""total_equivalent_vnd"": 2600000000.0, ""approximate"": false, ""text_excerpt"": ""oi cuc manh chi voi 40tr/m2chi 50 trieu""}, {""source"": ""description"", ""basis"": ""total"", ""amount_vnd"": 50000000.0, ""total_equivalent_vnd"": 50000000.0, ""approximate"": false, ""text_excerpt"": "" chi voi 40tr/m2chi 50 trieu – giu cho ngay""}]"
103526,1500519.0,- CHÍNH THỨC MỞ BÁN ĐỢT 1 - THE QUÊN 360 GIẢI PHÓNG,"- CHÍNH THỨC MỞ BÁN ĐỢT 1 - THE QUÊN 360 GIẢI PHÓNG- CK thêm 1% cho 30 KH Booking sớm- Bàn giao full nội thất nhập khẩu Châu Âu, bao gồm cả Tủ Lạnh & Máy rửa bát- Giá chỉ từ 105tr/m2 (Chưa trừ CK)- Ưu đãi CK lên tới 9,5%- CK thêm 1% cho 30 KH Booking sớm- Hỗ trợ vay 70% GTCH Ls 0% lên tới 18 Tháng- CS mua cộng đồng tinh hoa CK 1-2% Vị trí vàng: 360 Giải Phóng, quỹ đất nội đô hiếm hoi trong Vành đai 2.5- Vị trí vàng: 360 Giải Phóng, quỹ đất nội đô hiếm hoi trong Vành đai 2.5-  Kết nối tới bệnh viện Bạch Mai, ĐH Kinh tế Quốc dân, bến xe Giáp Bát chỉ vài phút di chuyển- Quy mô: 35 tầng nổi, 935 căn hộ cao cấp, 4 tầng hầm, bàn giao Quý I/2027- Thiết kế độc bản, tối ưu ánh sáng, tầm nhìn Panorama",105.0,76.0,"Đường Giải Phóng,Quận Hoàng Mai,Hà Nội",ha-noi,Căn hộ chung cư,can-ho-chung-cu,2025-09-12 23:44:24,12/09/2025 11:44,AMBIGUOUS,PRICE_PER_M2,7980000000.0,description_reference,0.9868421052631579,12.157894736842104,"[{""source"": ""description"", ""basis"": ""per_m2"", ""amount_vnd"": 105000000.0, ""total_equivalent_vnd"": 7980000000.0, ""approximate"": true, ""text_excerpt"": ""rua bat- gia chi tu 105tr/m2 (chua tru c""}]"
148933,1311949.0,BẤT ĐỘNG SẢN VEN BIỂN LUÔN LÀ SỰ LỰA CHỌN HÀNG ĐẦU CỦA GIỚI ĐẦU TƯ (Tin Hết Hạn),"LÔ ĐẤT VEN #BIỂN_PHÚ_THƯỜNG1 2 8 6     NHẤT ĐỊNH MÃI PHÁT LỘC️ 1086m² đất BHK và 200m² ONT️ Lô đất cách biển Phú Thường chỉ  160m️ Pháp lý rõ ràng, sổ đỏ trao tay nhà đầu tư️ Đường ô tô vào tới đất, hạ tầng đồng bộ️ Cách tuyến đường ven biển chỉ có 360m️ Chưa đến 8 tr/m² công chứng liền tay️ Để nhận hỗ trợ miễn phí liên hệ ngay hotline  091 230 98 22  #REAL_ESTATE_PHÚ_YÊN ️ #HTL_LAND𝐇𝐨̂̃ 𝐓𝐫𝐨̛̣ 𝐍𝐠𝐚̂𝐧 𝐇𝐚̀𝐧𝐠. 𝐕𝐚𝐲 𝟑 𝐁𝐞̂𝐧 & Đ𝐢̣𝐧𝐡 𝐆𝐢á 𝐋𝐚̃𝐢 𝐒𝐮𝐚̂́𝐭 𝐕𝐚𝐲#Đất_nền_có_sổ_Phú_Yên#Đất_nền_ven_biển_có_sổ#Đất_nền_nghỉ_dưỡng_Cao_Nguyên_Vân_Hòa#Bất_động_sản_công_nghiệp - #Logictics",8.0,1286.0,"Xã An Hải,Huyện Tuy An,Phú Yên",phu-yen,Đất,dat-tho-cu,2025-09-13 14:30:38,15/07/2025 14:30,AMBIGUOUS,PRICE_PER_M2,10288000000.0,description_reference,0.9992223950233281,0.2223950233281493,"[{""source"": ""description"", ""basis"": ""per_m2"", ""amount_vnd"": 8000000.0, ""total_equivalent_vnd"": 10288000000.0, ""approximate"": false, ""text_excerpt"": ""hi co 360m chua den 8 tr/m² cong chung ""}]"
36386,1313010.0,Đất biển Tuy Phong Bình Thuận giá 8 triệu/m2 (Tin Hết Hạn),"- Cách Biển vài trăm mét.- Dân cư hiện hữu, xung quanh đầy đủ tiện ích.- Cách cao tốc 6km, QL1A khoảng 500m, gần trục đường ven Biển Liên Hương.- Đất 100% thổ cư, sổ riêng từng lô - sở hữu lâu dài.- Diện Tích đa dạng 90-200m2- Thanh toán theo tiến độ và có hỗ trợ Ngân Hàng.- Tặng ngay 5 chỉ Vàng cho Khách hàng thanh toán nhanhHOTLINE: 0347333870#DatbienBinhThuan #Đatthocu #Datbiengiare #BandatBinhthuan #DatthocuBinhThuan #DatthocubienTuyPhongBinhthuan",8.0,175.0,"Đường Quốc Lộ 1A - Thị Trấn Liên Hương,Xã Phước Thể,Huyện Tuy Phong,Bình Thuận",binh-thuan,Đất,dat-tho-cu,2025-09-13 15:07:32,15/07/2025 15:07,AMBIGUOUS,PRICE_PER_M2,1400000000.0,title_reference,0.9942857142857143,4.714285714285714,"[{""source"": ""title"", ""basis"": ""per_m2"", ""amount_vnd"": 8000000.0, ""total_equivalent_vnd"": 1400000000.0, ""approximate"": false, ""text_excerpt"": ""hong binh thuan gia 8 trieu/m2 (tin het ha""}]"
101244,1264104.0,"Bán đất đẹp tại Quốc Lộ 72, Hoài Đức, 57m2, 85 triệu / m2 .","Bán đất đẹp tại Quốc Lộ 72, Hoài Đức, 57m2, 85 triệu / m2Đất thổ cư (đẹp).Tại Quốc Lộ 72, Xã Vân Côn, Hoài Đức, Hà Nội.Diện tích 57m².Giá 85 triệu / m².Mặt tiền rộng 11m, ngõ vào 5m, 2 ôtô tránh nhau thoải mái.- Pháp lý đầy đủ, sổ đỏ sẵn sàng cho giao dịch.- Đảm bảo tăng giá nhanh!- Giá thấp so với thị trường.- Địa điểm lý tưởng cho việc đầu tư hoặc xây dựng nhà ở.- Gần công viên Nam An Khánh, trường THCS An Thượng, trường THPT Hoài Đức B, tiện cho việc học hành và giải trí.Liên hệ ngay để được tư vấn, gọi em Thịnh 0962 346 297.Lê Quang Thịnh.",85.0,57.0,"Xã Vân Côn,Huyện Hoài Đức,Hà Nội",ha-noi,Đất,dat-tho-cu,2025-09-12 23:35:13,14/06/2025 23:35,SALE_HIGH_CONFIDENCE,PRICE_PER_M2,4845000000.0,title_reference,0.9824561403508771,16.54385964912281,"[{""source"": ""title"", ""basis"": ""per_m2"", ""amount_vnd"": 85000000.0, ""total_equivalent_vnd"": 4845000000.0, ""approximate"": false, ""text_excerpt"": ""72, hoai duc, 57m2, 85 trieu / m2 .""}, {""source"": ""description"", ""basis"": ""per_m2"", ""amount_vnd"": 85000000.0, ""total_equivalent_vnd"": 4845000000.0, ""approximate"": false, ""text_excerpt"": ""72, hoai duc, 57m2, 85 trieu / m2dat tho cu""}, {""source"": ""description"", ""basis"": ""per_m2"", ""amount_vnd"": 85000000.0, ""total_equivalent_vnd"": 4845000000.0, ""approximate"": false, ""text_excerpt"": "".dien tich 57m².gia 85 trieu / m².mat tien ""}]"
28155,1310679.0,Căn hộ cao cấp La Pura Bình Dương chỉ từ 46 tr/m² | Thanh toán 10% nhận nhà (Tin Hết Hạn),"Cơ hội sở hữu căn hộ cao cấp tại trung tâm Bình Dương chỉ với 10% thanh toán ban đầu!Giá chỉ từ 46 triệu/m² bàn giao full nội thất chuẩn resort.Vị trí cực đỉnh: Mặt tiền Quốc lộ 13 liền kề Metro, sát Aeon Mall, bao quanh bởi KCN Vsip 1.Thông tin căn hộ nổi bật:Loại căn hộ: 1PN, 2PN, 3PN.Diện tích: Từ 49m² 73m² (thông thủy).Bàn giao: Full nội thất cao cấp chỉ áp dụng tháp Zenia.Pháp lý: Sổ hồng lâu dài.Bàn giao trong vòng: 18 tháng.Chính sách thanh toán hấp dẫn:Chỉ thanh toán 10% đến khi nhận nhà (hỗ trợ vay ngân hàng, HTLS 24 tháng, ân hạn nợ gốc 36 tháng).Chiết khấu lên đến 9.4% cho khách thanh toán sớm.Giá trọn gói 1 mức không phát sinh, không phân tầng.Tiện ích đẳng cấp nội khu & khu vực:",46.0,55.0,"Phường Bình Hòa,Thị xã Thuận An,Bình Dương",binh-duong,Căn hộ chung cư,can-ho-chung-cu,2025-09-13 17:37:14,15/07/2025 17:37,AMBIGUOUS,PRICE_PER_M2,2530000000.0,title_reference,0.9818181818181818,17.181818181818183,"[{""source"": ""title"", ""basis"": ""per_m2"", ""amount_vnd"": 46000000.0, ""total_equivalent_vnd"": 2530000000.0, ""approximate"": true, ""text_excerpt"": ""a binh duong chi tu 46 tr/m² | thanh toa""}, {""source"": ""description"", ""basis"": ""per_m2"", ""amount_vnd"": 46000000.0, ""total_equivalent_vnd"": 2530000000.0, ""approximate"": true, ""text_excerpt"": "" ban dau!gia chi tu 46 trieu/m² ban giao fu""}]"
114516,1324858.0,BÁN 900M2 NHÀ XƯỞNG MỚI DỰNG TẠI THƯỜNG TÍN HÀ NỘI,"Hiện có 900m2 nhà xưởng hiện đại mới dựng tại thường tín hà nội cần bán.Xưởng nằm vị trí đẹp cách trung tâm hà nội 16km, nằm ngay gần cầu mễ sở và đường vành đai 4 , giao thông vô cùng thuận tiện, xe conterner ra vào 24/24Hiện trạng có nhà xưởng 900m vừa dựng mới có thể bán cả 900m hoặc 450m tùy theo nhu cầu của người mua,Xưởng dựng mới kiên cố, vách cao 6,5m, chiều cao mái 8m, tôn lạnhGiá bán 14 triệu/m2Liên hệ mr quang. miễn trung gian",14.0,450.0,"Xã Vân Tảo,Huyện Thường Tín,Hà Nội",ha-noi,"Kho, nhà xưởng",kho-nha-xuong,2025-09-13 00:22:03,15/07/2025 00:22,AMBIGUOUS,PRICE_PER_M2,6300000000.0,description_reference,0.9977777777777778,1.2222222222222223,"[{""source"": ""description"", ""basis"": ""per_m2"", ""amount_vnd"": 14000000.0, ""total_equivalent_vnd"": 6300000000.0, ""approximate"": false, ""text_excerpt"": ""8m, ton lanhgia ban 14 trieu/m2lien he mr q""}]"
10005,1233564.0,MẶT TIỀN WIEEU BIỂN NƠI TẦM NHÌN LÝ TƯỞNG KINH DOANH & HOMESTAY,"MẶT TIỀN WIEEU BIỂN NƠI TẦM NHÌN LÝ TƯỞNG KINH DOANH & HOMESTAY- 2 Lô mặt tiền view biển Nhơn Hải. tầm nhìn Panorama nhìn qua Hòn Khô thơ mộngLô 1: Diện tích 106,9m2Lô 2 :Diện tích 131 m2Giá 89,9 tr/m2 thương lượngBẤT ĐỘNG SẢN QUY NHƠN :HOTLINE: ‭098.184.7977",89.0,130.0,"Đường 1/5,Xã Nhơn Hải,Thành phố Qui Nhơn,Bình Định",binh-dinh,Đất,dat-tho-cu,2025-09-13 14:29:18,16/05/2025 14:29,AMBIGUOUS,PRICE_PER_M2,11687000000.0,description_reference,0.9923847009497733,6.6152990502267475,"[{""source"": ""description"", ""basis"": ""per_m2"", ""amount_vnd"": 89900000.0, ""total_equivalent_vnd"": 11687000000.0, ""approximate"": false, ""text_excerpt"": ""dien tich 131 m2gia 89,9 tr/m2 thuong luon""}]"
103917,1492288.0,"Bán căn góc 82,1m2 3pn2wc tại chung cư eurowindow river park.3 giá bán 48tr/m2","Em chuyển nhượng căn góc diện tích 82,1 m² thông thuỷ:- Thiết kế 3PN2WC, tầng cao thoáng- View Vin Cổ Loa, Triển lãm quốc gia- Giá bán thu về: 48tr/m2- Nội thất nguyên bản Chủ đầu tưVị trí: Chung cư Eurowindow River Park3Liên hệ:Xem thêm",48.0,81.0,"Đường Từ Ngã Tư Nhà Máy Ôtô 1/5 Đi Nhà Máy Ô Tô Cổ Loa - Thị Trấn Đông Anh,Xã Đông Hội,Huyện Đông Anh,Hà Nội",ha-noi,Căn hộ chung cư,can-ho-chung-cu,2025-09-12 23:45:40,11/09/2025 23:45,SALE_HIGH_CONFIDENCE,PRICE_PER_M2,3888000000.0,title_reference,0.9876543209876543,11.345679012345679,"[{""source"": ""title"", ""basis"": ""per_m2"", ""amount_vnd"": 48000000.0, ""total_equivalent_vnd"": 3888000000.0, ""approximate"": false, ""text_excerpt"": ""iver park.3 gia ban 48tr/m2""}, {""source"": ""description"", ""basis"": ""per_m2"", ""amount_vnd"": 48000000.0, ""total_equivalent_vnd"": 3888000000.0, ""approximate"": false, ""text_excerpt"": ""ia- gia ban thu ve: 48tr/m2- noi that n""}]"
80040,1374905.0,Chính chủ cần bán nhà mặt phố lê trọng tấn thanh xuân kinh doanh vip 0989 325 ***,"Bán đất mặt Lê Trọng Tấn - Thanh Xuân - HN:* S = 60,9 m2* Mặt tiền: 4,1 m* đất vuông vắn, vỉa hè rộng, trên đất có nhà 4 tầng cũ cho thuê kinh doanh* Đây là khu phố kiểu mẫu của TP Hà Nội, ô tô đỗ 2 chiều, kinh doanh sầm uất...* Sổ đỏ chính chủ* Giá bán: 600 tr/1 m2Xem thêm",600.0,60.0,"đường Lê Trọng Tấn,Phường Khương Mai,Quận Thanh Xuân,Hà Nội",ha-noi,Nhà riêng,nha-mat-pho-mat-tien,2025-09-12 22:14:16,13/08/2025 22:14,SALE_HIGH_CONFIDENCE,PRICE_PER_M2,36000000000.0,description_reference,0.9833333333333333,15.666666666666666,"[{""source"": ""description"", ""basis"": ""per_m2"", ""amount_vnd"": 600000000.0, ""total_equivalent_vnd"": 36000000000.0, ""approximate"": false, ""text_excerpt"": ""chinh chu* gia ban: 600 tr/1 m2xem them""}]"
99523,1316614.0,"Chính chủ bán lô đất tại nội phật, Xã Mai Đình, Huyện Sóc Sơn, Hà Nội.","Bán lô đất tại nội phật, Mai Đình, Sóc Sơn, Hà Nội.+ Diện tích 90m full tc+ Mặt tiền 4m,  4m vuông vắn👉đường rộng, ngõ thông 30m ra trục chính👉Lô đất gần các dự án trọng điểm của thôn nội phật, và dự án phát triển kinh tế xã mai đình cũ. 👉Gần 3 cụm KCN lớn+ Giá: 33tr/m2Thông tin LH Chính chủ: 0816.248.888",33.0,90.0,"Xã Mai Đình,Huyện Sóc Sơn,Hà Nội",ha-noi,Đất,dat-tho-cu,2025-09-12 23:28:22,14/07/2025 23:28,SALE_HIGH_CONFIDENCE,PRICE_PER_M2,2970000000.0,description_reference,0.9888888888888889,10.11111111111111,"[{""source"": ""description"", ""basis"": ""per_m2"", ""amount_vnd"": 33000000.0, ""total_equivalent_vnd"": 2970000000.0, ""approximate"": false, ""text_excerpt"": ""3 cum kcn lon+ gia: 33tr/m2thong tin lh""}]"
27982,1326528.0,"SỞ HỮU CĂN HỘ TT AVIO – ĐẲNG CẤP 5 SAO, GIÁ CHỈ TỪ 30tr/m2 (Tin Hết Hạn)","SỞ HỮU CĂN HỘ TT AVIO – ĐẲNG CẤP 5 SAO, GIÁ CHỈ TỪ 30tr/m2Thanh toán cực nhẹ nhàng mỗi tháng chỉ 9 triệu.Diện tích: 56m2Cơ cấu: 2PN  - 1WCNgay Vincom TP Dĩ An.Giao thông thuân tiện di chuyển về các khu vực lân cận: Thủ Đức, Đồng Nai, Tp Hồ Chí Minh...Khu compound khép kính, không gian thoáng mát, an yên.Chiếc khấu không tưởng lên đến 10%Vị trí: Ngay trung tâm TP. Dĩ An – Khu vực phát triển năng động bậc nhất Bình Dương700m đến Vincom Dĩ An, 10 phút đến Thủ Đức – Bình ChiểuLiên hệ ngay: 0932 152 647 | 0931 828 081 sở hữu căn đẹp.",30.0,56.0,"Đường Từ Hai Bà Trưng Đến Đường Hai Bà Trưng Đi Đt.743A - Đường Loại 5,Phường Tân Đông Hiệp,Thị xã Dĩ An,Bình Dương",binh-duong,Căn hộ chung cư,can-ho-chung-cu,2025-09-13 17:36:36,15/07/2025 17:36,AMBIGUOUS,PRICE_PER_M2,1680000000.0,title_reference,0.9821428571428571,16.857142857142858,"[{""source"": ""title"", ""basis"": ""per_m2"", ""amount_vnd"": 30000000.0, ""total_equivalent_vnd"": 1680000000.0, ""approximate"": true, ""text_excerpt"": ""p 5 sao, gia chi tu 30tr/m2 (tin het ha""}, {""source"": ""description"", ""basis"": ""per_m2"", ""amount_vnd"": 30000000.0, ""total_equivalent_vnd"": 1680000000.0, ""approximate"": true, ""text_excerpt"": ""p 5 sao, gia chi tu 30tr/m2thanh toan c""}, {""source"": ""description"", ""basis"": ""total"", ""amount_vnd"": 9000000.0, ""total_equivalent_vnd"": 9000000.0, ""approximate"": false, ""text_excerpt"": ""nhang moi thang chi 9 trieu.dien tich: 56m""}]"
46225,1318648.0,"🔥 bán đất 2 mặt tiền đường Minh Mạng , giá rẻ 70 triệu/m2","🔥 Lô góc 2 Mặt Tiền Đường Minh Mạng, Bên Cạnh bãi Tắm Sơn Thủy, Resort Hyatt- Dt= 560 m2 ngang 20m- Đất thương mại dịch vụ- Giá bán: 70 triệu/m2☎️ Lh: Mr. Huy để xem và làm việc chính chủ👉  Hoặc truy cập Zalo/facebooksố điện thoại trên để có thêm nhiều sản phẩm lựa chọn.💥 Chuyên nhận ký gửi mua bán nhà & đất👉 ĐẶC BIỆT: Nhận tìm nhà đất và hỗ trợ pháp lý miễn phí cho khách hàng.🥰 Xin cảm ơn quý cô chú anh chị đã xem tin",70.0,560.0,"Đường Minh Mạng (Đoạn Tiếp Theo Từ Đường Minh Mạng Đến Đường Võ Chí Công),Phường Khuê Mỹ,Quận Ngũ Hành Sơn,Đà Nẵng",da-nang,Đất,dat-tho-cu,2025-09-13 14:13:34,15/07/2025 14:13,SALE_HIGH_CONFIDENCE,PRICE_PER_M2,39200000000.0,title_reference,0.9982142857142857,0.7857142857142857,"[{""source"": ""title"", ""basis"": ""per_m2"", ""amount_vnd"": 70000000.0, ""total_equivalent_vnd"": 39200000000.0, ""approximate"": false, ""text_excerpt"": "" minh mang , gia re 70 trieu/m2""}, {""source"": ""description"", ""basis"": ""per_m2"", ""amount_vnd"": 70000000.0, ""total_equivalent_vnd"": 39200000000.0, ""approximate"": false, ""text_excerpt"": ""i dich vu- gia ban: 70 trieu/m2☎ lh: mr. hu""}]"
27815,1327889.0,"Sở hữu căn hộ view sông Sài Gòn siêu đẳng cấp chỉ với 32tr/m2, QL13 mở rộng (Tin Hết Hạn)","CĂN HỘ CAO CẤP [CHUẨN B+], 2p DI CHUYỂN ĐẾN SÀI GÒN_3 MẶT VIEW SÔNG ĐẲNG CẤP _ cách cầu Phú Long chỉ 500m###CHỈ 32 TRIỆU/M2*Thông tin cơ bản: 40 tầng cao với 3 mặt view sông (view sông Sài Gòn và sông Lái Thiêu, view Hồ Gươm Xanh)+5 tầng tiện ích tại các tầng thấp, trung và tầng thượng: thương mại, nhà trẻ, khu vui chơi, phòng Golf 3D, đồi leo, sân bóng rổ, gym, yoga, hồ bơi gần 300m2,...+4 tầng để xe+Bàn giao vật liệu cao cấp: Yale, Kohler, Panasonic,...+Diện tích đa dạng: 63m2, 74m2, 78m2, 91m2, 95m2+Chỉ 14 căn/sàn, 7 thang máy, 2 thang bộ**ĐẶC BIỆT VỚI GIỎ HÀNG G7  _ CĂN GÓC 2 VIEW SIÊU ĐẸP+Thanh toán chỉ 1%/tháng+Ngân hàng hỗ trợ vay lên đến 80%, MIỄN LÃI VÀ ÂN HẠN GỐC 18 THÁNG+Ưu đãi hấ",32.0,63.0,"Phường Lái Thiêu,Thị xã Thuận An,Bình Dương",binh-duong,Căn hộ chung cư,can-ho-chung-cu,2025-09-13 17:35:58,15/07/2025 17:35,AMBIGUOUS,PRICE_PER_M2,2016000000.0,title_reference,0.9841269841269841,14.873015873015873,"[{""source"": ""title"", ""basis"": ""per_m2"", ""amount_vnd"": 32000000.0, ""total_equivalent_vnd"": 2016000000.0, ""approximate"": false, ""text_excerpt"": ""eu dang cap chi voi 32tr/m2, ql13 mo ro""}, {""source"": ""description"", ""basis"": ""per_m2"", ""amount_vnd"": 32000000.0, ""total_equivalent_vnd"": 2016000000.0, ""approximate"": false, ""text_excerpt"": ""long chi 500m###chi 32 trieu/m2*thong tin c""}]"
234259,1312832.0,Bán nhà xưởng giá rẻ tại Trà Vinh hoặc cho thuê dài hạn (Tin Hết Hạn),"*Có xe ô tô chính chủ đưa rước khách xem nhà xưởng giá rẻ tận nơi miễn phí!TỔNG THẾ CÔNG TRÌNH: CÔNG TRÌNH CÓ 4000 m2 (1.500 m2 thổ cư) NHÀ XƯỞNG – VĂN PHÒNG – CANTEEN - NHÀ LƯU TRÚ ĐẦY ĐỦ TIỆN NGHICông trình nhà xưởng giá rẻ của chúng tôi có mặt tiền rộng thoáng 100mTọa lạc tại: Cầu Cổ Chiên , KCN Cổ Chiên, Đại Phước, Càng Long, Trà Vinh.VỊ TRÍ TUYỆT ĐẸP:ĐƯỜNG VÀO MẶT TIỀN RỘNG THOÁNGĐường Huyện Lộ 3 rộng khoảng 4m (2 làn xe) nối liền đường Quốc Lộ 60 (4 làn xe), được trán nhựa rộng thoáng thuận lợi giao thông.MẶT TIỀN ĐƯỜNG BỘ - HUYỆN LỘ 3Công trình nhà xưởng giá rẻ của chúng tôi có mặt tiền đường dài 100m, và cách trực đường Quốc Lộ 60 khoảng 800m, thuận lợi lưu thông hàng hóa.THUẬN LỢI &",4.0,4000.0,"Xã Đại Phước,Huyện Càng Long,Trà Vinh",tra-vinh,"Kho, nhà xưởng",kho-nha-xuong,2025-09-13 23:48:15,15/07/2025 23:48,AMBIGUOUS,PRICE_PER_M2,16000000000.0,description_reference,0.99975,0.75,"[{""source"": ""description"", ""basis"": ""per_m2"", ""amount_vnd"": 4000000.0, ""total_equivalent_vnd"": 16000000000.0, ""approximate"": false, ""text_excerpt"": "" nha xuong gia re:- 4tr/m2 (nha + dat)""}]"
28229,1324900.0,"Căn hộ Symlife 1PN 51m2, view sông Sài Gòn, tiện ích cao cấp resort, chỉ 36tr/m2","Căn hộ cao cấp mặt tiền Quốc lộ 13, view Sông Sài Gòn, Landmark 81 - Dự án căn hộ Symlife.Thuộc địa phận TP. HCM, chỉ cách cổng chào Bình Dương cũ 3 phút đi xe, di chuyển cực kỳ thuận tiện, tiềm năng tăng giá mạnh trong tương lai gần!Căn hộ Symlife có thiết kế tối ưu, giá cực tốt:- Căn hộ 1PN 1WC, diện tích 51m² vuông vức, thông thoáng, ban công rộng view mở.- Giá chỉ từ 36 triệu/m².- Thanh toán trả góp nhẹ nhàng đến khi nhận nhà.- Ngân hàng BIDV hỗ trợ vay 70%, được ân hạn gốc và miễn lãi suất đến khi nhận nhà.- Ngoài ra còn có các loại hình căn hộ khác như: 2PN (70 - 80m²), 3PN (90m²), Duplex, Shophouse.- Sổ hồng sở hữu lâu dài.39 tiện ích nội khu chuẩn resort tại căn hộ Symlife:- Sảnh đón",36.0,51.0,"Đường Đại Lộ Bình Dương (Quốc Lộ 13) - Đường Loại 3,Phường Vĩnh Phú,Thị xã Thuận An,Bình Dương",binh-duong,Căn hộ chung cư,can-ho-chung-cu,2025-09-13 17:37:27,15/07/2025 17:37,AMBIGUOUS,PRICE_PER_M2,1836000000.0,title_reference,0.9803921568627451,18.607843137254903,"[{""source"": ""title"", ""basis"": ""per_m2"", ""amount_vnd"": 36000000.0, ""total_equivalent_vnd"": 1836000000.0, ""approximate"": false, ""text_excerpt"": ""cao cap resort, chi 36tr/m2""}, {""source"": ""description"", ""basis"": ""per_m2"", ""amount_vnd"": 36000000.0, ""total_equivalent_vnd"": 1836000000.0, ""approximate"": true, ""text_excerpt"": ""iew mo.- gia chi tu 36 trieu/m².- thanh toa""}]"
118282,1318795.0,BÁN ĐẤT ĐẸP NGAY CHỢ PHƯỜNG NAM SƠN QUẬN KIẾN AN HẢI PHÒNG,"Đất gần mặt đường Trần Nhân TôngCơ hội cho người muốn định cư lâu dài- Cần bán mảnh đất NỞ HẬU chính chủ tâm huyết mua để ở nhưng nay do có việc nên cần nhượng lại cho gia đình nào có nhu cầu định cư lâu dài tại  đường  kha Lâm ,tổ dân phố Kha Lâm 6, phường Nam Sơn quận Kiến An tp Hải Phòng thông tin cụ thể như sau : ngang trước 4.21m ngang sau 4,38m  x  dài 18.2m = tổng diện tích 77,9m ngõ thông thoáng rộng 3 đến 4m  vị trí ngay đầu đường Kha Lâm đi 3 bước chân  ra đến chợ dân sinh đi thêm vài bước nữa ra đường Trần nhân Tông,cách trung tâm ngã 6 Quán Trữ hơn km  , khu nhà ở cao cấp.khu tiện ích dân trí caoGIÁ BÁN: 25tr/m2 .vậy ai có nhu cầu xin liên hệ chính chủ Ms Hiền..cảm ơn đã đọc tin ",25.0,79.0,"Phường Nam Sơn,Quận Kiến An,Hải Phòng",hai-phong,Đất,dat-tho-cu,2025-09-13 13:13:12,23/08/2025 13:13,SALE_HIGH_CONFIDENCE,PRICE_PER_M2,1975000000.0,description_reference,0.9873417721518988,11.658227848101266,"[{""source"": ""description"", ""basis"": ""per_m2"", ""amount_vnd"": 25000000.0, ""total_equivalent_vnd"": 1975000000.0, ""approximate"": false, ""text_excerpt"": ""dan tri caogia ban: 25tr/m2 .vay ai co ""}]"
101655,1248568.0,"Chính chủ bán đất đấu giá A1 tổ 7 Cự Khối, 65.2m2 mặt tiền 5,5m đường 13m, vỉa hè","Chính chủ bán đất đấu giá A1 tổ 7 Cự Khối, 65.2m2 mặt tiền 5,5m đường 13m, vỉa hèĐịa chỉ: Tổ 7, Phường Cự Khối, Long Biên, Hà NộiBán đất đấu giá A1 tổ 7 Cự Khối, 65.2m² mặt tiền 5,5m đường 13m, vỉa hè Vị trí: Bán đất đấu giá A1 Cự Khối, đối diện nhà văn hóa tổ 7 Cự Khối. Quận Long Biên, đường ô tô tránh, vỉa hè rộng, đường thông ô cờ. Lô đất mặt tiền rộng 5,5m, trước nhà thoáng đãng, thoải mái chỗ đỗ xe. Bán kính 100m ra tới chợ mới Cự Khối, công viên mới, đường xá đi lại thuận tiện. Vị trí gần nút gom cầu Thanh Trì và cao tốc Hà Nội Hải Phòng, có thể xây nhà cao 6,5 tầng vừa ở vừa làm văn phòng giao dịch được. Diện tích: 65,2m². Mặt tiền: 5,5m. Đường: 13m. Hướng: Đông Bắc.Giá bán: 185 triệu",185.0,65.0,"Phường Cự Khối,Quận Long Biên,Hà Nội",ha-noi,Đất,dat-tho-cu,2025-09-12 23:36:50,15/05/2025 23:36,SALE_HIGH_CONFIDENCE,PRICE_PER_M2,12025000000.0,description_reference,0.9846153846153847,14.384615384615385,"[{""source"": ""description"", ""basis"": ""per_m2"", ""amount_vnd"": 185000000.0, ""total_equivalent_vnd"": 12025000000.0, ""approximate"": false, ""text_excerpt"": "": dong bac.gia ban: 185 trieu/m². so do chin""}]"
101648,1248573.0,"Chính chủ bán đất đấu giá A1 tổ 7 Cự Khối, 65.2m2 mặt tiền 5,5m đường 13m, vỉa hè","Chính chủ bán đất đấu giá A1 tổ 7 Cự Khối, 65.2m2 mặt tiền 5,5m đường 13m, vỉa hèĐịa chỉ: Tổ 7, Phường Cự Khối, Long Biên, Hà NộiBán đất đấu giá A1 tổ 7 Cự Khối, 65.2m² mặt tiền 5,5m đường 13m, vỉa hè Vị trí: Bán đất đấu giá A1 Cự Khối, đối diện nhà văn hóa tổ 7 Cự Khối. Quận Long Biên, đường ô tô tránh, vỉa hè rộng, đường thông ô cờ. Lô đất mặt tiền rộng 5,5m, trước nhà thoáng đãng, thoải mái chỗ đỗ xe. Bán kính 100m ra tới chợ mới Cự Khối, công viên mới, đường xá đi lại thuận tiện. Vị trí gần nút gom cầu Thanh Trì và cao tốc Hà Nội Hải Phòng, có thể xây nhà cao 6,5 tầng vừa ở vừa làm văn phòng giao dịch được. Diện tích: 65,2m². Mặt tiền: 5,5m. Đường: 13m. Hướng: Đông Bắc.Giá bán: 185 triệu",185.0,65.0,"Phường Cự Khối,Quận Long Biên,Hà Nội",ha-noi,Đất,dat-tho-cu,2025-09-12 23:36:49,15/05/2025 23:36,SALE_HIGH_CONFIDENCE,PRICE_PER_M2,12025000000.0,description_reference,0.9846153846153847,14.384615384615385,"[{""source"": ""description"", ""basis"": ""per_m2"", ""amount_vnd"": 185000000.0, ""total_equivalent_vnd"": 12025000000.0, ""approximate"": false, ""text_excerpt"": "": dong bac.gia ban: 185 trieu/m². so do chin""}]"
46120,1318940.0,Chủ cần bán lô góc 2 mặt tiền Vương Thừa Vũ - sát biển - vị trí siêu đẹp,"BÁN LÔ GÓC 2 MẶT TIỀN VƯƠNG THỪA VŨ, SÁT BIỂN, VỊ TRÍ ĐẸPDiện tích: 357m2, ngang 20mLô góc 2 mặt tiền đường 7m5, xây cao tầng.Vị trí: nằm gần Biển Phạm Văn Đồng, bện cạnh là 2 tòa tháp cao tầng của Sungroup. Tuyến đường thông biểnGiá bán: 250tr/m2",250.0,357.0,"Đường Vương Thừa Vũ,Phường An Hải Bắc,Quận Sơn Trà,Đà Nẵng",da-nang,Đất,dat-tho-cu,2025-09-13 14:13:05,15/07/2025 14:13,SALE_HIGH_CONFIDENCE,PRICE_PER_M2,89250000000.0,description_reference,0.9971988795518207,1.8011204481792717,"[{""source"": ""description"", ""basis"": ""per_m2"", ""amount_vnd"": 250000000.0, ""total_equivalent_vnd"": 89250000000.0, ""approximate"": false, ""text_excerpt"": "" thong biengia ban: 250tr/m2""}]"
101034,1271946.0,"CHÍNH CHỦ bán đất 71.25m2 tại Gia Quất, Thượng Thanh, Long Biên, Hà Nội, 145 triệu/m2","Do không có nhu cầu sử dụng, chủ nhà cần bán 71.25m² tại phố Gia Quất, phường Thượng Thanh, quận Long Biên, Hà Nội. Đất hướng Nam, mặt tiền rộng 4.6m, ngõ vào 1.7m phù hợp cho việc xây dựng nhà ở hoặc chung cư mini. Pháp lý sổ đỏ chính chủ. Có thương lượng cho khách thiện chỉ mua nhanh gọn.Điểm nổi trội:+ Giá chỉ 145 triệu/m², giá tốt trong khu vực.+ Đất nằm trong khu vực dân cư đông đúc, thuận tiện sinh hoạt hàng ngày.+ Mặt tiền rộng rãi, nở hậu dễ dàng thiết kế theo nhu cầu sử dụng.Gần các tiện ích:+ Cách Hồ Gươm 15 phút.+ Bệnh viện đa khoa Tâm Anh 8 phút.+ Cách vườn hoa Gia Quất, chợ Gia Quất 150m.+ Cách trường mầm non Gia Quất 200m, Tiểu học Gia Quất 450m.Liên hệ trực tiếp chủ nhà qua số",145.0,71.0,"Đường Gia Quất,Phường Thượng Thanh,Quận Long Biên,Hà Nội",ha-noi,Đất,dat-tho-cu,2025-09-12 23:34:20,14/06/2025 23:34,SALE_HIGH_CONFIDENCE,PRICE_PER_M2,10295000000.0,title_reference,0.9859154929577465,13.084507042253522,"[{""source"": ""title"", ""basis"": ""per_m2"", ""amount_vnd"": 145000000.0, ""total_equivalent_vnd"": 10295000000.0, ""approximate"": false, ""text_excerpt"": "" long bien, ha noi, 145 trieu/m2""}, {""source"": ""description"", ""basis"": ""per_m2"", ""amount_vnd"": 145000000.0, ""total_equivalent_vnd"": 10295000000.0, ""approximate"": false, ""text_excerpt"": "" noi troi:+ gia chi 145 trieu/m², gia tot tr""}]"
144308,1310401.0,"Đất full thổ cư hạ tầng sẵn,đối diện Ecopark, SHR. Giá 23tr/m2","- Đối diện khu đô thị Eco Retreat 220ha đang triển khai,- Mặt tiền đường 830C (Nguyễn Hữu Trí nối dài) thuận tiện kinh doanh.- Diện tích: Ngang 5 - 6m, dài 18 - 20m. Đường 15m.- Pháp lý chuẩn, sổ hồng riêng mua công chứng trong ngày.- Hạ tầng hoàn thiện 100%, điện âm, nước máy toàn khu.- Tiện ích gần đất.+ Đất mặt tiền đường lớn thuận tiện kinh doanh.+ Trường nguyễn Trung Trực Bến Lức...+ Gần khu 82ha trường đại học Tâm Anh.+ Siêu thị đang hoạt động Sơn Hà, siêu thị Chợ Lớn và các dịch vụ khác.+ Đặc biệt đất thuộc thị trấn Bến Lức.- Giá bán: 23 triệu/m².",23.0,90.0,"Đường Nguyễn Hữu trí,Xã Thanh Phú,Huyện Bến Lức,Long An",long-an,Đất,dat-tho-cu,2025-09-13 23:38:20,15/07/2025 23:38,AMBIGUOUS,PRICE_PER_M2,2070000000.0,title_reference,0.9888888888888889,10.11111111111111,"[{""source"": ""title"", ""basis"": ""per_m2"", ""amount_vnd"": 23000000.0, ""total_equivalent_vnd"": 2070000000.0, ""approximate"": false, ""text_excerpt"": ""n ecopark, shr. gia 23tr/m2""}, {""source"": ""description"", ""basis"": ""per_m2"", ""amount_vnd"": 23000000.0, ""total_equivalent_vnd"": 2070000000.0, ""approximate"": false, ""text_excerpt"": "" ben luc.- gia ban: 23 trieu/m².""}]"
103411,1187720.0,ĐẤT ĐẸP - GIÁ TỐT - CHÍNH CHỦ CẦN Gấp Đất Đấu Giá Trũng Trên Lai Xá - GIÁ ĐẦU TƯ,"ĐẤT ĐẸP - GIÁ TỐT - CHÍNH CHỦ CẦN Gấp Đất Đấu Giá Trũng Trên Lai Xá - GIÁ ĐẦU TƯ.Địa chỉ: Lai Xá, Hoài Đức, Hà NộiDiện tích : 75m2 (5m mặt tiền )Giá bán nhanh trong tháng 3 : 160triệu /m2- Vị trí:+ Trước cổng trường mầm non Kim Chung B, cạnh khu Liền kề đã xây dựng, đã có cư dân về ở.+ Đường đôi ô tô tránh vỉa hè, phân lô bàn cờ.+ Tương lai còn tăng giá do hưởng lợi từ đường vành đai 3.5, Tây Thăng Long, đường nối HQV kéo dài, Metro Nhổn - Ga Hà Nội.+ Xung quanh đang xây dựng + về ở rất nhiều- Phù hợp định cư lâu dài, để kinh doanh buôn bán các mặt hàng , đầu tư sinh lời- Pháp lý : Sổ hồng chính chủ, thủ tục sang tên nhanh chóng, sang tên ngay.Liên hệ : 0948058198",160.0,75.0,"Xã Kim Chung,Huyện Hoài Đức,Hà Nội",ha-noi,Đất,dat-tho-cu,2025-09-12 23:43:58,15/04/2025 23:43,AMBIGUOUS,PRICE_PER_M2,12000000000.0,description_reference,0.9866666666666667,12.333333333333334,"[{""source"": ""description"", ""basis"": ""per_m2"", ""amount_vnd"": 160000000.0, ""total_equivalent_vnd"": 12000000000.0, ""approximate"": false, ""text_excerpt"": ""anh trong thang 3 : 160trieu /m2- vi tri:+ ""}]"
210850,1453771.0,"HÓC MÔN - BÁN ĐẤT ĐƯỜNG SONG HÀNH, DT 5*27M, ĐƯỜNG 8M","Chủ gửiBán lô đất thừa kế chia tài sản vừa tách sổ xong, sổ hồng mới 2023- Vị trí đất thuộc thị trấn Hóc Môn, hẻm 1 sẹc Song Hành đi vào đúng 70m.- Khu phố đông đúc, dân trí cao, nhiều Biệt thự nghỉ dưỡng.- Đường nhựa vào rộng 8m có lề đường.- Quy hoạch đất ở hiện hữu, tương lai thành 2 mặt tiền.- Cấp phép xây dựng ngay khi chuyển nhượng.- DT 5 x 27m Cn 144m2Giá 40tr/m2",40.0,144.0,"Huyện Hóc Môn,TP. Hồ Chí Minh",tp-ho-chi-minh,Đất,dat-tho-cu,2025-09-13 21:33:20,06/09/2025 21:33,SALE_HIGH_CONFIDENCE,PRICE_PER_M2,5760000000.0,description_reference,0.9930555555555556,5.944444444444445,"[{""source"": ""description"", ""basis"": ""per_m2"", ""amount_vnd"": 40000000.0, ""total_equivalent_vnd"": 5760000000.0, ""approximate"": false, ""text_excerpt"": ""5 x 27m cn 144m2gia 40tr/m2""}]"
130954,1505768.0,Bán Kho 1.286m Mặt Tiền đường 23/10 Vị Trí Trung Tâm Phố Nha Trang,"Bán kho mặt tiền 23/10 tp. Nha TrangDiện tích: 1,286 m2Hiện trạng đã sẵn nhà kho kiên cố, đường rộng, gần siêu nhiều dịch vụ tiện ích,.....Vị trí ngay siêu thị, gần ga Nha Trang, xung quanh nhiều dịch vụ tiện ích, đường hiện hữu 30mGiá bán: 100 triệu / m2Liên hệ: 0906704785 Tài ( Nhà Đất Khánh Hoà 79 )Xin cảm ơn",100.0,1286.0,"Đường 23/10,Phường Phương Sơn,Thành phố Nha Trang,Khánh Hòa",khanh-hoa,"Kho, nhà xưởng",kho-nha-xuong,2025-09-13 14:56:57,13/09/2025 10:56,SALE_HIGH_CONFIDENCE,PRICE_PER_M2,128600000000.0,description_reference,0.9992223950233281,0.2223950233281493,"[{""source"": ""description"", ""basis"": ""per_m2"", ""amount_vnd"": 100000000.0, ""total_equivalent_vnd"": 128600000000.0, ""approximate"": false, ""text_excerpt"": ""ien huu 30mgia ban: 100 trieu / m2lien he: 0""}]"
102271,1228458.0,"ĐẤT ĐẸP - GIÁ TỐT - Cần Bán Nhanh Lô Đất Vị Trí Đắc Địa Tại Xã Tiên Dương, Đông Anh, Hà Nội","ĐẤT ĐẸP - GIÁ TỐT - Cần Bán Nhanh Lô Đất Vị Trí Đắc Địa Tại Xã Tiên Dương, Đông Anh, Hà NộiĐịa chỉ:  Lễ Pháp, xã Tiên Dương, huyện Đông Anh, tp Hà NộiDiện tích:  57,5m2   ( mặt tiền 5m )Giá bán: 90 triệu/m2  ( có thương lượng)- Tiện ích đầy đủ:  gần chợ, trường học, Gần công viên Kim Quy, Cầu Nhật Tân, trung tâm tài chính Hà Nội, Khu liên hiệp thể thao, ubnd..Ngõ xe ba gác tránh, Ô tô tải cách đất 50m.lh*0983l38489- Khu dân đông đúc, an ninh đảm bảo- Phù hợp: định cư lâu dài , đầu tư sinh lời cao- Giao thông thuận tiện, đi lại dễ dàng- Pháp lý : Sổ đỏ sẵn, thủ tục sang tên nhanhLiên hệ SĐT:  0983138489  để xem đất trực tiếp",90.0,57.0,"Xã Tiên Dương,Huyện Đông Anh,Hà Nội",ha-noi,Đất,dat-tho-cu,2025-09-12 23:39:21,15/05/2025 23:39,SALE_HIGH_CONFIDENCE,PRICE_PER_M2,5130000000.0,description_reference,0.9824561403508771,16.54385964912281,"[{""source"": ""description"", ""basis"": ""per_m2"", ""amount_vnd"": 90000000.0, ""total_equivalent_vnd"": 5130000000.0, ""approximate"": false, ""text_excerpt"": ""t tien 5m )gia ban: 90 trieu/m2  ( co thuon""}]"
28116,1311407.0,The FeLix - dự án thành phố trên cây cho giới trẻ và nhà đầu tư vốn nhỏ ⭐⭐⭐ (Tin Hết Hạn),"THE FELIX THUẬN AN – SỞ HỮU CĂN HỘ DỄ DÀNG CHỈ TỪ 3.9 TRIỆU/THÁNGGiá hấp dẫn nhất khu vực – Chỉ từ 34 triệu/m²Ký HĐMB chỉ 10%Thanh toán 20% đến khi nhận nhà (Quý 2/2027)Trả góp nhẹ nhàng chỉ từ 3.9 triệu/thángÂn hạn gốc & lãi suất cố định đến 5 nămLý do nên chọn The Felix Thuận An:Vị trí vàng: Ngay trung tâm TP. Thuận An – liền kề TP. Thủ ĐứcTiện ích cao cấp: Hồ bơi tràn, phòng gym, trung tâm thương mại, công viên nội khuPhù hợp: Cho người trẻ an cư & nhà đầu tư vốn nhỏ .v.vLiên hệ ngay để được tư vấn & đặt lịch tham quan nhà mẫu:0348270268",34.0,60.0,"Đường Nguyễn Du (Bình Hòa - An Phú) - Đường Loại 3,Phường Bình Hòa,Thị xã Thuận An,Bình Dương",binh-duong,Căn hộ chung cư,can-ho-chung-cu,2025-09-13 17:37:05,15/07/2025 17:37,AMBIGUOUS,PRICE_PER_M2,2040000000.0,description_reference,0.9833333333333333,15.666666666666666,"[{""source"": ""description"", ""basis"": ""per_m2"", ""amount_vnd"": 34000000.0, ""total_equivalent_vnd"": 2040000000.0, ""approximate"": true, ""text_excerpt"": ""at khu vuc – chi tu 34 trieu/m²ky hdmb chi ""}]"
111738,1298468.0,"Căn hộ 2pn 2wc ocean park hướng đông nam, ban công đẹp, giá cực mềm","Chính chủ gửi bán căn hộ đẹp tại Vinhomes Ocean Park:Đóng tiến độ 2 tháng đóng 3%. dự kiến t6/2026 nhận nhà66,5m² thông thủy  thiết kế 2PN, 2WCBan công side by side cực rộng  thoáng mát, hiếm trong tòaHướng Đông Nam  chuẩn phong thủy, mát mẻ quanh nămGiá bán: 57 triệu/m²  hỗ trợ sang tên nhanhXem thêm",57.0,66.0,"Xã Đa Tốn,Huyện Gia Lâm,Hà Nội",ha-noi,Căn hộ chung cư,can-ho-chung-cu,2025-09-13 00:12:50,15/07/2025 00:12,AMBIGUOUS,PRICE_PER_M2,3762000000.0,description_reference,0.9848484848484849,14.151515151515152,"[{""source"": ""description"", ""basis"": ""per_m2"", ""amount_vnd"": 57000000.0, ""total_equivalent_vnd"": 3762000000.0, ""approximate"": false, ""text_excerpt"": ""e quanh namgia ban: 57 trieu/m²  ho tro san""}]"
126831,1505369.0,"Bán đất đường Số 1a Kđt Hà Quang 2. Dt: 137,7m2, Ngang 8m. Giá Bán: 73tr/m2. Lh: Kim Anh",KDT Hà Quang 2 đường 1A - Giá chỉ 73tr/m2- Dt 137.7m2 ngang 8m hướng Tây- Ép cọc riêng- Pháp lý HĐMB- Giá Bán: 73tr/m2 (10 tỷ 050 triệu)___Lh: Kim Ánh xem đấtĐặc điểm nổi bậtDiện tích :137.7m2Mặt tiền :8mGiá :73 triệuĐường vào :13m,73.0,1377.0,"Đường Lê Hồng Phong,Phường Phước Hải,Thành phố Nha Trang,Khánh Hòa",khanh-hoa,Đất,dat-tho-cu,2025-09-13 14:42:37,13/09/2025 10:42,SALE_HIGH_CONFIDENCE,PRICE_PER_M2,100521000000.0,title_reference,0.9992737835875091,0.2737835875090777,"[{""source"": ""title"", ""basis"": ""per_m2"", ""amount_vnd"": 73000000.0, ""total_equivalent_vnd"": 100521000000.0, ""approximate"": false, ""text_excerpt"": "" ngang 8m. gia ban: 73tr/m2. lh: kim an""}, {""source"": ""description"", ""basis"": ""per_m2"", ""amount_vnd"": 73000000.0, ""total_equivalent_vnd"": 100521000000.0, ""approximate"": false, ""text_excerpt"": "" duong 1a - gia chi 73tr/m2- dt 137.7m2""}, {""source"": ""description"", ""basis"": ""per_m2"", ""amount_vnd"": 73000000.0, ""total_equivalent_vnd"": 100521000000.0, ""approximate"": false, ""text_excerpt"": ""p ly hdmb- gia ban: 73tr/m2 (10 ty 050 ""}, {""source"": ""description"", ""basis"": ""total"", ""amount_vnd"": 10050000000.0, ""total_equivalent_vnd"": 10050000000.0, ""approximate"": false, ""text_excerpt"": ""- gia ban: 73tr/m2 (10 ty 050 trieu)___lh: kim anh""}]"
129592,1327784.0,"ĐẤT MẶT TIỀN 10m, CÁCH BIỂN 800M,DÃ TƯỢNG PHƯỚC LONG NHA TRANG (Tin Hết Hạn)","ĐẤT MẶT TIỀN 10m, DÃ TƯỢNG PHƯỚC LONG NHA TRANG FULL ODT GẦN CHỢ BÌNH TÂNDiện tích: 300m², ngang 10mĐất đẹp vị trí buồn bán sầm uấtCách Chợ Bình Tân 50mCách biển 800mGần bệnh viện Tâm Trí, chợ trường học các cấp..Pháp lí : Full đất ở đô thịGiá : 120 tr / m²Gồm 2 sổ️ 0839 772 598 Lê Đình Hùng",120.0,300.0,"Đường Dã Tượng,Phường Phước Long,Thành phố Nha Trang,Khánh Hòa",khanh-hoa,Đất,dat-tho-cu,2025-09-13 14:52:23,15/07/2025 14:52,AMBIGUOUS,PRICE_PER_M2,36000000000.0,description_reference,0.9966666666666667,2.3333333333333335,"[{""source"": ""description"", ""basis"": ""per_m2"", ""amount_vnd"": 120000000.0, ""total_equivalent_vnd"": 36000000000.0, ""approximate"": false, ""text_excerpt"": ""l dat o do thigia : 120 tr / m²gom 2 so 0""}]"
114507,1311567.0,"Bán kho xưởng DT 1500m2-4500 KCN vừa và nhỏ Từ Liêm, Hà Nội (Tin Hết Hạn)","Bán kho xưởng DT 1500m2-4500 KCN vừa và nhỏ Từ Liêm, Hà NộiSử dụng từ năm 2003.DT nhà xưởng 1500m2, nhà VP 2 tầng 140m2.Mua bán cổ phần công ty, pháp lý đầy đủ.Xe container đỗ cửa xưởng, điện ba pha.Giá bán: 20tr/m2Liên hệ Mr Hùng: 0979 929 686",20.0,4500.0,"Phường Minh Khai,Quận Bắc Từ Liêm,Hà Nội",ha-noi,"Kho, nhà xưởng",kho-nha-xuong,2025-09-13 00:22:02,15/07/2025 00:22,SALE_HIGH_CONFIDENCE,PRICE_PER_M2,90000000000.0,description_reference,0.9997777777777778,0.7777777777777778,"[{""source"": ""description"", ""basis"": ""per_m2"", ""amount_vnd"": 20000000.0, ""total_equivalent_vnd"": 90000000000.0, ""approximate"": false, ""text_excerpt"": ""ien ba pha.gia ban: 20tr/m2lien he mr h""}]"
27885,1327431.0,"Bán căn hộ đẹp xuất sắc tại The Gió Riverside, 41 triệu/m2, 59m2, 2PN, 2WC, (Tin Hết Hạn)","Vị trí dự án - địa thế độc tôn.The Gió được ví như trái tim trung tâm Bình Dương vì chỉ cách ""nửa bước chân"" là kết nối đến đặc khu hành chính Bình Dương - Nơi tập trung đầy đủ tiện ích và cơ quan đầu não,The Gió Riverside là dự án khu phức hợp căn hộ cao cấp do Tập đoàn An Gia làm chủ đầu tư. Dự án nằm tại mặt tiền đường ĐT 16, cách đường Quốc lộ 1A chỉ 500m.+ Vị trí view sông Đồng Nai và cách địa phận thành phố Thủ Đức khoảng 1km.+ The Gió Riverside là một căn hộ chung cư cực chất tại Vành Đai 3, Bình Thắng, Dĩ An, Bình Dương.Với diện tích 59m², căn hộ này có 2PN và 2WC, rất phù hợp cho những ai yêu thích không gian thoải mái.+ Căn hộ hướng Đông Nam với ban công hướng Nam, cực kỳ hợp phong",41.0,59.0,"Phường Bình Thắng,Thị xã Dĩ An,Bình Dương",binh-duong,Căn hộ chung cư,can-ho-chung-cu,2025-09-13 17:36:16,15/07/2025 17:36,SALE_HIGH_CONFIDENCE,PRICE_PER_M2,2419000000.0,title_reference,0.9830508474576272,15.94915254237288,"[{""source"": ""title"", ""basis"": ""per_m2"", ""amount_vnd"": 41000000.0, ""total_equivalent_vnd"": 2419000000.0, ""approximate"": false, ""text_excerpt"": "" the gio riverside, 41 trieu/m2, 59m2, 2pn,""}, {""source"": ""description"", ""basis"": ""per_m2"", ""amount_vnd"": 41000000.0, ""total_equivalent_vnd"": 2419000000.0, ""approximate"": false, ""text_excerpt"": ""o gia chu.+ gia chi 41 trieu / m², cuc ky h""}]"
129630,1311845.0,Sang Lại Lô Đất Nền Giá Chỉ 15tr/m2 Khu Para Grus Trong Dự Án Kn Para Dise (Tin Hết Hạn),"Sang Lại Lô Đất Nền Giá Chỉ 15tr/m2 Khu Para Grus Trong Dự Án Kn Para Dise Lh 0917678685Quy mô: 800 hecta được quy hoạch khu nghỉ dưỡng vip nhất Việt Nam.Chủ đầu tư: CP Golf Long Thành.Vị trí: Mặt tiền biển Bãi Dài Cam Ranh, liền kề Sân Bay Quốc Tế.Tiện ích:+ Casino, sân golf 90ha đang vận hành, FULL tiện ích đẳng cấp 4 - 6 sao,+ Trung tâm thương mại, siêu thị trường học từ mẫu giáo đến Trường ĐH tiêu chuẩn Quốc Tế+ Đường bờ biển riêng dài 5km+ V.v.Hạ tầng hoàn thiện 100%Giai đoạn 1: Nhà phố biển + shophouse (sở hữu lâu dài).Diện tích: 120m2 ( 6x20)Giá: 15tr/m2Pháp lý: sổ hồng sở hữu lâu dàiGọi ngay: 0917678685( zalo/viber) để biết thêm thông tin chi tiết",15.0,120.0,"Đường Nguyễn Tất Thành (Phía Đông Đường),Phường Cam Nghĩa,Thành phố Cam Ranh,Khánh Hòa",khanh-hoa,Đất,dat-tho-cu,2025-09-13 14:52:31,15/07/2025 14:52,AMBIGUOUS,PRICE_PER_M2,1800000000.0,title_reference,0.9916666666666667,7.333333333333333,"[{""source"": ""title"", ""basis"": ""per_m2"", ""amount_vnd"": 15000000.0, ""total_equivalent_vnd"": 1800000000.0, ""approximate"": false, ""text_excerpt"": "" lo dat nen gia chi 15tr/m2 khu para gr""}, {""source"": ""description"", ""basis"": ""per_m2"", ""amount_vnd"": 15000000.0, ""total_equivalent_vnd"": 1800000000.0, ""approximate"": false, ""text_excerpt"": "" lo dat nen gia chi 15tr/m2 khu para gr""}, {""source"": ""description"", ""basis"": ""per_m2"", ""amount_vnd"": 15000000.0, ""total_equivalent_vnd"": 1800000000.0, ""approximate"": false, ""text_excerpt"": "": 120m2 ( 6x20)gia: 15tr/m2phap ly: so ""}]"
222575,1187338.0,"Bán đất 90m2( 5m * 18 m) đường Vành Đai Tây, phường An Khánh, quận 2, Hồ Chí Minh","Bán đất 90m2( 5m * 18 m) đường Vành Đai Tây, phường An Khánh, quận 2, Hồ Chí Minh. ngay bên cạnh cc Bộ Công An , chợ đo đạc . Có GPXd 3 lầu 1 trệt , tặng bản vẽ xây dựng. Khu sầm uất kinh doanh tốtChính chủ bán - 280tr / m2Lh - 0937436768",280.0,90.0,"Phường An Khánh,Thành phố Thủ Đức,TP. Hồ Chí Minh",tp-ho-chi-minh,Đất,dat-tho-cu,2025-09-13 22:26:56,16/04/2025 22:26,SALE_HIGH_CONFIDENCE,PRICE_PER_M2,25200000000.0,description_reference,0.9888888888888889,10.11111111111111,"[{""source"": ""description"", ""basis"": ""per_m2"", ""amount_vnd"": 280000000.0, ""total_equivalent_vnd"": 25200000000.0, ""approximate"": false, ""text_excerpt"": "" totchinh chu ban - 280tr / m2lh - 09374""}]"
129697,1321790.0,"Bán đất khu tái định cư Hòn Rớ 2 giá tốt. Vị trí: Khu TĐC Hòn Rớ 2, khu vực đông dân cư,","Bán đất khu tái định cư Hòn Rớ 2 giá tốt.Vị trí: Khu TĐC Hòn Rớ 2, khu vực đông dân cư, quy hoạch bài bản thích hợp an cư lâu dài hoặc đầu tư sinh lời.Diện tích: 4,5 x 20m (tổng 90m2) đất vuông vức.Hướng: Đông Nam đón gió, mát mẻ quanh năm.Pháp lý: Sổ hồng riêng sang tên nhanh.Giá bán: 42tr/m2 (bao sang tên)",42.0,90.0,"Đường Hòn Rớ,Xã Phước Đồng,Thành phố Nha Trang,Khánh Hòa",khanh-hoa,Đất,dat-tho-cu,2025-09-13 14:52:44,15/07/2025 14:52,SALE_HIGH_CONFIDENCE,PRICE_PER_M2,3780000000.0,description_reference,0.9888888888888889,10.11111111111111,"[{""source"": ""description"", ""basis"": ""per_m2"", ""amount_vnd"": 42000000.0, ""total_equivalent_vnd"": 3780000000.0, ""approximate"": false, ""text_excerpt"": "" ten nhanh.gia ban: 42tr/m2 (bao sang t""}]"
101896,1239488.0,Chính chủ muốn chuyển  nhượng Đất ( tặng nhà cấp 4 ) tại khu tt quân đội nhà máy z49,"Chính chủ muốn chuyển  nhượng Đất ( tặng nhà cấp 4 ) tại khu tt quân đội nhà máy z49 . Khu tt được phân cho cán bộ  binh Phường trung văn ngay gần cầu đôi, giáp Đại Mỗ . Cách bộ tư lệnh binh 300m2Địa chỉ: Xã Trung Văn- Nam Từ Liêm- Hà NộiĐường trước nhà gần 4m , chợ gần ngay nhà , khu ở anh ninh rất tốtTổng Diện tích 78 m2 - diện tích xây dựng 63.5 m2 - mặt tiền 2,6 m2 . Hiện trạng đang có nhà cấp 4 cho thuêGiá bán 100tr/1m2 , thiện chí gặp mặt hữu duyên có bớtLiên hệ: 0985291979",100.0,78.0,"Phường Trung Văn,Quận Nam Từ Liêm,Hà Nội",ha-noi,Đất,dat-tho-cu,2025-09-12 23:37:51,15/05/2025 23:37,AMBIGUOUS,PRICE_PER_M2,7800000000.0,description_reference,0.9871794871794872,11.820512820512821,"[{""source"": ""description"", ""basis"": ""per_m2"", ""amount_vnd"": 100000000.0, ""total_equivalent_vnd"": 7800000000.0, ""approximate"": false, ""text_excerpt"": ""p 4 cho thuegia ban 100tr/1m2 , thien ch""}]"
123265,1265572.0,HIẾM Còn sót duy nhất 1 căn Penhouse Onsen R1 diện tích vừa. Dự án đẹp nhất Ecopark,"HIẾM Còn sót duy nhất 1 căn Penhouse Onsen R1 diện tích vừa. Dự án đẹp nhất EcoparkĐịa chỉ: Swan Lake Onsen Residences, Xuân Quan, Văn Giang, Hưng YênMức giá: 75 triệu/m²Căn hộ chung cư tại Swan Lake Onsen Ecopark tòa R1 mang đến cơ hội sở hữu không gian sống lý tưởng số 1 Miền Bắc.+ Diện tích rộng rãi 127 m², thiết kế 3PN và 3WC, phù hợp cho gia đình lớn.+ Trần cao tổng 2 tầng là 9m, tầng 38 và 39, có 2 cửa ra vào mỗi tầng.+ Hướng ban công Đông Nam, đón ánh sáng tự nhiên và gió mát. View khu biệt thự Marina,+ Pháp lý Sổ hồng đầy đủ, đảm bảo an tâm cho người mua.+ Không nội thất, bàn giao thô, giúp chủ nhân tự do sáng tạo không gian sống theo sở thích.+ Không gian sống thoải mái, gần gũi với",75.0,127.0,"Xã Xuân Quan,Huyện Văn Giang,Hưng Yên",hung-yen,Căn hộ chung cư,can-ho-chung-cu,2025-09-13 13:26:07,15/06/2025 13:26,AMBIGUOUS,PRICE_PER_M2,9525000000.0,description_reference,0.9921259842519685,6.874015748031496,"[{""source"": ""description"", ""basis"": ""per_m2"", ""amount_vnd"": 75000000.0, ""total_equivalent_vnd"": 9525000000.0, ""approximate"": false, ""text_excerpt"": ""g, hung yenmuc gia: 75 trieu/m²can ho chung""}]"
28014,1313164.0,Mở bán đợt 1 căn hộ Sycamore Bình Dương giá trực tiếp chủ đầu tư (Tin Hết Hạn),"Mở bán đợt 1 căn hộ Sycamore Bình Dương trực tiếp chủ đầu tư giá tốt nhất của Capitaland Singapore100% căn hộ góc view cực phẩm, ngập tràn ánh sáng tự nhiên.Hồ bơi Olympic 50m giải phóng năng lượng, tận hưởng từng nhịp sống.Phòng tiệc trên không, rạp chiếu phim chân mây Cuộc sống là một hành trình khám phá.Vườn treo & skywalk Tận hưởng không gian xanh giữa tầng không.Phòng gym chuẩn Olympic Sẵn sàng chinh phục mọi thử thách!Diện tích đa dạng: Không có căn 1PN.- 2PN: 75 - 101m², 3PN: 95 - 110m².- Duplex: 130 161m² | Penthouse: 252 - 311m².- Mức giá dự kiến chỉ từ 50 triệu/m² (~US$2.000/m).- Bàn giao Quý 2 - 2027 Full nội thất chuẩn CapitaLand.*** Chương trình thanh toán linh hoạt:- Mỗi quý ch",50.0,75.0,"Phường Phú Mỹ,Thành phố Thủ Dầu Một,Bình Dương",binh-duong,Căn hộ chung cư,can-ho-chung-cu,2025-09-13 17:36:44,15/07/2025 17:36,AMBIGUOUS,PRICE_PER_M2,3750000000.0,description_reference,0.9866666666666667,12.333333333333334,"[{""source"": ""description"", ""basis"": ""per_m2"", ""amount_vnd"": 50000000.0, ""total_equivalent_vnd"": 3750000000.0, ""approximate"": true, ""text_excerpt"": "" gia du kien chi tu 50 trieu/m² (~us$2.000/""}]"
46125,1318937.0,Bán lô góc 2 MT Lê Đức Thọ và Nguyễn Đăng Giai 330m2,"BÁN LÔ GÓC 2 MẶT TIỀN LÊ ĐỨC THỌ VÀ NGUYỄN ĐĂNG GIAI, SÁT BIỂN, VỊ TRÍ ĐẸPDiện tích: 330m2, ngang 13,5mLô góc 2 mặt tiền đường 10m5 và 7m5Vị trí vip, vài bước chân là ra đến biển.Thích hợp đầu tư xây căn hộ, villa, khách sạn...Giá bán: 140tr/m2",140.0,330.0,"Đường Lê Đức Thọ,Phường Thọ Quang,Quận Sơn Trà,Đà Nẵng",da-nang,Đất,dat-tho-cu,2025-09-13 14:13:06,15/07/2025 14:13,SALE_HIGH_CONFIDENCE,PRICE_PER_M2,46200000000.0,description_reference,0.996969696969697,2.0303030303030303,"[{""source"": ""description"", ""basis"": ""per_m2"", ""amount_vnd"": 140000000.0, ""total_equivalent_vnd"": 46200000000.0, ""approximate"": false, ""text_excerpt"": ""hach san...gia ban: 140tr/m2""}]"
42041,1499970.0,"Chính chủ cần bán lô đất góc 2mt hòa nam 8 và 9, hòa minh, liên chiểu",""" MIỄN TIẾP BÊN ĐĂNG TIN NHÉ ""Chào bán lô đất góc 2MT Hòa Nam 9 & 8 diện tích khủng 305m² đối lưng Nguyễn Đình Tứ .-  Thích hợp xây căn hộ, Cty, mầm non, biệt thự nhà vườn .- Vị trí: Gần công viên, gần sân bay, bến xe, gần chợ gần trường học. Dân cư đông đúc đầy đủ tiện ích xung quanh..- Hướng Tây Bắc - Đông Bắc.Giá rẻ ngang đất kiệt 39tr/m² có tl cho khách thiện chí. Ms7278Xem thêm",39.0,304.0,"Đường Hòa Nam 9,Phường Hòa Minh,Quận Liên Chiểu,Đà Nẵng",da-nang,Đất,dat-tho-cu,2025-09-13 13:56:56,12/09/2025 13:56,SALE_HIGH_CONFIDENCE,PRICE_PER_M2,11856000000.0,description_reference,0.9967105263157895,2.289473684210526,"[{""source"": ""description"", ""basis"": ""per_m2"", ""amount_vnd"": 39000000.0, ""total_equivalent_vnd"": 11856000000.0, ""approximate"": false, ""text_excerpt"": ""a re ngang dat kiet 39tr/m² co tl cho k""}]"
145733,1331703.0,Bán đất thổ cư mặt tiền nguyễn hữu trí giá chỉ 10tr/1m2 rẻ hơn thị trường hơn 30%,"- Vị trí: Mặt tiền đường Nguyễn Hữu trí, xã Tân Bửu, huyện Bến Lức- Đường Nguyễn Hữu Trí: rộng 18m - Lộ giới 30m- Cách khu đô thị Ecopark 220ha: 1,7km- Đất cách TPHCM: 3,3km- Diện tích: 4260m² đất (1360m² Thổ cư, 2900m² đất Lúa) (Ngang 26,5m x Dài 176m, hậu 24m)- Hiện trạng: đã san lấp và xây tường rào bao xung quanh- Quy hoạch: đất thương mại dịch vụ- Giá bán: 42 tỷ ~ 10 triệu/1m2Liên hệ: Tiến HànhXem thêm",10.0,4260.0,"Đường Nguyễn Hữu trí,Xã Tân Bửu,Huyện Bến Lức,Long An",long-an,"Kho, nhà xưởng",kho-nha-xuong,2025-09-13 23:42:57,14/08/2025 23:42,SALE_HIGH_CONFIDENCE,PRICE_PER_M2,42600000000.0,title_reference,0.9997652582159624,0.7652582159624414,"[{""source"": ""title"", ""basis"": ""per_m2"", ""amount_vnd"": 10000000.0, ""total_equivalent_vnd"": 42600000000.0, ""approximate"": false, ""text_excerpt"": ""yen huu tri gia chi 10tr/1m2 re hon thi""}, {""source"": ""description"", ""basis"": ""total"", ""amount_vnd"": 42000000000.0, ""total_equivalent_vnd"": 42000000000.0, ""approximate"": false, ""text_excerpt"": ""i dich vu- gia ban: 42 ty ~ 10 trieu/1m2""}, {""source"": ""description"", ""basis"": ""per_m2"", ""amount_vnd"": 10000000.0, ""total_equivalent_vnd"": 42600000000.0, ""approximate"": false, ""text_excerpt"": ""u- gia ban: 42 ty ~ 10 trieu/1m2lien he: ti""}]"
102430,1222990.0,"ĐẤT ĐẸP THANH XUÂN NAM – PHÙ HỢP CHIA LÔ – 203M² – MT 9M
GIÁ 250TR/M2","ĐẤT ĐẸP THANH XUÂN NAM – PHÙ HỢP CHIA LÔ – 203M² – MT 9MChính chủ gửi bán mảnh đất cực đẹp, tiềm năng cao:• Diện tích lớn, chia được 2-3 lô• Đường ô tô tránh, thông nhiều hướng• Mặt tiền rộng 9m, thuận tiện xây dựng Giá bán hợp lý: chỉ hơn 250 triệu/m²",250.0,203.0,"đường 214 Số 214 Nguyễn Xiển, Phường Thanh Xuân Bắc, Quận Thanh Xuân, Hà Nội,Phường Thanh Xuân Nam,Quận Thanh Xuân,Hà Nội",ha-noi,Đất,dat-tho-cu,2025-09-12 23:39:56,15/05/2025 23:39,AMBIGUOUS,PRICE_PER_M2,50750000000.0,title_reference,0.9950738916256158,3.9261083743842367,"[{""source"": ""title"", ""basis"": ""per_m2"", ""amount_vnd"": 250000000.0, ""total_equivalent_vnd"": 50750000000.0, ""approximate"": false, ""text_excerpt"": "" 203m² – mt 9m\r\ngia 250tr/m2""}, {""source"": ""description"", ""basis"": ""per_m2"", ""amount_vnd"": 250000000.0, ""total_equivalent_vnd"": 50750000000.0, ""approximate"": true, ""text_excerpt"": ""ban hop ly: chi hon 250 trieu/m²""}]"
28178,1310240.0,"SỠ HỮU CĂN HỘ SYMLIFE MẶT TIỀN QL13 CHỈ TỪ 38TR/M2 CÁCH SÀI GÒN 1,7KM (Tin Hết Hạn)","Chính thức nhận booking dự án Symlife Symphony Of Life - Vĩnh Phú - Thuận An - Bình Dương.Symlife | bản giao hưởng cuộc sống dấu ấn sống đỉnh cao tại Đại Lộ Bình Dương.Chỉ 30 triệu/booking Nắm bắt cơ hội sở hữu căn hộ cao cấp tại trung tâm sôi động bậc nhất TP. Thuận An!Vị trí kim cương:Mặt tiền Đại Lộ Bình Dương (QL13) P. Vĩnh Phú, TP. Thuận An, liền kề TP. Thủ Đức và Bình Dương.Tổng quan dự án SYMLIFE:Quy mô: 01 tháp cao 27 tầng + 01 tầng hầm.Diện tích khu đất: 7.028m².Tổng số căn: 659 căn hộ cao cấp + 14 căn Shophouse thương mại.Các loại căn hộ đa dạng Thiết kế tối ưu không gian:1PN - 1WC: 52m².2PN - 2WC: 70 80m².3PN - 2WC: 92m².Penthouse cao cấp: 211 233m².Lý do không thể bỏ lỡ Symlife:V",38.0,52.0,"Phường Vĩnh Phú,Thị xã Thuận An,Bình Dương",binh-duong,Căn hộ chung cư,can-ho-chung-cu,2025-09-13 17:37:17,15/07/2025 17:37,AMBIGUOUS,PRICE_PER_M2,1976000000.0,title_reference,0.9807692307692307,18.23076923076923,"[{""source"": ""title"", ""basis"": ""per_m2"", ""amount_vnd"": 38000000.0, ""total_equivalent_vnd"": 1976000000.0, ""approximate"": true, ""text_excerpt"": ""at tien ql13 chi tu 38tr/m2 cach sai go""}, {""source"": ""description"", ""basis"": ""total"", ""amount_vnd"": 30000000.0, ""total_equivalent_vnd"": 30000000.0, ""approximate"": false, ""text_excerpt"": ""i lo binh duong.chi 30 trieu/booking nam ba""}]"
101900,1239486.0,Chính chủ muốn chuyển  nhượng Đất ( tặng nhà cấp 4 ) tại khu tt quân đội nhà máy z49,"Chính chủ muốn chuyển  nhượng Đất ( tặng nhà cấp 4 ) tại khu tt quân đội nhà máy z49 . Khu tt được phân cho cán bộ  binh Phường trung văn ngay gần cầu đôi, giáp Đại Mỗ . Cách bộ tư lệnh binh 300m2Địa chỉ: Xã Trung Văn- Nam Từ Liêm- Hà NộiĐường trước nhà gần 4m , chợ gần ngay nhà , khu ở anh ninh rất tốtTổng Diện tích 78 m2 - diện tích xây dựng 63.5 m2 - mặt tiền 2,6 m2 . Hiện trạng đang có nhà cấp 4 cho thuêGiá bán 100tr/1m2 , thiện chí gặp mặt hữu duyên có bớtLiên hệ: 0985291979",100.0,78.0,"Phường Trung Văn,Quận Nam Từ Liêm,Hà Nội",ha-noi,Đất,dat-tho-cu,2025-09-12 23:37:52,15/05/2025 23:37,AMBIGUOUS,PRICE_PER_M2,7800000000.0,description_reference,0.9871794871794872,11.820512820512821,"[{""source"": ""description"", ""basis"": ""per_m2"", ""amount_vnd"": 100000000.0, ""total_equivalent_vnd"": 7800000000.0, ""approximate"": false, ""text_excerpt"": ""p 4 cho thuegia ban 100tr/1m2 , thien ch""}]"
27748,1328438.0,Capital Land mở bán phân khu cao tầng Orchard Hill giá chỉ từ 48tr/m2 (Tin Hết Hạn),"CAPITALAND ra mắt căn hộ cao cấp ngay Trung tâm TP Mới Bình Dương, giá từ 53 triệu/m2 tặng ngay 100 triệu cho 50 khách hàng đầu tiên VIEW TRỰC DIỆN CÔNG VIÊN HỒ 75HA, không gian xanh mát quanh năm.⭕️??????? 100 ????̣̂? ???̣̂? ???? ???̀ ??̣̆?? 100 ????̣̂? ???̛̀ ???̛̣? ???̂́? ??̀? ???́ ??́?⭕️????? ???́? ??̂́? đ? 50% ????? 2 nămNhận booking: 0939.64.14.56------------------------------------TỔNG QUAN DỰ ÁN SYCAMORE- ??̣ ???́: Đ?̣? ??̣̂ ??̀?? ??̛?̛??, ??. ??̛́?, ??̀?? ??̛?̛??, Đ?̂́? ???̣̂? ??̀ ???? ???? ???? ?????n- Quy mô: 18,9ha- Tổng 4 tháp - 24 tầng .- ??̛̉ ??́? đ?̛̣? 1 : 774 căn hộ++ 1PN: 56-60 m2++ 2PN: 83-91 m2++ 3PN: 101 -112 m2++ Duplex: 156-183m2++ Penthouse: 186-286m²??̀? ???? ???̀? ??",48.0,60.0,"Đường Võ Văn Kiệt (Tạo Lực 6, Đất Thuộc Kcn Sóng Thần 3) - Đường Loại 5,Phường Phú Mỹ,Thành phố Thủ Dầu Một,Bình Dương",binh-duong,Căn hộ chung cư,can-ho-chung-cu,2025-09-13 17:35:45,15/07/2025 17:35,AMBIGUOUS,PRICE_PER_M2,2880000000.0,title_reference,0.9833333333333333,15.666666666666666,"[{""source"": ""title"", ""basis"": ""per_m2"", ""amount_vnd"": 48000000.0, ""total_equivalent_vnd"": 2880000000.0, ""approximate"": true, ""text_excerpt"": ""ard hill gia chi tu 48tr/m2 (tin het ha""}, {""source"": ""description"", ""basis"": ""per_m2"", ""amount_vnd"": 53000000.0, ""total_equivalent_vnd"": 3180000000.0, ""approximate"": true, ""text_excerpt"": "" binh duong, gia tu 53 trieu/m2 tang ngay 1""}, {""source"": ""description"", ""basis"": ""total"", ""amount_vnd"": 100000000.0, ""total_equivalent_vnd"": 100000000.0, ""approximate"": false, ""text_excerpt"": "" trieu/m2 tang ngay 100 trieu cho 50 khach h""}]"
132548,1338000.0,"Bán đất đường hoàng hoa thám tp. lai châu | gần hồ thủy sơn đường rộng, vị trí đẹp","BÁN ĐẤT ĐƯỜNG HOÀNG HOA THÁM  TP. LAI CHÂU | GẦN HỒ THỦY SƠN  ĐƯỜNG RỘNG, VỊ TRÍ ĐẸPVị trí đắc địa: Mặt đường Hoàng Hoa Thám, TP. Lai Châu  Khu vực trung tâm, gần hồ Thủy Sơn, không gian thoáng mát.Diện tích: 376m², mặt tiền rộng 18m  Lô đất đẹp, vuông vắn, thích hợp xây biệt thự, nhà hàng, kinh doanh hoặc đầu tư.Giao thông thuận lợi: Đường trước nhà rộng, ô tô tránh nhau thoải mái, hạ tầng hoàn chỉnh.Giá bán: 18 triệu/m²  Cơ hội sở hữu đất trung tâm với mức giá hấp dẫn!Pháp lý đầy đủ, sang tên nhanh chóng.Vị trí đẹp  Sinh lời cao  Không thể bỏ lỡ!Liên hệ ngay: [SĐT ] để biết thêm thông tin chi tiết!Xem thêm",18.0,376.0,"Phường Tân Phong,Thành phố Lai Châu,Lai Châu",lai-chau,Đất,dat-tho-cu,2025-09-13 00:31:19,14/08/2025 00:31,SALE_HIGH_CONFIDENCE,PRICE_PER_M2,6768000000.0,description_reference,0.9973404255319149,1.6595744680851063,"[{""source"": ""description"", ""basis"": ""per_m2"", ""amount_vnd"": 18000000.0, ""total_equivalent_vnd"": 6768000000.0, ""approximate"": false, ""text_excerpt"": ""hoan chinh.gia ban: 18 trieu/m²  co hoi so ""}]"
129699,1321787.0,Bán đất Diên An khu đô thị Phú Ân Nam 2 - đường nhựa rộng 22m Giá bán 24.5tr/m2 (bao sang,"Bán đất Diên An khu đô thị Phú Ân Nam 2 - đường nhựa rộng 22mGiá bán 24.5tr/m2 (bao sang tên)Diện tích: 101.6m2 ngang 6 nở hậuĐường nhựa rộng 22m, có vỉa hè.Hướng Tây NamCách đường 23/10 chỉ 150m. Về TP Nha Trang 10 phút di chuyển.Sổ hồng thổ cư 100%. Xây dựng tự do.",24.5,102.0,"Xã Diên An,Huyện Diên Khánh,Khánh Hòa",khanh-hoa,Đất,dat-tho-cu,2025-09-13 14:52:44,15/07/2025 14:52,SALE_HIGH_CONFIDENCE,PRICE_PER_M2,2499000000.0,title_reference,0.9901960784313726,8.803921568627452,"[{""source"": ""title"", ""basis"": ""per_m2"", ""amount_vnd"": 24500000.0, ""total_equivalent_vnd"": 2499000000.0, ""approximate"": false, ""text_excerpt"": ""ua rong 22m gia ban 24.5tr/m2 (bao sang""}, {""source"": ""description"", ""basis"": ""per_m2"", ""amount_vnd"": 24500000.0, ""total_equivalent_vnd"": 2499000000.0, ""approximate"": false, ""text_excerpt"": ""hua rong 22mgia ban 24.5tr/m2 (bao sang t""}]"
28015,1315846.0,Sở hửu ngay căn hộ The Gío ngay tuyến· Metro số 1 với giá chỉ từ 40tr/m2 (Tin Hết Hạn),Sở hửu ngay căn hộ The Gío ngay tuyến· Metro số 1 với giá chỉ từ 40tr/m2Căn hộ liền kề tuyến Metro số 1 – Tiềm năng tăng giá!Mô hình TOD đón đầu xu hướng – Gần tuyến Metro số 1- Chuỗi 68 cấp bậc tiện ích đẳng cấp hiện đại.- Vị trí kim cương – Dư địa sinh lời khủng – Ngay trung tâm thành phố Dĩ An.Sở hữu ngay chỉ với 10% vốn ban đầu–1%/tháng .- CƠ HỘI Khởi TƯ VÀNG – ĐỪNG CHỜ GIÁ TĂNG!Liên hệ ngay: 0931828081 - 0935218356 để nhận thông tin chi tiết và ưu đãi tốt nhất!.,40.0,65.0,"Phường Bình Thắng,Thị xã Dĩ An,Bình Dương",binh-duong,Căn hộ chung cư,can-ho-chung-cu,2025-09-13 17:36:44,15/07/2025 17:36,AMBIGUOUS,PRICE_PER_M2,2600000000.0,title_reference,0.9846153846153847,14.384615384615385,"[{""source"": ""title"", ""basis"": ""per_m2"", ""amount_vnd"": 40000000.0, ""total_equivalent_vnd"": 2600000000.0, ""approximate"": true, ""text_excerpt"": ""so 1 voi gia chi tu 40tr/m2 (tin het ha""}, {""source"": ""description"", ""basis"": ""per_m2"", ""amount_vnd"": 40000000.0, ""total_equivalent_vnd"": 2600000000.0, ""approximate"": true, ""text_excerpt"": ""so 1 voi gia chi tu 40tr/m2can ho lien ""}]"
129683,1322122.0,"CHÍNH CHỦ BÁN LÔ ĐẤT ĐẸP TẠI PHƯỚC HẠ, PHƯỚC ĐỒNG, TP NHA TRANG","Cần bán lô đất đẹp Phước Hạ – Phước Đồng, TP. Nha Trang – Gần biển, gần trung tâm📍 Vị trí: Phước Hạ, phường Phước Đồng, TP. Nha Trang, Khánh Hòa(sau sáp nhập là phường Nam Nha Trang)📏 Diện tích: 217m² (ngang 8m x dài 27m)📄 Pháp lý: Sổ hồng riêng, đất TCLN đã quy hoạch đất ở🧭 Hướng: Đông Nam mát mẻ🚗 Tiện ích xung quanh:Cách Đại lộ Nguyễn Tất Thành chỉ 100mĐường trước đất rộng 4m, xe hơi ra vào thoải máiGần trường học, chợ, khu dân cư đông đúcCách khu nghỉ dưỡng Diamond Bay chỉ 500mDi chuyển vào trung tâm TP Nha Trang chỉ khoảng 8km💰 Giá bán: 8,5 triệu/m² – giá cực tốt cho khu vực phát triển mạnh👉 Thích hợp xây ở, nghỉ dưỡng hoặc đầu tư sinh lời lâu dài📞 Liên hệ chính chủ: 0794 519 494",8.5,217.0,"Xã Phước Đồng,Thành phố Nha Trang,Khánh Hòa",khanh-hoa,Đất,dat-tho-cu,2025-09-13 14:52:42,15/07/2025 14:52,SALE_HIGH_CONFIDENCE,PRICE_PER_M2,1844500000.0,description_reference,0.9953917050691244,3.608294930875576,"[{""source"": ""description"", ""basis"": ""per_m2"", ""amount_vnd"": 8500000.0, ""total_equivalent_vnd"": 1844500000.0, ""approximate"": false, ""text_excerpt"": ""hoang 8km💰 gia ban: 8,5 trieu/m² – gia cuc t""}]"
28144,1311119.0,"Căn hộ The Felix chỉ 1,53tỷ/căn cạnh Vincom. giá chỉ 34tr/m2 BK chiết khấu 3% (Tin Hết Hạn)","- Tâm điểm mới nơi Phía Bắc Sài Gòn, giao điểm của các trục đường huyết mạch nối các TP lớn- Tọa lạc tại tâm điểm KCN Singapore, VSIP, chuyên gia nước ngoài sinh sống và làm việc- Cách Quận 1 TP.HCM 30p di chuyểnƯu đãi lãi suất 5,5%/năm, cố định trong 5 nămFIT GEN - Chính sách ""mua nhà bằng lương"":Thanh toán 8,5tr/tháng không vayThanh toán 50% nhận nhà ở, 50% còn lại trả chậm sau nhận nhà 2 năm (không vay, không lãi)*** The Filex-  1 Tầng hầm + 40 tầng nổi-  1.216 sản phẩm (Gồm Căn hộ, Officetel, Duplex, Shophouse)-  3 Tầng tiện ích-  68 Tiện ích cảnh quan+ 5 TẦNG KHỐI ĐẾ & 35 Tầng khối tháp+ Tầng 1 & 2: Thương mại dịch vụ, sảnh, nhà trẻ, sinh hoạt cộng đồng.+ Tầng 3 & 4: Khu vực để xe+ Tầng",34.0,45.0,"Phường Bình Hòa,Thị xã Thuận An,Bình Dương",binh-duong,Căn hộ chung cư,can-ho-chung-cu,2025-09-13 17:37:08,15/07/2025 17:37,AMBIGUOUS,PRICE_PER_M2,1530000000.0,title_reference,0.9777777777777777,21.22222222222222,"[{""source"": ""title"", ""basis"": ""total"", ""amount_vnd"": 1530000000.0, ""total_equivalent_vnd"": 1530000000.0, ""approximate"": false, ""text_excerpt"": ""an ho the felix chi 1,53ty/can canh vinco""}, {""source"": ""title"", ""basis"": ""per_m2"", ""amount_vnd"": 34000000.0, ""total_equivalent_vnd"": 1530000000.0, ""approximate"": false, ""text_excerpt"": ""anh vincom. gia chi 34tr/m2 bk chiet kh""}]"
144088,1327550.0,bán sỉ 10 lô đất làm nhà vườn - làm kho xưởng- đầu tư - giá chỉ 9 triệu/m2 (Tin Hết Hạn),"ÔNG ANH BÁN SỈ 10 LÔ ĐẤT - ĐỨC HÒA- LONG AN- DIỆN TÍCH ĐA DẠNG- 5 X 25 ,5 X 35 ,6 X 35- GIÁ CHỈ 9 TRIỆU / M2- PHÁP LÝ RÕ RÀNG - CÔNG CHỨNG NGAY - ĐẤT THỔ CƯ 100%- ĐƯỜNG QUY HOẠCH 14M - HIỆN TẠI ĐƯỜNG BÊ TÔNG- KHU DÂN CƯ HIỆN HỮU- TIỆN ÍCH XUNG QUANH - gần chợ mỹ hạnh nam - ủy ban nhân dân mỹ hạnh nam- gần khu công nghiệp tân đức - trường đại học tân tạo -bệnh viện tân tạo- thị trấn đức hòa - di chuyển về hóc môn - hồ chí minh chỉ 15 phút- ANH CHỊ CÓ THỂ MUA ĐẦU TƯ - XÂY TRỌ",9.0,370.0,"Xã Đức Hòa Đông,Huyện Đức Hòa,Long An",long-an,Đất,dat-tho-cu,2025-09-13 23:37:35,15/07/2025 23:37,AMBIGUOUS,PRICE_PER_M2,3330000000.0,title_reference,0.9972972972972973,1.7027027027027026,"[{""source"": ""title"", ""basis"": ""per_m2"", ""amount_vnd"": 9000000.0, ""total_equivalent_vnd"": 3330000000.0, ""approximate"": false, ""text_excerpt"": ""g- dau tu - gia chi 9 trieu/m2 (tin het ha""}, {""source"": ""description"", ""basis"": ""per_m2"", ""amount_vnd"": 9000000.0, ""total_equivalent_vnd"": 3330000000.0, ""approximate"": false, ""text_excerpt"": ""35 ,6 x 35- gia chi 9 trieu / m2- phap ly ""}]"
160330,1316503.0,SIÊU PHẨM NGAY TTTP – CHỈ 33 TRIỆU/M2 - Ô TÔ TRÁNH - GIÁ TỐT NHẤT KHU VỰC !!!,"SIÊU PHẨM NGAY TRUNG TÂM TP – CHỈ 33 TRIỆU/M2 - GIÁ TỐT NHẤT KHU VỰC !!!----------🔥🔥---------📍 Vị trí: Đường Dương Văn An – thông Hà Huy Tập, đối diện Nhà thi đấu tỉnh, cạnh trường Tiểu học...💥 Diện tích: 135m² (Ngang 5.5m – đất vuông vức)● Đường rộng, ô tô quay đầu thoải mái.● Khu dân cư hiện hữu, tiện ích xung quanh đầy đủ.● Vị trí trung tâm Tp – tiềm năng tăng giá cực mạnh. Sinh lời cực cao.💰 Giá bán: chỉ 33 triệu/m² – thấp hơn nhiều so với khu vực.🔑 Phù hợp đầu tư, xây dựng nhà ở hoặc kinh doanh...vv...!📞 Liên hệ ngay: Hùng Lê chuyên nhà đất thổ cư Huế – Gặp chính chủ, làm việc nhanh gọn.----------❤️❤️",33.0,135.0,"Đường Dương Văn An,Phường An Đông,Thành phố Huế,Thừa Thiên Huế",thua-thien-hue,Đất,dat-tho-cu,2025-09-13 13:41:54,15/07/2025 13:41,AMBIGUOUS,PRICE_PER_M2,4455000000.0,title_reference,0.9925925925925926,6.407407407407407,"[{""source"": ""title"", ""basis"": ""per_m2"", ""amount_vnd"": 33000000.0, ""total_equivalent_vnd"": 4455000000.0, ""approximate"": false, ""text_excerpt"": ""ham ngay tttp – chi 33 trieu/m2 - o to tran""}, {""source"": ""description"", ""basis"": ""per_m2"", ""amount_vnd"": 33000000.0, ""total_equivalent_vnd"": 4455000000.0, ""approximate"": false, ""text_excerpt"": "" trung tam tp – chi 33 trieu/m2 - gia tot n""}, {""source"": ""description"", ""basis"": ""per_m2"", ""amount_vnd"": 33000000.0, ""total_equivalent_vnd"": 4455000000.0, ""approximate"": false, ""text_excerpt"": "" cao.💰 gia ban: chi 33 trieu/m² – thap hon ""}]"
110389,1328057.0,Chỉ từ 79tr/m2 - Sở hữu không gian sống đẳng cấp giữa lòng Thủ Đô (Tin Hết Hạn),"- Tên dự án: Lumi Elite- Vị trí: Nội khu Lumi Hanoi, phường Tây Mỗ, quận Nam Từ Liêm, Hà Nội- Chủ đầu tư: CapitaLand Development- Tư vấn thiết kế: Studio Milou- Tư vấn cảnh quan: Tinder Box- Quy mô: 2 tòa tháp (Elite 1 và Elite 2)- Chiều cao: 29 tầng- Số lượng căn hộ: 697 căn- Loại hình sản phẩm: Căn hộ 1-4 phòng ngủ, Duplex, Penthouse- Thời gian khởi công: Quý 1/2024- Dự kiến bàn giao: Quý 1/2027Từ Lumi Elite, cư dân có thể dễ dàng kết nối đến các địa điểm quan trọng trong thành phố:- Trung tâm Hà Nội: 25 phút di chuyển- Trung tâm Hội nghị Quốc gia: 5 phút- Big C Thăng Long: 7 phút- Sân vận động Mỹ Đình/Đường đua F1: 10 phút- Sân bay Nội Bài: 45 phút lái xeDự án nằm ở vị trí giao thoa của n",79.0,84.0,"Phường Tây Mỗ,Quận Nam Từ Liêm,Hà Nội",ha-noi,Căn hộ chung cư,can-ho-chung-cu,2025-09-13 00:07:57,15/07/2025 00:07,AMBIGUOUS,PRICE_PER_M2,6636000000.0,title_reference,0.9880952380952381,10.904761904761905,"[{""source"": ""title"", ""basis"": ""per_m2"", ""amount_vnd"": 79000000.0, ""total_equivalent_vnd"": 6636000000.0, ""approximate"": true, ""text_excerpt"": ""chi tu 79tr/m2 - so huu kh""}, {""source"": ""description"", ""basis"": ""per_m2"", ""amount_vnd"": 79000000.0, ""total_equivalent_vnd"": 6636000000.0, ""approximate"": true, ""text_excerpt"": "".gia ban du kien tu 79 trieu/m2:- can 1 ngu""}, {""source"": ""description"", ""basis"": ""total"", ""amount_vnd"": 3500000000.0, ""total_equivalent_vnd"": 3500000000.0, ""approximate"": true, ""text_excerpt"": ""an 1 ngu: 42,2m2 tu 3,5 ty- can 2 ngu: 54""}, {""source"": ""description"", ""basis"": ""total"", ""amount_vnd"": 6300000000.0, ""total_equivalent_vnd"": 6300000000.0, ""approximate"": false, ""text_excerpt"": ""4,4 - 74m2 tu 4,4 - 6,3 ty- can 3 ngu: 81""}, {""source"": ""description"", ""basis"": ""total"", ""amount_vnd"": 10500000000.0, ""total_equivalent_vnd"": 10500000000.0, ""approximate"": false, ""text_excerpt"": "" - 117,1m2 tu 6,7 - 10,5 ty- duplex:\t193 -""}, {""source"": ""description"", ""basis"": ""total"", ""amount_vnd"": 23000000000.0, ""total_equivalent_vnd"": 23000000000.0, ""approximate"": false, ""text_excerpt"": ""193 - 213m2 tu 18 - 23 ty""}]"
145749,1311655.0,"Bán nhà xưởng thép sẵn 16000m2 thổ MT tỉnh lộ,Cần Đước,Long An giá 20tr/m2 TL (Tin Hết Hạn)","Bán nhà xưởng mới đang hoạt động mặt tiền đường xe công tỉnh lộ 835, Cần Đước Long An.Có giấy phép ngành nghề chủ mới vào có thể hoạt động luônTổng DT: 16.000m² full thổ cư 12.000m2DT cất xưởng: 11.500m².Nhà xưởng cá nhân xây dựng rất kiên cố và chắc chắn từ móng nền.Giá chuyển nhượng 20tr/m2 có thương lượng.Pháp lý: Sổ Hồng cá nhân mua bán nhanh chóngVị trí: huyện Cần Đước, tỉnh Long An. Giáp ranh huyện Bến Lức tỉnh Long AnLiên Hệ: Ngọc Ánh -0962766965Đã sao chép để có thêm thông tin về sản phẩm.Cảm ơn quý khách hàng đã dành thời gian xem tin này.",20.0,16000.0,"Đường Đt 835,Xã Long Khê,Huyện Cần Đước,Long An",long-an,"Kho, nhà xưởng",kho-nha-xuong,2025-09-13 23:43:03,15/07/2025 23:43,SALE_HIGH_CONFIDENCE,PRICE_PER_M2,320000000000.0,title_reference,0.9999375,0.9375,"[{""source"": ""title"", ""basis"": ""per_m2"", ""amount_vnd"": 20000000.0, ""total_equivalent_vnd"": 320000000000.0, ""approximate"": false, ""text_excerpt"": ""an duoc,long an gia 20tr/m2 tl (tin het""}, {""source"": ""description"", ""basis"": ""per_m2"", ""amount_vnd"": 20000000.0, ""total_equivalent_vnd"": 320000000000.0, ""approximate"": false, ""text_excerpt"": ""n.gia chuyen nhuong 20tr/m2 co thuong l""}]"
147198,1320367.0,Bán Nhà Phố tại Công Viên biển Bình Sơn giá từ 18 triệu/m2 (Tin Hết Hạn),"Khu đô Thị Biển tiềm năng sở hữu lâu dài.Hạ tầng: đã hoàn thiện 100%. Đã có sổ hồng, đất đô thị, công chứng liền.DT Đất 81m2-132m2. được xây dựng 4 tầng DTSD 333m2 -574m2 tuỳ vị trí từng căn.Vị trí mặt biển: tiếp giáp trực tiếp hơn 700m đường bờ biển Ninh Chữ - top 9 bãi biển đẹp nhất Việt Nam.Ngân Hàng MBbank hỗ trợ vay 60% với lãi suất cực kỳ ưu đãi. ân hạng 18 tháng không lãi xuất.Hỗ trợ vay ĐẾN 35 NĂM.Thanh toán Linh hoạt gồm 13 đợt và được chiết khấu khủng từ 2% - 8%..Tiện ích: đầy đủ, hiện đại bậc nhất khu vực Thành Phố Phan Rang.HOTLINE: 0347333870.",18.0,450.0,"Đường Phạm Đình Hổ (Đường D10 Phía Bắc),Phường Mỹ Bình,Thành phố Phan Rang-Tháp Chàm,Ninh Thuận",ninh-thuan,Nhà riêng,nha-mat-pho-mat-tien,2025-09-13 14:57:50,15/07/2025 14:57,SALE_HIGH_CONFIDENCE,PRICE_PER_M2,8100000000.0,title_reference,0.9977777777777778,1.2222222222222223,"[{""source"": ""title"", ""basis"": ""per_m2"", ""amount_vnd"": 18000000.0, ""total_equivalent_vnd"": 8100000000.0, ""approximate"": true, ""text_excerpt"": ""ien binh son gia tu 18 trieu/m2 (tin het ha""}]"
235988,1258674.0,Chính chủ muốn bán mảnh đất 130m ở phường Hùng Vương thành phố Phúc Yên.,"Chính chủ muốn bán mảnh đất 130m ở phường Hùng Vương thành phố Phúc Yên.- Đất ở đô thị, mặt đường rộng 4 làn xe, khu dân cư văn minh, bán kính 1km có bệnh viện, trường học. Cách trung tâm Hà Nội 35km, gần bến xe buýt 58.- Khu vực tiềm năng phát triển tốt, thuận tiện làm trung tâm dạy học, phòng khám, siêu thị tiện ích,...- Sổ sạch, pháp lí chuẩn- Giá thấp hơn thị trường, chỉ 52tr/m2Liên hệ SĐT: 0986236274",52.0,130.0,"Đường Hai Bà Trưng Qua Phường Hùng Vương (Ql2A) - Phường Hùng Vương,Phường Hùng Vương,Thị xã Phúc Yên,Vĩnh Phúc",vinh-phuc,Đất,dat-tho-cu,2025-09-13 12:59:27,15/06/2025 12:59,AMBIGUOUS,PRICE_PER_M2,6760000000.0,description_reference,0.9923076923076923,6.6923076923076925,"[{""source"": ""description"", ""basis"": ""per_m2"", ""amount_vnd"": 52000000.0, ""total_equivalent_vnd"": 6760000000.0, ""approximate"": false, ""text_excerpt"": ""hon thi truong, chi 52tr/m2lien he sdt:""}]"
29267,1312827.0,Bán xưởng Vĩnh Tân Tân Uyên. Diện tích 9909m2. Diện tích xưởng 6000m2. (Tin Hết Hạn),"Cần bán nhà xưởng với thông tin chi tiết như sau:Địa chỉ: Vĩnh Tân, Tân uyên(giáp visip 2 mở rộng)Diện tích 9.909m2 , Diện tích Xưởng 6.000 m2Giá bán 6 tr/1m2 .Xưởng đạt tiêu chuẩn Châu Âu.Pháp lý giấy tờ đầy đủĐang cho 2 công ty thuê thu nhập 450 tr/1tháng(Mới kí hợp đồng)Cám ơn bạn đã xem tin đăng bán xưởng Vĩnh Tân của mình.Liên hệ trực tiếp để biết thêm thông tin nhé.Trân trọng.",6.0,9909.0,"Xã Vĩnh Tân,Thị xã Tân Uyên,Bình Dương",binh-duong,"Kho, nhà xưởng",kho-nha-xuong,2025-09-13 17:41:05,15/07/2025 17:41,SALE_HIGH_CONFIDENCE,PRICE_PER_M2,59454000000.0,description_reference,0.9998990816429508,0.8990816429508528,"[{""source"": ""description"", ""basis"": ""per_m2"", ""amount_vnd"": 6000000.0, ""total_equivalent_vnd"": 59454000000.0, ""approximate"": false, ""text_excerpt"": ""ong 6.000 m2gia ban 6 tr/1m2 .xuong dat""}]"
210793,1454474.0,"Bán đất nền Vạn Hưng Phú - Phú Xuân đường 20m, 45 triệu/m2 (Tin Hết Hạn)","Bán đất nền nhà phố dự án Vạn Hưng Phú - Phú Xuân Nhà BèDiện tích 6x24Đường 20 mGiá 45 triệu/m2Khu vực yên tĩnh, dân trí caoGần sông mát mẻ quanh nămLH : 0903106363",45.0,144.0,"Huyện Nhà Bè,TP. Hồ Chí Minh",tp-ho-chi-minh,Đất,dat-tho-cu,2025-09-13 21:33:01,06/09/2025 21:33,SALE_HIGH_CONFIDENCE,PRICE_PER_M2,6480000000.0,title_reference,0.9930555555555556,5.944444444444445,"[{""source"": ""title"", ""basis"": ""per_m2"", ""amount_vnd"": 45000000.0, ""total_equivalent_vnd"": 6480000000.0, ""approximate"": false, ""text_excerpt"": ""phu xuan duong 20m, 45 trieu/m2 (tin het ha""}, {""source"": ""description"", ""basis"": ""per_m2"", ""amount_vnd"": 45000000.0, ""total_equivalent_vnd"": 6480000000.0, ""approximate"": false, ""text_excerpt"": ""h 6x24duong 20 mgia 45 trieu/m2khu vuc yen ""}]"
112835,1250047.0,"CHÍNH CHỦ CẦN BÁN CĂN HỘ CHUNG CƯ TÒA 178 TÂY SƠN, QUANG TRUNG, ĐỐNG ĐA","CHÍNH CHỦ CẦN BÁN CĂN HỘ CHUNG CƯ TÒA 178 TÂY SƠN, QUANG TRUNG, ĐỐNG ĐA, HÀ NỘI.- Căn hộ diện tích: 99,5m2, gồm 03 phòng ngủ, 02 wc, 02 ban công, phòng khách + bếp.- Căn hộ đã lắp đặt full nội thất cao cấp: điều hòa, nóng lạnh, giường, tủ, tủ lạnh...- Tiện ích xung quanh đầy đủ : gần chợ, trường học, siêu thị,...- Phù hợp định cư lâu dài, giao thông thuận tiện- Khu dân cư đông, thân thiện, an ninh đảm bảo.- Pháp lý: đầy đủ, thủ tục nhanh chóng- Giá bán: 86 triệu/m2.- Liên hệ chính chủ: 0948583586.",86.0,99.0,"Đường Tây Sơn,Phường Quang Trung,Quận Đống Đa,Hà Nội",ha-noi,Căn hộ chung cư,can-ho-chung-cu,2025-09-13 00:16:38,15/06/2025 00:16,SALE_HIGH_CONFIDENCE,PRICE_PER_M2,8514000000.0,description_reference,0.98989898989899,9.1010101010101,"[{""source"": ""description"", ""basis"": ""per_m2"", ""amount_vnd"": 86000000.0, ""total_equivalent_vnd"": 8514000000.0, ""approximate"": false, ""text_excerpt"": ""anh chong- gia ban: 86 trieu/m2.- lien he c""}]"
9975,1322228.0,Đất biển khu đô thị cát tiến giá chỉ 18 triệu/m2 trục đường hoàng sa,"Đất biển đấu giá khu Đô thị Biển Cát Tiến.- Diện tích : 190m² ngang 8 thoáng 2 mặt trước sau là suối.- Đường chính trục Hoàng Sa.- Đất ở TMDV 400m2- Ra biển 400m , gần trường, uỷ ban và ChợLiên hệ:Xem thêm",18.0,190.0,"Xã Cát Tiến,Huyện Phù Cát,Bình Định",binh-dinh,Đất,dat-tho-cu,2025-09-13 14:29:11,15/07/2025 14:29,AMBIGUOUS,PRICE_PER_M2,3420000000.0,title_reference,0.9947368421052631,4.2631578947368425,"[{""source"": ""title"", ""basis"": ""per_m2"", ""amount_vnd"": 18000000.0, ""total_equivalent_vnd"": 3420000000.0, ""approximate"": false, ""text_excerpt"": ""hi cat tien gia chi 18 trieu/m2 truc duong ""}]"
149939,1405243.0,"Đất trung tâm phố cổ hội an , giá chỉ 53 triệu/ m2 , sổ hồng công chứng ngay , đường 7m5","SIÊU PHẨM ĐẤT NỀN  TRUNG TÂM TP. HỘI ANRa mắt Lô đất ngay trung tâm phố cổ Hội An  39 lô đất siêu đẹp chủ đầu tưVị trí trung tâm thành phố Hội An  cách biển chỉ 10 phút di chuyểnKhu vực tiềm năng phát triển villa, homestay, nghỉ dưỡng cao cấp ngay Phố CổPháp lý rõ ràng  sổ hồng riêng  bán đến công chứng ngayNgân Hàng hỗ trợ cho vay 70% với lãi suất ưu đãiDiện tích chuẩn đẹp: 100m² (5x20)m2Giá :  53 Tr/m² - 57 Tr/m2Gần biển, gần phố cổ, xung quanh đầy đủ tiện ích:Khu du lịch, chợ đêm, nhà hàng, khách sạnDi chuyển nhanh ra biển An Bàng, Cửa ĐạiThích hợp đầu tư, xây dựng ở, cho thuê, kinh doanh nghỉ dưỡngCơ hội đầu tư sinh lời cao  vị trí vàng ngay lòng di sản!Xem thêm",53.0,100.0,"Đường Lê Hồng Phong,Phường Cẩm Phô,Thành phố Hội An,Quảng Nam",quang-nam,Đất,dat-tho-cu,2025-09-13 14:25:01,14/08/2025 14:25,AMBIGUOUS,PRICE_PER_M2,5300000000.0,title_reference,0.99,9.0,"[{""source"": ""title"", ""basis"": ""per_m2"", ""amount_vnd"": 53000000.0, ""total_equivalent_vnd"": 5300000000.0, ""approximate"": false, ""text_excerpt"": ""co hoi an , gia chi 53 trieu/ m2 , so hong ""}]"
59809,1454445.0,"Fresia Riverside Tân Vạn,Biên Hoà. View sông + Aeon Mall Hiệp Hoà.Giá từ 35tr/m2 (Tin Hết Hạn)","️Dự án mở bán tại Trung Tâm TP.Biên Hòa. Được booking có hoàn lại 30tr/ suất.Cách Aeon Mall Biên Hòa 500m.Tên thương mại: Fresia RiversideChủ đầu tư: Công ty cổ phần đĩa ốc Tân Vạn (TV Holdings)️Vị trí: Nằm ngay mặt tiền đường số 395 đường Bùi Hữu Nghĩa, phường Tân Vạn, thành phố Biên Hoà, tỉnh Đồng Nai. (Ngay chân cầu Bửu Hòa)Tổng diện tích đất quy hoạch: 7, 913m2Đơn vị xây dựng: Top 5 nhà thầu xây dựng uy tín nhất Việt NamQuy mô: 4 khối tháp, 32 tầng.1PN - 2PN - 3PNDiện tích sản phẩm 49m2 – 90 m2- Hình thức sở hữu : Lâu dài- Tiện ích đầy đủ, greenline, sân chơi cầu vồng, nhà trẻ happy kids, quảng trường nhạc nước, gym, BBQ.- Cách trung tâm hành chính mới Biên Hoà 5’ di chuyển.- Hotline: 09",35.0,50.0,"Thành phố Biên Hòa,Đồng Nai",dong-nai,Căn hộ chung cư,can-ho-chung-cu,2025-09-13 17:54:31,06/09/2025 17:54,AMBIGUOUS,PRICE_PER_M2,1750000000.0,title_reference,0.98,19.0,"[{""source"": ""title"", ""basis"": ""per_m2"", ""amount_vnd"": 35000000.0, ""total_equivalent_vnd"": 1750000000.0, ""approximate"": true, ""text_excerpt"": ""all hiep hoa.gia tu 35tr/m2 (tin het ha""}]"
101123,1268648.0,"Cần bán nhanh lô đất tại Hoàng Mai 125tr/m2 - Giao thông thuận tiện
-129m² -Mặt tiền lớn 21m
🚗 Đường rộng, ô tô tránh thoải mái","🚀 Cần bán nhanh lô đất tại Hoàng Mai – Giao thông thuận tiện📐 129m² – Mặt tiền lớn 21m🚗 Đường rộng, xe con tránh sảng khoái🏫 Gần khu trường học, cơ sở y tế, tiện đi trung tâm💸 Giá: 125 triệu/m² – Có thương lượng(Chính chủ)",125.0,129.0,"Đường Giải Phóng (Phía Đi Qua Đường Tàu),Phường Giáp Bát,Quận Hoàng Mai,Hà Nội",ha-noi,Đất,dat-tho-cu,2025-09-12 23:34:41,14/06/2025 23:34,SALE_HIGH_CONFIDENCE,PRICE_PER_M2,16125000000.0,title_reference,0.9922480620155039,6.751937984496124,"[{""source"": ""title"", ""basis"": ""per_m2"", ""amount_vnd"": 125000000.0, ""total_equivalent_vnd"": 16125000000.0, ""approximate"": false, ""text_excerpt"": ""o dat tai hoang mai 125tr/m2 - giao thon""}, {""source"": ""description"", ""basis"": ""per_m2"", ""amount_vnd"": 125000000.0, ""total_equivalent_vnd"": 16125000000.0, ""approximate"": false, ""text_excerpt"": "" di trung tam💸 gia: 125 trieu/m² – co thuong""}]"
