scope,property_type_name,province_name,sale_rows,undefined_count,nonfinite_count,finite_count,min,max,p1,p5,p25,p50,p75,p95,p99,median,metric
all,,,1747762,105009,0,1642753,0.0,2.6597191e+16,0.0,1200000000.0,4000000000.0,7200000000.0,14000000000.0,48000000000.0,137000000000.0,7200000000.0,price
property_type,Biệt thự/Nhà liền kề,,116257,7986,0,108271,0.0,278990000000000.0,0.0,3500000000.0,11155000000.0,21000000000.0,39000000000.0,95800000000.0,220000000000.0,21000000000.0,price
property_type,Căn hộ chung cư,,372162,28614,0,343548,0.0,24400000000000.0,0.0,1600000000.0,3231500000.0,5000000000.0,7800000000.0,15000000000.0,30000000000.0,5000000000.0,price
property_type,Nhà,,767680,35457,0,732223,0.0,595000000000000.0,680000000.0,2550000000.0,5900000000.0,8800000000.0,16500000000.0,53000000000.0,152000000000.0,8800000000.0,price
property_type,Shophouse,,22470,1599,0,20871,0.0,3750000000000.0,0.0,2400000000.0,5917500000.0,10000000000.0,19100000000.0,54680000000.0,116029999999.99992,10000000000.0,price
property_type,Đất,,469193,31353,0,437840,0.0,2.6597191e+16,0.0,600000000.0,2200000000.0,4705500000.0,10500000000.0,41500000000.0,140000000000.0,4705500000.0,price
property_type_and_province,Biệt thự/Nhà liền kề,An Giang,11,1,0,10,3000000000.0,7716000000.0,3000000000.0,3000000000.0,3500000000.0,4500000000.0,4500000000.0,7258799999.999999,7624560000.0,4500000000.0,price
property_type_and_province,Biệt thự/Nhà liền kề,Bà Rịa - Vũng Tàu,2480,92,0,2388,0.0,1980000000000.0,3200000000.0,4650000000.0,7875000000.0,18000000000.0,26000000000.0,45000000000.0,76000000000.0,18000000000.0,price
property_type_and_province,Biệt thự/Nhà liền kề,Bình Dương,4330,102,0,4228,0.0,14950000000000.0,0.0,1900000000.0,3400000000.0,5200000000.0,8800000000.0,18600000000.0,30000000000.0,5200000000.0,price
property_type_and_province,Biệt thự/Nhà liền kề,Bình Phước,16,0,0,16,780000000.0,6000000000.0,1083000000.0,2295000000.0,2900000000.0,2950000000.0,3142500000.0,4350000000.0,5669999999.999999,2950000000.0,price
property_type_and_province,Biệt thự/Nhà liền kề,Bình Thuận,704,13,0,691,0.0,99000000000.0,900000000.0,3300000000.0,4400000000.0,5700000000.0,10500000000.0,17250000000.0,32000000000.0,5700000000.0,price
property_type_and_province,Biệt thự/Nhà liền kề,Bình Định,80,4,0,76,2800000000.0,22000000000.0,3325000000.0,3900000000.0,5200000000.0,7100000000.0,9800000000.0,17625000000.0,22000000000.0,7100000000.0,price
property_type_and_province,Biệt thự/Nhà liền kề,Bạc Liêu,6,1,0,5,1000000000.0,40000000000.0,1140000000.0,1700000000.0,4500000000.0,5870000000.0,5990000000.0,33197999999.999992,38639600000.0,5870000000.0,price
property_type_and_province,Biệt thự/Nhà liền kề,Bắc Giang,68,7,0,61,0.0,190000000000.0,0.0,0.0,5600000000.0,9770000000.0,15500000000.0,45000000000.0,113799999999.99982,9770000000.0,price
property_type_and_province,Biệt thự/Nhà liền kề,Bắc Ninh,1645,119,0,1526,0.0,17064000000000.0,0.0,4800000000.0,8707500000.0,13800000000.0,16600000000.0,26700000000.0,66500000000.0,13800000000.0,price
property_type_and_province,Biệt thự/Nhà liền kề,Bến Tre,33,0,0,33,850000000.0,70000000000.0,978000000.0,1400000000.0,2400000000.0,3400000000.0,10000000000.0,30000000000.0,57199999999.999985,3400000000.0,price
property_type_and_province,Biệt thự/Nhà liền kề,Cà Mau,7,0,0,7,2750000000.0,7400000000.0,2750000000.0,2750000000.0,2750000000.0,2750000000.0,3075000000.0,6199999999.999996,7159999999.999998,2750000000.0,price
property_type_and_province,Biệt thự/Nhà liền kề,Cần Thơ,171,6,0,165,0.0,165000000000.0,0.0,2350000000.0,4700000000.0,10000000000.0,19500000000.0,47999999999.999825,100999999999.99852,10000000000.0,price
property_type_and_province,Biệt thự/Nhà liền kề,Gia Lai,5,0,0,5,8000000000.0,20000000000.0,8000000000.0,8000000000.0,8000000000.0,8000000000.0,16000000000.0,19200000000.0,19840000000.0,8000000000.0,price
property_type_and_province,Biệt thự/Nhà liền kề,Huế,211,13,0,198,980000000.0,380000000000.0,2000000000.0,3000000000.0,4900000000.0,6500000000.0,8300000000.0,17949999999.99993,53110000000.00038,6500000000.0,price
property_type_and_province,Biệt thự/Nhà liền kề,Hà Giang,3,0,0,3,4700000000.0,6800000000.0,4716000000.0,4780000000.0,5100000000.0,5500000000.0,6150000000.0,6670000000.0,6774000000.0,5500000000.0,price
property_type_and_province,Biệt thự/Nhà liền kề,Hà Nam,452,67,0,385,0.0,52000000000.0,0.0,4290000000.0,5300000000.0,6378000000.0,10150000000.0,25000000000.0,45000000000.0,6378000000.0,price
property_type_and_province,Biệt thự/Nhà liền kề,Hà Nội,44326,5063,0,39263,0.0,138000000000000.0,0.0,4970250000.0,19500000000.0,30000000000.0,48000000000.0,102000000000.0,200000000000.0,30000000000.0,price
property_type_and_province,Biệt thự/Nhà liền kề,Hà Tĩnh,41,1,0,40,2400000000.0,28000000000.0,2400000000.0,2780000000.0,6250000000.0,10000000000.0,14625000000.0,28000000000.0,28000000000.0,10000000000.0,price
property_type_and_province,Biệt thự/Nhà liền kề,Hòa Bình,330,49,0,281,0.0,20000000000.0,0.0,0.0,5000000000.0,7000000000.0,8600000000.0,12800000000.0,17887999999.999996,7000000000.0,price
property_type_and_province,Biệt thự/Nhà liền kề,Hưng Yên,8831,507,0,8324,0.0,340000000000.0,0.0,7200000000.0,9400000000.0,13200000000.0,22000000000.0,60000000000.0,111982500000.00099,13200000000.0,price
property_type_and_province,Biệt thự/Nhà liền kề,Hải Dương,92,31,0,61,0.0,115000000000.0,0.0,0.0,6200000000.0,12650000000.0,19500000000.0,48000000000.0,90351999999.99994,12650000000.0,price
property_type_and_province,Biệt thự/Nhà liền kề,Hải Phòng,3005,176,0,2829,0.0,112100000000.0,0.0,3950000000.0,5900000000.0,11700000000.0,16600000000.0,30919999999.999985,50787199999.99985,11700000000.0,price
property_type_and_province,Biệt thự/Nhà liền kề,Hậu Giang,12,1,0,11,0.0,14780000000.0,52500000.0,262500000.0,2500000000.0,3500000000.0,13500000000.0,14780000000.0,14780000000.0,3500000000.0,price
property_type_and_province,Biệt thự/Nhà liền kề,Hồ Chí Minh,30884,647,0,30237,0.0,278990000000000.0,5300000000.0,7900000000.0,17300000000.0,29000000000.0,52000000000.0,148000000000.0,314159999999.9962,29000000000.0,price
property_type_and_province,Biệt thự/Nhà liền kề,Khánh Hòa,4380,102,0,4278,0.0,200000000000.0,2581600000.0,5700000000.0,7654000000.0,9250000000.0,14500000000.0,31000000000.0,65000000000.0,9250000000.0,price
property_type_and_province,Biệt thự/Nhà liền kề,Kiên Giang,474,40,0,434,0.0,135000000000.0,0.0,3127500000.000001,6500000000.0,9500000000.0,14500000000.0,26000000000.0,73460000000.0006,9500000000.0,price
property_type_and_province,Biệt thự/Nhà liền kề,Kon Tum,7,0,0,7,1000000000.0,35000000000.0,1990000000.0,5950000000.000001,17500000000.0,24000000000.0,29500000000.0,35000000000.0,35000000000.0,24000000000.0,price
property_type_and_province,Biệt thự/Nhà liền kề,Long An,2404,117,0,2287,0.0,18850000000000.0,0.0,1983000000.0000002,3300000000.0,4550000000.0,7135000000.0,19000000000.0,41755999999.99995,4550000000.0,price
property_type_and_province,Biệt thự/Nhà liền kề,Lào Cai,87,12,0,75,0.0,170000000000.0,0.0,2520700000.0,4700000000.0,6400000000.0,16611750000.0,42250000000.0,170000000000.0,6400000000.0,price
property_type_and_province,Biệt thự/Nhà liền kề,Lâm Đồng,1126,14,0,1112,0.0,650000000000.0,1400000000.0,3550000000.0,11500000000.0,17000000000.0,28000000000.0,68450000000.000046,230000000000.0,17000000000.0,price
property_type_and_province,Biệt thự/Nhà liền kề,Lạng Sơn,27,1,0,26,0.0,15000000000.0,0.0,0.0,3450000000.0,3900000000.0,5375000000.0,14250000000.0,15000000000.0,3900000000.0,price
property_type_and_province,Biệt thự/Nhà liền kề,Nam Định,10,1,0,9,3000000000.0,22000000000.0,3120000000.0,3600000000.0,4500000000.0,8000000000.0,13800000000.0,18799999999.999996,21360000000.0,8000000000.0,price
property_type_and_province,Biệt thự/Nhà liền kề,Nghệ An,307,72,0,235,0.0,33000000000.0,0.0,0.0,6375000000.0,9070000000.0,14300000000.0,26000000000.0,31319999999.999992,9070000000.0,price
property_type_and_province,Biệt thự/Nhà liền kề,Ninh Bình,8,0,0,8,9500000000.0,21000000000.0,9500000000.0,9500000000.0,10550000000.0,17000000000.0,18000000000.0,19950000000.0,20789999999.999996,17000000000.0,price
property_type_and_province,Biệt thự/Nhà liền kề,Ninh Thuận,39,2,0,37,0.0,16000000000.0,0.0,0.0,5600000000.0,5990000000.0,6200000000.0,9999999999.999968,16000000000.0,5990000000.0,price
property_type_and_province,Biệt thự/Nhà liền kề,Phú Thọ,180,21,0,159,1687200000.0,50000000000.0,1753800000.0,2472000000.0,5500000000.0,6880000000.0,9950000000.0,19522500000.0,46000000000.0,6880000000.0,price
property_type_and_province,Biệt thự/Nhà liền kề,Phú Yên,163,7,0,156,0.0,35000000000.0,0.0,0.0,0.0,9000000000.0,23130000000.0,25800000000.0,30489999999.99991,9000000000.0,price
property_type_and_province,Biệt thự/Nhà liền kề,Quảng Bình,35,2,0,33,1400000000.0,29000000000.0,1400000000.0,1402400000.0,8700000000.0,11100000000.0,20000000000.0,26959999999.999992,29000000000.0,11100000000.0,price
property_type_and_province,Biệt thự/Nhà liền kề,Quảng Nam,640,17,0,623,0.0,1440000000000.0,0.0,4408000000.000001,10000000000.0,16000000000.0,19000000000.0,30000000000.0,56978000000.0,16000000000.0,price
property_type_and_province,Biệt thự/Nhà liền kề,Quảng Ngãi,43,4,0,39,0.0,15500000000.0,494000000.0,1750000000.0,2700000000.0,3080000000.0,4925000000.0,12800000000.000004,15500000000.0,3080000000.0,price
property_type_and_province,Biệt thự/Nhà liền kề,Quảng Ninh,1580,152,0,1428,0.0,208000000000.0,0.0,0.0,7500000000.0,12210000000.0,25000000000.0,45000000000.0,90000000000.0,12210000000.0,price
property_type_and_province,Biệt thự/Nhà liền kề,Quảng Trị,13,2,0,11,5500000000.0,19000000000.0,5550000000.0,5750000000.0,6500000000.0,8800000000.0,18000000000.0,19000000000.0,19000000000.0,8800000000.0,price
property_type_and_province,Biệt thự/Nhà liền kề,Sơn La,33,0,0,33,2500000000.0,11500000000.0,2500000000.0,2740000000.0,3240000000.0,3430000000.0,5000000000.0,8499999999.999992,11500000000.0,3430000000.0,price
property_type_and_province,Biệt thự/Nhà liền kề,Thanh Hóa,570,61,0,509,0.0,100000000000.0,0.0,407680000.00000215,5900000000.0,9900000000.0,12200000000.0,22000000000.0,50000000000.0,9900000000.0,price
property_type_and_province,Biệt thự/Nhà liền kề,Thái Bình,45,3,0,42,0.0,21000000000.0,0.0,2033250000.0000002,4562500000.0,6500000000.0,10000000000.0,16000000000.0,20589999999.999996,6500000000.0,price
property_type_and_province,Biệt thự/Nhà liền kề,Thái Nguyên,64,8,0,56,0.0,32000000000.0,0.0,0.0,3900000000.0,5200000000.0,14000000000.0,28462500000.0,30515000000.000008,5200000000.0,price
property_type_and_province,Biệt thự/Nhà liền kề,Tiền Giang,17,0,0,17,2900000000.0,59000000000.0,2948000000.0,3140000000.0,7900000000.0,8400000000.0,14000000000.0,59000000000.0,59000000000.0,8400000000.0,price
property_type_and_province,Biệt thự/Nhà liền kề,Trà Vinh,26,0,0,26,800000000.0,38500000000.0,818750000.0,878500000.0,962000000.0,4100000000.0,4500000000.0,30625000000.0,38500000000.0,4100000000.0,price
property_type_and_province,Biệt thự/Nhà liền kề,Tuyên Quang,4,0,0,4,10000000000.0,17000000000.0,10000000000.0,10000000000.0,10000000000.0,13500000000.0,17000000000.0,17000000000.0,17000000000.0,13500000000.0,price
property_type_and_province,Biệt thự/Nhà liền kề,Tây Ninh,101,3,0,98,1200000000.0,25000000000.0,1200000000.0,1200000000.0,1300000000.0,1600000000.0,1900000000.0,2714999999.999982,10450000000.000017,1600000000.0,price
property_type_and_province,Biệt thự/Nhà liền kề,Vĩnh Long,28,0,0,28,1550000000.0,40000000000.0,1766000000.0,2577500000.0,3512500000.0,5350000000.0,9250000000.0,32999999999.99997,40000000000.0,5350000000.0,price
property_type_and_province,Biệt thự/Nhà liền kề,Vĩnh Phúc,833,80,0,753,0.0,70590000000.0,0.0,0.0,8500000000.0,13200000000.0,18000000000.0,28000000000.0,58936000000.000015,13200000000.0,price
property_type_and_province,Biệt thự/Nhà liền kề,Yên Bái,13,1,0,12,2900000000.0,15000000000.0,2900000000.0,2900000000.0,4299500000.0,6708000000.0,9300000000.0,14551750000.0,14910350000.0,6708000000.0,price
property_type_and_province,Biệt thự/Nhà liền kề,Đà Nẵng,2458,289,0,2169,0.0,12800000000000.0,0.0,4920000000.0,13300000000.0,21000000000.0,35000000000.0,67518000000.0,141600000000.00082,21000000000.0,price
property_type_and_province,Biệt thự/Nhà liền kề,Đắk Lắk,99,5,0,94,2950000000.0,27500000000.0,2950000000.0,4910000000.0,6200000000.0,7030000000.0,11800000000.0,17900000000.0,27500000000.0,7030000000.0,price
property_type_and_province,Biệt thự/Nhà liền kề,Đồng Nai,2699,70,0,2629,0.0,70200000000000.0,689200000.0000002,3000000000.0,6500000000.0,9000000000.0,15000000000.0,28000000000.0,57921599999.99995,9000000000.0,price
property_type_and_province,Biệt thự/Nhà liền kề,Đồng Tháp,1,0,0,1,5500000000.0,5500000000.0,5500000000.0,5500000000.0,5500000000.0,5500000000.0,5500000000.0,5500000000.0,5500000000.0,5500000000.0,price
property_type_and_province,Căn hộ chung cư,An Giang,9,0,0,9,500000000.0,2790000000.0,500000000.0,500000000.0,900000000.0,1100000000.0,1600000000.0,2574000000.0,2746800000.0,1100000000.0,price
property_type_and_province,Căn hộ chung cư,Bà Rịa - Vũng Tàu,3035,49,0,2986,0.0,3250000000000.0,715876000.0000001,1650000000.0,2300000000.0,3000000000.0,3800000000.0,5490000000.0,9560000000.000036,3000000000.0,price
property_type_and_province,Căn hộ chung cư,Bình Dương,15233,382,0,14851,0.0,2150000000000.0,0.0,1170000000.0,1800000000.0,2300000000.0,2800000000.0,4000000000.0,5570000000.0,2300000000.0,price
property_type_and_province,Căn hộ chung cư,Bình Phước,1,0,0,1,1930000000.0,1930000000.0,1930000000.0,1930000000.0,1930000000.0,1930000000.0,1930000000.0,1930000000.0,1930000000.0,1930000000.0,price
property_type_and_province,Căn hộ chung cư,Bình Thuận,41,6,0,35,730000000.0,6500000000.0,736800000.0,750000000.0,930000000.0,1200000000.0,2550000000.0,4709999999.999998,6057999999.999996,1200000000.0,price
property_type_and_province,Căn hộ chung cư,Bình Định,844,42,0,802,0.0,44430000000.0,0.0,720000000.0,1250000000.0,1700000000.0,2050000000.0,3047499999.9999967,4457400000.000003,1700000000.0,price
property_type_and_province,Căn hộ chung cư,Bắc Giang,516,91,0,425,0.0,720000000000.0,0.0,151200000.00000107,1935000000.0,2700000000.0,3650000000.0,4900000000.0,5560800000.0,2700000000.0,price
property_type_and_province,Căn hộ chung cư,Bắc Ninh,625,67,0,558,0.0,11800000000.0,0.0,510000000.0,1500000000.0,2550000000.0,3480000000.0,5350000000.0,7514999999.999975,2550000000.0,price
property_type_and_province,Căn hộ chung cư,Bến Tre,4,0,0,4,650000000.0,1600000000.0,676400000.0,782000000.0,1310000000.0,1565000000.0,1600000000.0,1600000000.0,1600000000.0,1565000000.0,price
property_type_and_province,Căn hộ chung cư,Cà Mau,1,0,0,1,2000000000.0,2000000000.0,2000000000.0,2000000000.0,2000000000.0,2000000000.0,2000000000.0,2000000000.0,2000000000.0,2000000000.0,price
property_type_and_province,Căn hộ chung cư,Cần Thơ,477,23,0,454,0.0,6450000000.0,0.0,850000000.0,1300000000.0,1700000000.0,3248000000.0,3900000000.0,4700000000.0,1700000000.0,price
property_type_and_province,Căn hộ chung cư,Huế,185,57,0,128,0.0,5800000000.0,0.0,0.0,1260000000.0,2300000000.0,2500000000.0,5560000000.0,5759500000.0,2300000000.0,price
property_type_and_province,Căn hộ chung cư,Hà Nam,671,35,0,636,0.0,5000000000.0,0.0,780000000.0,1240000000.0,1700000000.0,2000000000.0,2700000000.0,3400000000.0,1700000000.0,price
property_type_and_province,Căn hộ chung cư,Hà Nội,164861,18442,0,146419,0.0,13500000000000.0,0.0,2200000000.0,4500000000.0,6400000000.0,8752500000.0,14900000000.0,25000000000.0,6400000000.0,price
property_type_and_province,Căn hộ chung cư,Hà Tĩnh,1,0,0,1,2000000000.0,2000000000.0,2000000000.0,2000000000.0,2000000000.0,2000000000.0,2000000000.0,2000000000.0,2000000000.0,2000000000.0,price
property_type_and_province,Căn hộ chung cư,Hòa Bình,1,0,0,1,460000000.0,460000000.0,460000000.0,460000000.0,460000000.0,460000000.0,460000000.0,460000000.0,460000000.0,460000000.0,price
property_type_and_province,Căn hộ chung cư,Hưng Yên,8385,703,0,7682,0.0,5900000000000.0,0.0,2000000000.0,3200000000.0,4300000000.0,5945000000.0,11000000000.0,15337999999.99992,4300000000.0,price
property_type_and_province,Căn hộ chung cư,Hải Dương,84,27,0,57,0.0,4600000000.0,784000000.0000001,1458000000.0,1950000000.0,2200000000.0,2750000000.0,4220000000.0,4600000000.0,2200000000.0,price
property_type_and_province,Căn hộ chung cư,Hải Phòng,2520,229,0,2291,0.0,10500000000.0,0.0,800000000.0,2000000000.0,2550000000.0,3180000000.0,4905000000.0,7019999999.999982,2550000000.0,price
property_type_and_province,Căn hộ chung cư,Hậu Giang,7,0,0,7,780000000.0,1000000000.0,783000000.0,795000000.0,830000000.0,850000000.0,925000000.0,1000000000.0,1000000000.0,850000000.0,price
property_type_and_province,Căn hộ chung cư,Hồ Chí Minh,152229,6617,0,145612,0.0,24400000000000.0,0.0,1860000000.0,3200000000.0,4700000000.0,7700000000.0,17500000000.0,37000000000.0,4700000000.0,price
property_type_and_province,Căn hộ chung cư,Khánh Hòa,7230,107,0,7123,0.0,4350000000000.0,0.0,1695000000.0,2400000000.0,3000000000.0,3680000000.0,5300000000.0,11077999999.999975,3000000000.0,price
property_type_and_province,Căn hộ chung cư,Kiên Giang,233,20,0,213,0.0,25000000000.0,0.0,0.0,2400000000.0,3320000000.0,5600000000.0,7763999999.999999,9500000000.0,3320000000.0,price
property_type_and_province,Căn hộ chung cư,Long An,1183,56,0,1127,0.0,12500000000.0,207799999.99999997,423000000.00000006,1200000000.0,1500000000.0,1700000000.0,4800000000.0,6169220000.0,1500000000.0,price
property_type_and_province,Căn hộ chung cư,Lào Cai,51,9,0,42,910600000.0,3870000000.0,910600000.0,1000000000.0,1500000000.0,1975000000.0,2456250000.0,3320000000.0,3644499999.999998,1975000000.0,price
property_type_and_province,Căn hộ chung cư,Lâm Đồng,234,9,0,225,0.0,1900000000000.0,312000000.0000003,1442000000.0,1900000000.0,2400000000.0,2850000000.0,52999999999.99991,136000000000.0,2400000000.0,price
property_type_and_province,Căn hộ chung cư,Nam Định,15,1,0,14,1600000000.0,3250000000.0,1600000000.0,1600000000.0,2475000000.0,2550000000.0,3087500000.0,3217500000.0,3243500000.0,2550000000.0,price
property_type_and_province,Căn hộ chung cư,Nghệ An,359,62,0,297,0.0,10000000000.0,0.0,1500000000.0,2400000000.0,2930000000.0,3500000000.0,4131999999.9999995,5370880000.000036,2930000000.0,price
property_type_and_province,Căn hộ chung cư,Ninh Thuận,68,8,0,60,612000000.0,2400000000.0,612000000.0,620000000.0,810000000.0,1169500000.0,1670000000.0,2038999999.9999988,2400000000.0,1169500000.0,price
property_type_and_province,Căn hộ chung cư,Phú Thọ,110,17,0,93,0.0,7400000000.0,0.0,660000000.0000006,2500000000.0,3000000000.0,4730000000.0,6199999999.999996,7400000000.0,3000000000.0,price
property_type_and_province,Căn hộ chung cư,Phú Yên,18,3,0,15,0.0,2250000000.0,0.0,0.0,832500000.0,950000000.0,1200000000.0,2074999999.9999998,2215000000.0,950000000.0,price
property_type_and_province,Căn hộ chung cư,Quảng Bình,41,3,0,38,0.0,3500000000.0,0.0,510000000.00000006,1600000000.0,1650000000.0,2650000000.0,3500000000.0,3500000000.0,1650000000.0,price
property_type_and_province,Căn hộ chung cư,Quảng Nam,5,0,0,5,2250000000.0,16800000000.0,2250000000.0,2250000000.0,2250000000.0,14500000000.0,16800000000.0,16800000000.0,16800000000.0,14500000000.0,price
property_type_and_province,Căn hộ chung cư,Quảng Ninh,2295,303,0,1992,0.0,34000000000.0,0.0,0.0,1800000000.0,2450000000.0,3227500000.0,5100000000.0,7647269999.999999,2450000000.0,price
property_type_and_province,Căn hộ chung cư,Sơn La,1,0,0,1,1175000000.0,1175000000.0,1175000000.0,1175000000.0,1175000000.0,1175000000.0,1175000000.0,1175000000.0,1175000000.0,1175000000.0,price
property_type_and_province,Căn hộ chung cư,Thanh Hóa,510,76,0,434,0.0,4961000000.0,0.0,663000000.0,1366250000.0,1700000000.0,2435500000.0,3500000000.0,4196999000.000001,1700000000.0,price
property_type_and_province,Căn hộ chung cư,Thái Bình,120,5,0,115,930000000.0,3800000000.0,938000000.0,1247500000.0,2000000000.0,2290000000.0,2528500000.0,3629000000.0,3785103999.9999995,2290000000.0,price
property_type_and_province,Căn hộ chung cư,Thái Nguyên,1083,95,0,988,0.0,20690000000.0,0.0,0.0,1400000000.0,1670000000.0,2000000000.0,3700000000.0,5806500000.0,1670000000.0,price
property_type_and_province,Căn hộ chung cư,Tiền Giang,24,0,0,24,600000000.0,1200000000.0,611500000.0,665000000.0,780000000.0,799500000.0,980250000.0,1174949999.9999998,1200000000.0,799500000.0,price
property_type_and_province,Căn hộ chung cư,Tây Ninh,26,2,0,24,899000000.0,1400000000.0,910730000.0,955850000.0,1136000000.0,1200000000.0,1238185000.0,1304250000.0,1378149999.9999998,1200000000.0,price
property_type_and_province,Căn hộ chung cư,Vĩnh Long,1,1,0,0,,,,,,,,,,,price
property_type_and_province,Căn hộ chung cư,Vĩnh Phúc,200,34,0,166,0.0,7300000000.0,0.0,1050000000.0,1800000000.0,2200000000.0,3000000000.0,4787500000.0,6454999999.999992,2200000000.0,price
property_type_and_province,Căn hộ chung cư,Điện Biên,1,0,0,1,1450000000.0,1450000000.0,1450000000.0,1450000000.0,1450000000.0,1450000000.0,1450000000.0,1450000000.0,1450000000.0,1450000000.0,price
property_type_and_province,Căn hộ chung cư,Đà Nẵng,7456,992,0,6464,0.0,9000000000000.0,0.0,0.0,2700000000.0,3917000000.0,5500000000.0,8900000000.0,16700000000.0,3917000000.0,price
property_type_and_province,Căn hộ chung cư,Đắk Lắk,24,1,0,23,1800000000.0,2900000000.0,1800000000.0,1800000000.0,1808000000.0,2000000000.0,2670000000.0,2900000000.0,2900000000.0,2000000000.0,price
property_type_and_province,Căn hộ chung cư,Đồng Nai,1143,40,0,1103,0.0,25500000000.0,0.0,682000000.0,1604000000.0,1866000000.0,2300000000.0,3350000000.0,5900000000.0,1866000000.0,price
property_type_and_province,Căn hộ chung cư,Đồng Tháp,1,0,0,1,2300000000.0,2300000000.0,2300000000.0,2300000000.0,2300000000.0,2300000000.0,2300000000.0,2300000000.0,2300000000.0,2300000000.0,price
property_type_and_province,Nhà,An Giang,258,14,0,244,0.0,32000000000.0,288600000.0,599000000.0,1445000000.0,2000000000.0,5500000000.0,20000000000.0,27398999999.999996,2000000000.0,price
property_type_and_province,Nhà,Bà Rịa - Vũng Tàu,5406,42,0,5364,0.0,1200000000000.0,950000000.0,1850000000.0,4300000000.0,7300000000.0,12000000000.0,35000000000.0,81000000000.0,7300000000.0,price
property_type_and_province,Nhà,Bình Dương,17094,955,0,16139,0.0,26000000000000.0,499000000.0,1760000000.0,2950000000.0,4250000000.0,5800000000.0,13500000000.0,28000000000.0,4250000000.0,price
property_type_and_province,Nhà,Bình Phước,218,14,0,204,0.0,22000000000.0,0.0,325250000.0,800000000.0,1750000000.0,3525000000.0,10000000000.0,17500000000.0,1750000000.0,price
property_type_and_province,Nhà,Bình Thuận,644,17,0,627,0.0,630000000000.0,0.0,899300000.0,2300000000.0,4150000000.0,8000000000.0,19000000000.0,62960000000.00003,4150000000.0,price
property_type_and_province,Nhà,Bình Định,593,16,0,577,0.0,1680000000000.0,490000000.0,1240000000.0,2390000000.0,3900000000.0,7200000000.0,23599999999.999966,80000000000.0,3900000000.0,price
property_type_and_province,Nhà,Bạc Liêu,17,0,0,17,999000000.0,56100000000.0,999160000.0,999800000.0,1380000000.0,2050000000.0,5500000000.0,19619999999.99997,48803999999.99999,2050000000.0,price
property_type_and_province,Nhà,Bắc Giang,156,14,0,142,1000000000.0,90000000000.0,1000000000.0,1302500000.0,2600000000.0,3700000000.0,6225000000.0,26974999999.999996,72780000000.00014,3700000000.0,price
property_type_and_province,Nhà,Bắc Kạn,3,2,0,1,0.0,0.0,0.0,0.0,0.0,0.0,0.0,0.0,0.0,0.0,price
property_type_and_province,Nhà,Bắc Ninh,705,54,0,651,0.0,60000000000.0,0.0,1715000000.0,3200000000.0,4650000000.0,8600000000.0,17250000000.0,35500000000.0,4650000000.0,price
property_type_and_province,Nhà,Bến Tre,548,3,0,545,0.0,30000000000.0,393200000.0,550000000.0,1100000000.0,1590000000.0,2390000000.0,4900000000.0,10660495999.999958,1590000000.0,price
property_type_and_province,Nhà,Cao Bằng,16,0,0,16,930000000.0,8000000000.0,940500000.0,982500000.0,1200000000.0,2000000000.0,3250000000.0,5750000000.0,7549999999.999999,2000000000.0,price
property_type_and_province,Nhà,Cà Mau,77,9,0,68,0.0,18000000000.0,455600000.0,699000000.0,1075000000.0,1700000000.0,3392500000.0,5667499999.999998,13979999999.999989,1700000000.0,price
property_type_and_province,Nhà,Cần Thơ,1860,55,0,1805,0.0,200000000000.0,800800000.0,1510000000.0,2800000000.0,4300000000.0,7000000000.0,29000000000.0,59500000000.0,4300000000.0,price
property_type_and_province,Nhà,Gia Lai,85,6,0,79,0.0,18500000000.0,0.0,918000000.0,1410000000.0,2350000000.0,4000000000.0,11000000000.0,13429999999.999992,2350000000.0,price
property_type_and_province,Nhà,Huế,800,58,0,742,0.0,140000000000.0,856375000.0,1300000000.0,2400000000.0,3200000000.0,4800000000.0,15994999999.999994,59737600000.000015,3200000000.0,price
property_type_and_province,Nhà,Hà Giang,32,7,0,25,1000000000.0,10000000000.0,1000000000.0,1000000000.0,2000000000.0,4200000000.0,4900000000.0,9990000000.0,10000000000.0,4200000000.0,price
property_type_and_province,Nhà,Hà Nam,188,25,0,163,33000000.0,66880000000.0,1570000000.0,1900000000.0,3000000000.0,5000000000.0,8550000000.0,22317000000.00001,57654399999.99993,5000000000.0,price
property_type_and_province,Nhà,Hà Nội,275171,8044,0,267127,0.0,595000000000000.0,2200000000.0,4700000000.0,7700000000.0,11900000000.0,19200000000.0,48000000000.0,139000000000.0,11900000000.0,price
property_type_and_province,Nhà,Hà Tĩnh,27,4,0,23,0.0,150000000000.0,165000000.0,751000000.0,1725000000.0,2000000000.0,5000000000.0,8400000000.0,118848000000.00015,2000000000.0,price
property_type_and_province,Nhà,Hòa Bình,125,15,0,110,400000000.0,203000000000.0,498000000.0,1000000000.0,2000000000.0,2600000000.0,3975000000.0,17231000000.0,186619999999.99936,2600000000.0,price
property_type_and_province,Nhà,Hưng Yên,357,34,0,323,0.0,55500000000.0,1044000000.0,1760000000.0,2855000000.0,5600000000.0,7500000000.0,16571999999.999998,24200000000.0,5600000000.0,price
property_type_and_province,Nhà,Hải Dương,223,17,0,206,0.0,55000000000.0,54999999.99999981,1425000000.0,2372500000.0,3025000000.0,5077500000.0,12750000000.0,30899999999.999977,3025000000.0,price
property_type_and_province,Nhà,Hải Phòng,6463,171,0,6292,0.0,850000000000.0,0.0,1650000000.0,2850000000.0,4050000000.0,7500000000.0,21500000000.0,56216800000.00022,4050000000.0,price
property_type_and_province,Nhà,Hậu Giang,55,1,0,54,650000000.0,9900000000.0,728970000.0,876000000.0,1350000000.0,1680000000.0,2407500000.0,5500000000.0,7832999999.999995,1680000000.0,price
property_type_and_province,Nhà,Hồ Chí Minh,388251,24040,0,364211,0.0,82000000000000.0,320499999.9999995,2770000000.0,5680000000.0,8200000000.0,15500000000.0,64900000000.0,180000000000.0,8200000000.0,price
property_type_and_province,Nhà,Khánh Hòa,16505,95,0,16410,0.0,12500000000000.0,1100000000.0,1980000000.0,3800000000.0,6500000000.0,11900000000.0,32000000000.0,107729999999.99956,6500000000.0,price
property_type_and_province,Nhà,Kiên Giang,479,25,0,454,0.0,650000000000.0,665900000.0,952000000.0000002,1850000000.0,3000000000.0,4500000000.0,15000000000.0,50469999999.99997,3000000000.0,price
property_type_and_province,Nhà,Kon Tum,51,4,0,47,700000000.0,40000000000.0,713800000.0,993000000.0,1550000000.0,3400000000.0,6900000000.0,12499999999.999996,29879999999.99998,3400000000.0,price
property_type_and_province,Nhà,Lai Châu,24,10,0,14,800000000.0,9000000000.0,800000000.0,800000000.0,985000000.0,1300000000.0,1550000000.0,6399999999.999998,8479999999.999997,1300000000.0,price
property_type_and_province,Nhà,Long An,3199,96,0,3103,0.0,22000000000000.0,400000000.0,695000000.0,1500000000.0,2300000000.0,3000000000.0,6500000000.0,18000000000.0,2300000000.0,price
property_type_and_province,Nhà,Lào Cai,275,19,0,256,0.0,262400000000.0,0.0,1395000000.0,3000000000.0,5000000000.0,23500000000.0,70000000000.0,170699999999.99994,5000000000.0,price
property_type_and_province,Nhà,Lâm Đồng,2857,74,0,2783,0.0,360000000000.0,676660000.0,1600000000.0,3600000000.0,6800000000.0,11000000000.0,38000000000.0,121799999999.99835,6800000000.0,price
property_type_and_province,Nhà,Lạng Sơn,67,7,0,60,788000000.0,18000000000.0,789180000.0,1000000000.0,1800000000.0,2525000000.0,3662500000.0,4574999999.999996,16619399999.999992,2525000000.0,price
property_type_and_province,Nhà,Nam Định,326,25,0,301,760000000.0,30000000000.0,892000000.0,1150000000.0,1750000000.0,2400000000.0,3200000000.0,7800000000.0,15000000000.0,2400000000.0,price
property_type_and_province,Nhà,Nghệ An,180,11,0,169,0.0,220000000000.0,893600000.0,1932000000.0,4250000000.0,6600000000.0,12525000000.0,28857999999.99996,160000000000.0,6600000000.0,price
property_type_and_province,Nhà,Ninh Bình,101,11,0,90,0.0,81000000000.0,0.0,0.0,3075000000.0,4445000000.0,6975000000.0,19775000000.0,40949999999.99997,4445000000.0,price
property_type_and_province,Nhà,Ninh Thuận,216,4,0,212,3780000.0,50000000000.0,650000000.0,858500000.0,1637500000.0,3150000000.0,5325000000.0,21074999999.99996,39229999999.9999,3150000000.0,price
property_type_and_province,Nhà,Phú Thọ,145,13,0,132,0.0,45000000000.0,135160000.00000003,1237885000.0,2500000000.0,3980000000.0,7250000000.0,16300000000.0,27500000000.0,3980000000.0,price
property_type_and_province,Nhà,Phú Yên,273,26,0,247,0.0,152000000000.0,0.0,539000000.0,1872500000.0,3200000000.0,5108000000.0,13580999999.999992,20000000000.0,3200000000.0,price
property_type_and_province,Nhà,Quảng Bình,68,8,0,60,1000000000.0,40000000000.0,1236000000.0,1975000000.0,3200000000.0,5500000000.0,8900000000.0,19950000000.0,31503999999.99995,5500000000.0,price
property_type_and_province,Nhà,Quảng Nam,1022,39,0,983,0.0,250000000000.0,0.0,1582000000.0,3990000000.0,8800000000.0,22000000000.0,98989999999.99998,150899999999.99976,8800000000.0,price
property_type_and_province,Nhà,Quảng Ngãi,126,9,0,117,0.0,28500000000.0,119999999.99999994,1100000000.0,1650000000.0,2800000000.0,4500000000.0,12000000000.0,18780000000.000015,2800000000.0,price
property_type_and_province,Nhà,Quảng Ninh,851,110,0,741,0.0,800000000000.0,0.0,1000000000.0,2800000000.0,5300000000.0,12000000000.0,60000000000.0,621200000000.0005,5300000000.0,price
property_type_and_province,Nhà,Quảng Trị,38,6,0,32,0.0,30000000000.0,170500000.0,902000000.0,1617500000.0,3850000000.0,7075000000.0,21749999999.99999,30000000000.0,3850000000.0,price
property_type_and_province,Nhà,Sóc Trăng,69,6,0,63,0.0,27500000000.0,185380000.0,332000000.0,900000000.0,1450000000.0,1850000000.0,5970000000.0,15410000000.00005,1450000000.0,price
property_type_and_province,Nhà,Sơn La,13,1,0,12,0.0,17500000000.0,101200000.0,506000000.00000006,1367500000.0,2725000000.0,3800000000.0,10624999999.99999,16125000000.000008,2725000000.0,price
property_type_and_province,Nhà,Thanh Hóa,482,43,0,439,0.0,220000000000.0,0.0,945000000.0000001,2200000000.0,4100000000.0,7100000000.0,34099999999.999966,98000000000.0,4100000000.0,price
property_type_and_province,Nhà,Thái Bình,335,58,0,277,0.0,26000000000.0,653600000.0000002,1000000000.0,2000000000.0,2250000000.0,4000000000.0,7919999999.999999,10360000000.000013,2250000000.0,price
property_type_and_province,Nhà,Thái Nguyên,146,19,0,127,0.0,245000000000.0,207740000.0,1000000000.0,2175000000.0,3750000000.0,5300000000.0,20099999999.99985,70899999999.99982,3750000000.0,price
property_type_and_province,Nhà,Tiền Giang,426,6,0,420,0.0,24000000000.0,433800000.0,800000000.0,1497500000.0,2100000000.0,3647500000.0,10520999999.99998,16905000000.0,2100000000.0,price
property_type_and_province,Nhà,Trà Vinh,50,2,0,48,450000000.0,32000000000.0,450000000.0,541500000.0,922500000.0,1199500000.0,1751500000.0,3114999999.9999986,18793000000.00003,1199500000.0,price
property_type_and_province,Nhà,Tuyên Quang,27,8,0,19,750000000.0,12300000000.0,780960000.0,904800000.0,1625000000.0,2000000000.0,4500000000.0,10229999999.999994,11886000000.0,2000000000.0,price
property_type_and_province,Nhà,Tây Ninh,615,23,0,592,0.0,48750000000.0,0.0,590000000.0,850000000.0,1200000000.0,1900000000.0,9000000000.0,23800000000.000633,1200000000.0,price
property_type_and_province,Nhà,Vĩnh Long,173,2,0,171,290000000.0,22000000000.0,450000000.0,795000000.0,1600000000.0,2400000000.0,3549500000.0,11000000000.0,17800000000.00007,2400000000.0,price
property_type_and_province,Nhà,Vĩnh Phúc,502,52,0,450,0.0,130000000000.0,0.0,1445000000.0000005,2962500000.0,4550000000.0,6919000000.0,17000000000.0,52549999999.999954,4550000000.0,price
property_type_and_province,Nhà,Yên Bái,53,7,0,46,0.0,20000000000.0,0.0,0.0,1325000000.0,2750000000.0,6500000000.0,19000000000.0,20000000000.0,2750000000.0,price
property_type_and_province,Nhà,Điện Biên,12,2,0,10,1150000000.0,4100000000.0,1152700000.0,1163500000.0,1825000000.0,2725000000.0,3750000000.0,4055000000.0,4091000000.0,2725000000.0,price
property_type_and_province,Nhà,Đà Nẵng,27741,672,0,27069,0.0,13500000000000.0,0.0,3000000000.0,5250000000.0,7950000000.0,13200000000.0,33379999999.999565,105000000000.0,7950000000.0,price
property_type_and_province,Nhà,Đắk Lắk,639,13,0,626,0.0,165000000000.0,538000000.0,1090000000.0,2282500000.0,3200000000.0,4767500000.0,14800000000.0,38750000000.0,3200000000.0,price
property_type_and_province,Nhà,Đắk Nông,38,1,0,37,950000000.0,11900000000.0,950000000.0,950000000.0,1700000000.0,2350000000.0,4000000000.0,7500000000.0,10316000000.000002,2350000000.0,price
property_type_and_province,Nhà,Đồng Nai,10044,328,0,9716,0.0,1450000000000.0,500000000.0,1350000000.0,2150000000.0,3200000000.0,4712500000.0,14000000000.0,35000000000.0,3200000000.0,price
property_type_and_province,Nhà,Đồng Tháp,140,5,0,135,0.0,43500000000.0,153000000.00000003,620000000.0,1500000000.0,3200000000.0,6500000000.0,22000000000.0,41289999999.99998,3200000000.0,price
property_type_and_province,Shophouse,An Giang,11,0,0,11,1250000000.0,5400000000.0,1250000000.0,1250000000.0,3550000000.0,4500000000.0,4880000000.0,5400000000.0,5400000000.0,4500000000.0,price
property_type_and_province,Shophouse,Bà Rịa - Vũng Tàu,241,11,0,230,0.0,60000000000.0,0.0,2840000000.0,7125000000.0,12000000000.0,18000000000.0,28500000000.0,36000000000.0,12000000000.0,price
property_type_and_province,Shophouse,Bình Dương,2128,40,0,2088,0.0,54400000000.0,1293500000.0,1864000000.0000005,3100000000.0,3900000000.0,6000000000.0,10900000000.0,16500000000.0,3900000000.0,price
property_type_and_province,Shophouse,Bình Phước,74,7,0,67,1600000000.0,20000000000.0,1930000000.0,2600000000.0,2700000000.0,2900000000.0,2900000000.0,5019999999.999993,19999340000.0,2900000000.0,price
property_type_and_province,Shophouse,Bình Thuận,51,2,0,49,0.0,10500000000.0,0.0,700000000.0000006,4200000000.0,5800000000.0,8000000000.0,9500000000.0,10259999999.999998,5800000000.0,price
property_type_and_province,Shophouse,Bình Định,159,24,0,135,0.0,9870000000.0,544000000.0000001,3000000000.0,4600000000.0,5200000000.0,6600000000.0,7400000000.0,7900000000.0,5200000000.0,price
property_type_and_province,Shophouse,Bạc Liêu,10,0,0,10,4250000000.0,6500000000.0,4250000000.0,4250000000.0,4500000000.0,5027500000.0,5573750000.0,6157549999.999999,6431510000.0,5027500000.0,price
property_type_and_province,Shophouse,Bắc Giang,195,45,0,150,0.0,35480000000.0,0.0,0.0,4835000000.0,12980000000.0,14400000000.0,20978999999.99997,30342249999.9999,12980000000.0,price
property_type_and_province,Shophouse,Bắc Ninh,1126,91,0,1035,0.0,22000000000.0,0.0,4500000000.0,6600000000.0,7600000000.0,9950000000.0,14700000000.0,18000000000.0,7600000000.0,price
property_type_and_province,Shophouse,Bến Tre,2,0,0,2,9950000000.0,11000000000.0,9960500000.0,10002500000.0,10212500000.0,10475000000.0,10737500000.0,10947500000.0,10989500000.0,10475000000.0,price
property_type_and_province,Shophouse,Cao Bằng,4,1,0,3,5000000000.0,5000000000.0,5000000000.0,5000000000.0,5000000000.0,5000000000.0,5000000000.0,5000000000.0,5000000000.0,5000000000.0,price
property_type_and_province,Shophouse,Cà Mau,1,1,0,0,,,,,,,,,,,price
property_type_and_province,Shophouse,Cần Thơ,54,7,0,47,0.0,20000000000.0,0.0,0.0,5000000000.0,7090000000.0,8100000000.0,17299999999.99996,20000000000.0,7090000000.0,price
property_type_and_province,Shophouse,Huế,160,20,0,140,0.0,26000000000.0,897000000.0000002,4999500000.0,7663750000.0,9500000000.0,14000000000.0,25000000000.0,25609999999.999985,9500000000.0,price
property_type_and_province,Shophouse,Hà Nam,88,12,0,76,0.0,36584000000.0,0.0,0.0,3800000000.0,5765000000.0,7400000000.0,30000000000.0,33146000000.0,5765000000.0,price
property_type_and_province,Shophouse,Hà Nội,4910,636,0,4274,0.0,2200000000000.0,0.0,0.0,9332500000.0,17000000000.0,32000000000.0,70000000000.0,123371999999.9983,17000000000.0,price
property_type_and_province,Shophouse,Hà Tĩnh,10,0,0,10,2350000000.0,24000000000.0,2354500000.0,2372500000.0,2875000000.0,3350000000.0,4437500000.0,24000000000.0,24000000000.0,3350000000.0,price
property_type_and_province,Shophouse,Hòa Bình,42,13,0,29,0.0,16500000000.0,0.0,1268000000.0000005,3700000000.0,5000000000.0,8500000000.0,14999999999.999992,16500000000.0,5000000000.0,price
property_type_and_province,Shophouse,Hưng Yên,1806,59,0,1747,0.0,189600000000.0,160120000.0,8200000000.0,13900000000.0,17500000000.0,22331000000.0,30000000000.0,48300000000.0,17500000000.0,price
property_type_and_province,Shophouse,Hải Dương,7,1,0,6,790000000.0,15880000000.0,860500000.0,1142500000.0,2200000000.0,3675000000.0,13194500000.0,15879000000.0,15879800000.0,3675000000.0,price
property_type_and_province,Shophouse,Hải Phòng,1155,82,0,1073,0.0,82000000000.0,0.0,4300000000.0,6860000000.0,9850000000.0,14827000000.0,25000000000.0,37201599999.99997,9850000000.0,price
property_type_and_province,Shophouse,Hậu Giang,2,0,0,2,2800000000.0,2800000000.0,2800000000.0,2800000000.0,2800000000.0,2800000000.0,2800000000.0,2800000000.0,2800000000.0,2800000000.0,price
property_type_and_province,Shophouse,Hồ Chí Minh,4981,135,0,4846,0.0,3750000000000.0,2500000000.0,4050000000.0,7200000000.0,13500000000.0,31700000000.0,90000000000.0,185000000000.0,13500000000.0,price
property_type_and_province,Shophouse,Khánh Hòa,527,12,0,515,0.0,320000000000.0,2450000000.0,3000000000.0,4250000000.0,6900000000.0,8500000000.0,15859999999.999947,36600000000.0,6900000000.0,price
property_type_and_province,Shophouse,Kiên Giang,250,14,0,236,0.0,68000000000.0,0.0,0.0,7000000000.0,11600000000.0,18000000000.0,31000000000.0,45000000000.0,11600000000.0,price
property_type_and_province,Shophouse,Long An,670,41,0,629,0.0,31000000000.0,392000000.00000036,2820000000.0,4300000000.0,5880000000.0,8800000000.0,15000000000.0,27552000000.000042,5880000000.0,price
property_type_and_province,Shophouse,Lào Cai,39,5,0,34,2465000000.0,168000000000.0,2466650000.0,2489500000.0,5200000000.0,6675000000.0,9350000000.0,35000000000.0,124110000000.00023,6675000000.0,price
property_type_and_province,Shophouse,Lâm Đồng,5,0,0,5,3860000000.0,16700000000.0,3885600000.0,3988000000.0,4500000000.0,4500000000.0,12500000000.0,15859999999.999998,16532000000.0,4500000000.0,price
property_type_and_province,Shophouse,Lạng Sơn,33,6,0,27,0.0,6500000000.0,0.0,0.0,3800000000.0,4500000000.0,5456875000.0,6500000000.0,6500000000.0,4500000000.0,price
property_type_and_province,Shophouse,Nam Định,1,1,0,0,,,,,,,,,,,price
property_type_and_province,Shophouse,Nghệ An,132,15,0,117,0.0,35000000000.0,0.0,0.0,5600000000.0,8700000000.0,10800000000.0,19966800000.0,23500000000.0,8700000000.0,price
property_type_and_province,Shophouse,Ninh Thuận,67,4,0,63,4550000000.0,16200000000.0,4550000000.0,5764000000.0,5969000000.0,6500000000.0,7200000000.0,12800000000.0,16200000000.0,6500000000.0,price
property_type_and_province,Shophouse,Phú Thọ,50,9,0,41,0.0,21510000000.0,0.0,2800000000.0,5600000000.0,9000000000.0,10000000000.0,12500000000.0,21508000000.0,9000000000.0,price
property_type_and_province,Shophouse,Phú Yên,279,3,0,276,0.0,135000000000.0,0.0,0.0,0.0,10210000000.0,16910000000.0,25000000000.0,26000000000.0,10210000000.0,price
property_type_and_province,Shophouse,Quảng Bình,26,1,0,25,155000000.0,19380000000.0,453800000.0,1400800000.0,5900000000.0,8700000000.0,11500000000.0,18099999999.99998,19378800000.0,8700000000.0,price
property_type_and_province,Shophouse,Quảng Nam,44,2,0,42,4350000000.0,20000000000.0,4616500000.0,5100000000.0,7500000000.0,9000000000.0,10500000000.0,19224999999.999977,20000000000.0,9000000000.0,price
property_type_and_province,Shophouse,Quảng Ngãi,18,0,0,18,3245000000.0,6000000000.0,3245850000.0,3249250000.0,4392500000.0,4500000000.0,5000000000.0,6000000000.0,6000000000.0,4500000000.0,price
property_type_and_province,Shophouse,Quảng Ninh,754,79,0,675,0.0,416000000000.0,0.0,0.0,6150000000.0,10500000000.0,16000000000.0,40599999999.99991,111339999999.99992,10500000000.0,price
property_type_and_province,Shophouse,Quảng Trị,80,3,0,77,3600000000.0,17200000000.0,3600000000.0,3750000000.0,5000000000.0,5600000000.0,6600000000.0,7240000000.000001,17200000000.0,5600000000.0,price
property_type_and_province,Shophouse,Sóc Trăng,6,1,0,5,2500000000.0,9000000000.0,2506400000.0,2532000000.0,2660000000.0,3027000000.0,3384000000.0,7876799999.999999,8775360000.0,3027000000.0,price
property_type_and_province,Shophouse,Sơn La,2,0,0,2,3980000000.0,4200000000.0,3982200000.0,3991000000.0,4035000000.0,4090000000.0,4145000000.0,4189000000.0,4197800000.0,4090000000.0,price
property_type_and_province,Shophouse,Thanh Hóa,246,32,0,214,0.0,60000000000.0,0.0,0.0,5300000000.0,6300000000.0,10375000000.0,19000000000.0,39920000000.00008,6300000000.0,price
property_type_and_province,Shophouse,Thái Bình,26,3,0,23,1900000000.0,25000000000.0,1900000000.0,1970000000.0,4829500000.0,8000000000.0,16755000000.0,21000000000.0,24120000000.000004,8000000000.0,price
property_type_and_province,Shophouse,Thái Nguyên,241,31,0,210,0.0,33000000000.0,0.0,0.0,3500000000.0,4500000000.0,7780500000.0,20000000000.0,21689640000.0,4500000000.0,price
property_type_and_province,Shophouse,Tiền Giang,28,7,0,21,0.0,13750000000.0,0.0,0.0,1940000000.0,7800000000.0,8500000000.0,10000000000.0,13000000000.000002,7800000000.0,price
property_type_and_province,Shophouse,Trà Vinh,6,0,0,6,4250000000.0,5100000000.0,4250000000.0,4250000000.0,4262500000.0,4300000000.0,4900000000.0,5100000000.0,5100000000.0,4300000000.0,price
property_type_and_province,Shophouse,Tuyên Quang,6,3,0,3,6000000000.0,6000000000.0,6000000000.0,6000000000.0,6000000000.0,6000000000.0,6000000000.0,6000000000.0,6000000000.0,6000000000.0,price
property_type_and_province,Shophouse,Tây Ninh,53,2,0,51,1000000000.0,9200000000.0,1100000000.0,1200000000.0,1200000000.0,1480000000.0,2000000000.0,7870000000.0,8677500000.0,1480000000.0,price
property_type_and_province,Shophouse,Vĩnh Long,8,0,0,8,2848000000.0,15500000000.0,2848140000.0,2848700000.0,5812500000.0,6999000000.0,7312500000.0,12962499999.999996,14992499999.999998,6999000000.0,price
property_type_and_province,Shophouse,Vĩnh Phúc,187,10,0,177,0.0,30000000000.0,0.0,2415000000.000002,5000000000.0,6500000000.0,10030000000.0,14500000000.0,20940800000.000107,6500000000.0,price
property_type_and_province,Shophouse,Yên Bái,20,2,0,18,3990000000.0,6500000000.0,3991700000.0,3998500000.0,4100000000.0,5205000000.0,6375000000.0,6500000000.0,6500000000.0,5205000000.0,price
property_type_and_province,Shophouse,Điện Biên,10,0,0,10,4800000000.0,13500000000.0,4800000000.0,4800000000.0,5000000000.0,7000000000.0,7000000000.0,10799999999.999994,12960000000.0,7000000000.0,price
property_type_and_province,Shophouse,Đà Nẵng,843,76,0,767,0.0,99000000000.0,0.0,1675000000.000001,6500000000.0,12000000000.0,19500000000.0,29939999999.99999,56500000000.0,12000000000.0,price
property_type_and_province,Shophouse,Đắk Lắk,151,6,0,145,0.0,17900000000.0,5000000000.0,5200000000.0,6950000000.0,7950000000.0,14000000000.0,15000000000.0,16712000000.000006,7950000000.0,price
property_type_and_province,Shophouse,Đồng Nai,442,43,0,399,0.0,52000000000.0,0.0,4000000000.0,7500000000.0,9000000000.0,12000000000.0,20000000000.0,36053905999.9999,9000000000.0,price
property_type_and_province,Shophouse,Đồng Tháp,3,1,0,2,8200000000.0,8200000000.0,8200000000.0,8200000000.0,8200000000.0,8200000000.0,8200000000.0,8200000000.0,8200000000.0,8200000000.0,price
property_type_and_province,Đất,An Giang,661,117,0,544,0.0,27470000000000.0,0.0,333000000.0,650000000.0,1665000000.0,6132500000.0,36088000000.00003,117100000000.0,1665000000.0,price
property_type_and_province,Đất,Bà Rịa - Vũng Tàu,14959,379,0,14580,0.0,4500000000000.0,470000000.0,850000000.0,1780000000.0,3200000000.0,8600000000.0,41800000000.0,150000000000.0,3200000000.0,price
property_type_and_province,Đất,Bình Dương,26347,1688,0,24659,0.0,2232600000000.0,0.0,550000000.0,1500000000.0,3150000000.0,6000000000.0,25600000000.0,105000000000.0,3150000000.0,price
property_type_and_province,Đất,Bình Phước,4576,337,0,4239,0.0,950000000000.0,0.0,230000000.0,435000000.0,669000000.0,1600000000.0,17819999999.99998,82115999999.9998,669000000.0,price
property_type_and_province,Đất,Bình Thuận,3570,234,0,3336,0.0,29317200000000.0,0.0,492250000.0,1500000000.0,3750000000.0,10000000000.0,58037500000.0,257000000000.0,3750000000.0,price
property_type_and_province,Đất,Bình Định,1450,132,0,1318,0.0,715000000000.0,9269999.999999998,550000000.0,1200000000.0,2000000000.0,3100000000.0,8429999999.999973,44064999999.9996,2000000000.0,price
property_type_and_province,Đất,Bạc Liêu,143,41,0,102,0.0,149520000000.0,103000000.0,490450000.0,742965000.0,1625000000.0,6500000000.0,31000000000.0,70000000000.0,1625000000.0,price
property_type_and_province,Đất,Bắc Giang,2327,212,0,2115,0.0,3129580000000.0,0.0,469000000.0,1120000000.0,2400000000.0,3830000000.0,7600000000.0,18000000000.0,2400000000.0,price
property_type_and_province,Đất,Bắc Kạn,23,9,0,14,680000000.0,29000000000.0,690400000.0,732000000.0,800000000.0,1255000000.0,2900000000.0,13724999999.999992,25944999999.99998,1255000000.0,price
property_type_and_province,Đất,Bắc Ninh,6027,522,0,5505,0.0,3500000000000.0,0.0,1000000000.0,1850000000.0,3000000000.0,5200000000.0,12800000000.0,27701600000.000008,3000000000.0,price
property_type_and_province,Đất,Bến Tre,1563,113,0,1450,0.0,4426500000000.0,250000000.0,350000000.0,590000000.0,1068500000.0,2300000000.0,10000000000.0,29609999999.9999,1068500000.0,price
property_type_and_province,Đất,Cao Bằng,58,13,0,45,0.0,20000000000.0,0.0,440000000.00000006,1000000000.0,1400000000.0,3000000000.0,5900000000.0,15160000000.000025,1400000000.0,price
property_type_and_province,Đất,Cà Mau,297,37,0,260,0.0,145000000000.0,320000000.0,448000000.00000006,600000000.0,1200000000.0,2880000000.0,26000000000.0,106215100000.00093,1200000000.0,price
property_type_and_province,Đất,Cần Thơ,2047,234,0,1813,0.0,875000000000.0,342720000.0,600000000.0,2000000000.0,3500000000.0,7900000000.0,40000000000.0,135554399999.99992,3500000000.0,price
property_type_and_province,Đất,Gia Lai,519,46,0,473,0.0,145000000000.0,0.0,186000000.0,660000000.0,1300000000.0,2850000000.0,47799999999.99984,106000000000.0,1300000000.0,price
property_type_and_province,Đất,Huế,2027,157,0,1870,0.0,352800000000.0,0.0,624050000.0,1400000000.0,2024999999.5,3600000000.0,10656999999.999975,23869589999.99999,2024999999.5,price
property_type_and_province,Đất,Hà Giang,39,9,0,30,0.0,13000000000.0,0.0,265500000.00000012,705000000.0,1500000000.0,2900000000.0,7519999999.999988,11985000000.000004,1500000000.0,price
property_type_and_province,Đất,Hà Nam,1750,261,0,1489,0.0,1312500000000.0,0.0,988000000.0,2000000000.0,3000000000.0,5040000000.0,13771999999.999949,65606399999.999435,3000000000.0,price
property_type_and_province,Đất,Hà Nội,103190,9799,0,93391,0.0,305000000000000.0,0.0,1350000000.0,3200000000.0,5950000000.0,12000000000.0,34000000000.0,97092000000.0007,5950000000.0,price
property_type_and_province,Đất,Hà Tĩnh,534,79,0,455,0.0,71000000000.0,0.0,360000000.0,1045000000.0,1900000000.0,3175000000.0,12500000000.0,38805499999.999916,1900000000.0,price
property_type_and_province,Đất,Hòa Bình,5972,872,0,5100,0.0,5678400000000.0,0.0,250000000.0,637500000.0,1600000000.0,3607262500.0,15000000000.0,39040000000.0,1600000000.0,price
property_type_and_province,Đất,Hưng Yên,5133,732,0,4401,0.0,7722000000000.0,0.0,920000000.0,2150000000.0,3300000000.0,5100000000.0,12870000000.0,25300000000.0,3300000000.0,price
property_type_and_province,Đất,Hải Dương,1151,162,0,989,0.0,170000000000.0,0.0,650000000.0,1690000000.0,3200000000.0,6600000000.0,33549999999.999954,85600000000.00003,3200000000.0,price
property_type_and_province,Đất,Hải Phòng,17162,1122,0,16040,0.0,950000000000.0,0.0,500000000.0,1250000000.0,2500000000.0,5000000000.0,17470099999.999996,87261000000.00296,2500000000.0,price
property_type_and_province,Đất,Hậu Giang,416,39,0,377,0.0,110000000000.0,254200000.0,460000000.0,740000000.0,1160000000.0,2000000000.0,17000000000.0,46960000000.00003,1160000000.0,price
property_type_and_province,Đất,Hồ Chí Minh,91753,3937,0,87816,0.0,449055000000000.0,600000000.0,1350000000.0,4390000000.0,7400000000.0,16500000000.0,75000000000.0,220000000000.0,7400000000.0,price
property_type_and_province,Đất,Khánh Hòa,26263,526,0,25737,0.0,8080100000000.0,285000000.0,700000000.0,1880000000.0,3990000000.0,8720000000.0,31967999999.999886,89704799999.99953,3990000000.0,price
property_type_and_province,Đất,Kiên Giang,1861,196,0,1665,0.0,60060000000000.0,0.0,504000000.00000006,1450000000.0,3000000000.0,10000000000.0,112000000000.0,294450000000.0,3000000000.0,price
property_type_and_province,Đất,Kon Tum,239,35,0,204,0.0,10000000000000.0,3240000.000000027,311000000.0,1000000000.0,2450000000.0,6077500000.0,16000000000.0,49309999999.99998,2450000000.0,price
property_type_and_province,Đất,Lai Châu,26,5,0,21,0.0,26400000000.0,0.0,0.0,1000000000.0,1200000000.0,7500000000.0,21060000000.0,25332000000.000004,1200000000.0,price
property_type_and_province,Đất,Long An,14518,1157,0,13361,0.0,206000000000000.0,299000000.0,550000000.0,1050000000.0,1750000000.0,2890800000.0,15000000000.0,62939999999.99996,1750000000.0,price
property_type_and_province,Đất,Lào Cai,458,50,0,408,0.0,285000000000.0,0.0,607000000.0,1900000000.0,4275000000.0,28000000000.0,72000000000.0,241250000000.00085,4275000000.0,price
property_type_and_province,Đất,Lâm Đồng,8815,335,0,8480,0.0,7020000000000.0,285000000.0,499999500.0,1200000000.0,2850000000.0,9400000000.0,40000000000.0,128000000000.0,2850000000.0,price
property_type_and_province,Đất,Lạng Sơn,136,16,0,120,0.0,32100000000.0,0.0,771000000.0,1395000000.0,2000000000.0,4000000000.0,15009999999.999998,16645500000.000002,2000000000.0,price
property_type_and_province,Đất,Nam Định,2586,228,0,2358,0.0,72900000000.0,0.0,900000000.0,1230000000.0,1500000000.0,2000000000.0,4350000000.0,13430000000.0,1500000000.0,price
property_type_and_province,Đất,Nghệ An,1426,165,0,1261,0.0,75290000000.0,0.0,1000000000.0,2000000000.0,3190000000.0,6000000000.0,23000000000.0,40160000000.00013,3190000000.0,price
property_type_and_province,Đất,Ninh Bình,737,111,0,626,0.0,180000000000.0,0.0,1000000000.0,2631750000.0,4500000000.0,10090000000.0,29000000000.0,69740000000.0,4500000000.0,price
property_type_and_province,Đất,Ninh Thuận,989,56,0,933,0.0,120000000000.0,209600000.0,548000000.0,1205000000.0,2100000000.0,3800000000.0,17111999999.999994,48313199999.9993,2100000000.0,price
property_type_and_province,Đất,Phú Thọ,2356,282,0,2074,0.0,1490000000000.0,0.0,440000000.0,950000000.0,2000000000.0,4500000000.0,14169999999.99998,51619999999.99989,2000000000.0,price
property_type_and_province,Đất,Phú Yên,1121,118,0,1003,0.0,4712000000000.0,10139999.999999996,495500000.0,1300000000.0,2350000000.0,5200000000.0,19444999999.999973,35000000000.0,2350000000.0,price
property_type_and_province,Đất,Quảng Bình,432,61,0,371,0.0,250000000000.0,0.0,515000000.0,1150000000.0,2000000000.0,4550000000.0,25500000000.0,119835000000.00177,2000000000.0,price
property_type_and_province,Đất,Quảng Nam,8488,313,0,8175,0.0,12377200000000.0,0.0,690000000.0,1945000000.0,3450000000.0,7860000000.0,33390000000.0,106200000000.0,3450000000.0,price
property_type_and_province,Đất,Quảng Ngãi,725,60,0,665,0.0,32000000000.0,0.0,167000000.0000001,820000000.0,1400000000.0,2600000000.0,6905999999.999978,20000000000.0,1400000000.0,price
property_type_and_province,Đất,Quảng Ninh,3936,349,0,3587,0.0,9000000000000.0,0.0,680000000.0,2070000000.0,4200000000.0,9720000000.0,42424999999.999954,208905400000.0,4200000000.0,price
property_type_and_province,Đất,Quảng Trị,577,51,0,526,0.0,1600000000000.0,0.0,242500000.0,750000000.0,1500000000.0,2600000000.0,8425000000.0,15200000000.0,1500000000.0,price
property_type_and_province,Đất,Sóc Trăng,257,85,0,172,210000000.0,228000000000.0,243910000.0,450000000.0,550000000.0,1125000000.0,3500000000.0,19137599999.999992,26449999999.99996,1125000000.0,price
property_type_and_province,Đất,Sơn La,179,14,0,165,0.0,45000000000.0,0.0,858000000.0,2800000000.0,4699000000.0,9000000000.0,23599999999.999966,37319999999.999825,4699000000.0,price
property_type_and_province,Đất,Thanh Hóa,3602,279,0,3323,0.0,13432500000000.0,0.0,166000000.0,439000000.0,1400000000.0,2500000000.0,10481099999.999931,65000000000.0,1400000000.0,price
property_type_and_province,Đất,Thái Bình,1358,268,0,1090,0.0,170000000000.0,0.0,500000000.0,1100000000.0,1800000000.0,2990000000.0,5768499999.999996,12664999999.999851,1800000000.0,price
property_type_and_province,Đất,Thái Nguyên,1636,231,0,1405,0.0,440300000000.0,0.0,20600000.000000007,1580000000.0,2000000000.0,3400000000.0,7000000000.0,22290560000.000084,2000000000.0,price
property_type_and_province,Đất,Tiền Giang,2166,278,0,1888,0.0,150000000000.0,170000000.0,350000000.0,550000000.0,831500000.0,2300000000.0,15020000000.0,69000000000.0,831500000.0,price
property_type_and_province,Đất,Trà Vinh,271,49,0,222,135000000.0,23000000000.0,234200000.0,310500000.0,550000000.0,650000000.0,1475000000.0,8000000000.0,14373999999.999996,650000000.0,price
property_type_and_province,Đất,Tuyên Quang,108,26,0,82,320000000.0,227500000000.0,384800000.0,700000000.0,1000000000.0,2000000000.0,3500000000.0,5500000000.0,58047999999.99953,2000000000.0,price
property_type_and_province,Đất,Tây Ninh,3775,131,0,3644,0.0,3840000000000.0,120000000.0,299000000.0,550000000.0,759000000.0,1600000000.0,17939999999.999966,59000000000.0,759000000.0,price
property_type_and_province,Đất,Vĩnh Long,592,88,0,504,0.0,243910000000.0,225450000.0,320000000.0,630000000.0,1450000000.0,4666937500.0,46850000000.0,106279999999.9993,1450000000.0,price
property_type_and_province,Đất,Vĩnh Phúc,3594,425,0,3169,0.0,37380000000000.0,0.0,600000000.0,1450000000.0,2600000000.0,4500000000.0,20000000000.0,78578800000.00034,2600000000.0,price
property_type_and_province,Đất,Yên Bái,170,25,0,145,0.0,20000000000.0,0.0,700000000.0,1100000000.0,1700000000.0,2500000000.0,7799999999.999983,15824000000.0,1700000000.0,price
property_type_and_province,Đất,Điện Biên,42,7,0,35,500000000.0,8000000000.0,533999999.99999994,600000000.0,1100000000.0,2390000000.0,3000000000.0,4089999999.999999,6741999999.999987,2390000000.0,price
property_type_and_province,Đất,Đà Nẵng,59245,2486,0,56759,0.0,19680000000000.0,0.0,2350000000.0,4900000000.0,7800000000.0,16000000000.0,51040000000.0,150712799999.99854,7800000000.0,price
property_type_and_province,Đất,Đắk Lắk,2108,88,0,2020,0.0,300000000000.0,149000000.0,251900000.0,750000000.0,1500000000.0,2900000000.0,9414999999.999987,29904999999.999973,1500000000.0,price
property_type_and_province,Đất,Đắk Nông,467,23,0,444,0.0,128848200000.0,0.0,350000000.0,1230000000.0,3219500000.0,7000000000.0,34780000000.0,126000000000.0,3219500000.0,price
property_type_and_province,Đất,Đồng Nai,19420,1367,0,18053,0.0,2.6597191e+16,0.0,550000000.0,1350000000.0,2200000000.0,4400000000.0,25551359999.99994,100000000000.0,2200000000.0,price
property_type_and_province,Đất,Đồng Tháp,820,86,0,734,0.0,770000000000.0,269900000.0,450000000.0,700000000.0,2080000000.0,6075000000.0,19000000000.0,57400000000.0,2080000000.0,price
province,,An Giang,950,132,0,818,0.0,27470000000000.0,0.0,388350000.0,792500000.0,2000000000.0,5950000000.0,30299999999.999954,104507800000.00052,2000000000.0,price
province,,Bà Rịa - Vũng Tàu,26121,573,0,25548,0.0,4500000000000.0,550000000.0,1000000000.0,2350000000.0,4500000000.0,11500000000.0,38000000000.0,116123599999.99753,4500000000.0,price
province,,Bình Dương,65132,3167,0,61965,0.0,26000000000000.0,21500000.0,790000000.0,2050000000.0,3190000000.0,5200000000.0,16000000000.0,54776000000.000206,3190000000.0,price
province,,Bình Phước,4885,358,0,4527,0.0,950000000000.0,0.0,231500000.00000006,450000000.0,698000000.0,1800000000.0,16500000000.0,80000000000.0,698000000.0,price
province,,Bình Thuận,5010,272,0,4738,0.0,29317200000000.0,0.0,580000000.0,1800000000.0,4400000000.0,9500000000.0,46000000000.0,220000000000.0,4400000000.0,price
province,,Bình Định,3126,218,0,2908,0.0,1680000000000.0,0.0,650000000.0,1350000000.0,2165000000.0,3700000000.0,11964350000.000008,44960099999.9999,2165000000.0,price
province,,Bạc Liêu,176,42,0,134,0.0,149520000000.0,199000000.00000003,499650000.0,900000000.0,2400000000.0,5960000000.0,32119999999.99998,70000000000.0,2400000000.0,price
province,,Bắc Giang,3262,369,0,2893,0.0,3129580000000.0,0.0,468400000.0,1350000000.0,2700000000.0,4250000000.0,14000000000.0,27639999999.999416,2700000000.0,price
province,,Bắc Kạn,26,11,0,15,0.0,29000000000.0,95200000.00000001,476000000.00000006,780000000.0,1130000000.0,2600000000.0,12549999999.999975,25709999999.99999,1130000000.0,price
province,,Bắc Ninh,10128,853,0,9275,0.0,17064000000000.0,0.0,1000000000.0,2250000000.0,4400000000.0,8200000000.0,17650000000.0,34352000000.000042,4400000000.0,price
province,,Bến Tre,2150,116,0,2034,0.0,4426500000000.0,273300000.0,380000000.0,650000000.0,1285000000.0,2400000000.0,9509782499.999998,23802000000.000046,1285000000.0,price
province,,Cao Bằng,78,14,0,64,0.0,20000000000.0,0.0,600000000.0,1000000000.0,1800000000.0,4000000000.0,5900000000.0,13069999999.999971,1800000000.0,price
province,,Cà Mau,383,47,0,336,0.0,145000000000.0,320000000.0,472500000.0,696750000.0,1390000000.0,3000000000.0,13000000000.0,87149999999.99976,1390000000.0,price
province,,Cần Thơ,4609,325,0,4284,0.0,875000000000.0,276439999.9999999,824200000.0000001,2290000000.0,3700000000.0,7090000000.0,33000000000.0,99170000000.00008,3700000000.0,price
province,,Gia Lai,609,52,0,557,0.0,145000000000.0,0.0,199800000.0,700000000.0,1490000000.0,3300000000.0,28271999999.999855,97599999999.99911,1490000000.0,price
province,,Huế,3383,305,0,3078,0.0,380000000000.0,0.0,799000000.0,1680000000.0,2700000000.0,4990000000.0,14000000000.0,32121150000.00002,2700000000.0,price
province,,Hà Giang,74,16,0,58,0.0,13000000000.0,0.0,598500000.0,1125000000.0,2425000000.0,4300000000.0,9957500000.0,11290000000.0,2425000000.0,price
province,,Hà Nam,3149,400,0,2749,0.0,1312500000000.0,0.0,1000000000.0,1800000000.0,2800000000.0,5700000000.0,17000000000.0,44731199999.999985,2800000000.0,price
province,,Hà Nội,592458,41984,0,550474,0.0,595000000000000.0,0.0,2450000000.0,5800000000.0,9000000000.0,16700000000.0,47150599999.99823,122000000000.0,9000000000.0,price
province,,Hà Tĩnh,613,84,0,529,0.0,150000000000.0,0.0,441000000.0,1160000000.0,2000000000.0,4000000000.0,16899999999.999949,39826000000.00011,2000000000.0,price
province,,Hòa Bình,6470,949,0,5521,0.0,5678400000000.0,0.0,250000000.0,660000000.0,1800000000.0,4000000000.0,15000000000.0,38880000000.00011,1800000000.0,price
province,,Hưng Yên,24512,2035,0,22477,0.0,7722000000000.0,0.0,1680000000.0,3736500000.0,7500000000.0,14000000000.0,35000000000.0,81000000000.0,7500000000.0,price
province,,Hải Dương,1557,238,0,1319,0.0,170000000000.0,0.0,700000000.0,1893000000.0,3180000000.0,6315000000.0,33019999999.999985,81000000000.0,3180000000.0,price
province,,Hải Phòng,30305,1780,0,28525,0.0,950000000000.0,0.0,600000000.0,1750000000.0,3500000000.0,6900000000.0,21591999999.99997,55000000000.0,3500000000.0,price
province,,Hậu Giang,492,41,0,451,0.0,110000000000.0,242500000.0,490000000.0,800000000.0,1200000000.0,2400000000.0,14890000000.0,46000000000.0,1200000000.0,price
province,,Hồ Chí Minh,668098,35376,0,632722,0.0,449055000000000.0,164210000.00000006,2150000000.0,4750000000.0,7500000000.0,14800000000.0,60296999999.99721,180000000000.0,7500000000.0,price
province,,Khánh Hòa,54905,842,0,54063,0.0,12500000000000.0,350000000.0,1000000000.0,2650000000.0,4700000000.0,9400000000.0,29103999999.999653,82129199999.99911,4700000000.0,price
province,,Kiên Giang,3297,295,0,3002,0.0,60060000000000.0,0.0,550000000.0,1800000000.0,4400000000.0,10500000000.0,60000000000.0,262223465000.0,4400000000.0,price
province,,Kon Tum,297,39,0,258,0.0,10000000000000.0,61559999.999999985,396150000.00000006,1162500000.0,2700000000.0,6800000000.0,18469999999.999958,44300000000.00006,2700000000.0,price
province,,Lai Châu,50,15,0,35,0.0,26400000000.0,0.0,280000000.00000006,1000000000.0,1200000000.0,5000000000.0,16957999999.999985,24584399999.99998,1200000000.0,price
province,,Long An,21974,1467,0,20507,0.0,206000000000000.0,299000000.0,580000000.0,1250000000.0,2000000000.0,3800000000.0,15000000000.0,47000000000.0,2000000000.0,price
province,,Lào Cai,910,95,0,815,0.0,285000000000.0,0.0,750000000.0,2450000000.0,4800000000.0,21000000000.0,72000000000.0,170000000000.0,4800000000.0,price
province,,Lâm Đồng,13037,432,0,12605,0.0,7020000000000.0,300000000.0,558000000.0,1650000000.0,4700000000.0,12200000000.0,42000000000.0,130000000000.0,4700000000.0,price
province,,Lạng Sơn,263,30,0,233,0.0,32100000000.0,0.0,0.0,1550000000.0,3000000000.0,4500000000.0,14800000000.0,16574000000.000004,3000000000.0,price
province,,Nam Định,2938,256,0,2682,0.0,72900000000.0,8100000.000000022,940000000.0,1260600000.0,1565900000.0,2250000000.0,5000000000.0,13919000000.000004,1565900000.0,price
province,,Nghệ An,2404,325,0,2079,0.0,220000000000.0,0.0,1000000000.0,2380000000.0,3800000000.0,7700000000.0,23000000000.0,39000000000.0,3800000000.0,price
province,,Ninh Bình,846,122,0,724,0.0,180000000000.0,0.0,857349999.9999999,2800000000.0,4500000000.0,9718750000.0,28000000000.0,69760799999.99998,4500000000.0,price
province,,Ninh Thuận,1379,74,0,1305,0.0,120000000000.0,201200000.00000003,600000000.0,1350000000.0,2300000000.0,5000000000.0,16267199999.999996,38788000000.00001,2300000000.0,price
province,,Phú Thọ,2841,342,0,2499,0.0,1490000000000.0,0.0,460000000.0,1109000000.0,2500000000.0,5283500000.0,14500000000.0,45754999999.99999,2500000000.0,price
province,,Phú Yên,1854,157,0,1697,0.0,4712000000000.0,0.0,0.0,1268000000.0,2800000000.0,8500000000.0,24000000000.0,31351999999.999863,2800000000.0,price
province,,Quảng Bình,602,75,0,527,0.0,250000000000.0,0.0,600000000.0,1400000000.0,2900000000.0,8000000000.0,23699999999.99999,70261700000.00009,2900000000.0,price
province,,Quảng Nam,10199,371,0,9828,0.0,12377200000000.0,0.0,731050000.0000001,2150000000.0,4100000000.0,10500000000.0,40000000000.0,120000000000.0,4100000000.0,price
province,,Quảng Ngãi,912,73,0,839,0.0,32000000000.0,0.0,270000000.0,960000000.0,1600000000.0,3200000000.0,8103519999.99999,19810000000.000004,1600000000.0,price
province,,Quảng Ninh,9416,993,0,8423,0.0,9000000000000.0,0.0,587684800.0000002,2300000000.0,4300000000.0,11000000000.0,38871999999.99997,163500000000.0,4300000000.0,price
province,,Quảng Trị,708,62,0,646,0.0,1600000000000.0,0.0,305000000.0,775000000.0,2000000000.0,3850000000.0,9375000000.0,19000000000.0,2000000000.0,price
province,,Sóc Trăng,332,92,0,240,0.0,228000000000.0,237190000.0,400000000.0,647500000.0,1210000000.0,2999250000.0,14244999999.999916,26524999999.99996,1210000000.0,price
province,,Sơn La,228,15,0,213,0.0,45000000000.0,0.0,890000000.0,2800000000.0,3800000000.0,8000000000.0,17500000000.0,33000000000.0,3800000000.0,price
province,,Thanh Hóa,5410,491,0,4919,0.0,13432500000000.0,0.0,175000000.0,860000000.0,1800000000.0,4500000000.0,15000000000.0,65000000000.0,1800000000.0,price
province,,Thái Bình,1884,337,0,1547,0.0,170000000000.0,0.0,593000000.0000001,1300000000.0,2000000000.0,3200000000.0,8000000000.0,16953999999.999996,2000000000.0,price
province,,Thái Nguyên,3170,384,0,2786,0.0,440300000000.0,0.0,0.0,1500000000.0,1960000000.0,3400000000.0,8000000000.0,24150000000.00009,1960000000.0,price
province,,Tiền Giang,2661,291,0,2370,0.0,150000000000.0,170000000.0,350000000.0,590000000.0,1200000000.0,2800000000.0,14000000000.0,59000000000.0,1200000000.0,price
province,,Trà Vinh,353,51,0,302,135000000.0,38500000000.0,250100000.0,370000000.0,550000000.0,900000000.0,2000000000.0,7974999999.999994,22960000000.00004,900000000.0,price
province,,Tuyên Quang,145,37,0,108,320000000.0,227500000000.0,400000000.0,700000000.0,1125000000.0,2000000000.0,4000000000.0,10000000000.0,18208999999.99999,2000000000.0,price
province,,Tây Ninh,4570,161,0,4409,0.0,3840000000000.0,115399999.99999999,300000000.0,600000000.0,850000000.0,1700000000.0,15000000000.0,52881600000.00011,850000000.0,price
province,,Vĩnh Long,802,91,0,711,0.0,243910000000.0,252000000.0,350000000.0,775000000.0,1950000000.0,4900000000.0,32712750000.0,82899999999.99997,1950000000.0,price
province,,Vĩnh Phúc,5316,601,0,4715,0.0,37380000000000.0,0.0,541000000.0000005,1759000000.0,3300000000.0,8000000000.0,25000000000.0,61000000000.0,3300000000.0,price
province,,Yên Bái,256,35,0,221,0.0,20000000000.0,0.0,700000000.0,1250000000.0,2100000000.0,4100000000.0,12000000000.0,19800000000.00001,2100000000.0,price
province,,Điện Biên,65,9,0,56,500000000.0,13500000000.0,555000000.0,675000000.0,1437500000.0,2500000000.0,4000000000.0,7125000000.0,10475000000.000015,2500000000.0,price
province,,Đà Nẵng,97743,4515,0,93228,0.0,19680000000000.0,0.0,2300000000.0,4790000000.0,7600000000.0,14700000000.0,45000000000.0,135000000000.0,7600000000.0,price
province,,Đắk Lắk,3021,113,0,2908,0.0,300000000000.0,150350000.0,295000000.0,1000000000.0,2200000000.0,4162500000.0,14000000000.0,30000000000.0,2200000000.0,price
province,,Đắk Nông,505,24,0,481,0.0,128848200000.0,0.0,350000000.0,1300000000.0,3100000000.0,6500000000.0,34780000000.0,126000000000.0,3100000000.0,price
province,,Đồng Nai,33748,1848,0,31900,0.0,2.6597191e+16,0.0,690000000.0,1700000000.0,2800000000.0,5500000000.0,22750000000.0,75000000000.0,2800000000.0,price
province,,Đồng Tháp,965,92,0,873,0.0,770000000000.0,260000000.0,454560000.0,750000000.0,2200000000.0,6200000000.0,20000000000.0,47391999999.99962,2200000000.0,price
all,,,1747762,3,0,1747759,1.141,66879000.0,25.0,35.0,57.4,80.0,120.0,419.0,2600.0,80.0,area
property_type,Biệt thự/Nhà liền kề,,116257,1,0,116256,7.0,200000.0,48.0,60.0,92.2,144.0,223.0,440.0,916.0,144.0,area
property_type,Căn hộ chung cư,,372162,2,0,372160,4.0,88742.0,31.0,45.0,62.67,75.0,96.0,141.0,210.0,75.0,area
property_type,Nhà,,767680,0,0,767680,3.0,66879000.0,20.0,30.0,45.0,63.0,92.0,225.0,595.0,63.0,area
property_type,Shophouse,,22470,0,0,22470,5.0,12468.7,40.0,55.0,80.0,100.0,130.0,250.0,535.0,100.0,area
property_type,Đất,,469193,0,0,469193,1.141,62000000.0,40.0,50.0,84.0,112.0,218.0,1700.0,10801.040000000212,112.0,area
property_type_and_province,Biệt thự/Nhà liền kề,An Giang,11,0,0,11,60.0,771.6,60.0,60.0,95.0,100.0,118.0,573.3,731.9400000000002,100.0,area
property_type_and_province,Biệt thự/Nhà liền kề,Bà Rịa - Vũng Tàu,2480,0,0,2480,69.7,15086.0,75.0,78.0,120.0,180.0,300.0,608.0,1709.0,180.0,area
property_type_and_province,Biệt thự/Nhà liền kề,Bình Dương,4330,0,0,4330,7.0,6400.0,60.0,60.0,75.0,100.0,168.0,430.0,750.0,100.0,area
property_type_and_province,Biệt thự/Nhà liền kề,Bình Phước,16,0,0,16,68.0,310.0,75.425,105.125,130.0,130.0,249.25,310.0,310.0,130.0,area
property_type_and_province,Biệt thự/Nhà liền kề,Bình Thuận,704,0,0,704,48.0,1560.0,78.0,100.0,160.0,200.0,277.0,400.0,1000.0,200.0,area
property_type_and_province,Biệt thự/Nhà liền kề,Bình Định,80,0,0,80,62.0,500.0,62.0,69.65,92.5,112.5,225.0,351.0,436.7999999999995,112.5,area
property_type_and_province,Biệt thự/Nhà liền kề,Bạc Liêu,6,0,0,6,75.0,765.0,76.25,81.25,100.0,150.0,268.25,646.5,741.3000000000001,150.0,area
property_type_and_province,Biệt thự/Nhà liền kề,Bắc Giang,68,0,0,68,75.0,540.0,75.0,76.4,95.13,150.0,300.0,434.24999999999994,513.1999999999999,150.0,area
property_type_and_province,Biệt thự/Nhà liền kề,Bắc Ninh,1645,0,0,1645,55.0,1018.0,75.0,75.0,123.6,198.0,225.0,322.0,480.0,198.0,area
property_type_and_province,Biệt thự/Nhà liền kề,Bến Tre,33,0,0,33,50.0,7798.5,93.84,204.4,262.0,396.0,1000.0,1538.0,5795.1399999999985,396.0,area
property_type_and_province,Biệt thự/Nhà liền kề,Cà Mau,7,0,0,7,150.0,408.0,153.96,169.8,216.0,216.0,216.0,350.39999999999986,396.4799999999999,216.0,area
property_type_and_province,Biệt thự/Nhà liền kề,Cần Thơ,171,0,0,171,46.6,1621.0,55.980000000000004,64.0,100.0,200.0,400.0,959.95,1621.0,200.0,area
property_type_and_province,Biệt thự/Nhà liền kề,Gia Lai,5,0,0,5,477.0,975.0,481.31999999999994,498.6,585.0,975.0,975.0,975.0,975.0,975.0,area
property_type_and_province,Biệt thự/Nhà liền kề,Huế,211,0,0,211,80.0,25233.0,80.0,81.0,102.0,119.0,152.3,388.3,781.2100000000008,119.0,area
property_type_and_province,Biệt thự/Nhà liền kề,Hà Giang,3,0,0,3,75.0,300.0,79.5,97.5,187.5,300.0,300.0,300.0,300.0,300.0,area
property_type_and_province,Biệt thự/Nhà liền kề,Hà Nam,452,0,0,452,45.0,560.0,52.0,56.0,60.0,60.0,127.0,200.0,286.0,60.0,area
property_type_and_province,Biệt thự/Nhà liền kề,Hà Nội,44326,0,0,44326,12.0,200000.0,46.0,55.0,83.0,126.0,200.0,325.0,500.0,126.0,area
property_type_and_province,Biệt thự/Nhà liền kề,Hà Tĩnh,41,0,0,41,85.0,632.0,85.0,85.8,360.0,464.0,600.0,632.0,632.0,464.0,area
property_type_and_province,Biệt thự/Nhà liền kề,Hòa Bình,330,0,0,330,71.0,7500.0,85.58,100.0,223.10000000000002,276.0,400.0,844.2000000000014,1500.0,276.0,area
property_type_and_province,Biệt thự/Nhà liền kề,Hưng Yên,8831,0,0,8831,42.0,2500.0,48.0,48.0,65.0,91.0,150.0,345.0,714.0000000000146,91.0,area
property_type_and_province,Biệt thự/Nhà liền kề,Hải Dương,92,0,0,92,64.0,700.0,66.72999999999999,68.875,100.0,195.0,262.73,372.8,700.0,195.0,area
property_type_and_province,Biệt thự/Nhà liền kề,Hải Phòng,3005,1,0,3004,20.875,2000.0,47.0,60.5,75.0,105.0,189.8,350.0,478.98799999999994,105.0,area
property_type_and_province,Biệt thự/Nhà liền kề,Hậu Giang,12,0,0,12,85.0,700.0,85.0,85.0,103.125,230.0,251.25,700.0,700.0,230.0,area
property_type_and_province,Biệt thự/Nhà liền kề,Hồ Chí Minh,30884,0,0,30884,20.0,10000.0,56.0,75.0,114.0,172.0,264.0,560.0,1055.8499999999913,172.0,area
property_type_and_province,Biệt thự/Nhà liền kề,Khánh Hòa,4380,0,0,4380,40.0,3360.0,46.0,71.97500000000001,100.0,100.0,180.0,420.0,700.0,100.0,area
property_type_and_province,Biệt thự/Nhà liền kề,Kiên Giang,474,0,0,474,75.0,2026.0,86.0,92.0,117.0,160.0,420.0,550.0,1500.0,160.0,area
property_type_and_province,Biệt thự/Nhà liền kề,Kon Tum,7,0,0,7,435.9,1487.5,439.746,455.13,500.0,1000.0,1243.75,1487.5,1487.5,1000.0,area
property_type_and_province,Biệt thự/Nhà liền kề,Long An,2404,0,0,2404,35.52,5840.0,56.033,60.0,80.0,100.0,153.0,350.8499999999999,857.4099999999894,100.0,area
property_type_and_province,Biệt thự/Nhà liền kề,Lào Cai,87,0,0,87,50.0,980.0,50.0,75.0,95.0,220.0,337.0,664.0000000000001,980.0,220.0,area
property_type_and_province,Biệt thự/Nhà liền kề,Lâm Đồng,1126,0,0,1126,59.4,31096.0,70.0,100.0,204.0,278.0,400.0,1174.0,3429.325,278.0,area
property_type_and_province,Biệt thự/Nhà liền kề,Lạng Sơn,27,0,0,27,76.2,1500.0,76.85,78.715,78.75,81.5,88.75,550.0,1252.9999999999986,81.5,area
property_type_and_province,Biệt thự/Nhà liền kề,Nam Định,10,0,0,10,65.0,610.9,66.35,71.75,82.875,183.0,277.5,533.9949999999998,595.519,183.0,area
property_type_and_province,Biệt thự/Nhà liền kề,Nghệ An,307,0,0,307,70.0,757.4,78.49600000000001,88.0,120.0,154.0,208.5,390.0,508.46,154.0,area
property_type_and_province,Biệt thự/Nhà liền kề,Ninh Bình,8,0,0,8,108.0,2326.0,112.83,132.14999999999998,269.25,325.0,844.0,2326.0,2326.0,325.0,area
property_type_and_province,Biệt thự/Nhà liền kề,Ninh Thuận,39,0,0,39,58.0,301.0,58.0,77.80000000000001,81.0,85.0,100.0,295.0,298.72,85.0,area
property_type_and_province,Biệt thự/Nhà liền kề,Phú Thọ,180,0,0,180,55.0,1400.0,75.0,97.60000000000001,132.0,261.2,323.0,500.0,1163.0000000000023,261.2,area
property_type_and_province,Biệt thự/Nhà liền kề,Phú Yên,163,0,0,163,81.2,1000.0,92.50399999999999,100.0,100.0,218.0,300.0,480.8,894.5999999999992,218.0,area
property_type_and_province,Biệt thự/Nhà liền kề,Quảng Bình,35,0,0,35,90.0,385.6,90.0,90.0,140.0,250.0,300.0,314.1899999999999,372.57799999999986,250.0,area
property_type_and_province,Biệt thự/Nhà liền kề,Quảng Nam,640,0,0,640,90.0,5162.0,100.0,115.0,200.0,325.0,400.0,504.0,1080.0,325.0,area
property_type_and_province,Biệt thự/Nhà liền kề,Quảng Ngãi,43,0,0,43,68.0,1000.0,70.94,79.30000000000001,100.0,126.0,277.0,850.0,1000.0,126.0,area
property_type_and_province,Biệt thự/Nhà liền kề,Quảng Ninh,1580,0,0,1580,48.0,1000.0,67.5,75.0,94.525,144.0,270.0,445.0,767.0462,144.0,area
property_type_and_province,Biệt thự/Nhà liền kề,Quảng Trị,13,0,0,13,72.0,300.0,72.0,72.0,90.0,100.0,266.0,300.0,300.0,100.0,area
property_type_and_province,Biệt thự/Nhà liền kề,Sơn La,33,0,0,33,60.0,202.0,72.8,100.0,100.0,105.0,120.0,159.9999999999999,202.0,105.0,area
property_type_and_province,Biệt thự/Nhà liền kề,Thanh Hóa,570,0,0,570,60.0,800.0,60.0,75.67500000000001,100.0,180.0,216.0,300.0,395.2709999999992,180.0,area
property_type_and_province,Biệt thự/Nhà liền kề,Thái Bình,45,0,0,45,47.5,8000.0,54.32,66.4,90.0,102.5,250.0,740.0,8000.0,102.5,area
property_type_and_province,Biệt thự/Nhà liền kề,Thái Nguyên,64,0,0,64,96.0,929.0,96.0,96.0,100.0,120.0,200.0,742.799999999999,929.0,120.0,area
property_type_and_province,Biệt thự/Nhà liền kề,Tiền Giang,17,0,0,17,84.0,2422.0,84.0,84.0,115.0,200.0,541.6,2422.0,2422.0,200.0,area
property_type_and_province,Biệt thự/Nhà liền kề,Trà Vinh,26,0,0,26,71.0,4250.0,71.0,71.0,71.0,85.0,100.0,3237.5,4250.0,85.0,area
property_type_and_province,Biệt thự/Nhà liền kề,Tuyên Quang,4,0,0,4,250.0,270.0,250.0,250.0,250.0,260.0,270.0,270.0,270.0,260.0,area
property_type_and_province,Biệt thự/Nhà liền kề,Tây Ninh,101,0,0,101,48.0,4000.0,63.5,64.0,64.0,65.0,90.0,121.2,4000.0,65.0,area
property_type_and_province,Biệt thự/Nhà liền kề,Vĩnh Long,28,0,0,28,70.0,5234.0,70.0,71.75,81.1,108.0,307.5,4054.8499999999954,5234.0,108.0,area
property_type_and_province,Biệt thự/Nhà liền kề,Vĩnh Phúc,833,0,0,833,10.0,5000.0,74.25,93.0,140.0,200.0,325.0,899.0,2092.8799999999965,200.0,area
property_type_and_province,Biệt thự/Nhà liền kề,Yên Bái,13,0,0,13,80.0,300.0,80.0,80.0,100.0,235.0,280.0,300.0,300.0,235.0,area
property_type_and_province,Biệt thự/Nhà liền kề,Đà Nẵng,2458,0,0,2458,50.0,5000.0,63.0,86.1,150.0,250.0,332.25,750.4500000000003,1097.7,250.0,area
property_type_and_province,Biệt thự/Nhà liền kề,Đắk Lắk,99,0,0,99,100.0,525.0,100.0,100.0,100.0,122.0,223.95,316.0,522.0600000000001,122.0,area
property_type_and_province,Biệt thự/Nhà liền kề,Đồng Nai,2699,0,0,2699,65.0,5737.0,84.98,98.0,120.0,160.0,233.0,460.0,1200.999999999999,160.0,area
property_type_and_province,Biệt thự/Nhà liền kề,Đồng Tháp,1,0,0,1,600.0,600.0,600.0,600.0,600.0,600.0,600.0,600.0,600.0,600.0,area
property_type_and_province,Căn hộ chung cư,An Giang,9,0,0,9,32.0,82.1,32.0,32.0,32.0,46.0,51.0,73.66,80.41199999999999,46.0,area
property_type_and_province,Căn hộ chung cư,Bà Rịa - Vũng Tàu,3035,0,0,3035,27.9,500.0,41.0,48.0,57.879999999999995,73.0,83.0,115.0,170.0,73.0,area
property_type_and_province,Căn hộ chung cư,Bình Dương,15233,0,0,15233,10.0,522.0,33.0,40.0,51.0,60.0,71.0,91.0,109.0,60.0,area
property_type_and_province,Căn hộ chung cư,Bình Phước,1,0,0,1,41.0,41.0,41.0,41.0,41.0,41.0,41.0,41.0,41.0,41.0,area
property_type_and_province,Căn hộ chung cư,Bình Thuận,41,0,0,41,32.0,167.0,34.0,37.0,50.0,60.0,86.0,165.0,166.20000000000002,60.0,area
property_type_and_province,Căn hộ chung cư,Bình Định,844,0,0,844,33.0,143.0,35.0,41.0,52.0,61.0,65.0,85.84999999999991,96.0,61.0,area
property_type_and_province,Căn hộ chung cư,Bắc Giang,516,0,0,516,26.0,221.0,29.66,31.0,49.725,65.5,79.0,102.0,103.85000000000002,65.5,area
property_type_and_province,Căn hộ chung cư,Bắc Ninh,625,0,0,625,26.0,143.0,28.498399999999997,41.0,54.1,68.0,70.0,77.0,98.0,68.0,area
property_type_and_province,Căn hộ chung cư,Bến Tre,4,0,0,4,50.0,65.0,50.45,52.25,61.25,65.0,65.0,65.0,65.0,65.0,area
property_type_and_province,Căn hộ chung cư,Cà Mau,1,0,0,1,63.0,63.0,63.0,63.0,63.0,63.0,63.0,63.0,63.0,63.0,area
property_type_and_province,Căn hộ chung cư,Cần Thơ,477,0,0,477,30.0,165.37,30.0,37.0,50.0,70.0,70.74,103.20000000000002,114.0,70.0,area
property_type_and_province,Căn hộ chung cư,Huế,185,0,0,185,43.5,128.22,48.96,53.0,60.0,64.0,81.7,89.59999999999997,115.01519999999995,64.0,area
property_type_and_province,Căn hộ chung cư,Hà Nam,671,0,0,671,29.0,180.0,29.0,30.0,45.0,46.0,61.15,90.0,95.47999999999983,46.0,area
property_type_and_province,Căn hộ chung cư,Hà Nội,164861,0,0,164861,4.0,43722.0,31.0,45.0,66.0,80.1,105.0,150.0,215.0,80.1,area
property_type_and_province,Căn hộ chung cư,Hà Tĩnh,1,0,0,1,67.0,67.0,67.0,67.0,67.0,67.0,67.0,67.0,67.0,67.0,area
property_type_and_province,Căn hộ chung cư,Hòa Bình,1,0,0,1,40.0,40.0,40.0,40.0,40.0,40.0,40.0,40.0,40.0,40.0,area
property_type_and_province,Căn hộ chung cư,Hưng Yên,8385,0,0,8385,27.0,631.1,29.0,31.0,53.0,66.0,84.0,135.0,206.0,66.0,area
property_type_and_province,Căn hộ chung cư,Hải Dương,84,0,0,84,30.0,150.0,30.0,37.0,52.0,57.0,67.25,102.0,116.80000000000007,57.0,area
property_type_and_province,Căn hộ chung cư,Hải Phòng,2520,2,0,2518,27.0,11000.0,32.0,40.0,53.6,64.0,70.8,100.71500000000002,174.0,64.0,area
property_type_and_province,Căn hộ chung cư,Hậu Giang,7,0,0,7,48.0,58.4,48.0,48.0,48.0,53.5,55.95,58.400000000000006,58.4,53.5,area
property_type_and_province,Căn hộ chung cư,Hồ Chí Minh,152229,0,0,152229,5.0,12865.0,33.728,48.0,65.0,75.0,94.0,138.0,218.0,75.0,area
property_type_and_province,Căn hộ chung cư,Khánh Hòa,7230,0,0,7230,22.0,696.0,37.34,44.0,58.8,65.0,70.56,88.0,122.71000000000004,65.0,area
property_type_and_province,Căn hộ chung cư,Kiên Giang,233,0,0,233,26.0,180.0,27.0,29.14,34.0,49.0,63.0,80.0,102.0,49.0,area
property_type_and_province,Căn hộ chung cư,Long An,1183,0,0,1183,28.0,200.0,30.0,33.0,46.0,51.0,58.0,96.0,115.42,51.0,area
property_type_and_province,Căn hộ chung cư,Lào Cai,51,0,0,51,43.0,98.0,43.0,44.0,45.0,60.0,69.0,86.215,94.0,60.0,area
property_type_and_province,Căn hộ chung cư,Lâm Đồng,234,0,0,234,33.0,300.0,35.9107,42.0,49.25,53.0,64.0,167.0,252.0,53.0,area
property_type_and_province,Căn hộ chung cư,Nam Định,15,0,0,15,68.0,77.0,68.0,68.0,70.0,75.0,75.0,77.0,77.0,75.0,area
property_type_and_province,Căn hộ chung cư,Nghệ An,359,0,0,359,37.0,214.0,38.992000000000004,50.0,64.0,70.0,81.9,106.0,136.21,70.0,area
property_type_and_province,Căn hộ chung cư,Ninh Thuận,68,0,0,68,36.0,105.0,36.0,36.0,45.0,50.0,67.0,104.0,104.33,50.0,area
property_type_and_province,Căn hộ chung cư,Phú Thọ,110,0,0,110,32.4,324.0,32.4,35.0,68.0,92.0,105.0,136.7999999999999,308.6639999999994,92.0,area
property_type_and_province,Căn hộ chung cư,Phú Yên,18,0,0,18,31.0,75.0,31.17,31.85,33.0,35.5,36.08,70.75,74.14999999999999,35.5,area
property_type_and_province,Căn hộ chung cư,Quảng Bình,41,0,0,41,30.0,73.0,30.0,30.0,35.0,45.0,59.32,73.0,73.0,45.0,area
property_type_and_province,Căn hộ chung cư,Quảng Nam,5,0,0,5,52.4,9000.0,52.39999999999999,52.400000000000006,52.4,392.0,392.0,7278.399999999998,8655.68,392.0,area
property_type_and_province,Căn hộ chung cư,Quảng Ninh,2295,0,0,2295,28.0,416.82,30.0,32.0,45.0,65.0,72.3,98.0,152.0,65.0,area
property_type_and_province,Căn hộ chung cư,Sơn La,1,0,0,1,94.0,94.0,94.0,94.0,94.0,94.0,94.0,94.0,94.0,94.0,area
property_type_and_province,Căn hộ chung cư,Thanh Hóa,510,0,0,510,28.0,121.0,29.0,35.0,53.0,58.0,65.0,77.38,86.95499999999998,58.0,area
property_type_and_province,Căn hộ chung cư,Thái Bình,120,0,0,120,36.0,102.6,36.8,47.85,74.5,76.1,77.7,102.6,102.6,76.1,area
property_type_and_province,Căn hộ chung cư,Thái Nguyên,1083,0,0,1083,30.0,143.0,44.0,52.8,61.55,70.0,73.0,82.94799999999992,104.0,70.0,area
property_type_and_province,Căn hộ chung cư,Tiền Giang,24,0,0,24,40.0,72.0,40.46,42.063,45.25,46.0,63.0,71.39999999999999,72.0,46.0,area
property_type_and_province,Căn hộ chung cư,Tây Ninh,26,0,0,26,49.0,70.0,49.1275,49.54,54.945,60.0,60.0,61.75,68.0,60.0,area
property_type_and_province,Căn hộ chung cư,Vĩnh Long,1,0,0,1,60.0,60.0,60.0,60.0,60.0,60.0,60.0,60.0,60.0,60.0,area
property_type_and_province,Căn hộ chung cư,Vĩnh Phúc,200,0,0,200,38.7,300.0,40.977,42.0,66.525,70.0,80.0,186.0,296.03999999999996,70.0,area
property_type_and_province,Căn hộ chung cư,Điện Biên,1,0,0,1,64.0,64.0,64.0,64.0,64.0,64.0,64.0,64.0,64.0,64.0,area
property_type_and_province,Căn hộ chung cư,Đà Nẵng,7456,0,0,7456,25.0,88742.0,30.0,37.4,54.0,66.0,77.0,109.0,140.89999999999964,66.0,area
property_type_and_province,Căn hộ chung cư,Đắk Lắk,24,0,0,24,40.6,110.0,40.6,40.81,42.7,45.0,65.0,65.7,99.81099999999999,45.0,area
property_type_and_province,Căn hộ chung cư,Đồng Nai,1143,0,0,1143,29.3,510.0,32.357,46.0,52.0,56.0,69.0,94.0,186.39999999999418,56.0,area
property_type_and_province,Căn hộ chung cư,Đồng Tháp,1,0,0,1,75.0,75.0,75.0,75.0,75.0,75.0,75.0,75.0,75.0,75.0,area
property_type_and_province,Nhà,An Giang,258,0,0,258,19.3,1283.0,28.839,39.97,62.0,90.0,144.0,384.9249999999991,843.5980000000038,90.0,area
property_type_and_province,Nhà,Bà Rịa - Vũng Tàu,5406,0,0,5406,6.0,12000.0,31.050000000000004,43.3,72.0,96.35,148.75,478.75,1310.0,96.35,area
property_type_and_province,Nhà,Bình Dương,17094,0,0,17094,8.0,11800.0,45.0,60.0,70.0,90.0,125.0,300.0,722.0919999999954,90.0,area
property_type_and_province,Nhà,Bình Phước,218,0,0,218,42.0,9089.4,52.17,61.3,130.0,222.5,453.75,2519.399999999982,9089.4,222.5,area
property_type_and_province,Nhà,Bình Thuận,644,0,0,644,45.0,24000.0,54.0,71.075,100.0,135.0,260.975,1000.0,1688.260000000001,135.0,area
property_type_and_province,Nhà,Bình Định,593,0,0,593,14.0,1240.0,29.52,40.0,49.0,72.3,103.0,335.0,445.0,72.3,area
property_type_and_province,Nhà,Bạc Liêu,17,0,0,17,69.75,926.0,69.75,69.75,80.0,109.0,184.0,926.0,926.0,109.0,area
property_type_and_province,Nhà,Bắc Giang,156,0,0,156,40.3,5000.0,41.875,61.0,89.0,131.0,219.5,531.2,3349.999999999966,131.0,area
property_type_and_province,Nhà,Bắc Kạn,3,0,0,3,70.0,300.0,70.92999999999999,74.65,93.25,116.5,208.25,281.65000000000003,296.33,116.5,area
property_type_and_province,Nhà,Bắc Ninh,705,0,0,705,35.0,6000.0,40.0,46.0,77.0,93.0,118.0,202.0,330.0,93.0,area
property_type_and_province,Nhà,Bến Tre,548,0,0,548,21.0,19000.0,29.364,44.400000000000006,93.4,120.0,229.375,900.0,2868.8,120.0,area
property_type_and_province,Nhà,Cao Bằng,16,0,0,16,58.8,370.0,61.23,70.95,92.325,106.0,206.25,328.75,361.75,106.0,area
property_type_and_province,Nhà,Cà Mau,77,0,0,77,34.0,3120.0,37.04,59.2,80.0,100.0,120.0,619.0,2077.279999999993,100.0,area
property_type_and_province,Nhà,Cần Thơ,1860,0,0,1860,16.4,3300.0,22.677,40.0,62.4,80.0,109.69999999999999,320.04999999999995,741.0000000000082,80.0,area
property_type_and_province,Nhà,Gia Lai,85,0,0,85,54.0,5000.0,56.3184,75.0,100.0,150.0,500.0,1491.0399999999995,2852.1199999999917,150.0,area
property_type_and_province,Nhà,Huế,800,0,0,800,33.0,3200.0,41.188,48.99,75.0,100.7,139.0,300.0,702.1199999999999,100.7,area
property_type_and_province,Nhà,Hà Giang,32,0,0,32,52.5,605.7,58.544999999999995,72.374,87.0,105.6,243.0,246.15,495.43300000000045,105.6,area
property_type_and_province,Nhà,Hà Nam,188,0,0,188,34.0,3910.0,39.22,46.56999999999999,75.0,90.0,126.7,341.60000000000014,1018.4999999999889,90.0,area
property_type_and_province,Nhà,Hà Nội,275171,0,0,275171,3.2,50500.0,21.0,30.0,38.0,48.0,65.0,130.0,270.0,48.0,area
property_type_and_province,Nhà,Hà Tĩnh,27,0,0,27,35.0,686.0,38.12,49.1,103.5,150.0,264.0,450.0,624.6399999999996,150.0,area
property_type_and_province,Nhà,Hòa Bình,125,0,0,125,43.0,8000.0,45.0,50.2,78.0,143.0,487.0,2809.399999999997,7088.000000000019,143.0,area
property_type_and_province,Nhà,Hưng Yên,357,0,0,357,21.72,620.0,38.2,41.0,63.0,92.0,115.0,261.0,547.2,92.0,area
property_type_and_province,Nhà,Hải Dương,223,0,0,223,25.0,1000.0,30.422400000000003,40.0,46.0,58.0,80.05,252.09999999999934,415.0,58.0,area
property_type_and_province,Nhà,Hải Phòng,6463,0,0,6463,15.0,8192.0,28.0,39.0,46.0,59.0,80.0,180.0,436.98,59.0,area
property_type_and_province,Nhà,Hậu Giang,55,0,0,55,49.0,1241.0,50.620000000000005,56.0,74.5,92.6,112.25,520.0,1002.8600000000004,92.6,area
property_type_and_province,Nhà,Hồ Chí Minh,388251,0,0,388251,3.0,26462.0,18.6,30.0,52.0,68.0,100.0,256.91499999999996,672.0,68.0,area
property_type_and_province,Nhà,Khánh Hòa,16505,0,0,16505,9.0,11191.0,27.0,40.9,64.0,87.0,118.0,231.8,500.0,87.0,area
property_type_and_province,Nhà,Kiên Giang,479,0,0,479,26.8,10600.0,34.312,53.6,90.0,110.0,179.8,622.0,2170.6259999999684,110.0,area
property_type_and_province,Nhà,Kon Tum,51,0,0,51,50.0,1457.0,55.0,74.3,129.5,175.0,338.0,1319.0,1457.0,175.0,area
property_type_and_province,Nhà,Lai Châu,24,0,0,24,89.3,240.0,90.059,93.71,105.0,105.0,166.25,238.0,239.54,105.0,area
property_type_and_province,Nhà,Long An,3199,0,0,3199,10.0,7600.0,26.0,40.0,74.2,100.0,130.75,456.6499999999994,1200.0,100.0,area
property_type_and_province,Nhà,Lào Cai,275,0,0,275,31.0,8752.0,66.184,78.167,90.0,105.0,153.0,600.0,5467.999999999984,105.0,area
property_type_and_province,Nhà,Lâm Đồng,2857,0,0,2857,18.0,20208.0,40.0,53.2,75.0,114.0,231.0,738.0,1621.8400000000006,114.0,area
property_type_and_province,Nhà,Lạng Sơn,67,0,0,67,50.0,643.0,50.0,55.3,66.0,80.0,94.75,361.9899999999992,643.0,80.0,area
property_type_and_province,Nhà,Nam Định,326,0,0,326,19.78,700.0,22.2425,35.0,47.0,57.0,80.0,220.0,340.0,57.0,area
property_type_and_province,Nhà,Nghệ An,180,0,0,180,34.0,4863.6,49.412,52.885,94.7,125.35,163.5,541.1999999999989,2500.0,125.35,area
property_type_and_province,Nhà,Ninh Bình,101,0,0,101,42.8,2100.0,44.0,50.0,72.0,100.0,138.5,358.0,2100.0,100.0,area
property_type_and_province,Nhà,Ninh Thuận,216,0,0,216,49.5,1528.0,49.5,53.75,91.5,132.0,220.0,591.0,1203.7499999999973,132.0,area
property_type_and_province,Nhà,Phú Thọ,145,0,0,145,40.0,2800.0,50.879999999999995,62.599999999999994,85.0,113.0,262.6,967.6,2000.0,113.0,area
property_type_and_province,Nhà,Phú Yên,273,0,0,273,28.0,1134.2,30.0,64.0,100.0,117.3,178.0,384.0,817.9199999999969,117.3,area
property_type_and_province,Nhà,Quảng Bình,68,0,0,68,30.0,1000.0,50.1,72.685,112.0,146.65,178.2,287.4,1000.0,146.65,area
property_type_and_province,Nhà,Quảng Nam,1022,0,0,1022,4.0,439000.0,50.21,74.0,107.0,165.0,262.0,1031.8999999999999,1957.0,165.0,area
property_type_and_province,Nhà,Quảng Ngãi,126,0,0,126,54.0,1064.0,56.05,63.0,100.0,130.0,224.0,314.375,736.25,130.0,area
property_type_and_province,Nhà,Quảng Ninh,851,0,0,851,20.0,12600.0,37.25,50.0,60.0,82.5,136.85,530.0,4617.285,82.5,area
property_type_and_province,Nhà,Quảng Trị,38,0,0,38,30.0,613.0,31.479999999999997,35.699999999999996,94.75,175.5,307.5,474.44999999999976,613.0,175.5,area
property_type_and_province,Nhà,Sóc Trăng,69,0,0,69,26.0,9300.0,27.047199999999997,40.0,67.5,88.0,150.0,341.9999999999999,4135.331999999948,88.0,area
property_type_and_province,Nhà,Sơn La,13,0,0,13,58.0,643.0,58.239999999999995,59.2,86.0,100.0,163.0,401.1999999999994,594.6399999999996,100.0,area
property_type_and_province,Nhà,Thanh Hóa,482,0,0,482,17.02,1117.0,33.67,43.525,68.25,88.0,125.0,469.0,800.0,88.0,area
property_type_and_province,Nhà,Thái Bình,335,0,0,335,26.0,705.0,28.68,32.7,40.0,50.0,71.5,177.20000000000005,501.9800000000001,50.0,area
property_type_and_province,Nhà,Thái Nguyên,146,0,0,146,40.0,1395.0,41.349999999999994,55.25,88.5,123.0,207.5,1200.0,1339.2000000000014,123.0,area
property_type_and_province,Nhà,Tiền Giang,426,0,0,426,20.0,3127.0,29.0,45.0,69.25,104.25,190.7125,735.5250000000001,2000.0,104.25,area
property_type_and_province,Nhà,Trà Vinh,50,0,0,50,32.0,554.0,32.0,48.1275,75.0,96.25,143.625,500.0,527.5399999999998,96.25,area
property_type_and_province,Nhà,Tuyên Quang,27,0,0,27,40.0,261.2,42.6,53.0,76.95,117.0,173.74,259.94,261.2,117.0,area
property_type_and_province,Nhà,Tây Ninh,615,0,0,615,30.0,13686.6,49.68000000000001,68.7,119.3,168.0,300.0,923.5999999999981,2359.680000000004,168.0,area
property_type_and_province,Nhà,Vĩnh Long,173,0,0,173,28.0,4200.0,32.32,53.42,88.0,100.0,149.0,420.80000000000075,2385.0,100.0,area
property_type_and_province,Nhà,Vĩnh Phúc,502,0,0,502,25.15,5300.0,42.029,61.050000000000004,90.0,104.0,141.5,742.0,1747.0,104.0,area
property_type_and_province,Nhà,Yên Bái,53,0,0,53,46.0,4200.0,54.944,70.44,100.0,144.0,197.3,400.2,3116.2159999999935,144.0,area
property_type_and_province,Nhà,Điện Biên,12,0,0,12,45.0,180.0,45.769999999999996,48.849999999999994,65.125,100.0,133.77499999999998,163.4835,176.69670000000002,100.0,area
property_type_and_province,Nhà,Đà Nẵng,27741,0,0,27741,4.5,66879000.0,36.0,50.0,72.0,90.0,110.0,220.0,473.0,90.0,area
property_type_and_province,Nhà,Đắk Lắk,639,0,0,639,32.0,5300.0,38.635999999999996,54.959999999999994,87.4,109.0,150.0,401.0000000000002,1037.0,109.0,area
property_type_and_province,Nhà,Đắk Nông,38,0,0,38,105.0,9000.0,121.65,165.3,187.5,288.0,648.75,1706.6499999999999,6317.500000000018,288.0,area
property_type_and_province,Nhà,Đồng Nai,10044,0,0,10044,17.0,21000.0,38.0,60.0,78.0,95.0,121.0,374.0,1738.2399999999907,95.0,area
property_type_and_province,Nhà,Đồng Tháp,140,0,0,140,23.65,2763.0,30.0,34.925000000000004,76.725,105.45,201.75,657.0949999999976,2119.4999999999754,105.45,area
property_type_and_province,Shophouse,An Giang,11,0,0,11,65.0,115.0,65.0,65.0,90.0,100.0,111.5,115.0,115.0,100.0,area
property_type_and_province,Shophouse,Bà Rịa - Vũng Tàu,241,0,0,241,55.0,1437.0,55.0,65.0,120.0,140.0,224.0,386.17,1119.7199999999955,140.0,area
property_type_and_province,Shophouse,Bình Dương,2128,0,0,2128,25.0,1431.0,50.0,60.0,75.0,100.0,100.0,168.0,218.29800000000006,100.0,area
property_type_and_province,Shophouse,Bình Phước,74,0,0,74,91.0,2400.0,97.57,117.5,130.0,130.0,130.0,547.599999999996,2400.0,130.0,area
property_type_and_province,Shophouse,Bình Thuận,51,0,0,51,70.0,246.0,70.0,90.3,100.0,108.0,120.0,120.0,203.0,108.0,area
property_type_and_province,Shophouse,Bình Định,159,0,0,159,55.0,306.0,58.0,66.0,92.5,98.5,100.6,140.59999999999985,275.3,98.5,area
property_type_and_province,Shophouse,Bạc Liêu,10,0,0,10,72.5,206.25,72.72500000000001,73.625,75.0,87.5,100.0,206.25,206.25,87.5,area
property_type_and_province,Shophouse,Bắc Giang,195,0,0,195,51.0,700.0,60.0,65.08600000000001,84.0,90.0,112.0,150.0,277.000000000001,90.0,area
property_type_and_province,Shophouse,Bắc Ninh,1126,0,0,1126,5.0,405.49,75.0,75.0,85.0,100.0,120.0,165.0,180.0,100.0,area
property_type_and_province,Shophouse,Bến Tre,2,0,0,2,100.0,100.0,100.0,100.0,100.0,100.0,100.0,100.0,100.0,100.0,area
property_type_and_province,Shophouse,Cao Bằng,4,0,0,4,74.2,119.0,74.224,74.32000000000001,74.8,75.0,86.0,112.39999999999999,117.67999999999998,75.0,area
property_type_and_province,Shophouse,Cà Mau,1,0,0,1,125.0,125.0,125.0,125.0,125.0,125.0,125.0,125.0,125.0,125.0,area
property_type_and_province,Shophouse,Cần Thơ,54,0,0,54,65.0,225.0,65.0,86.5,90.0,108.0,108.0,220.0,225.0,108.0,area
property_type_and_province,Shophouse,Huế,160,0,0,160,57.0,276.0,64.67,93.0,102.0,112.0,126.0,154.0,220.0,112.0,area
property_type_and_province,Shophouse,Hà Nam,88,0,0,88,40.0,4573.0,40.0,45.0,60.0,68.0,117.75,180.0,838.0899999999805,68.0,area
property_type_and_province,Shophouse,Hà Nội,4910,0,0,4910,24.0,7000.0,35.0,48.0,74.455,95.0,135.0,300.0,740.0,95.0,area
property_type_and_province,Shophouse,Hà Tĩnh,10,0,0,10,85.0,235.0,85.00000000000001,85.0,100.0,100.0,119.0,235.0,235.0,100.0,area
property_type_and_province,Shophouse,Hòa Bình,42,0,0,42,100.0,262.0,100.0,108.0,108.0,112.0,139.5,258.89999999999975,262.0,112.0,area
property_type_and_province,Shophouse,Hưng Yên,1806,0,0,1806,9.0,632.0,48.0,58.5,84.0,100.0,112.5,160.5,206.6,100.0,area
property_type_and_province,Shophouse,Hải Dương,7,0,0,7,36.0,135.0,38.04,46.2,70.0,75.0,117.5,135.0,135.0,75.0,area
property_type_and_province,Shophouse,Hải Phòng,1155,0,0,1155,30.0,550.0,57.9862,63.0,75.0,90.0,108.0,157.0,244.60000000000036,90.0,area
property_type_and_province,Shophouse,Hậu Giang,2,0,0,2,110.0,110.0,110.0,110.0,110.0,110.0,110.0,110.0,110.0,110.0,area
property_type_and_province,Shophouse,Hồ Chí Minh,4981,0,0,4981,6.4,12468.7,35.6,50.0,89.4,115.0,168.0,327.0,658.9999999999982,115.0,area
property_type_and_province,Shophouse,Khánh Hòa,527,0,0,527,35.26,297.7,46.0,53.67,70.47000122070312,100.0,123.9,200.0,228.66600000000003,100.0,area
property_type_and_province,Shophouse,Kiên Giang,250,0,0,250,60.0,496.8,70.98,81.0,105.0,120.0,126.6925,250.0,488.4,120.0,area
property_type_and_province,Shophouse,Long An,670,0,0,670,40.0,400.0,60.0,60.0,90.0,102.0,120.0,180.0,307.74999999999864,102.0,area
property_type_and_province,Shophouse,Lào Cai,39,0,0,39,62.0,6800.0,62.0,82.7,97.5,100.0,117.0,185.0,4286.299999999983,100.0,area
property_type_and_province,Shophouse,Lâm Đồng,5,0,0,5,66.99,165.6,66.98999999999998,66.99,66.99,67.0,80.0,148.47999999999996,162.176,67.0,area
property_type_and_province,Shophouse,Lạng Sơn,33,0,0,33,78.0,106.3,78.24,78.75,78.75,78.75,88.75,98.31999999999998,106.29999999999998,78.75,area
property_type_and_province,Shophouse,Nam Định,1,0,0,1,70.0,70.0,70.0,70.0,70.0,70.0,70.0,70.0,70.0,70.0,area
property_type_and_province,Shophouse,Nghệ An,132,0,0,132,68.0,428.8,68.62,75.0,94.19999999999999,114.0,140.0,180.0,355.3919999999995,114.0,area
property_type_and_province,Shophouse,Ninh Thuận,67,0,0,67,80.0,574.0,80.0,81.0,81.0,100.0,117.3,501.999999999999,574.0,100.0,area
property_type_and_province,Shophouse,Phú Thọ,50,0,0,50,40.0,469.0,40.0,74.5,85.0,119.4,154.0,270.0,371.48999999999955,119.4,area
property_type_and_province,Shophouse,Phú Yên,279,0,0,279,69.9,900.0,80.92,100.0,108.0,125.0,161.5,198.0,750.0,125.0,area
property_type_and_province,Shophouse,Quảng Bình,26,0,0,26,90.0,240.0,90.0,90.0,101.85,120.0,155.0,220.0,240.0,120.0,area
property_type_and_province,Shophouse,Quảng Nam,44,0,0,44,70.0,328.0,70.0,90.0,90.30000000000001,105.0,144.0,175.0,262.21000000000004,105.0,area
property_type_and_province,Shophouse,Quảng Ngãi,18,0,0,18,90.0,345.0,90.0,90.0,120.0,150.0,150.0,179.24999999999972,311.8499999999997,150.0,area
property_type_and_province,Shophouse,Quảng Ninh,754,0,0,754,27.0,1600.0,37.650000000000006,70.0,87.5,105.0,120.0,300.0,600.0,105.0,area
property_type_and_province,Shophouse,Quảng Trị,80,0,0,80,62.0,257.0,62.0,62.5,72.0,75.0,78.0,100.54999999999997,257.0,75.0,area
property_type_and_province,Shophouse,Sóc Trăng,6,0,0,6,78.0,162.0,79.6,86.0,112.5,120.0,151.5,162.0,162.0,120.0,area
property_type_and_province,Shophouse,Sơn La,2,0,0,2,105.0,105.0,105.0,105.0,105.0,105.0,105.0,105.0,105.0,105.0,area
property_type_and_province,Shophouse,Thanh Hóa,246,0,0,246,60.0,1917.4,60.0,60.0,84.2,96.0,112.5,209.25,300.0,96.0,area
property_type_and_province,Shophouse,Thái Bình,26,0,0,26,70.3,251.0,70.3,70.85,73.125,92.5,105.975,232.75,251.0,92.5,area
property_type_and_province,Shophouse,Thái Nguyên,241,0,0,241,62.0,506.0,62.5,62.5,99.0,100.0,117.0,163.0,259.9999999999999,100.0,area
property_type_and_province,Shophouse,Tiền Giang,28,0,0,28,75.0,180.0,75.0,78.15,84.0,84.0,86.25,112.78499999999995,165.15000000000003,84.0,area
property_type_and_province,Shophouse,Trà Vinh,6,0,0,6,85.0,100.0,85.0,85.0,88.75,100.0,100.0,100.0,100.0,100.0,area
property_type_and_province,Shophouse,Tuyên Quang,6,0,0,6,100.0,108.0,100.0,100.0,102.0,108.0,108.0,108.0,108.0,108.0,area
property_type_and_province,Shophouse,Tây Ninh,53,0,0,53,50.0,190.0,55.2,64.0,64.0,68.0,100.0,189.838,190.0,68.0,area
property_type_and_province,Shophouse,Vĩnh Long,8,0,0,8,53.0,105.0,53.0,53.0,53.525000000000006,67.35,93.75,105.0,105.0,67.35,area
property_type_and_province,Shophouse,Vĩnh Phúc,187,0,0,187,75.0,380.0,75.0,75.0,90.0,100.0,124.5,163.0,235.5199999999977,100.0,area
property_type_and_province,Shophouse,Yên Bái,20,0,0,20,75.0,125.0,75.0,75.0,75.0,100.0,125.0,125.0,125.0,100.0,area
property_type_and_province,Shophouse,Điện Biên,10,0,0,10,70.0,100.0,70.0,70.0,70.0,86.25,97.5,98.875,99.775,86.25,area
property_type_and_province,Shophouse,Đà Nẵng,843,0,0,843,39.8,1218.0,50.519999999999996,69.91,103.0,117.2,143.3,273.5,383.0,117.2,area
property_type_and_province,Shophouse,Đắk Lắk,151,0,0,151,83.0,225.1,98.75,100.0,100.0,110.0,120.0,156.5,212.55,110.0,area
property_type_and_province,Shophouse,Đồng Nai,442,0,0,442,43.0,830.0,63.790000000000006,90.0,97.5,120.0,151.2,336.0,496.0,120.0,area
property_type_and_province,Shophouse,Đồng Tháp,3,0,0,3,75.0,195.0,75.0,75.0,75.0,75.0,135.0,182.99999999999997,192.6,75.0,area
property_type_and_province,Đất,An Giang,661,0,0,661,28.0,14500000.0,56.0,75.0,112.5,125.0,685.0,8000.0,29243.399999999972,125.0,area
property_type_and_province,Đất,Bà Rịa - Vũng Tàu,14959,0,0,14959,3.5,4000000.0,68.0,87.5,125.0,234.0,664.0,6000.0,24000.0,234.0,area
property_type_and_province,Đất,Bình Dương,26347,0,0,26347,1.141,610000.0,60.0,67.5,100.0,150.0,325.3,2500.0,19740.0,150.0,area
property_type_and_province,Đất,Bình Phước,4576,0,0,4576,3.156,3841282.0,75.0,100.0,189.7,250.0,700.0,14886.0,58756.5,250.0,area
property_type_and_province,Đất,Bình Thuận,3570,0,0,3570,4.1,13326000.0,78.345,100.0,195.0,900.0,2500.0,20000.0,90000.0,900.0,area
property_type_and_province,Đất,Bình Định,1450,0,0,1450,40.0,13000.0,42.247,64.0,85.0,114.0,177.075,524.0,1957.2949999999987,114.0,area
property_type_and_province,Đất,Bạc Liêu,143,0,0,143,75.0,150000.0,77.1,90.0,120.0,280.0,590.0,7245.9,37464.96000000037,280.0,area
property_type_and_province,Đất,Bắc Giang,2327,0,0,2327,43.0,895700.0,66.364,72.0,85.2,100.0,144.0,1000.0,3658.3599999999533,100.0,area
property_type_and_province,Đất,Bắc Kạn,23,0,0,23,60.0,300000.0,60.0,60.3,75.65,95.0,275.5,18199.999999999975,238400.00000000032,95.0,area
property_type_and_province,Đất,Bắc Ninh,6027,0,0,6027,5.0,30000.0,41.0,48.9,74.0,90.0,106.5,260.0,874.0,90.0,area
property_type_and_province,Đất,Bến Tre,1563,0,0,1563,40.8,53000.0,80.0,98.03,120.0,300.0,1000.0,4990.599999999988,16844.35999999974,300.0,area
property_type_and_province,Đất,Cao Bằng,58,0,0,58,41.0,1100.0,51.83,67.5,89.69999999999999,113.0,150.0,456.3999999999993,1049.27,113.0,area
property_type_and_province,Đất,Cà Mau,297,0,0,297,50.0,280000.0,60.864000000000004,82.2,120.0,130.0,312.5,11133.199999999975,60399.2400000002,130.0,area
property_type_and_province,Đất,Cần Thơ,2047,0,0,2047,28.0,400000.0,41.6,65.0,91.0,120.0,258.75,2500.0,9000.0,120.0,area
property_type_and_province,Đất,Gia Lai,519,0,0,519,50.0,117471.0,84.18,105.0,156.8,400.0,1211.0,17160.299999999945,62823.87600000042,400.0,area
property_type_and_province,Đất,Huế,2027,0,0,2027,40.0,73301.0,60.0,61.1,96.0,120.0,196.5,750.0,1898.6260000000048,120.0,area
property_type_and_province,Đất,Hà Giang,39,0,0,39,67.5,10000.0,67.5,71.55,104.0,160.0,700.0,7750.000000000004,10000.0,160.0,area
property_type_and_province,Đất,Hà Nam,1750,0,0,1750,27.85,35000.0,51.0,64.0,86.0,100.0,128.0,360.0,6254.999999999995,100.0,area
property_type_and_province,Đất,Hà Nội,103190,0,0,103190,3.312,3600000.0,32.0,40.0,56.0,80.3,110.0,415.5,1776.5550000000003,80.3,area
property_type_and_province,Đất,Hà Tĩnh,534,0,0,534,70.0,31000.0,79.2,100.0,142.0,170.35,260.0,2405.0,14200.0,170.35,area
property_type_and_province,Đất,Hòa Bình,5972,0,0,5972,1.73,1000000.0,54.0,65.6,105.0,255.0,1200.0,5145.349999999996,16491.18999999999,255.0,area
property_type_and_province,Đất,Hưng Yên,5133,0,0,5133,8.0,2250000.0,43.096,53.3,72.0,92.0,111.0,296.0,757.0,92.0,area
property_type_and_province,Đất,Hải Dương,1151,0,0,1151,17.6,120000.0,40.7,51.7,75.0,95.0,155.85,1417.5,30000.0,95.0,area
property_type_and_province,Đất,Hải Phòng,17162,0,0,17162,26.0,80000.0,40.0,48.0,60.6,80.0,110.5,344.9499999999989,1110.0,80.0,area
property_type_and_province,Đất,Hậu Giang,416,0,0,416,45.3,14000.0,63.0,75.0,95.0,120.0,261.675,4893.8,10669.435000000016,120.0,area
property_type_and_province,Đất,Hồ Chí Minh,91753,0,0,91753,3.611,62000000.0,50.0,54.7,82.0,120.0,234.0,1764.0,7800.0,120.0,area
property_type_and_province,Đất,Khánh Hòa,26263,0,0,26263,3.996,731036.0,50.0,63.91000000000001,92.0,126.0,269.0,1838.9799999999777,11741.7,126.0,area
property_type_and_province,Đất,Kiên Giang,1861,0,0,1861,41.0,5000000.0,76.3,96.1,120.0,258.0,860.0,6611.9,32093.680000000288,258.0,area
property_type_and_province,Đất,Kon Tum,239,0,0,239,30.0,100000.0,44.56,103.06800000000001,182.0,310.0,1115.0,17000.0,57211.840000000055,310.0,area
property_type_and_province,Đất,Lai Châu,26,0,0,26,105.0,1200.0,105.0,105.0,105.0,187.75,512.5,998.75,1163.25,187.75,area
property_type_and_province,Đất,Long An,14518,0,0,14518,5.0,10000000.0,64.0,80.0,100.0,125.0,243.0,3000.0,17600.0,125.0,area
property_type_and_province,Đất,Lào Cai,458,0,0,458,60.0,53000.0,76.0,89.85,100.5,200.0,587.5,10159.359999999899,34735.52000000007,200.0,area
property_type_and_province,Đất,Lâm Đồng,8815,0,0,8815,12.0,420000.0,70.0,100.0,156.0,287.0,789.5,6907.319999999988,22000.0,287.0,area
property_type_and_province,Đất,Lạng Sơn,136,0,0,136,50.0,1100.0,52.515,61.3,80.0,100.0,160.75,412.5,795.0000000000017,100.0,area
property_type_and_province,Đất,Nam Định,2586,0,0,2586,10.0,1400000.0,50.0,60.0,87.0,100.0,113.9,254.25,810.0,100.0,area
property_type_and_province,Đất,Nghệ An,1426,0,0,1426,50.0,7000.0,58.650000000000006,68.82499999999999,100.0,132.0,192.0,803.25,1601.2,132.0,area
property_type_and_province,Đất,Ninh Bình,737,0,0,737,23.5,85000.0,59.232,74.80000000000001,100.0,135.0,255.0,1515.5,17000.0,135.0,area
property_type_and_province,Đất,Ninh Thuận,989,0,0,989,12.0,4410000.0,63.0,68.0,100.0,140.0,400.0,6399.0,101140.72000000004,140.0,area
property_type_and_province,Đất,Phú Thọ,2356,0,0,2356,30.25,2300000.0,65.0,76.0,100.0,121.0,220.0,1868.8,23149.999999998727,121.0,area
property_type_and_province,Đất,Phú Yên,1121,0,0,1121,50.0,420000.0,70.0,88.3,125.0,215.0,486.0,3500.0,21377.0,215.0,area
property_type_and_province,Đất,Quảng Bình,432,0,0,432,70.0,66300.0,79.0,100.0,127.875,164.0,253.5,789.0949999999992,4388.0,164.0,area
property_type_and_province,Đất,Quảng Nam,8488,0,0,8488,50.0,277000.0,76.261,95.0,123.0,175.0,300.0,1516.0,4290.0,175.0,area
property_type_and_province,Đất,Quảng Ngãi,725,0,0,725,50.0,62000.0,64.376,90.0,110.0,132.0,234.0,1066.3,13291.759999999942,132.0,area
property_type_and_province,Đất,Quảng Ninh,3936,0,0,3936,10.864,736000.0,50.0,61.9,97.0,153.6,300.0,1478.0,5426.39,153.6,area
property_type_and_province,Đất,Quảng Trị,577,0,0,577,60.0,200000.0,67.78399999999999,100.0,150.0,200.0,300.0,947.0,2000.0,200.0,area
property_type_and_province,Đất,Sóc Trăng,257,0,0,257,66.4,28992.0,75.0,99.52,120.0,195.6,1000.0,9738.399999999996,25167.32,195.6,area
property_type_and_province,Đất,Sơn La,179,0,0,179,75.0,65000.0,98.67999999999999,100.0,210.05,500.0,1500.0,10000.0,20639.999999999985,500.0,area
property_type_and_province,Đất,Thanh Hóa,3602,0,0,3602,5.0,5373000.0,63.0,78.0,100.0,125.0,180.0,558.995,4532.99,125.0,area
property_type_and_province,Đất,Thái Bình,1358,0,0,1358,20.25,450000.0,40.342,54.0,85.0,100.0,120.0,300.0,1300.0,100.0,area
property_type_and_province,Đất,Thái Nguyên,1636,0,0,1636,36.0,74897.0,67.0,85.0,100.0,105.03,157.0,1136.75,4895.000000000027,105.03,area
property_type_and_province,Đất,Tiền Giang,2166,0,0,2166,3.632,96000.0,68.65,94.075,120.0,150.0,350.0,4280.15,19600.0,150.0,area
property_type_and_province,Đất,Trà Vinh,271,0,0,271,50.0,23000.0,50.0,91.5,120.0,125.0,500.0,4916.0,12439.100000000053,125.0,area
property_type_and_province,Đất,Tuyên Quang,108,0,0,108,35.0,6000.0,80.0,84.329,108.0,170.6,350.0,1627.4999999999968,4929.999999999993,170.6,area
property_type_and_province,Đất,Tây Ninh,3775,0,0,3775,10.0,160000.0,75.0,95.70000000000002,150.0,235.0,636.0,9719.0,32977.0,235.0,area
property_type_and_province,Đất,Vĩnh Long,592,0,0,592,30.7,84899.0,51.82,85.0,120.0,157.5,664.125,6152.699999999932,32555.0,157.5,area
property_type_and_province,Đất,Vĩnh Phúc,3594,0,0,3594,25.0,2474000.0,50.0,70.0,100.0,108.0,195.45,1234.0,8000.0,108.0,area
property_type_and_province,Đất,Yên Bái,170,0,0,170,57.0,17000.0,62.828,67.5675,100.0,110.89500000000001,178.0,909.9999999999966,6426.000000000011,110.89500000000001,area
property_type_and_province,Đất,Điện Biên,42,0,0,42,48.0,16000.0,50.091,62.04500000000001,100.0,120.0,180.0,491.2,9943.479999999947,120.0,area
property_type_and_province,Đất,Đà Nẵng,59245,0,0,59245,4.5,490000.0,60.60000000000001,77.0,100.0,112.5,177.5,420.0,1200.0,112.5,area
property_type_and_province,Đất,Đắk Lắk,2108,0,0,2108,40.0,170000.0,60.0,86.7175,125.0,204.0,530.0,7300.0,26859.999999999673,204.0,area
property_type_and_province,Đất,Đắk Nông,467,0,0,467,40.0,350000.0,120.0,228.0,811.5,2240.0,14000.0,43047.19999999996,133399.99999999974,2240.0,area
property_type_and_province,Đất,Đồng Nai,19420,0,0,19420,3.505,18000000.0,61.0,80.0,100.0,145.0,662.0,6442.0,29055.0,145.0,area
property_type_and_province,Đất,Đồng Tháp,820,0,0,820,39.4,69970.5,51.293,76.5,120.0,262.5,1200.0,9043.34999999996,21842.263999999876,262.5,area
province,,An Giang,950,0,0,950,19.3,14500000.0,32.0,52.0,90.0,120.0,380.5,5020.899999999998,25888.0,120.0,area
province,,Bà Rịa - Vũng Tàu,26121,0,0,26121,3.5,4000000.0,42.0,53.0,93.0,150.0,355.0,3000.0,15000.0,150.0,area
province,,Bình Dương,65132,0,0,65132,1.141,610000.0,38.0,50.0,68.0,96.5,150.9,830.0,7300.0,96.5,area
province,,Bình Phước,4885,0,0,4885,3.156,3841282.0,75.0,96.0,180.0,250.0,621.0,12862.0,56184.15999999983,250.0,area
province,,Bình Thuận,5010,0,0,5010,4.1,13326000.0,59.545,90.0,145.1,372.1,1500.0,15275.000000000091,66909.99999999985,372.1,area
province,,Bình Định,3126,0,0,3126,14.0,13000.0,35.0,42.025,64.0,84.15,126.0,302.25,1238.0,84.15,area
province,,Bạc Liêu,176,0,0,176,69.75,150000.0,71.4375,75.0,120.0,203.125,516.6,7136.475,27528.0,203.125,area
province,,Bắc Giang,3262,0,0,3262,26.0,895700.0,33.0,55.0,80.0,97.7,131.0,659.0,3000.0,97.7,area
province,,Bắc Kạn,26,0,0,26,60.0,300000.0,60.0,60.75,75.65,95.5,274.25,15500.0,230000.0,95.5,area
province,,Bắc Ninh,10128,0,0,10128,5.0,30000.0,41.0,50.0,75.0,94.0,121.0,270.0,620.7299999999996,94.0,area
province,,Bến Tre,2150,0,0,2150,21.0,53000.0,39.49,79.6,117.0,210.0,740.2249999999999,3205.3899999999994,16000.0,210.0,area
province,,Cao Bằng,78,0,0,78,41.0,1100.0,54.705999999999996,67.5,82.5,108.0,150.0,372.6999999999999,1031.4700000000003,108.0,area
province,,Cà Mau,383,0,0,383,34.0,280000.0,54.92,68.5,104.25,120.0,284.0,3532.19999999999,55900.00000000003,120.0,area
province,,Cần Thơ,4609,0,0,4609,16.4,400000.0,28.032,40.0,70.6,95.0,150.0,1106.6399999999953,4999.0,95.0,area
province,,Gia Lai,609,0,0,609,50.0,117471.0,72.61999999999999,94.69999999999999,150.0,350.0,1050.0,15000.0,55599.999999999796,350.0,area
province,,Huế,3383,0,0,3383,33.0,73301.0,45.60000000000001,60.0,86.0,110.0,158.0,489.24999999999727,1314.739999999993,110.0,area
province,,Hà Giang,74,0,0,74,52.5,10000.0,63.45,72.0,100.0,116.0,297.675,3800.0,10000.0,116.0,area
province,,Hà Nam,3149,0,0,3149,27.85,35000.0,30.0,40.0,60.0,90.0,119.7,276.0,2037.9999999999995,90.0,area
province,,Hà Nội,592458,0,0,592458,3.2,3600000.0,25.0,32.0,46.0,67.0,99.0,200.0,482.2150000000256,67.0,area
province,,Hà Tĩnh,613,0,0,613,35.0,31000.0,78.0,95.0,140.0,173.0,300.0,1879.9999999999955,14200.0,173.0,area
province,,Hòa Bình,6470,0,0,6470,1.73,1000000.0,52.0,65.69,107.0,252.5,1064.0,5000.0,16000.0,252.5,area
province,,Hưng Yên,24512,0,0,24512,8.0,2250000.0,30.0,45.0,62.0,80.0,112.5,252.0,567.0,80.0,area
province,,Hải Dương,1557,0,0,1557,17.6,120000.0,36.0,44.652,68.0,90.0,143.0,1007.7999999999984,24400.000000000546,90.0,area
province,,Hải Phòng,30305,3,0,30302,15.0,80000.0,35.0,42.0,60.0,75.0,105.0,300.0,720.0,75.0,area
province,,Hậu Giang,492,0,0,492,45.3,14000.0,48.91,67.5,95.0,120.0,247.75,4000.0,10170.038999999982,120.0,area
province,,Hồ Chí Minh,668098,0,0,668098,3.0,62000000.0,21.2,35.0,58.3,77.0,114.0,342.0,1400.0,77.0,area
province,,Khánh Hòa,54905,0,0,54905,3.996,731036.0,35.0,48.0,70.56,100.0,164.0,685.3,5050.0,100.0,area
province,,Kiên Giang,3297,0,0,3297,26.0,5000000.0,30.384,54.60000000000001,108.0,142.5,500.0,3220.0,17000.0,142.5,area
province,,Kon Tum,297,0,0,297,30.0,100000.0,49.6,90.0,182.0,300.0,1000.0,15000.0,50465.28000000023,300.0,area
province,,Lai Châu,50,0,0,50,89.3,1200.0,90.917,101.80000000000001,105.0,119.0,239.5,819.8,1127.9699999999998,119.0,area
province,,Long An,21974,0,0,21974,5.0,10000000.0,35.0,51.0,90.0,111.0,184.0,1810.3499999999694,12540.0,111.0,area
province,,Lào Cai,910,0,0,910,31.0,53000.0,44.072,66.6,100.0,130.0,323.0,3000.0,20000.0,130.0,area
province,,Lâm Đồng,13037,0,0,13037,12.0,420000.0,46.0,65.0,128.0,232.0,529.0,4090.0,16657.639999999446,232.0,area
province,,Lạng Sơn,263,0,0,263,50.0,1500.0,50.062,60.37,78.75,87.5,111.3,415.9299999999996,740.6599999999988,87.5,area
province,,Nam Định,2938,0,0,2938,10.0,1400000.0,40.0,50.0,82.0,100.0,110.0,251.0,765.9500000000071,100.0,area
province,,Nghệ An,2404,0,0,2404,34.0,7000.0,50.0,61.0285,88.0,120.0,175.0,508.09999999999945,1200.0,120.0,area
province,,Ninh Bình,846,0,0,846,23.5,85000.0,50.45,64.375,100.0,130.0,233.5,1515.5,15649.999999999864,130.0,area
province,,Ninh Thuận,1379,0,0,1379,12.0,4410000.0,37.0,58.540000000000006,93.505,120.0,302.0,4565.499999999998,89136.16000000038,120.0,area
province,,Phú Thọ,2841,0,0,2841,30.25,2300000.0,50.0,72.9,100.0,121.0,228.0,1450.0,16799.999999999727,121.0,area
province,,Phú Yên,1854,0,0,1854,28.0,420000.0,38.6876,80.0,108.0,165.0,320.0,1760.0,17634.300000000017,165.0,area
province,,Quảng Bình,602,0,0,602,30.0,66300.0,30.0,53.7625,119.625,160.0,240.0,636.0,2994.0000000000055,160.0,area
province,,Quảng Nam,10199,0,0,10199,4.0,439000.0,72.0,92.0,123.0,180.0,315.0,1448.0,4000.0,180.0,area
province,,Quảng Ngãi,912,0,0,912,50.0,62000.0,61.11,85.0,106.825,132.0,232.125,1000.0,3540.5789999999943,132.0,area
province,,Quảng Ninh,9416,0,0,9416,10.864,736000.0,31.060000000000002,37.0,71.57499999999999,100.0,210.0,722.0,3800.265000000242,100.0,area
province,,Quảng Trị,708,0,0,708,30.0,200000.0,60.14,72.0,120.0,184.5,277.9,824.8,2000.0,184.5,area
province,,Sóc Trăng,332,0,0,332,26.0,28992.0,40.0,67.00500000000001,119.0,130.0,636.875,7139.0,21672.989999999976,130.0,area
province,,Sơn La,228,0,0,228,58.0,65000.0,64.05,100.0,130.0,307.25,1114.0,6975.149999999958,18000.0,307.25,area
province,,Thanh Hóa,5410,0,0,5410,5.0,5373000.0,40.636,54.0,90.0,114.0,175.0,450.0,2493.6399999999994,114.0,area
province,,Thái Bình,1884,0,0,1884,20.25,450000.0,32.83,40.0,69.52499999999999,98.5,117.475,299.90999999999997,1000.0,98.5,area
province,,Thái Nguyên,3170,0,0,3170,30.0,74897.0,50.938,61.0,72.0,100.0,125.0,590.9999999999945,3000.0,100.0,area
province,,Tiền Giang,2661,0,0,2661,3.632,96000.0,44.6,65.0,110.0,140.0,300.0,3351.0,16000.0,140.0,area
province,,Trà Vinh,353,0,0,353,32.0,23000.0,50.0,71.0,102.0,120.0,300.0,4250.0,10740.00000000001,120.0,area
province,,Tuyên Quang,145,0,0,145,35.0,6000.0,44.4,73.6,105.0,135.0,300.0,1240.4799999999968,4560.000000000002,135.0,area
province,,Tây Ninh,4570,0,0,4570,10.0,160000.0,61.0,80.0,138.4,211.9,503.25,6524.0,30450.33700000058,211.9,area
province,,Vĩnh Long,802,0,0,802,28.0,84899.0,48.0,70.10000000000001,100.0,128.0,405.2,4776.649999999978,22597.400000000056,128.0,area
province,,Vĩnh Phúc,5316,0,0,5316,10.0,2474000.0,50.0,69.0,99.0,112.5,200.0,1026.5,5000.0,112.5,area
province,,Yên Bái,256,0,0,256,46.0,17000.0,62.660000000000004,69.4875,100.0,115.0,184.0,622.25,4559.999999999991,115.0,area
province,,Điện Biên,65,0,0,65,45.0,16000.0,46.92,54.08,96.0,106.0,133.7,479.35999999999984,6545.919999999992,106.0,area
province,,Đà Nẵng,97743,0,0,97743,4.5,66879000.0,40.1,55.0,85.0,100.0,150.0,369.0,946.0,100.0,area
province,,Đắk Lắk,3021,0,0,3021,32.0,170000.0,43.102,70.0,107.1,150.0,350.0,4600.0,21800.000000000182,150.0,area
province,,Đắk Nông,505,0,0,505,40.0,350000.0,120.0,181.76000000000002,681.9,2000.0,12000.0,40349.999999999985,129599.9999999998,2000.0,area
province,,Đồng Nai,33748,0,0,33748,3.505,18000000.0,48.0,62.0,91.0,120.0,250.0,3500.0,16000.0,120.0,area
province,,Đồng Tháp,965,0,0,965,23.65,69970.5,39.4,72.0,120.0,202.0,907.0,7239.0,19360.000000000015,202.0,area
all,,,1747762,105009,0,1642753,0.0,27045454545454.547,0.0,6225793.609062092,49137931.03448276,92222222.22222222,181707317.07317072,366000000.0,603111595.7833493,92222222.22222222,price_per_m2
property_type,Biệt thự/Nhà liền kề,,116257,7986,0,108271,0.0,529990000000.0,0.0,25937500.0,85714285.71428572,160000000.0,258426966.29213482,427777777.7777778,646258503.4013605,160000000.0,price_per_m2
property_type,Căn hộ chung cư,,372162,28614,0,343548,0.0,348571428571.4286,0.0,26133333.333333332,50000000.0,68500000.0,89215686.2745098,134615384.6153846,230263157.89473686,68500000.0,price_per_m2
property_type,Nhà,,767680,35457,0,732223,0.0,27045454545454.547,3927345.7388198655,33333333.333333336,96153846.15384616,162000000.0,250000000.0,442307692.3076923,741009516.7132937,162000000.0,price_per_m2
property_type,Shophouse,,22470,1599,0,20871,0.0,25000000000.0,0.0,23733333.333333332,60000000.0,98788888.8888889,180000000.0,365853658.5365854,649545454.545454,98788888.8888889,price_per_m2
property_type,Đất,,469193,31353,0,437840,0.0,370000000000.0,0.0,1833333.3333333335,13418016.789839994,38636363.63636363,82500000.0,210000000.0,347368421.05263156,38636363.63636363,price_per_m2
property_type_and_province,Biệt thự/Nhà liền kề,An Giang,11,1,0,10,10000000.0,58333333.333333336,10708000.0,13540000.0,31578947.36842105,45000000.0,45000000.0,58333333.333333336,58333333.333333336,45000000.0,price_per_m2
property_type_and_province,Biệt thự/Nhà liền kề,Bà Rịa - Vũng Tàu,2480,92,0,2388,0.0,4200000000.0,5982612.436448963,26000000.0,65000000.0,85714285.71428572,113333333.33333333,167938931.2977099,204602251.33689845,85714285.71428572,price_per_m2
property_type_and_province,Biệt thự/Nhà liền kề,Bình Dương,4330,102,0,4228,0.0,54963235294.117645,0.0,19375000.0,30178571.42857143,47281323.87706856,74193548.38709678,115384615.38461539,128454999.99999991,47281323.87706856,price_per_m2
property_type_and_province,Biệt thự/Nhà liền kề,Bình Phước,16,0,0,16,11402214.022140222,28085106.382978722,11402214.022140222,11402214.022140222,12258064.516129032,22307692.307692308,22500000.0,25616317.91805873,27591348.689994723,22307692.307692308,price_per_m2
property_type_and_province,Biệt thự/Nhà liền kề,Bình Thuận,704,13,0,691,0.0,128571428.57142857,6140350.8771929825,21951219.51219512,27500000.0,32500000.0,36266666.666666664,53986506.74662669,84500000.00000001,32500000.0,price_per_m2
property_type_and_province,Biệt thự/Nhà liền kề,Bình Định,80,4,0,76,21000000.0,90000000.0,21916666.666666668,32977777.777777776,42916666.666666664,56216216.216216214,67468619.24686192,83041116.61166117,90000000.0,56216216.216216214,price_per_m2
property_type_and_province,Biệt thự/Nhà liền kề,Bạc Liêu,6,1,0,5,10000000.0,79866666.66666667,10406872.852233676,12034364.261168385,20171821.305841923,22500000.0,52287581.69934641,74350849.6732026,78763503.26797386,22500000.0,price_per_m2
property_type_and_province,Biệt thự/Nhà liền kề,Bắc Giang,68,7,0,61,0.0,1266666666.6666667,0.0,0.0,37000000.0,64814814.81481481,107655502.3923445,180232558.1395349,626666666.6666652,64814814.81481481,price_per_m2
property_type_and_province,Biệt thự/Nhà liền kề,Bắc Ninh,1645,119,0,1526,0.0,36000000000.0,0.0,30911764.70588235,64906824.14698163,71288888.8888889,81323529.41176471,135416666.66666666,200000000.0,71288888.8888889,price_per_m2
property_type_and_province,Biệt thự/Nhà liền kề,Bến Tre,33,0,0,33,2925877.763328999,49315068.49315068,2925877.7633289983,3045351.1053315997,6944444.444444444,8333333.333333333,12731481.481481481,49126027.39726028,49315068.49315068,8333333.333333333,price_per_m2
property_type_and_province,Biệt thự/Nhà liền kề,Cà Mau,7,0,0,7,8333333.333333333,49333333.333333336,8597222.222222222,9652777.777777778,12731481.481481481,12731481.481481481,12731481.481481481,38352777.777777754,47137222.22222221,12731481.481481481,price_per_m2
property_type_and_province,Biệt thự/Nhà liền kề,Cần Thơ,171,6,0,165,0.0,112397820.16348773,0.0,22350877.192982458,35780382.479950644,55000000.0,74253731.34328358,89814169.5702671,102749302.78334916,55000000.0,price_per_m2
property_type_and_province,Biệt thự/Nhà liền kề,Gia Lai,5,0,0,5,8205128.205128205,34188034.18803419,8205128.205128204,8205128.205128205,8205128.205128205,8205128.205128205,33542976.939203355,34059022.738268025,34162231.89808096,8205128.205128205,price_per_m2
property_type_and_province,Biệt thự/Nhà liền kề,Huế,211,13,0,198,4900000.0,133333333.33333333,7558578.987150415,18221330.275229357,41906250.0,56250000.0,61823851.34275168,86466365.66558415,113882812.50000001,56250000.0,price_per_m2
property_type_and_province,Biệt thự/Nhà liền kề,Hà Giang,3,0,0,3,18333333.333333332,62666666.666666664,18419999.999999996,18766666.666666668,20500000.0,22666666.666666668,42666666.666666664,58666666.666666664,61866666.666666664,22666666.666666668,price_per_m2
property_type_and_province,Biệt thự/Nhà liền kề,Hà Nam,452,67,0,385,0.0,260000000.0,0.0,28422222.22222223,83333333.33333333,95000000.0,102857142.85714285,145282485.875706,250000000.0,95000000.0,price_per_m2
property_type_and_province,Biệt thự/Nhà liền kề,Hà Nội,44326,5063,0,39263,0.0,529990000000.0,0.0,31578947.36842105,193617021.27659574,262500000.0,340000000.0,496183206.10687023,686740196.0784281,262500000.0,price_per_m2
property_type_and_province,Biệt thự/Nhà liền kề,Hà Tĩnh,41,1,0,40,6964285.714285715,72222222.22222222,6964285.714285715,6964285.714285715,19309318.55500821,26388888.888888888,30894308.94308943,46666666.666666664,62255555.55555554,26388888.888888888,price_per_m2
property_type_and_province,Biệt thự/Nhà liền kề,Hòa Bình,330,49,0,281,0.0,86206896.55172414,0.0,0.0,17500000.0,24285714.285714287,32345013.47708895,45289855.072463766,83908045.97701149,24285714.285714287,price_per_m2
property_type_and_province,Biệt thự/Nhà liền kề,Hưng Yên,8831,507,0,8324,0.0,592105263.1578947,0.0,115625000.0,140000000.0,153846153.84615386,178148205.44554454,233286970.99381816,285714285.71428573,153846153.84615386,price_per_m2
property_type_and_province,Biệt thự/Nhà liền kề,Hải Dương,92,31,0,61,0.0,1150000000.0,0.0,0.0,54575453.737783976,91851851.85185185,105185185.18518518,190000000.0,585999999.9999987,91851851.85185185,price_per_m2
property_type_and_province,Biệt thự/Nhà liền kề,Hải Phòng,3005,176,0,2829,0.0,5370059880.239521,0.0,40000000.0,68750000.0,87991718.42650104,123428571.42857143,166666666.66666666,198473282.4427481,87991718.42650104,price_per_m2
property_type_and_province,Biệt thự/Nhà liền kề,Hậu Giang,12,1,0,11,0.0,60326530.6122449,500000.0,2500000.0,5588235.294117647,23255813.953488372,58695652.17391305,60326530.6122449,60326530.6122449,23255813.953488372,price_per_m2
property_type_and_province,Biệt thự/Nhà liền kề,Hồ Chí Minh,30884,647,0,30237,0.0,429215384615.38464,20253164.556962024,68791946.30872484,116110304.78955007,172222222.2222222,245421245.42124543,435967302.4523161,839736317.3957269,172222222.2222222,price_per_m2
property_type_and_province,Biệt thự/Nhà liền kề,Khánh Hòa,4380,102,0,4278,0.0,740740740.7407408,4819277.108433735,33750000.0,70000000.0,87500000.0,113560606.06060606,155555555.55555555,207684319.83385256,87500000.0,price_per_m2
property_type_and_province,Biệt thự/Nhà liền kề,Kiên Giang,474,40,0,434,0.0,282258064.516129,0.0,16081871.345029239,27500000.0,57836807.47709525,71666666.66666667,128666666.66666667,169500000.00000027,57836807.47709525,price_per_m2
property_type_and_province,Biệt thự/Nhà liền kề,Kon Tum,7,0,0,7,2294104.152328516,35000000.0,3568222.6090711574,8664696.436041728,23529411.76470588,24000000.0,29500000.0,35000000.0,35000000.0,24000000.0,price_per_m2
property_type_and_province,Biệt thự/Nhà liền kề,Long An,2404,117,0,2287,0.0,85681818181.81818,0.0,22058823.529411763,33928571.428571425,45220588.23529412,56666666.666666664,86666666.66666667,108187894.7368421,45220588.23529412,price_per_m2
property_type_and_province,Biệt thự/Nhà liền kề,Lào Cai,87,12,0,75,0.0,173469387.75510204,0.0,7479821.958456973,38000000.0,55172413.79310345,65685512.36749117,85214285.7142857,173469387.75510204,55172413.79310345,price_per_m2
property_type_and_province,Biệt thự/Nhà liền kề,Lâm Đồng,1126,14,0,1112,0.0,428921568.627451,3340431.778929188,9466666.666666666,48000000.0,65300345.382471845,92837179.48717949,143750000.0,190403654.9156709,65300345.382471845,price_per_m2
property_type_and_province,Biệt thự/Nhà liền kề,Lạng Sơn,27,1,0,26,0.0,66746126.340881996,0.0,0.0,12818181.818181818,46984126.984126985,53992957.74647887,65932610.62867737,66746126.340881996,46984126.984126985,price_per_m2
property_type_and_province,Biệt thự/Nhà liền kề,Nam Định,10,1,0,9,13095432.967752498,115384615.38461539,14556889.239423208,20402714.326106045,37267080.745341614,50000000.0,74468085.10638298,111135531.13553113,114534798.53479853,50000000.0,price_per_m2
property_type_and_province,Biệt thự/Nhà liền kề,Nghệ An,307,72,0,235,0.0,164212910.53227633,0.0,0.0,45000000.0,58000000.0,74670329.67032966,87962962.96296297,138036809.8159509,58000000.0,price_per_m2
property_type_and_province,Biệt thự/Nhà liền kề,Ninh Bình,8,0,0,8,4084264.832330181,118644067.79661018,4084264.832330181,4084264.8323301803,37449637.636653975,54285714.28571428,70231481.48148148,112442718.14187068,117403797.86566228,54285714.28571428,price_per_m2
property_type_and_province,Biệt thự/Nhà liền kề,Ninh Thuận,39,2,0,37,0.0,89473684.21052632,0.0,0.0,59000000.0,69135802.4691358,77500000.0,85480943.73865697,89473684.21052632,69135802.4691358,price_per_m2
property_type_and_province,Biệt thự/Nhà liền kề,Phú Thọ,180,21,0,159,2524544.1795231416,168148148.14814815,13449145.418884842,15016290.726817043,19047619.04761905,25862068.96551724,65530303.03030303,79365079.36507936,88125480.03072193,25862068.96551724,price_per_m2
property_type_and_province,Biệt thự/Nhà liền kề,Phú Yên,163,7,0,156,0.0,169458128.07881773,0.0,0.0,0.0,76666666.66666667,86000000.0,108000000.0,164396868.06622285,76666666.66666667,price_per_m2
property_type_and_province,Biệt thự/Nhà liền kề,Quảng Bình,35,2,0,33,15555555.555555556,108333333.33333333,15555555.555555556,15582222.222222224,34000000.0,66666666.666666664,79285714.28571428,101333333.33333331,108333333.33333331,66666666.666666664,price_per_m2
property_type_and_province,Biệt thự/Nhà liền kề,Quảng Nam,640,17,0,623,0.0,8000000000.0,0.0,26666666.666666668,41690476.190476194,49723756.90607735,64557678.37739949,89230769.23076923,115000000.0,49723756.90607735,price_per_m2
property_type_and_province,Biệt thự/Nhà liền kề,Quảng Ngãi,43,4,0,39,0.0,55803571.428571425,684000.0,2297647.0588235296,22619047.61904762,28500000.0,32800000.0,47692307.692307696,52721291.20879119,28500000.0,price_per_m2
property_type_and_province,Biệt thự/Nhà liền kề,Quảng Ninh,1580,152,0,1428,0.0,411764705.88235295,0.0,0.0,53333333.333333336,90301958.00896439,121093230.48277695,189638303.15837148,314102564.1025641,90301958.00896439,price_per_m2
property_type_and_province,Biệt thự/Nhà liền kề,Quảng Trị,13,2,0,11,60000000.0,83333333.33333333,60000000.0,60000000.0,62857142.85714286,71428571.42857143,77777777.77777778,83333333.33333333,83333333.33333333,71428571.42857143,price_per_m2
property_type_and_province,Biệt thự/Nhà liền kề,Sơn La,33,0,0,33,25000000.0,61904761.9047619,25000000.0,25590909.090909094,27000000.0,30000000.0,47619047.61904762,58920320.603488915,61904761.9047619,30000000.0,price_per_m2
property_type_and_province,Biệt thự/Nhà liền kề,Thanh Hóa,570,61,0,509,0.0,400160064.0256102,0.0,2064000.0000000105,46969696.96969697,60138888.88888889,70987654.32098766,101176470.58823523,233644859.81308413,60138888.88888889,price_per_m2
property_type_and_province,Biệt thự/Nhà liền kề,Thái Bình,45,3,0,42,0.0,169421182.26600984,0.0,8039189.18918919,41776315.78947368,56998611.111111104,82279491.83303085,153157088.12260514,168524856.9839504,56998611.111111104,price_per_m2
property_type_and_province,Biệt thự/Nhà liền kề,Thái Nguyên,64,8,0,56,0.0,195333333.33333334,0.0,0.0,23316406.25,41333333.333333336,57195149.85129261,183250000.0,194050000.0,41333333.333333336,price_per_m2
property_type_and_province,Biệt thự/Nhà liền kề,Tiền Giang,17,0,0,17,3261767.1345995045,295000000.0,3261767.1345995045,3261767.1345995045,14324082.36347359,100000000.0,108936484.49039881,152333333.3333332,266466666.66666666,100000000.0,price_per_m2
property_type_and_province,Biệt thự/Nhà liền kề,Trà Vinh,26,0,0,26,9058823.529411765,50000000.0,9058823.529411765,9611019.055509528,12852112.676056337,35000000.0,45000000.0,49558823.52941176,50000000.0,35000000.0,price_per_m2
property_type_and_province,Biệt thự/Nhà liền kề,Tuyên Quang,4,0,0,4,40000000.0,62962962.96296296,40000000.0,40000000.0,40000000.0,51481481.48148148,62962962.96296296,62962962.962962955,62962962.96296296,51481481.48148148,price_per_m2
property_type_and_province,Biệt thự/Nhà liền kề,Tây Ninh,101,3,0,98,2300000.0,35416666.666666664,2300000.0,17033459.595959596,18750000.0,20312500.0,25000000.0,31250000.0,33395833.333333336,20312500.0,price_per_m2
property_type_and_province,Biệt thự/Nhà liền kề,Vĩnh Long,28,0,0,28,4696969.696969697,114056720.09864366,4913787.878787879,6249818.494459305,16650000.0,43685185.18518519,73333333.33333333,114056720.09864366,114056720.09864366,43685185.18518519,price_per_m2
property_type_and_province,Biệt thự/Nhà liền kề,Vĩnh Phúc,833,80,0,753,0.0,1100000000.0,0.0,0.0,46622516.556291394,67631330.60710916,81250000.0,109493670.88607594,153061224.48979592,67631330.60710916,price_per_m2
property_type_and_province,Biệt thự/Nhà liền kề,Yên Bái,13,1,0,12,20714285.714285713,105000000.0,20714285.714285713,20714285.714285713,29000000.0,42990000.0,47962500.0,105000000.0,105000000.0,42990000.0,price_per_m2
property_type_and_province,Biệt thự/Nhà liền kề,Đà Nẵng,2458,289,0,2169,0.0,39143730886.85015,0.0,25000000.0,64000000.0,93103448.27586207,133333333.33333333,212000000.0,300000000.0,93103448.27586207,price_per_m2
property_type_and_province,Biệt thự/Nhà liền kề,Đắk Lắk,99,5,0,94,11346153.846153846,125000000.0,11346153.846153846,22342187.500000004,46398809.52380952,65208695.652173914,76100000.0,103092975.53275453,125000000.0,65208695.652173914,price_per_m2
property_type_and_province,Biệt thự/Nhà liền kề,Đồng Nai,2699,70,0,2629,0.0,130000000000.0,1727777.2413793106,18023255.81395349,47663551.401869155,55625000.0,73170731.70731707,104980198.01980197,130373831.77570093,55625000.0,price_per_m2
property_type_and_province,Biệt thự/Nhà liền kề,Đồng Tháp,1,0,0,1,9166666.666666666,9166666.666666666,9166666.666666666,9166666.666666666,9166666.666666666,9166666.666666666,9166666.666666666,9166666.666666666,9166666.666666666,9166666.666666666,price_per_m2
property_type_and_province,Căn hộ chung cư,An Giang,9,0,0,9,10869565.217391305,54705882.35294118,10869565.217391305,10869565.217391305,26229508.19672131,28125000.0,34375000.0,47198529.4117647,53204411.76470588,28125000.0,price_per_m2
property_type_and_province,Căn hộ chung cư,Bà Rịa - Vũng Tàu,3035,49,0,2986,0.0,36607142857.14286,10627659.574468086,30831322.393822394,36458333.333333336,43239436.61971831,50498762.37623762,56989247.31182796,75722222.22222233,43239436.61971831,price_per_m2
property_type_and_province,Căn hộ chung cư,Bình Dương,15233,382,0,14851,0.0,42156862745.09804,0.0,23387096.774193548,32619047.61904762,37500000.0,44117647.058823526,55129568.10631229,63555837.73766216,37500000.0,price_per_m2
property_type_and_province,Căn hộ chung cư,Bình Phước,1,0,0,1,47073170.73170732,47073170.73170732,47073170.73170732,47073170.73170732,47073170.73170732,47073170.73170732,47073170.73170732,47073170.73170732,47073170.73170732,47073170.73170732,price_per_m2
property_type_and_province,Căn hộ chung cư,Bình Thuận,41,6,0,35,14150943.396226415,43243243.24324324,14303622.641509432,14880000.0,20000000.0,20338983.050847456,27803030.303030305,38370118.845500834,42798605.05666956,20338983.050847456,price_per_m2
property_type_and_province,Căn hộ chung cư,Bình Định,844,42,0,802,0.0,766034482.7586207,0.0,13584905.660377359,21186440.677966103,28000233.754090697,33720930.23255814,48461538.461538464,58125575.27539779,28000233.754090697,price_per_m2
property_type_and_province,Căn hộ chung cư,Bắc Giang,516,91,0,425,0.0,27692307692.307693,0.0,3657142.8571428936,36672778.796466075,43715846.99453552,50000000.0,70666666.66666663,90909090.9090909,43715846.99453552,price_per_m2
property_type_and_province,Căn hộ chung cư,Bắc Ninh,625,67,0,558,0.0,120000000.0,0.0,14666666.666666666,24772693.060364295,40388204.55393804,57112462.00607903,79347826.08695653,86666666.66666667,40388204.55393804,price_per_m2
property_type_and_province,Căn hộ chung cư,Bến Tre,4,0,0,4,13000000.0,24615384.615384616,13316153.846153846,14580769.230769232,20903846.153846156,24076923.07692308,24615384.615384616,24615384.615384616,24615384.615384616,24076923.07692308,price_per_m2
property_type_and_province,Căn hộ chung cư,Cà Mau,1,0,0,1,31746031.746031746,31746031.746031746,31746031.746031746,31746031.746031746,31746031.746031746,31746031.746031746,31746031.746031746,31746031.746031746,31746031.746031746,31746031.746031746,price_per_m2
property_type_and_province,Căn hộ chung cư,Cần Thơ,477,23,0,454,0.0,66440486.287814535,0.0,12850630.790459294,22586466.165413536,30744535.519125685,47657675.92780369,55571428.571428575,56721906.19298055,30744535.519125685,price_per_m2
property_type_and_province,Căn hộ chung cư,Huế,185,57,0,128,0.0,65909090.90909091,0.0,0.0,22297465.401959263,35566529.403103665,40509792.62672811,61982134.57076566,65566037.73584905,35566529.403103665,price_per_m2
property_type_and_province,Căn hộ chung cư,Hà Nam,671,35,0,636,0.0,75555555.55555555,0.0,12894385.687456757,26666666.666666668,36842433.19333549,41970021.413276225,51482371.79487179,61998415.213946044,36842433.19333549,price_per_m2
property_type_and_province,Căn hộ chung cư,Hà Nội,164861,18442,0,146419,0.0,129166666666.66667,0.0,38888888.88888889,64948453.60824742,79047619.04761904,95000000.0,128571428.57142857,179937022.0422852,79047619.04761904,price_per_m2
property_type_and_province,Căn hộ chung cư,Hà Tĩnh,1,0,0,1,29850746.268656716,29850746.268656716,29850746.268656716,29850746.268656716,29850746.268656716,29850746.268656716,29850746.268656716,29850746.268656716,29850746.268656716,29850746.268656716,price_per_m2
property_type_and_province,Căn hộ chung cư,Hòa Bình,1,0,0,1,11500000.0,11500000.0,11500000.0,11500000.0,11500000.0,11500000.0,11500000.0,11500000.0,11500000.0,11500000.0,price_per_m2
property_type_and_province,Căn hộ chung cư,Hưng Yên,8385,703,0,7682,0.0,59000000000.0,0.0,44036145.01603652,60344827.5862069,67802414.67378686,76865671.64179105,98967773.94235426,117886178.86178862,67802414.67378686,price_per_m2
property_type_and_province,Căn hộ chung cư,Hải Dương,84,27,0,57,0.0,52884615.384615384,13066666.666666668,25261979.024931442,34816247.58220503,41170000.0,42348411.93455245,46240179.57351288,52884615.384615384,41170000.0,price_per_m2
property_type_and_province,Căn hộ chung cư,Hải Phòng,2520,229,0,2291,0.0,118125000.0,0.0,17531226.343679033,34809610.342993036,40583832.33532935,46929292.92929293,64510155.316606924,79310344.8275862,40583832.33532935,price_per_m2
property_type_and_province,Căn hộ chung cư,Hậu Giang,7,0,0,7,14212328.767123288,18691588.78504673,14212328.767123288,14212328.767123288,15231164.383561645,17708333.333333332,18199961.05919003,18691588.78504673,18691588.78504673,17708333.333333332,price_per_m2
property_type_and_province,Căn hộ chung cư,Hồ Chí Minh,152229,6617,0,145612,0.0,348571428571.4286,0.0,27692307.692307692,48387096.77419355,63380281.69014084,88333333.33333333,162337662.33766234,307692307.6923077,63380281.69014084,price_per_m2
property_type_and_province,Căn hộ chung cư,Khánh Hòa,7230,107,0,7123,0.0,65909090909.09091,0.0,31253205.128205128,39393939.39393939,47307692.307692304,55172413.79310345,78573371.3249579,114970270.27027024,47307692.307692304,price_per_m2
property_type_and_province,Căn hộ chung cư,Kiên Giang,233,20,0,213,0.0,150000000.0,0.0,0.0,56578947.368421055,77037037.03703703,95394736.84210527,133264153.11887464,150000000.0,77037037.03703703,price_per_m2
property_type_and_province,Căn hộ chung cư,Long An,1183,56,0,1127,0.0,245098039.21568626,4461437.908496732,12305882.352941178,25000000.0,30000000.0,32500000.0,51175608.86284563,62988597.149287336,30000000.0,price_per_m2
property_type_and_province,Căn hộ chung cư,Lào Cai,51,9,0,42,14492753.623188406,55111111.11111111,14492753.623188406,15700000.0,25000000.0,35827369.50109016,40276598.32585224,48672566.371681415,55065555.55555555,35827369.50109016,price_per_m2
property_type_and_province,Căn hộ chung cư,Lâm Đồng,234,9,0,225,0.0,42222222222.22222,4984615.384615389,26892537.31343284,38043478.26086956,47169811.32075472,54705882.35294118,426763765.97836715,539682539.6825397,47169811.32075472,price_per_m2
property_type_and_province,Căn hộ chung cư,Nam Định,15,1,0,14,20779220.77922078,47794117.64705882,20779220.77922078,20779220.77922078,33578571.42857143,34642857.14285714,42629800.85348506,45049369.74789916,47245168.06722689,34642857.14285714,price_per_m2
property_type_and_province,Căn hộ chung cư,Nghệ An,359,62,0,297,0.0,70731707.31707317,0.0,25000000.0,35227272.72727273,40217391.30434783,46031746.03174603,53727693.32452082,64009661.83574879,40217391.30434783,price_per_m2
property_type_and_province,Căn hộ chung cư,Ninh Thuận,68,8,0,60,7884615.384615385,52173913.04347826,8054807.692307692,8173076.923076923,15422222.222222222,18363636.363636363,37395788.56897293,46257344.30082255,52173913.04347826,18363636.363636363,price_per_m2
property_type_and_province,Căn hộ chung cư,Phú Thọ,110,17,0,93,0.0,67901234.56790124,0.0,3148148.1481481506,38235294.11764706,45714285.71428572,49021739.13043478,60000000.0,67901234.56790124,45714285.71428572,price_per_m2
property_type_and_province,Căn hộ chung cư,Phú Yên,18,3,0,15,0.0,37919826.65222102,0.0,0.0,25817972.350230414,28787878.78787879,32343997.465948686,34709281.32899964,37277717.58757674,28787878.78787879,price_per_m2
property_type_and_province,Căn hộ chung cư,Quảng Bình,41,3,0,38,0.0,55000000.0,0.0,14571428.571428573,41428571.428571425,47945205.47945205,52755102.04081632,55000000.0,55000000.0,47945205.47945205,price_per_m2
property_type_and_province,Căn hộ chung cư,Quảng Nam,5,0,0,5,1611111.111111111,42938931.29770993,3260952.3809523806,9860317.460317463,42857142.85714286,42857142.85714286,42938931.29770993,42938931.29770993,42938931.29770993,42857142.85714286,price_per_m2
property_type_and_province,Căn hộ chung cư,Quảng Ninh,2295,303,0,1992,0.0,441558441.5584416,0.0,0.0,34848484.84848485,41666666.666666664,52388439.652590595,72288011.6959064,89127397.2602739,41666666.666666664,price_per_m2
property_type_and_province,Căn hộ chung cư,Sơn La,1,0,0,1,12500000.0,12500000.0,12500000.0,12500000.0,12500000.0,12500000.0,12500000.0,12500000.0,12500000.0,12500000.0,price_per_m2
property_type_and_province,Căn hộ chung cư,Thanh Hóa,510,76,0,434,0.0,74712643.67816092,0.0,14304586.241276175,24137931.03448276,30277569.39234809,42249485.74786953,53348017.62114537,69298696.46182495,30277569.39234809,price_per_m2
property_type_and_province,Căn hộ chung cư,Thái Bình,120,5,0,115,15500000.0,40382571.73219979,22666666.666666668,23809523.80952381,28311195.445920303,30131578.94736842,32550129.36610608,35986274.50980392,40159404.88841658,30131578.94736842,price_per_m2
property_type_and_province,Căn hộ chung cư,Thái Nguyên,1083,95,0,988,0.0,285773480.6629834,0.0,0.0,21470588.23529412,25000000.0,29411764.70588235,46657754.01069517,60215053.76344086,25000000.0,price_per_m2
property_type_and_province,Căn hộ chung cư,Tiền Giang,24,0,0,24,12794117.647058824,19047619.04761905,13124687.703924676,14231378.763866879,14879032.258064516,16619565.217391305,17477323.04286329,19044047.61904762,19047619.04761905,16619565.217391305,price_per_m2
property_type_and_province,Căn hộ chung cư,Tây Ninh,26,2,0,24,15833333.333333334,24000000.0,16357896.769427095,18273986.516616404,19868620.689655174,20494736.74999781,21666666.666666668,23162622.95081967,23816000.0,20494736.74999781,price_per_m2
property_type_and_province,Căn hộ chung cư,Vĩnh Long,1,1,0,0,,,,,,,,,,,price_per_m2
property_type_and_province,Căn hộ chung cư,Vĩnh Phúc,200,34,0,166,0.0,54700854.700854704,0.0,15718750.0,24038211.96827686,27857142.85714286,38554216.86746988,45340909.09090909,54700854.700854704,27857142.85714286,price_per_m2
property_type_and_province,Căn hộ chung cư,Điện Biên,1,0,0,1,22656250.0,22656250.0,22656250.0,22656250.0,22656250.0,22656250.0,22656250.0,22656250.0,22656250.0,22656250.0,price_per_m2
property_type_and_province,Căn hộ chung cư,Đà Nẵng,7456,992,0,6464,0.0,155172413793.10345,0.0,0.0,44488188.97637795,62142857.14285714,80438027.2550292,123111178.27817237,180852534.56221172,62142857.14285714,price_per_m2
property_type_and_province,Căn hộ chung cư,Đắk Lắk,24,1,0,23,23454545.454545453,45312500.0,27000785.941607855,39573820.3957382,41860465.11627907,44140030.441400304,44444444.44444445,44996487.11943793,45243750.0,44140030.441400304,price_per_m2
property_type_and_province,Căn hộ chung cư,Đồng Nai,1143,40,0,1103,0.0,115702479.33884297,0.0,14285714.285714285,26000144.4460494,34615384.615384616,37500000.0,48862768.91047884,55000000.0,34615384.615384616,price_per_m2
property_type_and_province,Căn hộ chung cư,Đồng Tháp,1,0,0,1,30666666.666666668,30666666.666666668,30666666.666666668,30666666.666666668,30666666.666666668,30666666.666666668,30666666.666666668,30666666.666666668,30666666.666666668,30666666.666666668,price_per_m2
property_type_and_province,Nhà,An Giang,258,14,0,244,0.0,307692307.6923077,1879714.2114835023,5744060.817231549,16083730.789613143,28484162.8959276,42125627.44004462,131088602.65417638,209087780.60144007,28484162.8959276,price_per_m2
property_type_and_province,Nhà,Bà Rịa - Vũng Tàu,5406,42,0,5364,0.0,1956521739.1304348,3546350.81524639,8969488.608674465,41639610.38961039,87500000.0,126406725.80431616,209507002.8011204,316593172.8774708,87500000.0,price_per_m2
property_type_and_province,Nhà,Bình Dương,17094,955,0,16139,0.0,144444444444.44446,1279333.3333333333,15000000.0,30833333.333333332,45500000.0,63015970.376428366,91467073.17073166,129337539.43217666,45500000.0,price_per_m2
property_type_and_province,Nhà,Bình Phước,218,14,0,204,0.0,169811320.754717,0.0,276250.0,3450000.0,8408851.422550052,17289805.57015239,61403508.77192983,118060344.8275862,8408851.422550052,price_per_m2
property_type_and_province,Nhà,Bình Thuận,644,17,0,627,0.0,263636363.63636363,0.0,4375008.229639871,13551470.588235294,26495726.495726496,48660714.28571428,98039215.68627451,167048833.9955088,26495726.495726496,price_per_m2
property_type_and_province,Nhà,Bình Định,593,16,0,577,0.0,10500000000.0,4039285.2169876997,8425441.696113074,39800000.0,64285714.28571428,91292134.83146067,173810953.8109538,250000000.0,64285714.28571428,price_per_m2
property_type_and_province,Nhà,Bạc Liêu,17,0,0,17,1943844.4924406048,66000000.0,1943844.4924406048,1943844.4924406048,13000000.0,19784946.23655914,36805555.55555555,61200000.0,65040000.0,19784946.23655914,price_per_m2
property_type_and_province,Nhà,Bắc Giang,156,14,0,142,800000.0,235000000.0,2750000.0,5869565.217391305,18000000.0,27510582.396730404,49298084.49225925,226615239.29471028,228647103.2745592,27510582.396730404,price_per_m2
property_type_and_province,Nhà,Bắc Kạn,3,2,0,1,0.0,0.0,0.0,0.0,0.0,0.0,0.0,0.0,0.0,0.0,price_per_m2
property_type_and_province,Nhà,Bắc Ninh,705,54,0,651,0.0,736842105.2631578,0.0,14446778.711484592,30739586.604027323,54583333.333333336,93371621.62162162,192196969.6969697,287457720.7151239,54583333.333333336,price_per_m2
property_type_and_province,Nhà,Bến Tre,548,3,0,545,0.0,85536547.43390357,755000.0,2180477.705398172,6607929.5154185025,11777301.92719486,19090909.09090909,38408119.65811965,72377219.84078364,11777301.92719486,price_per_m2
property_type_and_province,Nhà,Cao Bằng,16,0,0,16,4347826.0869565215,70175438.59649123,4506462.984723854,5141010.575793184,9761904.761904761,17879930.938708104,32425469.267574534,67543859.6491228,69649122.80701755,17879930.938708104,price_per_m2
property_type_and_province,Nhà,Cà Mau,77,9,0,68,0.0,147058823.52941176,2252340.425531915,4639916.016053768,9968750.0,15208333.333333332,27316706.730769232,59426456.984273806,116199411.7647058,15208333.333333332,price_per_m2
property_type_and_province,Nhà,Cần Thơ,1860,55,0,1805,0.0,500000000.0,4492187.5,16600418.1184669,38931297.70992366,59516129.03225806,79816513.76146789,209870824.0534521,324993039.4431554,59516129.03225806,price_per_m2
property_type_and_province,Nhà,Gia Lai,85,6,0,79,0.0,100000000.0,0.0,942979.94269341,7547169.811320755,15277777.777777778,21619318.18181818,56093030.90072315,88477272.72727272,15277777.777777778,price_per_m2
property_type_and_province,Nhà,Huế,800,58,0,742,0.0,350000000.0,8160556.102362205,13317500.0,24367340.72435308,33163265.30612245,48326209.804652765,103398812.88863759,209076923.07692358,33163265.30612245,price_per_m2
property_type_and_province,Nhà,Hà Giang,32,7,0,25,5540166.204986149,119047619.04761904,5597351.4767602505,6422750.536569259,17283950.61728395,19047619.04761905,40833333.333333336,81194443.05465217,110289068.84713152,19047619.04761905,price_per_m2
property_type_and_province,Nhà,Hà Nam,188,25,0,163,10476.190476190477,320000000.0,5000000.0,15758762.886597937,35147058.82352941,59016393.44262295,89199929.9719888,200000000.0,239573991.03139007,59016393.44262295,price_per_m2
property_type_and_province,Nhà,Hà Nội,275171,8044,0,267127,0.0,27045454545454.547,36122222.22222223,112765957.44680852,192307692.30769232,245454545.45454547,324444444.4444444,528571428.57142854,833333333.3333333,245454545.45454547,price_per_m2
property_type_and_province,Nhà,Hà Tĩnh,27,4,0,23,0.0,967741935.483871,253352.7696793003,1369776.4820213802,6818181.818181818,18666666.666666668,28598484.848484848,56074766.35514019,767175158.2755513,18666666.666666668,price_per_m2
property_type_and_province,Nhà,Hòa Bình,125,15,0,110,705882.3529411765,107124010.55408971,987491.7709019091,1334376.2495002002,6303571.428571429,16666666.666666666,29642857.14285714,83891360.77122727,107105491.1136556,16666666.666666666,price_per_m2
property_type_and_province,Nhà,Hưng Yên,357,34,0,323,0.0,250000000.0,16544649.22105692,18645865.91462633,41017241.37931034,60576923.07692308,74635922.33009708,182164021.16402102,241330567.08160406,60576923.07692308,price_per_m2
property_type_and_province,Nhà,Hải Dương,223,17,0,206,0.0,491071428.5714286,74999.99999999974,7228914.18913702,43564344.26229508,57304369.91869919,76786127.16763006,168741560.89657035,239525401.06951842,57304369.91869919,price_per_m2
property_type_and_province,Nhà,Hải Phòng,6463,171,0,6292,0.0,1591760299.6254683,0.0,25587617.0287935,54651162.79069767,75454545.45454545,106982558.13953489,215000000.0,308593537.41496634,75454545.45454545,price_per_m2
property_type_and_province,Nhà,Hậu Giang,55,1,0,54,3125000.0,68269230.76923077,3181057.6923076925,4015144.230769231,13845401.174168298,17900000.0,24603794.64285714,38091269.841269836,61530982.90598289,17900000.0,price_per_m2
property_type_and_province,Nhà,Hồ Chí Minh,388251,24040,0,364211,0.0,326315789473.6842,2425777.777777773,46511627.906976745,92402464.06570841,130263157.89473684,191666666.66666666,373820649.75522923,689655172.4137931,130263157.89473684,price_per_m2
property_type_and_province,Nhà,Khánh Hòa,16505,95,0,16410,0.0,125000000000.0,5651274.9827705035,18273965.51724138,50578034.682080925,81932773.10924369,129020020.55900925,265000000.0,500000000.0,81932773.10924369,price_per_m2
property_type_and_province,Nhà,Kiên Giang,479,25,0,454,0.0,177083333.33333334,2504911.849587108,8000000.0,16835016.835016835,26043360.433604337,35500000.0,77272727.27272727,145348492.20477957,26043360.433604337,price_per_m2
property_type_and_province,Nhà,Kon Tum,51,4,0,47,934230.1943198805,133333333.33333333,1356920.8183164005,2047185.9986273167,10555555.555555556,18571428.57142857,28927276.197747663,65196078.43137252,105485294.117647,18571428.57142857,price_per_m2
property_type_and_province,Nhà,Lai Châu,24,10,0,14,3404255.3191489363,81818181.81818181,3650350.776308223,4634732.604945371,6512605.042016807,8761904.761904761,12380952.38095238,42178030.30303028,73890151.51515146,8761904.761904761,price_per_m2
property_type_and_province,Nhà,Long An,3199,96,0,3103,0.0,338461538461.53845,2588470.5882352944,7094236.45320197,16000000.0,22500000.0,31250000.0,53118622.44897957,74657708.33333334,22500000.0,price_per_m2
property_type_and_province,Nhà,Lào Cai,275,19,0,256,0.0,520000000.0,0.0,7500000.0,30733173.076923076,50000000.0,162218045.11278194,316037234.0425532,407801418.43971634,50000000.0,price_per_m2
property_type_and_province,Nhà,Lâm Đồng,2857,74,0,2783,0.0,892857142.8571428,1298701.2987012987,4951029.0374077745,24371069.182389937,67549668.87417218,112094279.87554541,216199141.7673237,397260273.9726027,67549668.87417218,price_per_m2
property_type_and_province,Nhà,Lạng Sơn,67,7,0,60,4043545.8786936235,145000000.0,4410575.427682737,8153591.441670911,19980079.6812749,30769230.769230768,38306514.48133272,61346801.74266345,102359090.90909067,30769230.769230768,price_per_m2
property_type_and_province,Nhà,Nam Định,326,25,0,301,4545454.545454546,722891566.2650602,7636363.636363637,15000000.0,32758620.689655174,40000000.0,53260869.56521739,83720930.23255815,300000000.0,40000000.0,price_per_m2
property_type_and_province,Nhà,Nghệ An,180,11,0,169,0.0,300000000.0,1207353.2668881505,8186171.003717473,35802469.13580247,56024096.38554217,86989409.98487142,171195864.8111331,300000000.0,56024096.38554217,price_per_m2
property_type_and_province,Nhà,Ninh Bình,101,11,0,90,0.0,182000000.0,0.0,0.0,37500000.0,58916666.66666667,79846542.34654234,111750902.5270758,141653333.3333333,58916666.66666667,price_per_m2
property_type_and_province,Nhà,Ninh Thuận,216,4,0,212,76363.63636363637,142095914.74245116,2338156.3655573167,4260355.029585799,11792452.830188679,20969353.76415723,37444444.44444444,78530303.03030299,117021276.59574468,20969353.76415723,price_per_m2
property_type_and_province,Nhà,Phú Thọ,145,13,0,132,0.0,142857142.85714287,232500.00000000003,2078962.932341188,12664640.324214792,40707964.60176991,60000000.0,112732919.25465825,137566137.56613755,40707964.60176991,price_per_m2
property_type_and_province,Nhà,Phú Yên,273,26,0,247,0.0,168888888.8888889,0.0,2797702.1276595746,13225180.744136836,24305555.555555556,44841269.84126984,120000000.0,146889350.6493506,24305555.555555556,price_per_m2
property_type_and_province,Nhà,Quảng Bình,68,8,0,60,2600000.0,172413793.10344827,2600000.0,8566176.470588235,21452452.65683222,37460317.46031746,71951931.49751873,134949986.57718116,168039655.17241377,37460317.46031746,price_per_m2
property_type_and_province,Nhà,Quảng Nam,1022,39,0,983,0.0,737500000.0,0.0,8175892.857142858,28620689.655172415,49200000.0,121359223.30097087,275471698.1132075,397504424.778761,49200000.0,price_per_m2
property_type_and_province,Nhà,Quảng Ngãi,126,9,0,117,0.0,285000000.0,154838.70967741928,7415037.593984963,14117647.05882353,20289855.07246377,33000000.0,71509433.9622641,155774647.88732418,20289855.07246377,price_per_m2
property_type_and_province,Nhà,Quảng Ninh,851,110,0,741,0.0,708333333.3333334,0.0,6896551.724137931,35000000.0,60240963.855421685,122302158.2733813,242105263.15789473,354324343.55653685,60240963.855421685,price_per_m2
property_type_and_province,Nhà,Quảng Trị,38,6,0,32,0.0,191176470.5882353,454666.6666666667,1736672.1044045677,8444444.444444444,27771013.708513707,47330645.16129032,103756849.31506848,164461764.70588246,27771013.708513707,price_per_m2
property_type_and_province,Nhà,Sóc Trăng,69,6,0,63,0.0,103485838.77995643,808742.5357991768,4171126.76056338,9431524.547803618,16339869.281045752,19932659.93265993,71533572.81016855,101433581.82952932,16339869.281045752,price_per_m2
property_type_and_province,Nhà,Sơn La,13,1,0,12,0.0,86206896.55172414,733333.3333333334,3666666.666666667,10831352.911220506,23312883.43558282,29662130.63763608,59143103.44827582,80794137.93103452,23312883.43558282,price_per_m2
property_type_and_province,Nhà,Thanh Hóa,482,43,0,439,0.0,355555555.5555556,0.0,5666666.666666667,27427811.550151974,45454545.45454545,75000000.0,172236842.10526305,233502538.07106602,45454545.45454545,price_per_m2
property_type_and_province,Nhà,Thái Bình,335,58,0,277,0.0,179687500.0,1078014.1843971633,15096536.929206252,34482758.62068965,52380952.38095238,65217391.30434783,107619047.6190476,166666666.66666666,52380952.38095238,price_per_m2
property_type_and_province,Nhà,Thái Nguyên,146,19,0,127,0.0,510416666.6666667,408571.4285714286,2865681.5499606607,15235398.062541414,31111111.111111112,46590909.09090909,85256097.5609756,195507563.02520984,31111111.111111112,price_per_m2
property_type_and_province,Nhà,Tiền Giang,426,6,0,420,0.0,175438596.49122807,1333333.333333333,3392740.852635113,11990430.62200957,19889566.50733476,32418478.260869563,69473684.21052632,99221642.49898359,19889566.50733476,price_per_m2
property_type_and_province,Nhà,Trà Vinh,50,2,0,48,2557377.049180328,57761732.85198556,2718409.8360655736,3261008.064516129,8497877.122877123,12398692.810457516,15986666.666666666,28261258.603736475,48943718.41155237,12398692.810457516,price_per_m2
property_type_and_province,Nhà,Tuyên Quang,27,8,0,19,3587548.6381322956,59708737.86407767,3822071.5734093273,4760163.314517455,12996031.746031746,28145695.36423841,38284839.203675345,50970873.78640775,57961165.04854369,28145695.36423841,price_per_m2
property_type_and_province,Nhà,Tây Ninh,615,23,0,592,0.0,325000000.0,0.0,2082082.1423198434,4248106.060606061,7063492.063492063,12079737.317223182,32157295.112091146,108643167.5519073,7063492.063492063,price_per_m2
property_type_and_province,Nhà,Vĩnh Long,173,2,0,171,904761.9047619047,179775280.8988764,1754545.4545454546,5464344.941956882,14117651.79578032,20651310.563939635,31911506.368028104,104294486.00180307,165820696.15777504,20651310.563939635,price_per_m2
property_type_and_province,Nhà,Vĩnh Phúc,502,52,0,450,0.0,242544731.61033797,0.0,7008086.253369273,24613095.23809524,39000000.0,67693014.70588236,127199999.99999982,204077777.7777776,39000000.0,price_per_m2
property_type_and_province,Nhà,Yên Bái,53,7,0,46,0.0,118012422.36024845,0.0,0.0,10980902.777777778,17182130.58419244,35236188.54536239,115683229.8136646,118012422.36024845,17182130.58419244,price_per_m2
property_type_and_province,Nhà,Điện Biên,12,2,0,10,6388888.888888889,68965517.2413793,6894104.932097531,8914969.104932098,19923076.923076924,27458863.126402393,30447761.19402985,62431034.482758604,67658620.68965517,27458863.126402393,price_per_m2
property_type_and_province,Nhà,Đà Nẵng,27741,672,0,27069,0.0,132352941176.47058,0.0,35610000.0,66000000.0,92592592.5925926,135227272.72727272,254716981.13207546,429122912.291229,92592592.5925926,price_per_m2
property_type_and_province,Nhà,Đắk Lắk,639,13,0,626,0.0,1222222222.2222223,1031250.0,6618233.082706767,18353304.62460213,30000000.0,46884985.90225564,90183847.4025974,190507370.90562755,30000000.0,price_per_m2
property_type_and_province,Nhà,Đắk Nông,38,1,0,37,255555.55555555556,31250000.0,629712.1182394873,1344690.1538720254,5000000.0,8333333.333333333,12222222.222222222,25949999.99999998,30710000.0,8333333.333333333,price_per_m2
property_type_and_province,Nhà,Đồng Nai,10044,328,0,9716,0.0,14806378132.118452,1600000.0,10930397.727272727,21111111.111111112,34020391.843262695,48000000.0,81632653.06122449,149473684.21052632,34020391.843262695,price_per_m2
property_type_and_province,Nhà,Đồng Tháp,140,5,0,135,0.0,293333333.3333333,901628.9935597931,5295601.770650631,12000000.0,21666666.666666668,50000000.0,140857142.85714287,194478260.86956498,21666666.666666668,price_per_m2
property_type_and_province,Shophouse,An Giang,11,0,0,11,19230769.230769232,60000000.0,19230769.230769232,19230769.230769232,30869565.217391305,45000000.0,45185185.18518519,60000000.0,60000000.0,45000000.0,price_per_m2
property_type_and_province,Shophouse,Bà Rịa - Vũng Tàu,241,11,0,230,0.0,192687173.5345328,0.0,26028705.636743218,50000000.0,58398423.24257245,97761627.90697674,160305343.51145038,169493777.17194444,58398423.24257245,price_per_m2
property_type_and_province,Shophouse,Bình Dương,2128,40,0,2088,0.0,433000000.0,14257774.193548389,22500000.0,34398034.3980344,41428571.428571425,72222222.22222222,122719734.66003317,165216666.66666687,41428571.428571425,price_per_m2
property_type_and_province,Shophouse,Bình Phước,74,7,0,67,5333333.333333333,31868131.86813187,5443333.333333333,8333041.666666668,20000000.0,22300000.0,22307692.307692308,30000000.0,30635164.835164845,22300000.0,price_per_m2
property_type_and_province,Shophouse,Bình Thuận,51,2,0,49,0.0,87235996.32690541,0.0,10000000.00000001,35833333.333333336,43333333.333333336,76199435.5597366,86000000.0,87235996.32690541,43333333.333333336,price_per_m2
property_type_and_province,Shophouse,Bình Định,159,24,0,135,0.0,98275862.06896552,5063567.0177987665,33000000.0,51535689.53568953,54666666.666666664,63221621.62162162,74000000.0,80000000.0,54666666.666666664,price_per_m2
property_type_and_province,Shophouse,Bạc Liêu,10,0,0,10,20606060.606060605,89655172.4137931,20606060.606060605,20606060.60606061,45000000.0,59533333.333333336,74316666.66666667,83744344.82758619,88473006.89655171,59533333.333333336,price_per_m2
property_type_and_province,Shophouse,Bắc Giang,195,45,0,150,0.0,238095238.0952381,0.0,0.0,65079365.07936508,111111111.1111111,166666666.66666666,219196428.57142842,236928571.4285714,111111111.1111111,price_per_m2
property_type_and_province,Shophouse,Bắc Ninh,1126,91,0,1035,0.0,1340000000.0,0.0,55555555.55555555,65833333.333333336,73333333.33333333,87500000.0,135000000.0,159166666.66666666,73333333.33333333,price_per_m2
property_type_and_province,Shophouse,Bến Tre,2,0,0,2,99500000.0,110000000.0,99605000.0,100025000.0,102125000.0,104750000.0,107375000.0,109475000.0,109895000.0,104750000.0,price_per_m2
property_type_and_province,Shophouse,Cao Bằng,4,1,0,3,66666666.666666664,67385444.7439353,66666666.666666664,66666666.666666664,66666666.666666664,66666666.666666664,67026055.70530099,67313566.93620844,67371069.18238993,66666666.666666664,price_per_m2
property_type_and_province,Shophouse,Cà Mau,1,1,0,0,,,,,,,,,,,price_per_m2
property_type_and_province,Shophouse,Cần Thơ,54,7,0,47,0.0,178571428.57142857,0.0,0.0,43560606.06060606,75000000.0,78833333.33333334,157038834.951456,178571428.57142857,75000000.0,price_per_m2
property_type_and_province,Shophouse,Huế,160,20,0,140,0.0,264099378.88198757,8970000.000000004,45492227.979274616,61111111.11111111,84707792.20779221,97122549.01960784,205357142.85714287,206349206.34920636,84707792.20779221,price_per_m2
property_type_and_province,Shophouse,Hà Nam,88,12,0,76,0.0,256410256.41025642,0.0,0.0,40834493.67088607,78750000.0,100735294.11764705,161111111.1111111,256410256.41025642,78750000.0,price_per_m2
property_type_and_province,Shophouse,Hà Nội,4910,636,0,4274,0.0,3076923076.923077,0.0,0.0,104920405.20984082,193333333.33333334,293682065.2173913,500000000.0,683149999.9999945,193333333.33333334,price_per_m2
property_type_and_province,Shophouse,Hà Tĩnh,10,0,0,10,27647058.82352941,102127659.57446809,27700000.0,27911764.705882356,28750000.0,33500000.0,38198584.20268256,102127659.57446809,102127659.57446809,33500000.0,price_per_m2
property_type_and_province,Shophouse,Hòa Bình,42,13,0,29,0.0,144991212.65377855,0.0,6600000.000000002,33333333.333333332,44642857.14285714,66894018.887722984,124031764.62930407,144991212.65377855,44642857.14285714,price_per_m2
property_type_and_province,Shophouse,Hưng Yên,1806,59,0,1747,0.0,1867777777.7777777,1661904.7619047626,117558823.52941176,151196581.19658118,175000000.0,206250000.0,264449090.9090909,330384615.3846152,175000000.0,price_per_m2
property_type_and_province,Shophouse,Hải Dương,7,1,0,6,21944444.444444444,117629629.62962963,22418650.79365079,24315476.19047619,31428571.42857143,41464285.71428572,101075000.0,117622222.22222222,117628148.14814815,41464285.71428572,price_per_m2
property_type_and_province,Shophouse,Hải Phòng,1155,82,0,1073,0.0,358108108.1081081,0.0,47397560.975609764,84800000.0,106481481.48148148,148148148.14814815,223915343.91534394,259740259.74025977,106481481.48148148,price_per_m2
property_type_and_province,Shophouse,Hậu Giang,2,0,0,2,25454545.454545453,25454545.454545453,25454545.454545453,25454545.454545453,25454545.454545453,25454545.454545453,25454545.454545453,25454545.454545453,25454545.454545453,25454545.454545453,price_per_m2
property_type_and_province,Shophouse,Hồ Chí Minh,4981,135,0,4846,0.0,25000000000.0,26573426.573426574,39500000.0,70000000.0,129294717.21991345,220000000.0,431578947.3684211,892857142.8571428,129294717.21991345,price_per_m2
property_type_and_province,Shophouse,Khánh Hòa,527,12,0,515,0.0,1893491124.260355,28500000.0,33498287.97190518,46938775.510204084,63400000.0,82495617.44147342,190909090.9090909,339000000.0,63400000.0,price_per_m2
property_type_and_province,Shophouse,Kiên Giang,250,14,0,236,0.0,629629629.6296296,0.0,0.0,66666666.666666664,100000000.0,153225806.4516129,225000000.0,322916666.6666667,100000000.0,price_per_m2
property_type_and_province,Shophouse,Long An,670,41,0,629,0.0,162843137.25490198,4045871.5596330315,31538461.53846154,46250000.0,62222222.222222224,77450980.39215687,120000000.0,130550841.7508418,62222222.222222224,price_per_m2
property_type_and_province,Shophouse,Lào Cai,39,5,0,34,24705882.352941178,388888888.8888889,25719607.843137253,28572222.222222224,51000000.0,58000000.0,75000000.0,388888888.8888889,388888888.8888889,58000000.0,price_per_m2
property_type_and_province,Shophouse,Lâm Đồng,5,0,0,5,57611940.29850746,156250000.0,57994430.89077674,59524393.25985389,67174205.1052396,67174205.1052396,100845410.62801933,145169082.12560385,154033816.42512077,67174205.1052396,price_per_m2
property_type_and_province,Shophouse,Lạng Sơn,33,6,0,27,0.0,73239436.61971831,0.0,0.0,48253968.253968254,54084507.042253524,58141321.04454685,73239436.61971831,73239436.61971831,54084507.042253524,price_per_m2
property_type_and_province,Shophouse,Nam Định,1,1,0,0,,,,,,,,,,,price_per_m2
property_type_and_province,Shophouse,Nghệ An,132,15,0,117,0.0,277777777.7777778,0.0,0.0,52222222.222222224,71111111.1111111,90000000.0,169999999.99999982,247600000.00000006,71111111.1111111,price_per_m2
property_type_and_province,Shophouse,Ninh Thuận,67,4,0,63,15066225.165562915,106666666.66666667,15066225.165562915,17365269.461077843,64333333.33333333,72000000.0,78428698.47894767,95481670.92924127,106666666.66666667,72000000.0,price_per_m2
property_type_and_province,Shophouse,Phú Thọ,50,9,0,41,0.0,126845637.58389261,0.0,32941176.470588237,37862962.96296296,50406504.06504065,89285714.28571428,115026737.96791443,126845637.58389261,50406504.06504065,price_per_m2
property_type_and_province,Shophouse,Phú Yên,279,3,0,276,0.0,180555555.55555555,0.0,0.0,0.0,90000000.0,121726190.47619046,152000000.0,180000000.0,90000000.0,price_per_m2
property_type_and_province,Shophouse,Quảng Bình,26,1,0,25,1240000.0,155040000.0,4675733.333333334,15564444.444444444,40000000.0,54375000.0,95833333.33333333,145666666.66666654,155030400.0,54375000.0,price_per_m2
property_type_and_province,Shophouse,Quảng Nam,44,2,0,42,17378048.780487806,139285714.2857143,29982031.08137276,54285714.28571428,61111111.11111111,74863636.36363637,90909090.9090909,130533006.5359477,135773342.67040148,74863636.36363637,price_per_m2
property_type_and_province,Shophouse,Quảng Ngãi,18,0,0,18,16231884.057971014,50000000.0,18345797.101449274,26801449.27536232,29500000.0,30000000.0,41666666.666666664,50000000.0,50000000.0,30000000.0,price_per_m2
property_type_and_province,Shophouse,Quảng Ninh,754,79,0,675,0.0,1347826086.9565217,0.0,0.0,64085561.4973262,96296296.2962963,137766439.90929705,207816993.46405178,330674422.44224423,96296296.2962963,price_per_m2
property_type_and_province,Shophouse,Quảng Trị,80,3,0,77,48000000.0,98666666.66666667,54655135.13513514,59733120.0,66666666.666666664,71794871.79487179,80000000.0,96000000.0,98666666.66666667,71794871.79487179,price_per_m2
property_type_and_province,Shophouse,Sóc Trăng,6,1,0,5,16419753.086419754,115384615.38461539,16596296.296296297,17302469.13580247,20833333.333333332,25225000.0,30763636.363636363,98460419.58041957,111999776.22377622,25225000.0,price_per_m2
property_type_and_province,Shophouse,Sơn La,2,0,0,2,37904761.9047619,40000000.0,37925714.28571428,38009523.809523806,38428571.428571425,38952380.952380955,39476190.47619048,39895238.0952381,39979047.61904762,38952380.952380955,price_per_m2
property_type_and_province,Shophouse,Thanh Hóa,246,32,0,214,0.0,196261682.24299064,0.0,0.0,58839869.28104575,69333333.33333333,86666666.66666667,134666666.66666663,169863013.69863012,69333333.33333333,price_per_m2
property_type_and_province,Shophouse,Thái Bình,26,3,0,23,27027027.02702703,233333333.33333334,27027027.027027033,27640650.854936574,47506989.74836906,84210526.31578948,134604564.06236392,171560627.4509804,219886933.3333334,84210526.31578948,price_per_m2
property_type_and_province,Shophouse,Thái Nguyên,241,31,0,210,0.0,220000000.0,0.0,0.0,33500000.0,48484848.484848484,64000000.0,195499999.99999982,216692600.0,48484848.484848484,price_per_m2
property_type_and_province,Shophouse,Tiền Giang,28,7,0,21,0.0,133333333.33333333,0.0,0.0,21531631.520532742,92857142.85714285,101190476.1904762,133333333.33333333,133333333.33333333,92857142.85714285,price_per_m2
property_type_and_province,Shophouse,Trà Vinh,6,0,0,6,42500000.0,51000000.0,42500000.0,42500000.0,44522058.82352941,50588235.294117644,50897058.82352941,51000000.0,51000000.0,50588235.294117644,price_per_m2
property_type_and_province,Shophouse,Tuyên Quang,6,3,0,3,55555555.55555555,55555555.55555555,55555555.55555555,55555555.55555555,55555555.55555555,55555555.55555555,55555555.55555555,55555555.55555555,55555555.55555555,55555555.55555555,price_per_m2
property_type_and_province,Shophouse,Tây Ninh,53,2,0,51,10000000.0,122666666.66666667,10000000.0,12000000.0,17647058.82352941,20312500.0,27523437.5,56567901.2345679,114666666.66666667,20312500.0,price_per_m2
property_type_and_province,Shophouse,Vĩnh Long,8,0,0,8,27123809.523809522,172222222.2222222,27125142.857142854,27130476.190476187,83174603.17460318,128482309.12476721,132061320.75471698,158170859.53878403,169411949.68553457,128482309.12476721,price_per_m2
property_type_and_province,Shophouse,Vĩnh Phúc,187,10,0,177,0.0,158000000.0,0.0,13734905.660377372,50000000.0,66000000.0,90909090.9090909,123456000.0,155720000.00000003,66000000.0,price_per_m2
property_type_and_province,Shophouse,Yên Bái,20,2,0,18,48000000.0,54666666.666666664,48000000.0,48000000.0,52000000.0,52000000.0,53333333.333333336,54666666.66666666,54666666.666666664,52000000.0,price_per_m2
property_type_and_province,Shophouse,Điện Biên,10,0,0,10,68571428.57142857,180000000.0,68571428.57142857,68571428.57142857,71428571.42857143,71794871.79487179,71794871.79487179,132749999.99999988,170550000.00000003,71794871.79487179,price_per_m2
property_type_and_province,Shophouse,Đà Nẵng,843,76,0,767,0.0,455522749.6403967,0.0,14204545.454545457,61682352.941176474,89395348.8372093,141020824.38814944,236230195.71295428,311151405.80064106,89395348.8372093,price_per_m2
property_type_and_province,Shophouse,Đắk Lắk,151,6,0,145,0.0,146153846.15384614,42586666.66666667,47333333.33333333,60833333.333333336,73000000.0,109000000.0,128902821.31661439,145307692.3076923,73000000.0,price_per_m2
property_type_and_province,Shophouse,Đồng Nai,442,43,0,399,0.0,163636363.63636363,0.0,38440909.09090909,52269611.34954697,75000000.0,89038888.8888889,122727272.72727273,134486928.10457513,75000000.0,price_per_m2
property_type_and_province,Shophouse,Đồng Tháp,3,1,0,2,109333333.33333333,109333333.33333333,109333333.33333333,109333333.33333333,109333333.33333333,109333333.33333333,109333333.33333333,109333333.33333333,109333333.33333333,109333333.33333333,price_per_m2
property_type_and_province,Đất,An Giang,661,117,0,544,0.0,50000000000.0,0.0,351500.0,4166666.6666666665,7973076.469895134,21666666.666666668,55200823.976178035,83883388.940546,7973076.469895134,price_per_m2
property_type_and_province,Đất,Bà Rịa - Vũng Tàu,14959,379,0,14580,0.0,7840000000.0,535158.5074648212,1500000.0,5300000.0,11111111.111111112,29003521.126760565,108040201.00502513,170634920.6349206,11111111.111111112,price_per_m2
property_type_and_province,Đất,Bình Dương,26347,1688,0,24659,0.0,49226441631.50492,0.0,1400000.0,8387831.737057507,20285714.285714287,36515199.64002594,63291139.24050633,100000000.0,20285714.285714287,price_per_m2
property_type_and_province,Đất,Bình Phước,4576,337,0,4239,0.0,6333333333.333333,0.0,208712.9303334237,1185133.5989267025,2200000.0,4751642.036124795,18500000.0,34466019.41747573,2200000.0,price_per_m2
property_type_and_province,Đất,Bình Thuận,3570,234,0,3336,0.0,3170731707.3170733,0.0,169807.6923076923,1700000.0,6096849.266022198,16666666.666666666,55045871.559633024,86072222.22222222,6096849.266022198,price_per_m2
property_type_and_province,Đất,Bình Định,1450,132,0,1318,0.0,1250000000.0,40838.46153846153,2657004.8309178744,7376315.7894736845,19000000.0,30000000.0,58823529.4117647,161016949.15254238,19000000.0,price_per_m2
property_type_and_province,Đất,Bạc Liêu,143,41,0,102,0.0,110005885.8151854,123003.01810865193,469460.8661090264,2335294.117647059,4625000.0,21145037.346826382,60327586.20689655,62000000.0,4625000.0,price_per_m2
property_type_and_province,Đất,Bắc Giang,2327,212,0,2115,0.0,226700251.88916874,0.0,950000.0,6502212.389380531,20000000.0,37712418.30065359,66152777.777777776,138247619.0476198,20000000.0,price_per_m2
property_type_and_province,Đất,Bắc Kạn,23,9,0,14,96666.66666666667,25806451.612903226,344100.0,1333833.3333333333,10046265.69729015,12698412.698412698,18884180.790960453,25806451.612903226,25806451.612903226,12698412.698412698,price_per_m2
property_type_and_province,Đất,Bắc Ninh,6027,522,0,5505,0.0,7000000000.0,0.0,10000000.0,23571428.57142857,35000000.0,50000000.0,105454545.45454544,162000000.0,35000000.0,price_per_m2
property_type_and_province,Đất,Bến Tre,1563,113,0,1450,0.0,300000000.0,114913.04347826086,454769.6539966678,1566666.6666666667,3916666.6666666665,6247902.684563758,15000000.0,30039979.757085018,3916666.6666666665,price_per_m2
property_type_and_province,Đất,Cao Bằng,58,13,0,45,0.0,156250000.0,0.0,4044540.0123161413,7333333.333333333,12820512.82051282,27272727.272727273,57199999.999999955,121253424.65753442,12820512.82051282,price_per_m2
property_type_and_province,Đất,Cà Mau,297,37,0,260,0.0,126829268.29268293,57380.565796430456,642086.7604049501,4033114.4733085926,5833333.333333333,12148148.14814815,42149999.99999995,67368890.62550882,5833333.333333333,price_per_m2
property_type_and_province,Đất,Cần Thơ,2047,234,0,1813,0.0,353571428.5714286,282314.6467919638,2900000.0,11775147.928994082,28636363.636363637,40000000.0,100000000.0,139682539.68253967,28636363.636363637,price_per_m2
property_type_and_province,Đất,Gia Lai,519,46,0,473,0.0,180000000.0,0.0,140000.0,958333.3333333334,3251336.898395722,8275862.068965517,20075757.575757533,107668327.40213513,3251336.898395722,price_per_m2
property_type_and_province,Đất,Huế,2027,157,0,1870,0.0,360000000.0,0.0,3532142.8571428573,11000000.0,18373205.741626795,25296259.323212698,50000000.0,95000000.0,18373205.741626795,price_per_m2
property_type_and_province,Đất,Hà Giang,39,9,0,30,0.0,81250000.0,0.0,72000.00000000003,2736842.1052631577,7300000.0,15518414.368650217,33636363.63636363,67442045.4545455,7300000.0,price_per_m2
property_type_and_province,Đất,Hà Nam,1750,261,0,1489,0.0,17500000000.0,0.0,6099340.659340659,19323671.49758454,27000000.0,44228571.428571425,81614814.81481472,220000000.0,27000000.0,price_per_m2
property_type_and_province,Đất,Hà Nội,103190,9799,0,93391,0.0,55000000000.0,0.0,8000000.0,32486622.11639399,84183673.46938775,161252900.23201856,298038461.53846157,463302752.29357797,84183673.46938775,price_per_m2
property_type_and_province,Đất,Hà Tĩnh,534,79,0,455,0.0,93567251.4619883,0.0,1216350.3437590785,6266666.666666667,9090909.090909092,15000000.0,29123529.41176469,43162499.999999866,9090909.090909092,price_per_m2
property_type_and_province,Đất,Hòa Bình,5972,872,0,5100,0.0,6666666666.666667,0.0,387026.6479663394,2994312.0749532627,6089655.172413792,10000000.0,24510471.763637338,48845904.87467931,6089655.172413792,price_per_m2
property_type_and_province,Đất,Hưng Yên,5133,732,0,4401,0.0,268138801.26182964,0.0,10000000.0,24519230.769230768,36000000.0,50359712.230215825,82751091.70305677,114942528.73563218,36000000.0,price_per_m2
property_type_and_province,Đất,Hải Dương,1151,162,0,989,0.0,361111111.1111111,0.0,4182913.8603332154,15122873.345935728,28421052.63157895,51111111.11111111,143600000.0,192966193.0010605,28421052.63157895,price_per_m2
property_type_and_province,Đất,Hải Phòng,17162,1122,0,16040,0.0,12025316455.696203,0.0,7233934.628430466,16000000.0,28000000.0,51996913.58024691,125000000.0,185000000.0,28000000.0,price_per_m2
property_type_and_province,Đất,Hậu Giang,416,39,0,377,0.0,68181818.18181819,271977.6899780007,724497.2621410296,4583333.333333333,9027777.777777778,13157894.736842105,27268016.194331966,37000000.0,9027777.777777778,price_per_m2
property_type_and_province,Đất,Hồ Chí Minh,91753,3937,0,87816,0.0,260000000000.0,1499862.2315980096,5786978.285391991,37000000.0,65625000.0,98181818.18181819,209090909.0909091,358024691.3580247,65625000.0,price_per_m2
property_type_and_province,Đất,Khánh Hòa,26263,526,0,25737,0.0,48500000000.0,215715.6005522319,2104922.279792746,11000000.0,29166666.666666668,64263322.88401254,127562858.08987151,250000000.0,29166666.666666668,price_per_m2
property_type_and_province,Đất,Kiên Giang,1861,196,0,1665,0.0,780000000.0,0.0,1726903.0718425787,5416666.666666667,11428571.42857143,21956087.824351296,68439999.99999997,256410256.41025642,11428571.42857143,price_per_m2
property_type_and_province,Đất,Kon Tum,239,35,0,204,0.0,100000000.0,1500.0000000000125,143928.57142857145,813636.3636363636,4454786.292093445,25590659.340659343,51634615.38461537,81841432.22506393,4454786.292093445,price_per_m2
property_type_and_province,Đất,Lai Châu,26,5,0,21,0.0,22000000.0,0.0,0.0,8333333.333333333,10084033.613445379,17000000.0,20000000.0,21600000.0,10084033.613445379,price_per_m2
property_type_and_province,Đất,Long An,14518,1157,0,13361,0.0,12760416666.666666,288810.5625717566,1588785.0467289719,5833333.333333333,11132075.471698113,18518518.51851852,31742424.242424242,44000000.0,11132075.471698113,price_per_m2
property_type_and_province,Đất,Lào Cai,458,50,0,408,0.0,562500000.0,0.0,840000.0,6755426.851514046,18304929.57746479,45375000.0,420398009.950248,455696202.5316456,18304929.57746479,price_per_m2
property_type_and_province,Đất,Lâm Đồng,8815,335,0,8480,0.0,12000000000.0,89979.50819672132,733148.8147355452,3472222.222222222,8224789.915966387,26916802.61011419,84615384.61538461,131420435.87777899,8224789.915966387,price_per_m2
property_type_and_province,Đất,Lạng Sơn,136,16,0,120,0.0,140000000.0,0.0,4995454.545454546,11786195.64446336,21968253.96825397,36750000.0,62149999.99999999,98660728.1177382,21968253.96825397,price_per_m2
property_type_and_province,Đất,Nam Định,2586,228,0,2358,0.0,236336779.9113737,0.0,8000000.0,12004291.845493563,15000000.0,20000000.0,37500000.0,72068452.38095215,15000000.0,price_per_m2
property_type_and_province,Đất,Nghệ An,1426,165,0,1261,0.0,273727647.8679505,0.0,6500000.0,16403046.280023433,25966386.55462185,39902280.13029316,79701834.86238532,132978723.40425533,25966386.55462185,price_per_m2
property_type_and_province,Đất,Ninh Bình,737,111,0,626,0.0,300000000.0,0.0,2061335.0125944584,15572916.666666668,30213416.24959658,52907894.7368421,109891975.30864197,182291666.66666666,30213416.24959658,price_per_m2
property_type_and_province,Đất,Ninh Thuận,989,56,0,933,0.0,127777777.77777778,66094.73684210525,552732.9910783665,5540780.141843972,14318181.818181818,28269602.73768785,44444444.44444445,84679999.99999994,14318181.818181818,price_per_m2
property_type_and_province,Đất,Phú Thọ,2356,282,0,2074,0.0,9312500000.0,0.0,1600562.4028245662,6092995.169082126,12000000.0,25000000.0,58005555.55555555,106786147.6324402,12000000.0,price_per_m2
property_type_and_province,Đất,Phú Yên,1121,118,0,1003,0.0,12998620689.655172,973.684210526312,401173.6128595732,5527777.777777778,11000000.0,18011908.59349855,40992526.69039146,78242745.09803939,11000000.0,price_per_m2
property_type_and_province,Đất,Quảng Bình,432,61,0,371,0.0,191666666.66666666,0.0,2000000.0,6493780.307822054,13166666.666666666,25541125.54112554,76973684.21052632,104887428.47665681,13166666.666666666,price_per_m2
property_type_and_province,Đất,Quảng Nam,8488,313,0,8175,0.0,19250000000.0,0.0,3022237.569060775,10129870.12987013,21500000.0,32500000.0,63000000.0,102646415.37982313,21500000.0,price_per_m2
property_type_and_province,Đất,Quảng Ngãi,725,60,0,665,0.0,130000000.0,0.0,323004.6894983658,4014598.5401459853,9259259.25925926,14500000.0,30158415.84158415,50432000.000000015,9259259.25925926,price_per_m2
property_type_and_province,Đất,Quảng Ninh,3936,349,0,3587,0.0,2991666666.6666665,0.0,3662189.154099671,15000000.0,25000000.0,44444444.44444445,120000000.0,202256821.24067014,25000000.0,price_per_m2
property_type_and_province,Đất,Quảng Trị,577,51,0,526,0.0,111842105.26315789,0.0,1300000.0,3954545.4545454546,7407482.993197279,11197067.901234567,22093023.255813953,36538461.538461536,7407482.993197279,price_per_m2
property_type_and_province,Đất,Sóc Trăng,257,85,0,172,164609.0534979424,451807228.9156626,347540.02786561253,1081271.397447868,2231716.1155820983,4583333.333333333,5579710.144927537,19662576.687116526,82133333.33333291,4583333.333333333,price_per_m2
property_type_and_province,Đất,Sơn La,179,14,0,165,0.0,95000000.0,0.0,371081.0810810812,1966666.6666666667,6706114.39842209,24615384.615384616,77138138.13813789,91799999.99999994,6706114.39842209,price_per_m2
property_type_and_province,Đất,Thanh Hóa,3602,279,0,3323,0.0,18105263157.894737,0.0,1181818.1818181819,2962962.962962963,9722222.222222222,17957746.478873238,49903846.15384581,103483606.55737667,9722222.222222222,price_per_m2
property_type_and_province,Đất,Thái Bình,1358,268,0,1090,0.0,1700000000.0,0.0,3689927.1844660197,10647590.076657891,17574074.074074075,29117999.01488296,53142857.14285713,99494318.18181814,17574074.074074075,price_per_m2
property_type_and_province,Đất,Thái Nguyên,1636,231,0,1405,0.0,3700000000.0,0.0,121111.11111111128,11016949.152542373,18000000.0,25000000.0,40000000.0,65086567.164179295,18000000.0,price_per_m2
property_type_and_province,Đất,Tiền Giang,2166,278,0,1888,0.0,798458149.7797357,244222.79196086776,902200.5807956585,2770493.505239268,4583333.333333333,8000000.0,27652173.913043477,43417062.23628691,4583333.333333333,price_per_m2
property_type_and_province,Đất,Trà Vinh,271,49,0,222,17000.0,72500000.0,185977.2727272727,576220.1907790144,2400000.0,4166666.6666666665,5416666.666666667,18400000.0,50297025.11582517,4166666.6666666665,price_per_m2
property_type_and_province,Đất,Tuyên Quang,108,26,0,82,100000.0,130000000.0,133750.0,2241319.4444444445,6366822.429906542,10632313.231323132,15968253.968253968,43342592.592592604,88181798.71520332,10632313.231323132,price_per_m2
property_type_and_province,Đất,Tây Ninh,3775,131,0,3644,0.0,3800000000.0,23033.33333333333,692307.6923076923,1942857.142857143,3076923.076923077,5000000.0,12857142.857142858,35932727.272727534,3076923.076923077,price_per_m2
property_type_and_province,Đất,Vĩnh Long,592,88,0,504,0.0,56571428.571428575,156041.6565318187,1056582.8135470902,3333333.3333333335,5312190.28741328,13045541.775861003,30000000.0,45238095.23809524,5312190.28741328,price_per_m2
property_type_and_province,Đất,Vĩnh Phúc,3594,425,0,3169,0.0,60000000000.0,0.0,3070140.9115956863,11000000.0,20000000.0,32407407.407407407,57784866.96230597,90858536.5853663,20000000.0,price_per_m2
property_type_and_province,Đất,Yên Bái,170,25,0,145,0.0,122807017.54385965,0.0,1406193.4585942938,8333333.333333333,14000000.0,21176470.588235293,49451795.841209784,104753164.55696203,14000000.0,price_per_m2
property_type_and_province,Đất,Điện Biên,42,7,0,35,218750.0,75329566.85499059,1232375.0,3410000.0,6153035.696296047,15156480.419465836,24589767.464357838,42978021.97802186,74625939.03271869,15156480.419465836,price_per_m2
property_type_and_province,Đất,Đà Nẵng,59245,2486,0,56759,0.0,98601973684.21053,0.0,16256368.56368564,46296296.2962963,66111111.11111111,110416666.66666667,218756838.07439816,324675324.6753247,66111111.11111111,price_per_m2
property_type_and_province,Đất,Đắk Lắk,2108,88,0,2020,0.0,316000000.0,56392.05637961818,234536.93181818182,1940371.5487489214,5761197.044417888,15412448.974776432,43346666.66666666,73047119.04383104,5761197.044417888,price_per_m2
property_type_and_province,Đất,Đắk Nông,467,23,0,444,0.0,190000000.0,0.0,60000.0,219347.8260869565,1321192.0529801324,4000000.0,7953846.153846143,33717105.2631579,1321192.0529801324,price_per_m2
property_type_and_province,Đất,Đồng Nai,19420,1367,0,18053,0.0,370000000000.0,0.0,877543.8596491229,5406250.0,13000000.0,20857142.85714286,43882978.72340425,78313253.0120482,13000000.0,price_per_m2
property_type_and_province,Đất,Đồng Tháp,820,86,0,734,0.0,84015151.51515152,174823.07692307694,429539.717300418,3000235.7378595,5000000.0,11154219.204655675,30153130.154740408,55000000.0,5000000.0,price_per_m2
province,,An Giang,950,132,0,818,0.0,50000000000.0,0.0,525369.8116583176,4758327.96814269,15831244.778613199,30685618.72909699,72106040.26845635,174757281.55339804,15831244.778613199,price_per_m2
province,,Bà Rịa - Vũng Tàu,26121,573,0,25548,0.0,36607142857.14286,641604.8478015783,2090216.6193181816,9039256.198347108,32629348.79571811,76388888.8888889,151515151.5151515,222822318.52654326,32629348.79571811,price_per_m2
province,,Bình Dương,65132,3167,0,61965,0.0,144444444444.44446,41543.111111110564,2350000.0,21739130.43478261,35294117.64705882,48377916.903813325,81273255.81395335,122222222.22222224,35294117.64705882,price_per_m2
province,,Bình Phước,4885,358,0,4527,0.0,6333333333.333333,0.0,214132.80908693752,1202059.2919036914,2325581.395348837,5605534.204458109,22307692.307692308,35704149.99999981,2325581.395348837,price_per_m2
province,,Bình Thuận,5010,272,0,4738,0.0,3170731707.3170733,0.0,233778.876139731,2999588.9717971417,12065763.052208835,31250000.0,64056139.04637973,108150000.00000055,12065763.052208835,price_per_m2
province,,Bình Định,3126,218,0,2908,0.0,10500000000.0,0.0,4183249.721293199,17950246.710526317,28508771.92982456,46739130.43478261,104121240.6015038,189209843.94482607,28508771.92982456,price_per_m2
province,,Bạc Liêu,176,42,0,134,0.0,110005885.8151854,173385.3118712274,754392.4943785379,2966748.768472906,8170141.784820683,30483271.60960371,68823333.33333328,86424965.51724125,8170141.784820683,price_per_m2
province,,Bắc Giang,3262,369,0,2893,0.0,27692307692.307693,0.0,950000.0,9035087.719298245,27777777.777777776,45833333.333333336,106386554.62184885,208809523.80952337,27777777.777777776,price_per_m2
province,,Bắc Kạn,26,11,0,15,0.0,25806451.612903226,13533.333333333336,67666.66666666667,6749021.1735181715,12698412.698412698,17768361.581920903,25806451.612903222,25806451.612903226,12698412.698412698,price_per_m2
province,,Bắc Ninh,10128,853,0,9275,0.0,36000000000.0,0.0,11111111.111111112,28509656.45466575,45774647.887323946,71375464.68401487,125000000.0,180811111.1111113,45774647.887323946,price_per_m2
province,,Bến Tre,2150,116,0,2034,0.0,300000000.0,151391.06306331547,577000.0000000001,2200000.0,4870431.893687708,9929819.277108435,25172799.422799412,49773972.60273977,4870431.893687708,price_per_m2
province,,Cao Bằng,78,14,0,64,0.0,156250000.0,0.0,4369506.621352396,7784053.5205088835,13272777.706840908,33493733.988783494,67277628.032345,106141267.12328747,13272777.706840908,price_per_m2
province,,Cà Mau,383,47,0,336,0.0,147058823.52941176,54383.82382360927,1192372.073121306,4433497.536945812,7354497.3544973545,16000000.0,48540322.58064516,100649999.99999997,7354497.3544973545,price_per_m2
province,,Cần Thơ,4609,325,0,4284,0.0,500000000.0,261442.93494656944,4500422.138836773,24148113.610754944,39375000.0,64000000.0,142697228.14498925,257098313.73762378,39375000.0,price_per_m2
province,,Gia Lai,609,52,0,557,0.0,180000000.0,0.0,147058.82352941178,1305182.3416506718,3869047.619047619,11034482.75862069,33652563.36954447,102975088.96797115,3869047.619047619,price_per_m2
province,,Huế,3383,305,0,3078,0.0,360000000.0,0.0,4440029.433406917,14814814.814814815,23581070.716367543,39928448.898519315,85197568.38905753,198412698.41269845,23581070.716367543,price_per_m2
province,,Hà Giang,74,16,0,58,0.0,119047619.04761904,0.0,449000.00000000006,6800000.0,17283950.61728395,22166666.666666668,76581439.39393939,98246062.32146132,17283950.61728395,price_per_m2
province,,Hà Nam,3149,400,0,2749,0.0,17500000000.0,0.0,6747272.727272728,23011363.636363637,35821205.82120582,60000000.0,116666666.66666667,223655999.99999994,35821205.82120582,price_per_m2
province,,Hà Nội,592458,41984,0,550474,0.0,27045454545454.547,0.0,25031289.111389235,82000000.0,175000000.0,266666666.66666666,450000000.0,707692307.6923077,175000000.0,price_per_m2
province,,Hà Tĩnh,613,84,0,529,0.0,967741935.483871,0.0,1307234.3446375611,6583333.333333333,10000000.0,18181818.181818184,35132184.122948065,67700934.5794397,10000000.0,price_per_m2
province,,Hòa Bình,6470,949,0,5521,0.0,6666666666.666667,0.0,385694.24964936887,3052208.8353413655,6666666.666666667,11333333.333333334,30197444.831591174,53685714.28571431,6666666.666666667,price_per_m2
province,,Hưng Yên,24512,2035,0,22477,0.0,59000000000.0,0.0,19440000.0,58653846.15384615,82758620.68965517,152884615.3846154,214285714.28571433,270000000.0,82758620.68965517,price_per_m2
province,,Hải Dương,1557,238,0,1319,0.0,1150000000.0,0.0,4249142.072752231,18524844.720496893,34210526.315789476,59259259.25925926,145524475.52447549,206833333.33333278,34210526.315789476,price_per_m2
province,,Hải Phòng,30305,1780,0,28525,0.0,12025316455.696203,0.0,8308823.529411765,23563218.390804596,45243619.489559166,83333333.33333333,159482361.96319008,250000000.0,45243619.489559166,price_per_m2
province,,Hậu Giang,492,41,0,451,0.0,68269230.76923077,271067.9387769195,770000.0,4583333.333333333,10526315.789473685,16666666.666666666,31500000.0,60326530.6122449,10526315.789473685,price_per_m2
province,,Hồ Chí Minh,668098,35376,0,632722,0.0,429215384615.38464,740871.8063648591,26515151.515151516,64393939.39393939,103239587.04165184,163095238.0952381,329268292.68292683,603534811.3744948,103239587.04165184,price_per_m2
province,,Khánh Hòa,54905,842,0,54063,0.0,125000000000.0,325543.1294486669,4128319.7475677095,25017561.59259966,52000000.0,86666666.66666667,178370786.51685393,339285714.28571427,52000000.0,price_per_m2
province,,Kiên Giang,3297,295,0,3002,0.0,780000000.0,0.0,2004166.6666666674,8336969.719966608,21270161.29032258,56666666.666666664,132642924.71955666,249976190.47618997,21270161.29032258,price_per_m2
province,,Kon Tum,297,39,0,258,0.0,133333333.33333333,28499.999999999993,151287.87878787878,1469387.7551020407,9168091.168091167,28214285.714285716,52197802.1978022,89649616.36828658,9168091.168091167,price_per_m2
province,,Lai Châu,50,15,0,35,0.0,81818181.81818181,0.0,1176470.5882352944,6512605.042016807,9523809.523809524,15318181.818181818,21183333.33333333,61479999.99999979,9523809.523809524,price_per_m2
province,,Long An,21974,1467,0,20507,0.0,338461538461.53845,320016.6306272177,2238478.5508985254,7925678.785089738,16534391.534391535,28888888.888888888,59689922.48062015,98469185.49690422,16534391.534391535,price_per_m2
province,,Lào Cai,910,95,0,815,0.0,562500000.0,0.0,1463400.0000000002,14638202.447958546,35641025.64102564,75000000.0,384027777.77777743,455696202.5316456,35641025.64102564,price_per_m2
province,,Lâm Đồng,13037,432,0,12605,0.0,42222222222.22222,128883.11688311692,1066666.6666666667,5000000.0,14761904.761904761,60000000.0,134892086.33093524,264111221.44985017,14761904.761904761,price_per_m2
province,,Lạng Sơn,263,30,0,233,0.0,145000000.0,0.0,0.0,13000000.0,30303030.303030305,45000000.0,65698450.53635275,97744384.19829595,30303030.303030305,price_per_m2
province,,Nam Định,2938,256,0,2682,0.0,722891566.2650602,4628.571428571442,8000000.0,12500000.0,15612500.0,23498493.975903615,53688973.06397301,90484819.7343454,15612500.0,price_per_m2
province,,Nghệ An,2404,325,0,2079,0.0,300000000.0,0.0,6441397.849462369,20136546.370315604,35000000.0,52040816.32653061,91372647.0855687,173426317.0974141,35000000.0,price_per_m2
province,,Ninh Bình,846,122,0,724,0.0,300000000.0,0.0,1655247.5847965586,15924060.061943779,32201117.318435755,56716972.8783902,110331168.83116885,178473333.33333305,32201117.318435755,price_per_m2
province,,Ninh Thuận,1379,74,0,1305,0.0,142095914.74245116,68421.05263157895,965517.2413793104,7614213.197969543,16494845.360824741,33823529.4117647,75757575.75757575,95481670.92924127,16494845.360824741,price_per_m2
province,,Phú Thọ,2841,342,0,2499,0.0,9312500000.0,0.0,1723671.1711711711,6800000.0,15000000.0,31435935.198821798,70000000.0,120000000.0,15000000.0,price_per_m2
province,,Phú Yên,1854,157,0,1697,0.0,12998620689.655172,0.0,0.0,5586592.17877095,14075630.25210084,37169042.76985744,133333333.33333333,152000000.0,14075630.25210084,price_per_m2
province,,Quảng Bình,602,75,0,527,0.0,191666666.66666666,0.0,2916666.6666666665,8735456.591690838,19705882.352941178,47945205.47945205,95080976.86375321,155029600.0,19705882.352941178,price_per_m2
province,,Quảng Nam,10199,371,0,9828,0.0,19250000000.0,0.0,3373493.9759036144,12091503.267973857,25000000.0,39500000.0,90000000.0,196437878.78787792,25000000.0,price_per_m2
province,,Quảng Ngãi,912,73,0,839,0.0,285000000.0,0.0,505827.1100715924,5508620.689655173,10714285.714285715,19067287.78467909,41117647.058823526,73094339.62264153,10714285.714285715,price_per_m2
province,,Quảng Ninh,9416,993,0,8423,0.0,2991666666.6666665,0.0,2903356.3416738575,24164676.616915423,42277339.346110485,76470588.23529412,155159237.45444348,260638610.42183626,42277339.346110485,price_per_m2
province,,Quảng Trị,708,62,0,646,0.0,191176470.5882353,0.0,1457840.2845134176,4461095.505617978,8892496.392496392,18625000.0,76388888.8888889,97466666.66666654,8892496.392496392,price_per_m2
province,,Sóc Trăng,332,92,0,240,0.0,451807228.9156626,283767.150424866,1166426.4683093135,2980769.230769231,5015445.719329215,13967803.030303031,37956706.54911833,110744092.50879821,5015445.719329215,price_per_m2
province,,Sơn La,228,15,0,213,0.0,95000000.0,0.0,461250.0,2666666.6666666665,15094339.62264151,27216174.183514774,65690690.690690696,90000000.0,15094339.62264151,price_per_m2
province,,Thanh Hóa,5410,491,0,4919,0.0,18105263157.894737,0.0,1219300.1060445388,5000000.0,15384615.384615384,40393488.849013075,84821428.57142857,177277777.777777,15384615.384615384,price_per_m2
province,,Thái Bình,1884,337,0,1547,0.0,1700000000.0,0.0,4404459.064327486,13266666.666666668,24019607.843137253,37500000.0,75999796.30635521,164355882.35294107,24019607.843137253,price_per_m2
province,,Thái Nguyên,3170,384,0,2786,0.0,3700000000.0,0.0,0.0,16500000.0,23000000.0,30000000.0,57722308.8923557,180000000.0,23000000.0,price_per_m2
province,,Tiền Giang,2661,291,0,2370,0.0,798458149.7797357,236740.81871185833,1000000.0,3087649.402390438,5408888.269713012,12500000.0,40586816.72025704,99853503.18471336,5408888.269713012,price_per_m2
province,,Trà Vinh,353,51,0,302,17000.0,72500000.0,228117.73708973415,794627.0957824843,2951136.3636363638,4720000.0,11682900.432900432,44899999.99999998,56610000.00000005,4720000.0,price_per_m2
province,,Tuyên Quang,145,37,0,108,100000.0,130000000.0,147750.0,2692708.3333333335,7576848.538256798,13496031.746031746,28281402.67071979,55555555.55555555,77293917.0433816,13496031.746031746,price_per_m2
province,,Tây Ninh,4570,161,0,4409,0.0,3800000000.0,15797.222222222219,800000.0,2133333.3333333335,3500000.0,6198347.107438017,21620689.65517235,50841199.478487626,3500000.0,price_per_m2
province,,Vĩnh Long,802,91,0,711,0.0,179775280.8988764,248046.92923589578,1280812.1725448184,3888033.466919778,9368421.05263158,19371345.029239766,52357456.14035088,132073584.90566038,9368421.05263158,price_per_m2
province,,Vĩnh Phúc,5316,601,0,4715,0.0,60000000000.0,0.0,2562871.794871795,13654119.318181818,26495726.495726496,48000000.0,92500000.0,130000000.0,26495726.495726496,price_per_m2
province,,Yên Bái,256,35,0,221,0.0,122807017.54385965,0.0,945268.9290103033,9875213.214830775,16666666.666666666,32000000.0,102848101.26582278,118012422.36024845,16666666.666666666,price_per_m2
province,,Điện Biên,65,9,0,56,218750.0,180000000.0,1858437.5000000002,3791666.666666667,11594339.62264151,21248759.920634918,36558872.30514096,73695054.94505495,122431261.7702451,21248759.920634918,price_per_m2
province,,Đà Nẵng,97743,4515,0,93228,0.0,155172413793.10345,0.0,20811666.66666668,50197021.43805729,74305555.55555555,117647058.8235294,224489795.91836736,350000000.0,74305555.55555555,price_per_m2
province,,Đắk Lắk,3021,113,0,2908,0.0,1222222222.2222223,63054.98783454987,365583.3333333333,3441810.1515559144,11382275.13227513,32376405.42328042,79000000.0,127272727.27272727,11382275.13227513,price_per_m2
province,,Đắk Nông,505,24,0,481,0.0,190000000.0,0.0,62500.0,232000.0,1542857.142857143,4500000.0,14553014.553014552,33717105.2631579,1542857.142857143,price_per_m2
province,,Đồng Nai,33748,1848,0,31900,0.0,370000000000.0,0.0,1400000.0,10454545.454545455,20454545.454545453,39705882.35294118,76388888.8888889,119335488.72180417,20454545.454545453,price_per_m2
province,,Đồng Tháp,965,92,0,873,0.0,293333333.3333333,168553.84615384616,627221.4913559766,3571428.5714285714,5833333.333333333,16478342.74952919,53569931.05236993,131884648.85021734,5833333.333333333,price_per_m2
