source_shard,source_row,name,description_excerpt,province_name,property_type_name,price,area,parsed_total_vnd,relative_error,comparison,parsed_candidates
shard_0007.parquet,238266,"Bán căn hộ Q7 Boulevard - 2PN 1WC 57m², đang cho thuê - Giá 3.3 tỷ","Cần bán căn hộ Q7 Boulevard Diện tích: 57m² Thiết kế: 2 phòng ngủ - 1 WC Nhà gọn gàng, bố trí hợp lý Đang cho thuê, phù hợp khách mua đầu tư giữ dòng tiền hoặc mua ở sau Ưu điểm căn hộ: Diện tích vừa phải, chi phí đầu tư hợp lý Dễ cho thuê, nhu cầu cao Phù hợp gia đình trẻ, cặp vợ chồng hoặc nhà đầu tư Tiện ích nội khu: Hồ bơi, công viên Khu sinh hoạt chung An ninh 24/7 Kết nối thuận tiện: Di chuyển nhanh Quận 7, Quận 4, Quận 1 Gần trung tâm thương mại, trường học, bệnh viện Giá bán: 3.30 tỷ (còn thương lượng cho khách thiện chí) Pháp lý rõ ràng, hỗ trợ thủ tục nhanh Liên hệ: Thi Thi [phone_number] Xem nhà theo lịch hẹn.",Hồ Chí Minh,Căn hộ chung cư,3300000000,57.0,3300000000.0,0.0,matched_2pct,"[{""source"": ""description"", ""text"": ""3.30 tỷ (còn thương lư"", ""parsed_value_vnd"": 3300000000.0, ""basis"": ""total"", ""total_equivalent_vnd"": 3300000000.0}]"
shard_0006.parquet,348985,Bán đất nghỉ dưỡng Phú Mãn 300m View Hồ cực đẹp Giá chỉ hơn 3 Tỷ,"43 SIÊU LÔ ĐẸP PHÚ CÁT HÒA LẠC Lưng tựa núi Mặt hướng thủy Thế đất Tả Thanh Long, Hữu Bạch Hổ Vị trí: Cách QL21 chỉ 1.5km, trung tâm kết nối vàng khu Tây Hà Nội. Quy mô: 43 lô đất, diện tích từ 250 300m, mặt tiền rộng 10m. Hạ tầng hoàn thiện: Đường nhựa trải thảm, ô tô tránh nhau thoải mái. View thiên nhiên tỷ đô, không gian nghỉ dưỡng đẳng cấp. Giá đầu tư chỉ từ 15 triệu/m Cơ hội sinh lời bền vững. Sổ đỏ trao tay pháp lý minh bạch. Số lượng giới hạn Chỉ 43 lô đẹp nhất Phú Cát. LH ngay Em Huy để hỗ trợ đi xem đất",Hà Nội,Đất,3500000000,300.0,3000000000.0,0.16666666666666666,mismatch,"[{""source"": ""title"", ""text"": ""3 Tỷ"", ""parsed_value_vnd"": 3000000000.0, ""basis"": ""total"", ""total_equivalent_vnd"": 3000000000.0}, {""source"": ""description"", ""text"": ""15 triệu/m Cơ hội sinh "", ""parsed_value_vnd"": 15000000.0, ""basis"": ""total"", ""total_equivalent_vnd"": 15000000.0}]"
shard_0006.parquet,30210,"Ngộp bank cần bán thửa đất số 89, TBĐ 34 tại khóm 1, phường 3, thành phố Sóc Trăng, tỉnh Sóc Trăng","Ngộp bank cần bán thửa đất số 89, TBĐ 34 tại khóm 1, phường 3, thành phố Sóc Trăng, tỉnh Sóc Trăng 1. Thửa đất - Thửa đất số: 89, tờ bản đồ số: 34 - Địa chỉ: khóm 1, phường 3, thành phố Sóc Trăng, tỉnh Sóc Trăng - Diện tích: 897,7 m2 - Hình thức sử dụng: Sử dụng riêng - Mục đích sử dụng: Đất ở tại đô thị: 420,0 m2; Đất trồng cây lâu năm 477,7 m2 - Thời hạn sử dụng: Đất ở tại đô thị: lâu dài; Đất trồng cây lâu năm đến ngày 15/10/2063 - Nguồn gốc sử dụng: Nhận chuyển nhượng đất được nhà nước giao đất có thu tiền sử dụng đất 420,0 m2, Nhận chuyển nhượng đất được nhà nước giao đất có thu tiền sử dụng đất 477,7 m2 2. Nhà ở: -/- Giá thỏa thuận, ưu tiên khách hàng có thiện chí",Sóc Trăng,Đất,,897.7,,,no_supported_price,[]
shard_0000.parquet,49571,"Bán đất thổ cư 624m2, mặt tiền 24m tại Bằng Tạ, Cẩm Lĩnh, Ba Vì, Hà Nội","Bán lô đất thổ cư tại Bằng Tạ, Cẩm Lĩnh, Ba Vì, Hà Nội. Diện tích: 624m2, trong đó có 100m2 đất ở. Mặt tiền rộng 24m. Đường bê tông rộng rãi, ô tô có thể vào tận đất. Khu vực dân cư đông đúc, cách đường nhựa khoảng 200m. Vị trí thuận lợi, cách khu du lịch Đầm Long khoảng 900m. Liên hệ: [phone_number] (Mr. Anh) qua điện thoại hoặc Zalo để biết thêm thông tin chi tiết.",Hà Nội,Đất,,624.0,,,no_supported_price,[]
shard_0002.parquet,132888,Bán nền góc 2 mặt tiền 659/295m2 giá quá rẻ chỉ 130tr/m2 giỏ hàng mới cập nhật tháng 8/2025 tại đây,"Nhận full bảng giá tất cả các nền đất biệt thự đang bán ra thị trường cập nhật mới nhất tại đây. * Nền I đường 20m - 90tr/m2 - DT 338m2. * Nền H1 góc 2 MT đường 659 - 130tr/m2 - 295m2. * Nền M 2 MT - 120tr/m2 - 280m2. * Nền P đường 12m - 72tr/m2. * Nền A2 đường 12m - 75tr/m2. Và còn nhiều nền khác. Giỏ hàng full 50 nền tất cả các khu, giá luôn được cập nhật mới nhất mỗi ngày. * Anh chị quan tâm liên hệ nhận thông tin - bảng giá, xem đất, xem sổ qua SĐT: [phone_number] gặp Thành Trung. - Chuyên nhận ký gửi - mua bán chuyển nhượng BĐS Phú Nhuận, Nam Long, Kiến Á. - Hỗ trợ miễn phí check quy hoạch, pháp lý BĐS, xây dựng,... - Hỗ trợ thông tin, nguồn hàng cho các bạn Môi Giới TGC tìm hàng cho khách. (Zalo 24/7).",Hồ Chí Minh,Đất,38350000000,295.0,38350000000.0,0.0,matched_2pct,"[{""source"": ""title"", ""text"": ""130tr/m2 giỏ hàng mớ"", ""parsed_value_vnd"": 130000000.0, ""basis"": ""per_m2"", ""total_equivalent_vnd"": 38350000000.0}, {""source"": ""description"", ""text"": ""90tr/m2 - DT 338m2."", ""parsed_value_vnd"": 90000000.0, ""basis"": ""per_m2"", ""total_equivalent_vnd"": 26550000000.0}, {""source"": ""description"", ""text"": ""130tr/m2 - 295m2. * "", ""parsed_value_vnd"": 130000000.0, ""basis"": ""per_m2"", ""total_equivalent_vnd"": 38350000000.0}, {""source"": ""description"", ""text"": ""120tr/m2 - 280m2. * "", ""parsed_value_vnd"": 120000000.0, ""basis"": ""per_m2"", ""total_equivalent_vnd"": 35400000000.0}, {""source"": ""description"", ""text"": ""72tr/m2. * Nền A2 đ"", ""parsed_value_vnd"": 72000000.0, ""basis"": ""per_m2"", ""total_equivalent_vnd"": 21240000000.0}, {""source"": ""description"", ""text"": ""75tr/m2. Và còn nhi"", ""parsed_value_vnd"": 75000000.0, ""basis"": ""per_m2"", ""total_equivalent_vnd"": 22125000000.0}]"
shard_0008.parquet,2362,"Chính chủ cần bán 3 lô Vương Thừa Vũ, sát tháp đôi, sát biển, xây cao tầng, Sơn Trà, Đà Nẵng","3 lô liền kề Vương Thừa Vũ. Diện tích 270m2 ngang 15m. Đối diện toà tháp đôi của Sun Group. Đã chuyển TMDV, sẵn giấy phép 9 tầng, có thể xin max 15 tầng. Giá bán: 75 tỷ. Zalo & call: [phone_number]Hậu).",Đà Nẵng,Đất,75000000000,270.0,75000000000.0,0.0,matched_2pct,"[{""source"": ""description"", ""text"": ""75 tỷ. Zalo & call: "", ""parsed_value_vnd"": 75000000000.0, ""basis"": ""total"", ""total_equivalent_vnd"": 75000000000.0}]"
shard_0000.parquet,327591,Bán lô đất 2 mặt ngõ siêu đẹp - Địa chỉ: Hoà Liễu - Thuận Thiên - Kiến Thuỵ,"- Bán lô đất 2 mặt ngõ siêu đẹp. - Địa chỉ: Hoà Liễu - Thuận Thiên - Kiến Thuỵ. - Diện tích: 210m2 full thổ cư. - Đất nở hậu, 2 mặt ngõ trước sau. Đường trước đất rộng 4.5m ô tô để trong sân nhà. - Vị trí: Cách mặt đường HL 405 chỉ 50m. Cách trung tâm huyện chỉ 3p đi xe. Chợ, ủy ban, trường, trạm... Ngay bên cạnh. - Giá bán chỉ loanh quanh 8 triệu/m2. Liên hệ để biết thêm chi tiết: ====================== Nhà Đất Anh Minh - Chuyên đất nền Dương Kinh - Kiến Thụy - Đồ Sơn. - Địa chỉ: 782 Phạm Văn Đồng, Dương Kinh, Hải Phòng. Liên hệ: [phone_number]",Hải Phòng,Đất,1790000000,210.0,1680000000.0,0.06547619047619048,mismatch,"[{""source"": ""description"", ""text"": ""8 triệu/m2. Liên hệ để"", ""parsed_value_vnd"": 8000000.0, ""basis"": ""per_m2"", ""total_equivalent_vnd"": 1680000000.0}]"
shard_0009.parquet,289521,"Chính chủ bán penthouse remax plaza, 210m, 4 phòng ngủ, 4wc, giá rẻ trung tâm 8 tỷ tuấn [phone_number]","Chính chủ bán Penthouse căn hộ chung cư cao cấp Remax Plaza, địa chỉ: số 117-118 Bãi Sậy, Phường 1, Quận 6, TP. Hồ Chí Minh. Dự án nằm ở vị trí góc giao lộ, có địa chỉ trên các mặt tiền đường Bãi Sậy và Phạm Đình Hổ (phường 1, quận 6). Đây là khu vực sầm uất, thuận tiện kết nối sang Quận 5, Quận 10 và các quận trung tâm Diện tích sử dụng: 210m2, nhà thiết kế 4 phòng ngủ, 4wc, lô gia phơi đồ rộng, ban công phòng khách thoáng mát, thích hợp với gia đình nhiều người ở, giá: 8 tỷ Chủ đầu tư chất lượng và uy tín Tiện ích: Siêu thị, hồ bơi, gym... Vị trí đắc ddijiaj, khu dân trí cao Liên hệ Dương Tuấn [phone_number]",Hồ Chí Minh,Căn hộ chung cư,8000000000,210.0,8000000000.0,0.0,matched_2pct,"[{""source"": ""title"", ""text"": ""8 tỷ tuấn [phone_nu"", ""parsed_value_vnd"": 8000000000.0, ""basis"": ""total"", ""total_equivalent_vnd"": 8000000000.0}, {""source"": ""description"", ""text"": ""8 tỷ Chủ đầu tư chấ"", ""parsed_value_vnd"": 8000000000.0, ""basis"": ""total"", ""total_equivalent_vnd"": 8000000000.0}]"
shard_0003.parquet,202912,"Bán đất khu nghỉ dưỡng tại đường Bình Hòa, Xã Phước Đồng, Nha Trang, 30 triệu/m2, 103 m2","Nhanh tay sở hữu đất, khu nghỉ dưỡng lý tưởng tại đường Bình Hòa, Xã Phước Đồng, Nha Trang. Diện tích lý tưởng 103m2 với mặt tiền 5m, ngõ vào rộng 12m, phù hợp cho xe ô tô. Giá bán hấp dẫn chỉ 30 triệu/th. Đất vuông vức đẹp, phù hợp xây nhà ở nghỉ dưỡng, buôn bán, gần khu du lịch thuận lợi giao thông. Không gian sống lý tưởng với không khí trong lành và yên bình, thích hợp cho nghỉ dưỡng và thư giãn. Gần trường tiểu học Phước Đồng, thuận tiện cho gia đình có trẻ nhỏ. Hãy liên hệ ngay để được tư vấn miễn phí qua - Nguyễn Thành Phát.",Khánh Hòa,Đất,3090000000,103.0,3090000000.0,0.0,matched_2pct,"[{""source"": ""title"", ""text"": ""30 triệu/m2, 103 m2"", ""parsed_value_vnd"": 30000000.0, ""basis"": ""per_m2"", ""total_equivalent_vnd"": 3090000000.0}, {""source"": ""description"", ""text"": ""30 triệu/th. Đất vuông "", ""parsed_value_vnd"": 30000000.0, ""basis"": ""total"", ""total_equivalent_vnd"": 30000000.0}]"
shard_0005.parquet,26032,CHÍNH CHỦ CẦN BÁN CĂN 2PN - 74M2 TẦNG TRUNG ( 18-20) FULL NỘI THẤT - ĐÃ CÓ SỔ ĐỎ,"Do có nhu cầu chuyển đổi nên gđ cần bán căn 2PN - 74m2 tầng 18-20 chung cư Bình Minh Garden - Căn hộ thiết kế 2PN, 2WC, 2 ban công rất thoáng - Là căn 2PN thiết kế đẹp nhất trong số các căn 2 ngủ ( các phòng đều có cửa sổ sáng ) - Full nội thất . Nhà mới tinh, nội thất làm cẩn thận vì xác định để ở - View công viên Ánh Dương , hướng ban công Đông Bắc Bác nào có nhu cầu liên hệ em xem nhà : ( chính chủ)",Hà Nội,Căn hộ chung cư,,74.0,,,no_supported_price,[]
shard_0008.parquet,180518,CHỦ CẦN TIỀN BÁN GẤP MẢNH ĐẤT DT 72M .MT5M .ĐƯỜNG THÔNG VF8 QUA ĐẤT .CÁCH KCN NỘI BÀI. MỞ RỘNG 500M,"BÁN 72m ĐẤT FULL THỔ CƯ OTO ĐỖ CỬA GẦN KCN NỘI BÀI Thôn Hoàng Dương xã Sóc Sơn TP Hà Nội Diện tích: 72m .Đường thông vf8 tránh xe máy .oto đỗ cửa, cách 20m ra đường bìa làng, chỉ 150m ra trục đường đôi khu công nghiệp Nội BàiKhu vực dân cư đông đúc, nhiều công nhân sinh sống và làm việcTiện ích xung quanh bạt ngàn: gần chợ, trường học, khu công nghiệp, dịch vụ sầm uất Vị trí cực đẹp, tiềm năng tăng giá cao, phù hợp đầu tư xây nhà trọ, hoặc ở kết hợp kinh doanh Giá tốt cho nhà đầu tư Liên hệ ngay để xem đất thực tế!",Hà Nội,Đất,2950000000,72.0,,,no_supported_price,[]
shard_0004.parquet,165377,"Bán căn hộ Besco An Sương Q12 lầu trung, block A diện tích: 82,9m2, 2 phòng ngủ","Bán căn hộ Besco An Sương Q.12. Lầu trung, Block A Diện tích: 82,9m2. 2 phòng ngủ | 2 toilet | Có ban công + lô gia. Hướng ban công: Tây Nam, thoáng mát, view đẹp. Sổ hồng riêng, cầm tay hỗ trợ vay ngân hàng. Giá bán: 2 tỷ 650 triệu (thương lượng nhẹ cho khách thiện chí). Liên hệ ngay để xem nhà. Happy land [phone_number] CG.",Hồ Chí Minh,Căn hộ chung cư,2650000000,82.9,2650000000.0,0.0,matched_2pct,"[{""source"": ""description"", ""text"": ""2 tỷ 650 triệu (thư"", ""parsed_value_vnd"": 2650000000.0, ""basis"": ""total"", ""total_equivalent_vnd"": 2650000000.0}]"
shard_0003.parquet,307159,"Siêu hot chính chủ cần bán gấp căn hộ tầng 20 ban công Đông Nam cực mát, full đồ cao cấp ở đc ngay","Chính chủ gửi bán căn hộ 90m2 tầng 20 tòa V1 siêu đẹp. - Căn hộ thiết kế tối ưu không gian: 3 ngủ 2 vệ sinh. - Ban công thông phòng khách, logia cùng hướng Đông Nam cực hút gió, cửa chính Tây bắc (căn hộ hợp cả 2 mệnh). - Đồ nội thất bàn giao lại toàn bộ cho khách, bao gồm cả đồ điện tử. (Tone trẻ trung, thiết kế hơn 600tr). - Tầng trung di chyển cực dễ, để lại 2 slot oto cho chủ mới. - Pháp lý rõ ràng, sổ không vay bank, giao dịch trong ngày được luôn. Chủ nhà trẻ tuổi, làm việc dễ, có hỗ trợ vay bank cho khách thiện chí. Liên hệ xem nhà qua sđt/Zalo đã ghim trên bài đăng. Em Giang hỗ trợ 24/7 nhiệt tình, chu đáo.",Hà Nội,Căn hộ chung cư,7480000000,90.0,600000000.0,11.466666666666667,mismatch,"[{""source"": ""description"", ""text"": ""600tr). - Tầng trung"", ""parsed_value_vnd"": 600000000.0, ""basis"": ""total"", ""total_equivalent_vnd"": 600000000.0}]"
shard_0000.parquet,219655,"Gia đình bán đất Nguyễn Lam gần Nguyễn Văn Linh, gần 100m², mặt tiền 6m, giá hơn 10 tỷ","Gia đình bán đất Nguyễn Lam gần Nguyễn Văn Linh, gần 100m², mặt tiền 6m, giá hơn 10 tỷ Chuyện là gia đình anh mình có mảnh đất ở Nguyễn Lam đoạn gần Nguyễn Văn Linh, mua để dành xây nhà cho con sau này. Nhưng giờ kế hoạch thay đổi nên quyết định nhượng lại cho ai có duyên. Mảnh đất gần 100m², mặt tiền rộng 6m, vuông vắn cực kỳ dễ xây. Đường ô tô vào thoải mái, dân cư xung quanh thân thiện, khu này sống rất yên tĩnh nhưng đi đâu cũng tiện. Mình thấy khu vực này đang phát triển nhanh, giá đất lên từng ngày. Ai mua giữ tiền hay xây nhà đều ổn cả. Pháp lý chuẩn chỉnh, sổ đỏ sẵn sàng. Giá mình mong muốn là hơn 10 tỷ có thương lượng cho người thiện chí. Bạn nào quan tâm thì gọi trực tiếp cho mình qua số Ms Hương) để hẹn xem đất nhé.",Hà Nội,Đất,10000000000,100.0,10000000000.0,0.0,matched_2pct,"[{""source"": ""title"", ""text"": ""10 tỷ"", ""parsed_value_vnd"": 10000000000.0, ""basis"": ""total"", ""total_equivalent_vnd"": 10000000000.0}, {""source"": ""description"", ""text"": ""10 tỷ Chuyện là gia "", ""parsed_value_vnd"": 10000000000.0, ""basis"": ""total"", ""total_equivalent_vnd"": 10000000000.0}, {""source"": ""description"", ""text"": ""10 tỷ có thương lượn"", ""parsed_value_vnd"": 10000000000.0, ""basis"": ""total"", ""total_equivalent_vnd"": 10000000000.0}]"
shard_0009.parquet,181110,"Bán shophouse 4 tầng, sổ đỏ lâu dài trung tâm Bãi Cháy, Hạ Long, Quảng Ninh","Chính chủ cần bán căn liền kề xây 4 tầng hoàn thiện bên ngoài, thô bên trong ngay trung tâm Bãi Cháy Hạ Long! 1. Nằm trên trucj đường Hoàng Quốc Việt, đối diện là nhà hàng Hồng Hạnh 6 2. Sở hữu khuôn viên xanh, salling club sang trọng bậc nhất Hạ Long 3. Trước mặt là biển Hạ Long 4. Đã xây xong, nhận nhà và sổ đỏ ngay 5. Hoziron Bay xứng đáng cho không gian sống đẹp, đầu tư giữ lời và khả năng kinh doanh dòng tiền hàng tháng Liên hệ: E Ngân Hạ Long : để đi xem căn ạ",Quảng Ninh,Shophouse,10600000000,100.0,,,no_supported_price,[]
shard_0001.parquet,265726,"Bán Nhà Thạch Bàn, 40m; 6t; gara ô tô, nội thất đẹp về ở ngay","Cần bán căn nhà Phố Thạch Bàn, Nhà thiết kế 6 tầng, mặt tiền rộng, thoáng sáng: DT40m; xây 6 tầng; Nhà nằm vị trí đẹp giao thông thuận lợi, gara ô Tô ra vào. Nhà nằm gần Chợ Thạch Bàn, khu chung cư CT1-CT2 Thạch bàn, nhà cách TTTM Aeon Long Biên 400m, thoả sức vui chơi cuối tuần cùng gia đình. Tiện ích xung quanh không thiếu gì, trường học các cấp từ mẫu giáo đến hết cấp ba Thạch Bàn. Nhà thiết kế 04 ngủ, đầy đủ công năng sử dụng cho gia đình nhiều người. Sổ đỏ chính chủ, vuông đẹp, pháp lý đảm bảo trong giao dịch: Liên hệ em Cầu làm việc trực tiếp:",Hà Nội,Nhà,6900000000,40.0,,,no_supported_price,[]
shard_0001.parquet,313531,"Cần bán lô đất đẹp Phạm Văn Đồng, Hiệp Bình Chánh Thủ Đức","Chủ cần bán lô đất đẹp Phạm Văn Đồng, Hiệp Bình Chánh Thủ Đức. + Cách Phạm Văn Đồng chỉ 30m. + Giá: 16,2 tỷ TL chủ. + Diện tích: Ngang 13m x 12,3= 160m2, đất vuông vức cực đẹp. + Pháp lý: Sổ hồng riêng Sử dụng lâu dài. + Vị trí sát bên đường Phạm Văn Đồng, đường Hiệp Bình, Ngã Tư Bình Triệu, trung tâm Gigamall, đường 17, đường 18, đường 18, đường 20, đường 25, 26, giao thông đi lại thuận thiện. + Liên hệ: [phone_number] xem sổ.",Hồ Chí Minh,Đất,16200000000,160.0,16200000000.0,0.0,matched_2pct,"[{""source"": ""description"", ""text"": ""16,2 tỷ TL chủ. + Diện"", ""parsed_value_vnd"": 16200000000.0, ""basis"": ""total"", ""total_equivalent_vnd"": 16200000000.0}]"
shard_0009.parquet,132727,"Bán nhà lô góc quận 1 - 4,79 tỷ (TL)","* Bán nhà lô góc trung tâm Quận 1 giá tốt chỉ 4,79 tỷ (TL). - Vị trí: Nguyễn Văn Cừ Cầu Kho, Quận 1. - Khu dân cư an ninh, trung tâm thành phố, di chuyển cực kỳ thuận tiện. * Thông tin chi tiết: - Diện tích: 30m² (3m x 10m). - Nhà lô góc thoáng mát. - Kết cấu: 1 trệt + 1 lầu. - Công năng: 2 phòng ngủ 2 WC. - Hẻm ba gác thông thoáng, sạch sẽ, gần mặt tiền. - Sổ hồng riêng hoàn công đầy đủ. * Ưu điểm nổi bật: - Nhà lô góc nên rất thoáng và nhiều ánh sáng. - Nằm ngay trung tâm Quận 1, tiện đi Quận 3, Quận 5, Quận 10. - Phù hợp ở lâu dài, cho thuê, đầu tư giữ tiền. - Khu vực dân trí, tiện ích xung quanh đầy đủ. * Giá bán: 4,79 tỷ (thương lượng).",Hồ Chí Minh,Nhà,4790000000,30.0,4790000000.0,0.0,matched_2pct,"[{""source"": ""title"", ""text"": ""4,79 tỷ (TL)"", ""parsed_value_vnd"": 4790000000.0, ""basis"": ""total"", ""total_equivalent_vnd"": 4790000000.0}, {""source"": ""description"", ""text"": ""4,79 tỷ (TL). - Vị trí"", ""parsed_value_vnd"": 4790000000.0, ""basis"": ""total"", ""total_equivalent_vnd"": 4790000000.0}, {""source"": ""description"", ""text"": ""4,79 tỷ (thương lượng)"", ""parsed_value_vnd"": 4790000000.0, ""basis"": ""total"", ""total_equivalent_vnd"": 4790000000.0}]"
shard_0004.parquet,75760,"Bán nhà 4PN, 2WC tại Huỳnh Tấn Phát, Nhà Bè, 4,69 tỷ, 62m2 hẻm 4m","Nhà đường Huỳnh Tấn Phát, thị trấn Nhà Bè, Nhà Bè, Hồ Chí Minh. Gía 4,69 tỷ TL. - Diện tích 62m2, 4x15 thiết kế hiện đại phù hợp cho gia đình. - Có 4 phòng ngủ rộng rãi, phù hợp cho gia đình đông người. - 2 phòng tắm tiện lợi giúp tiết kiệm thời gian. - Nội thất đầy đủ, chỉ việc dọn vào ở ngay. - Mặt tiền rộng 4m, thuận lợi cho việc kinh doanh hoặc cho thuê. - Ngõ vào rộng 4m, dễ dàng tiếp cận bằng xe hơi. - Pháp lý đầy đủ, đảm bảo quyền lợi cho người mua. Điểm đặc sắc: - Không gian sống thoáng đãng, gần gũi với thiên nhiên. - Tiện nghi đầy đủ, giúp cuộc sống hàng ngày trở nên thuận tiện hơn. - Khu vực yên tĩnh, an ninh tốt, thích hợp cho gia đình. Khu vực xung quanh: - Gần các siêu thị Bách Hóa Xanh, WinMart +, và Siêu Thị Mẹ Bầu & Em Bé Con Cưng. Vui lòng liên hệ để biết thêm thông tin chi tiết về bất động sản này qua số điện thoại và tên Trần Chí Cường.",Hồ Chí Minh,Nhà,4690000000,62.0,4690000000.0,0.0,matched_2pct,"[{""source"": ""title"", ""text"": ""4,69 tỷ, 62m2 hẻm 4m"", ""parsed_value_vnd"": 4690000000.0, ""basis"": ""total"", ""total_equivalent_vnd"": 4690000000.0}, {""source"": ""description"", ""text"": ""4,69 tỷ TL. - Diện tíc"", ""parsed_value_vnd"": 4690000000.0, ""basis"": ""total"", ""total_equivalent_vnd"": 4690000000.0}]"
shard_0006.parquet,349357,"Bán căn hộ chung cư Hưng Ngân Garden, 2,45 tỷ, 68m2, 2PN, 2WC, đẹp, nhiều tiện ích","Căn hộ chung cư Hưng Ngân Garden tọa lạc tại đường Tân Chánh Hiệp 21, Phường Tân Chánh Hiệp, Quận 12, Hồ Chí Minh, là lựa chọn lý tưởng cho những ai đang tìm kiếm một không gian sống hiện đại và tiện nghi. - Giá bán: 2,45 tỷ VND. - Diện tích: 68m2, thiết kế thoáng đãng với 2 phòng ngủ và 2 phòng tắm. - Nội thất cơ bản bao gồm điều hòa, tủ lạnh, giường... - Phong thủy tốt, mang lại tài lộc cho gia chủ. - Khu vực sống xanh, an ninh 24/24 với thẻ từ vào căn hộ. - Hồ bơi, công viên, khu BBQ, và trung tâm thương mại trong khuôn viên. - Pháp lý đầy đủ. Khu vực xung quanh. - Gần siêu thị Bách hóa xanh Dương Thị Mười, Bách hóa xanh Tân Chánh Hiệp. - Trường mầm non Phù Đổng, Trường mầm non Sơn Ca 5 trong bán kính 1.3km. - Trạm y tế Đông Hưng Thuận, Bệnh viện Đa khoa Trung Mỹ Tây gần đó. Giới thiệu dự án. - Hưng Ngân Garden nằm trên Đường Tân Chánh Hiệp 21, Quận 12, TP.HCM, do Hưng Ngân đầu tư. - ",Hồ Chí Minh,Căn hộ chung cư,2450000000,68.0,2450000000.0,0.0,matched_2pct,"[{""source"": ""title"", ""text"": ""2,45 tỷ, 68m2, 2PN, 2W"", ""parsed_value_vnd"": 2450000000.0, ""basis"": ""total"", ""total_equivalent_vnd"": 2450000000.0}, {""source"": ""description"", ""text"": ""2,45 tỷ VND. - Diện tí"", ""parsed_value_vnd"": 2450000000.0, ""basis"": ""total"", ""total_equivalent_vnd"": 2450000000.0}]"
shard_0008.parquet,96741,"Bán đất vườn khu dân cư chi tiết 1365m2 gần cầu Rạch Tra, làm nhà vườn, quán ăn, kho bãi","1365m2 khu dân cư 2 sẹc Hà Duy Phiên, Đường Số 156, đường ô tô. Ấp 6, Bình Mỹ, Củ Chi. Kích thước: 30x47m. Gần cầu Rạch Tra, UNND Bình Mỹ, gần Vành Đai 3. Ấp 6 Bình Mỹ, Củ Chi. Hiện trạng: Đất trồng cây đã có danh sách chuyển thổ cư. Đã san lấp cao ráo thích hợp làm nhà vườn. Giá bán: 9,5 tỷ thương lượng. Hỗ trợ bank và vay bank. Liên hệ: [phone_number]",Hồ Chí Minh,Đất,9500000000,1365.0,9500000000.0,0.0,matched_2pct,"[{""source"": ""description"", ""text"": ""9,5 tỷ thương lượng. "", ""parsed_value_vnd"": 9500000000.0, ""basis"": ""total"", ""total_equivalent_vnd"": 9500000000.0}]"
shard_0003.parquet,93071,E HƯNG BÁN ĐẤT DV AN THƯỢNG CẠNH 20 TÒA CHUNG CƯ MẶT LK 8 GIÁ NHỈNH 7 TỶ,A. ZAI EM CÓ Ô ĐẤT DỊCH VỤ. nay thuộc xã. An khánh Vị trí đối diện khu học viện chính sách Giáp dự dan 20 tòa chung cư An thượng an khách Sudico Đg trước đất 11m có vỉa hè Giá bán nhỉnh 7 tỷ và nhiều ô đg lớn 50m và đg 17m Bác nào cần đầu tư lh e hưng Cò đất,Hà Nội,Đất,,50.0,7000000000.0,,missing_structured_price,"[{""source"": ""title"", ""text"": ""7 TỶ"", ""parsed_value_vnd"": 7000000000.0, ""basis"": ""total"", ""total_equivalent_vnd"": 7000000000.0}, {""source"": ""description"", ""text"": ""7 tỷ và nhiều ô đg "", ""parsed_value_vnd"": 7000000000.0, ""basis"": ""total"", ""total_equivalent_vnd"": 7000000000.0}]"
shard_0003.parquet,192692,"Bán căn hộ Thủy Lợi - 130m2, 3PN, 2WC - tin đăng thật, giá chỉ 5.9 tỷ","Gia đình có việc cần giải quyết, không muốn đăng tin ảo làm mất thời gian của nhau. Chúng tôi cần bán căn hộ tại chung cư Thủy Lợi. Diện tích: 130m2, thiết kế vuông vắn, tối ưu không gian. Cấu trúc: 3 phòng ngủ, 2 toilet, phòng khách và bếp rộng rãi. Giá bán: 5.9 tỷ (có thương lượng nhẹ với khách thiện chí). Căn hộ nằm ở vị trí trung tâm, thoáng mát, yên tĩnh, view nội khu. Chung cư có đầy đủ tiện ích như công viên, siêu thị, trường học, bệnh viện... rất thuận tiện cho sinh hoạt. Khu dân cư văn minh, an ninh, thân thiện. Mong muốn tìm được chủ mới có duyên và thực sự quan tâm. Vui lòng liên hệ trực tiếp với chúng tôi: ""[phone_number]""",Hồ Chí Minh,Căn hộ chung cư,5900000000,130.0,5900000000.0,0.0,matched_2pct,"[{""source"": ""title"", ""text"": ""5.9 tỷ"", ""parsed_value_vnd"": 5900000000.0, ""basis"": ""total"", ""total_equivalent_vnd"": 5900000000.0}, {""source"": ""description"", ""text"": ""5.9 tỷ (có thương lượ"", ""parsed_value_vnd"": 5900000000.0, ""basis"": ""total"", ""total_equivalent_vnd"": 5900000000.0}]"
shard_0008.parquet,60763,Bán lô đất nền biệt thự đường An Phú Tây Bình Chánh,"Bán lô nhì đường An Phú Tây, Hưng Long khu biệt thự 47ha Bình Chánh, diện tích: 250m ngang 12,5x20 full thổ cư. Giá: 8ty(32tr/m2)thương lượng. Lh: [phone_number]",Hồ Chí Minh,Đất,8000000000,250.0,8000000000.0,0.0,matched_2pct,"[{""source"": ""description"", ""text"": ""8ty(32tr/m2)thương"", ""parsed_value_vnd"": 8000000000.0, ""basis"": ""total"", ""total_equivalent_vnd"": 8000000000.0}, {""source"": ""description"", ""text"": ""32tr/m2)thương lượn"", ""parsed_value_vnd"": 32000000.0, ""basis"": ""per_m2"", ""total_equivalent_vnd"": 8000000000.0}]"
shard_0008.parquet,30049,CẦN BÁN LÔ ĐẤT KĐT THE SOL CITY 100m2 giá 2ty450 (thương lượng). Lh: [phone_number] Ngân,"CẦN BÁN ĐẤT TRONG KĐT THE SOL CITY Vị trí: Xã Long Thượng, huyện Cần Giuộc tỉnh Long An (cũ). Nay thuộc: xã Phước Lý tỉnh Tây Ninh (mới) Diện tích: 5x20 =100 m2 Pháp lý: sổ đỏ sang tên công chứng Giá: 2ty450 (thương lượng khách thiện chí) Thích hợp: ở, đầu tư, kinh doanh mua bán, Lh: O931 112 822 (Ngân)",Long An,Đất,2450000000,100.0,2450000000.0,0.0,matched_2pct,"[{""source"": ""title"", ""text"": ""2ty450 (thương lượ"", ""parsed_value_vnd"": 2450000000.0, ""basis"": ""total"", ""total_equivalent_vnd"": 2450000000.0}, {""source"": ""description"", ""text"": ""2ty450 (thương lượ"", ""parsed_value_vnd"": 2450000000.0, ""basis"": ""total"", ""total_equivalent_vnd"": 2450000000.0}]"
shard_0009.parquet,165232,"Bán lô đất (DT: 78m2) đường F9 sau lưng trường học Nguyễn Bỉnh Khiêm Bửu Long 3. Giá chỉ 3,450 tỷ","Bán lô đất (DT: 78m2) đường F9 sau lưng trường học Nguyễn Bỉnh Khiêm Bửu Long 3. Giá chỉ 3,450 tỷ. Nay sát nhập là - phường Trấn Biên. - Diện tích: 78m2= (ngang 4.2m x 18,6m). - Sổ hồng riêng, thổ cư 100%. Xây dựng tự do. - Đường rộng 8m + vỉa hè 3m và lối thoát hiểm 2m. Khu dân cư cơ sở hạ tầng chuẩn, điện âm, nước máy, và cây xanh đầy đủ. - Giá bán: 3 tỷ 450 triệu (bank hỗ trợ 70%). Alo em: [phone_number] xem đất LVCC. Em nhận mua bán ký gởi nhà đất.",Đồng Nai,Đất,3450000000,78.0,3450000000000.0,0.999,mismatch,"[{""source"": ""title"", ""text"": ""3,450 tỷ"", ""parsed_value_vnd"": 3450000000000.0, ""basis"": ""total"", ""total_equivalent_vnd"": 3450000000000.0}, {""source"": ""description"", ""text"": ""3,450 tỷ. Nay sát nhập "", ""parsed_value_vnd"": 3450000000000.0, ""basis"": ""total"", ""total_equivalent_vnd"": 3450000000000.0}, {""source"": ""description"", ""text"": ""3 tỷ 450 triệu (ban"", ""parsed_value_vnd"": 3450000000.0, ""basis"": ""total"", ""total_equivalent_vnd"": 3450000000.0}]"
shard_0001.parquet,194715,"Bán nhà liền kề dự án Barya Citi. Diện tích 92.5 m2, đã xây thô, 2026 có thông báo làm sổ Hồng","Bán nhà liền kề Baria Citi, diện tích 92.5m2, đã xây thô, lô C ngay đường Nguyễn Văn Cừ rẽ vào. Trong dự án nhưng đường nhà nước 9m có vỉa hè mỗi bên rộng rãi. Tuy kế bên dự án nhưng giá bên Barya Citi còn rất rẻ chỉ hơn 40 tr/m2. Tiềm năng lên giá. 2026 có thông báo làm sổ nếu nhanh thì quý 4/2025. Rất mong gặp khách thiện chí.",Bà Rịa - Vũng Tàu,Biệt thự/Nhà liền kề,3800000000,92.5,3700000000.0,0.02702702702702703,mismatch,"[{""source"": ""description"", ""text"": ""40 tr/m2. Tiềm năng "", ""parsed_value_vnd"": 40000000.0, ""basis"": ""per_m2"", ""total_equivalent_vnd"": 3700000000.0}]"
shard_0006.parquet,47142,"SIÊU PHẨM - BÁN ĐẤT HẺM XE TẢI THÔNG - NGANG 4,5 M - ĐS30 - GẦN CC 4S - GIÁ 6,3 TỶ","*Giá: 6.3 Tỷ *Diện Tích đất công nhận: 77.5m2 ngang 4.5m x dài 17.25m * Bán Đất Đường 30 , Phường Linh Đông, hẻm xe tải thông * Tiện ích xung quanh : - Siêu Phẩm Duy Nhất Ngay Chung Cư 4s + Vành Đai II... LH : Huyền 648LD",Hồ Chí Minh,Đất,6300000000,78.0,6300000000.0,0.0,matched_2pct,"[{""source"": ""title"", ""text"": ""6,3 TỶ"", ""parsed_value_vnd"": 6300000000.0, ""basis"": ""total"", ""total_equivalent_vnd"": 6300000000.0}, {""source"": ""description"", ""text"": ""6.3 Tỷ *Diện Tích đất"", ""parsed_value_vnd"": 6300000000.0, ""basis"": ""total"", ""total_equivalent_vnd"": 6300000000.0}]"
shard_0009.parquet,217144,"Bán căn hộ chung cư 3PN, 2WC tại A10 Nam Trung Yên, 10,5 tỷ, 100m2","Căn hộ chung cư 3 phòng ngủ, 2 phòng tắm tại A10 Nam Trung Yên, Đường Cầu Giấy, Hà Nội đang được bán với giá 10,5 tỷ VND. Với diện tích 100m2, căn hộ được thiết kế hiện đại, tiện nghi đầy đủ, phù hợp cho gia đình. - Diện tích: 100m2 - Số phòng ngủ: 3PN - Số phòng tắm: 2WC - Hướng cửa chính: Tây Bắc - Hướng ban công: Đông Nam - Nội thất: Đầy đủ Căn hộ nổi bật với pháp lý đầy đủ, mang lại sự an tâm cho người mua. Với không gian sống rộng rãi, các phòng được thiết kế thông minh, tạo cảm giác thoải mái và tiện nghi. Giới thiệu tổng quan dự án: - Dự án: A10-A14 Nam Trung Yên - Vị trí: Lô A10-A14 Khu đô thị Nam Trung Yên, sau siêu thị Big C, giáp đường Phạm Hùng, Trần Duy Hưng, Hoàng Minh Giám - Chủ đầu tư: Tổng công ty Đầu tư và Phát triển nhà Hà Nội - Handico - Tiện ích: Công viên trong dự án, gần trường mẫu giáo Hoa Sen, trường tiểu học Nam Trung Yên, trường THCS Nam Trung Yên, trường PTTH ",Hà Nội,Căn hộ chung cư,10500000000,100.0,10500000000.0,0.0,matched_2pct,"[{""source"": ""title"", ""text"": ""10,5 tỷ, 100m2"", ""parsed_value_vnd"": 10500000000.0, ""basis"": ""total"", ""total_equivalent_vnd"": 10500000000.0}, {""source"": ""description"", ""text"": ""10,5 tỷ VND. Với diện "", ""parsed_value_vnd"": 10500000000.0, ""basis"": ""total"", ""total_equivalent_vnd"": 10500000000.0}]"
shard_0004.parquet,210670,"Bán căn hộ chung cư Times City, 8,5 tỷ, 63m2 đẹp, nhiều tiện ích","Căn hộ chung cư Times City tọa lạc tại Đường Minh Khai, Phường Vĩnh Tuy, Hai Bà Trưng, Hà Nội, nổi bật với thiết kế hiện đại và đầy đủ tiện nghi. - Diện tích 63m2, 2 phòng ngủ, 1 phòng tắm. - Hướng cửa chính: Nam, hướng ban công: Đông. - Nội thất đầy đủ: Điều hòa, giường, tủ lạnh... - Giá bán: 8,5 tỷ VND. Căn hộ có phong thủy tốt, tạo cảm giác thoải mái và dễ chịu cho cư dân. Pháp lý đầy đủ, đảm bảo an tâm cho người mua. Địa điểm xung quanh: - Siêu thị Winmart Vincom Times City, T Mart Lĩnh Nam. - Công viên Park Hill. - Bệnh viện Phổi Hà Nội, Bệnh viện Đa khoa Quốc tế Vinmec Times City, Bệnh viện Thanh Nhàn. Giới thiệu tổng quan dự án: Dự án Times City do tập đoàn Vingroup đầu tư, gồm 23 tòa nhà cao từ 27 - 35 tầng, với thiết kế tối ưu ánh sáng và gió trời. Trung tâm thương mại Vincom Mega Mall, trường học Vinschool, bệnh viện Vinmec, khu vui chơi giải trí, thủy cung, công viên cây xanh ",Hà Nội,Căn hộ chung cư,8500000000,63.0,8500000000.0,0.0,matched_2pct,"[{""source"": ""title"", ""text"": ""8,5 tỷ, 63m2 đẹp, nhi"", ""parsed_value_vnd"": 8500000000.0, ""basis"": ""total"", ""total_equivalent_vnd"": 8500000000.0}, {""source"": ""description"", ""text"": ""8,5 tỷ VND. Căn hộ có"", ""parsed_value_vnd"": 8500000000.0, ""basis"": ""total"", ""total_equivalent_vnd"": 8500000000.0}]"
shard_0003.parquet,116046,"Bán nhà đối diện vincom thủ đức 4.2 tỷ sổ hồng riêng,k lộ giới,k quy hoạch","-NGAY VINCOM THỦ ĐỨC - 48M2 GIÁ 4.2 TỶ -KHÔNG LỘ GIỚI KHÔNG QUY HOẠCH - Diện tích 48 m2 Ngang khủng 8m dài 6 công nhận đủ - Nhà cấp 4 có 2 PN 2 WC 1 PK- Khu dân cư an ninh lịch sự , cách trường học mấy bước chân, gần Nhà Thiếu nhi, kế trục đường chính Võ Văn Ngân sầm uất, giao thông thuận lợi.. - Giá 4.2 tỷ thương lượng - LH Zalo [phone_number] Nga dẫn đi xem nhà",Hồ Chí Minh,Nhà,4200000000,48.0,4200000000.0,0.0,matched_2pct,"[{""source"": ""title"", ""text"": ""4.2 tỷ sổ hồng riêng,"", ""parsed_value_vnd"": 4200000000.0, ""basis"": ""total"", ""total_equivalent_vnd"": 4200000000.0}, {""source"": ""description"", ""text"": ""4.2 TỶ -KHÔNG LỘ GIỚI"", ""parsed_value_vnd"": 4200000000.0, ""basis"": ""total"", ""total_equivalent_vnd"": 4200000000.0}, {""source"": ""description"", ""text"": ""4.2 tỷ thương lượng -"", ""parsed_value_vnd"": 4200000000.0, ""basis"": ""total"", ""total_equivalent_vnd"": 4200000000.0}]"
shard_0002.parquet,24120,"Bán căn hộ Empire City Cove 2PN 101,7m² | Full NT, có HĐ thuê dài hạn ổn định","Cơ hội đầu tư hiếm có tại Empire City Cove Residences, phân khu đẳng cấp bậc nhất trong dự án. Căn hộ với layout 2 phòng ngủ 2 WC, diện tích 101,7m², thiết kế hiện đại, không gian tối ưu, nội thất cao cấp, dọn vào ở ngay. Điểm nổi bật: View nội khu Cove yên tĩnh, xanh mát. Nội thất đầy đủ, chủ nhà setup sang trọng, tiện nghi. Có hợp đồng thuê dài hạn đến 10/2027 đảm bảo dòng tiền ổn định cho nhà đầu tư. Tiện ích đẳng cấp Empire City: Hồ bơi tràn 50m chuẩn Olympic, hồ bơi trẻ em, Jacuzzi. Gym, Yoga, phòng đa chức năng, khu BBQ. Công viên rộng lớn, đường chạy bộ ven sông, sân Tennis. An ninh 24/7, cộng đồng cư dân văn minh, nhiều chuyên gia quốc tế. Giá bán: 18 tỷ net. Hợp đồng thuê đến 10/2027 đảm bảo lợi nhuận ổn định. Liên hệ ngay để nhận thông tin chi tiết và xem căn thực tế. Phong Vui Vẻ Chuyên mua bán & cho thuê Empire City, nhiều năm kinh nghiệm, hỗ trợ tận tâm 24/7. [phone_number]Z",Hồ Chí Minh,Căn hộ chung cư,18000000000,101.7,18000000000.0,0.0,matched_2pct,"[{""source"": ""description"", ""text"": ""18 tỷ net. Hợp đồng "", ""parsed_value_vnd"": 18000000000.0, ""basis"": ""total"", ""total_equivalent_vnd"": 18000000000.0}]"
shard_0009.parquet,309112,Chính chủ gửi bán đất ngõ 209 Phú Thượng Tây hồ 110m2 giá 25 Tỷ sổ đẹp nở hậu giao dịch ngay.,"Chính chủ gửi bán đất ngõ 209 Phú Thượng Tây hồ 110m2 giá 25 Tỷ sổ đẹp nở hậu giao dịch ngay. Vị trí trung tâm phường Phú Thượng 1 nhà ra Phố. Ngay phở Hồ Lợi, cấp 3 Tây Hồ. Phù hợp mua xây ở nhà sân vườn, văn phòng công ty, nhà dòng tiền.. Alo trực tiếp em Tú đời thường đi xem đất. Kết nối trực tiếp chủ nhà Tú:[phone_number]",Hà Nội,Đất,25000000000,110.0,25000000000.0,0.0,matched_2pct,"[{""source"": ""title"", ""text"": ""25 Tỷ sổ đẹp nở hậu "", ""parsed_value_vnd"": 25000000000.0, ""basis"": ""total"", ""total_equivalent_vnd"": 25000000000.0}, {""source"": ""description"", ""text"": ""25 Tỷ sổ đẹp nở hậu "", ""parsed_value_vnd"": 25000000000.0, ""basis"": ""total"", ""total_equivalent_vnd"": 25000000000.0}]"
shard_0008.parquet,40578,"Bán gấp NR 5PN, 5WC, 64m2 tại Phạm Văn Chiêu, Gò Vấp, 7,8 tỷ","NR siêu đẹp tại Phạm Văn Chiêu, Gò Vấp, Hồ Chí Minh, với 5PN, 5WC, đầy đủ nội thất. - Giá chỉ 7,8 tỷ - Diện tích 64m2 - 4 tầng, mặt tiền rộng 4m - Ngõ trước 8m, thoải mái để xe - Pháp lý đầy đủ 1/ sau lưng nha 8 block chung cư va cong vien 2/ tiếp giáp trường cấp 1 ;2;3; đại học công nghiệp 4 3/ bể phai 100m2 gặp khu hue phong 14ha đang làm trung tâm thương mại đường trước nha se tiếp giáp vào đường noi bộ trung tâm thương mại 4/ gan nha co sân tennis đang làm cống hộp để mở rộng đường hem 237 phạm văn chiêu thanh 20m tiếp giáp ve cong trường cấp 1 và 2 Cách trường học 1km, cách siêu thị Bách Hóa Xanh 1,5km, cách công viên Làng Hoa Gò Vấp 2km. Liên hệ ngay Bùi Quang Quân qua số để được tư vấn miễn phí!",Hồ Chí Minh,Nhà,7800000000,64.0,7800000000.0,0.0,matched_2pct,"[{""source"": ""title"", ""text"": ""7,8 tỷ"", ""parsed_value_vnd"": 7800000000.0, ""basis"": ""total"", ""total_equivalent_vnd"": 7800000000.0}, {""source"": ""description"", ""text"": ""7,8 tỷ - Diện tích 64"", ""parsed_value_vnd"": 7800000000.0, ""basis"": ""total"", ""total_equivalent_vnd"": 7800000000.0}]"
shard_0003.parquet,327098,"Bán gấp CC HH1 Linh Đàm, 2,37 tỷ, 46m2, 1PN, 1WC, hàng hiếm tại Hoàng Mai, Hà Nội","Căn hộ chung cư HH1 Linh Đàm tọa lạc tại Lô CC6, Khu đô thị Linh Đàm, phường Hoàng Liệt, quận Hoàng Mai, TP. Hà Nội. Với diện tích 46m2, căn hộ 1PN, 1WC này là một lựa chọn lý tưởng cho những ai tìm kiếm sự tiện nghi và không gian sống thoải mái. + Giá chỉ 2,37 tỷ VND. + Nội thất đầy đủ: điều hòa, giường, tủ lạnh. + Thiết kế hiện đại, không gian mở, tạo cảm giác thoáng đãng. Điểm nổi bật của căn hộ này là phong thủy tốt, giúp mang lại tài lộc và sức khỏe cho gia chủ. Bên cạnh đó, cư dân sẽ được tận hưởng một cuộc sống tiện nghi với nhiều dịch vụ và tiện ích. --- ### Giới thiệu tổng quan dự án Dự án HH1 Linh Đàm được đầu tư bởi Công ty XD Số 1 Lai Châu, với thiết kế gồm 3 tòa A - B - C, mỗi tòa cao 40 tầng. Dự án có cơ sở hạ tầng hoàn chỉnh, bao gồm trường học, trung tâm thương mại, ngân hàng, và các tiện ích như bể bơi, sân bóng đá, sân tennis, cũng như trung tâm chăm sóc sức khỏe và sắc",Hà Nội,Căn hộ chung cư,2370000000,46.0,2370000000.0,0.0,matched_2pct,"[{""source"": ""title"", ""text"": ""2,37 tỷ, 46m2, 1PN, 1W"", ""parsed_value_vnd"": 2370000000.0, ""basis"": ""total"", ""total_equivalent_vnd"": 2370000000.0}, {""source"": ""description"", ""text"": ""2,37 tỷ VND. + Nội thấ"", ""parsed_value_vnd"": 2370000000.0, ""basis"": ""total"", ""total_equivalent_vnd"": 2370000000.0}]"
shard_0003.parquet,279407,"Giảm thêm 550 triệu bán nhà cấp 4 Vườn Lài, Quận 12. 5x20m (100m2). Đường 8m vào","Vị trí: Đường 8m Vườn Lài, phường An Phú Đông, TP. Hồ Chí Minh. Cách cầu An Phú Đông 300m, di chuyển qua Gò Vấp đi trung tâm chỉ 15 phút. Diện tích: 5m x 20m. Công năng: Phòng khách, 3 phòng ngủ, 1 nhà vệ sinh, bếp, hàng lang. Sổ sẵn bao sang tên. Ngân hàng hỗ trợ vay cao. Liên hệ em xem nhà.",Hồ Chí Minh,Nhà,,100.0,550000000.0,,missing_structured_price,"[{""source"": ""title"", ""text"": ""550 triệu bán nhà cấp 4 "", ""parsed_value_vnd"": 550000000.0, ""basis"": ""total"", ""total_equivalent_vnd"": 550000000.0}]"
shard_0004.parquet,40609,"Bán nhà 40m² x 5 tầng Trần Phú, Hà Đông, mặt tiền rộng, 10m ra ô tô tránh, chỉ hơn 6 tỷ.","- Vị trí đắc địa: nằm trong khu dân trí cao, an ninh tốt, môi trường sống văn minh, yên tĩnh - Thông số: 40m²| 5 tầng| 3 phòng ngủ, full nội thất - Tiện ích xung quanh: + Kết nối nhanh tới đường Phùng Hưng, Quang Trung, ga tàu điện trên cao Văn Quán + Gần trường ĐH lớn: Kiến Trúc, Bưu chính viễn thông, Y học cổ truyền + Gân BV lớn: Quân y 103, Bỏng, Đa khoa Hà Đông, Y học cổ truyền - Pháp lý: Sổ đỏ chính chủ, sang tên nhanh chóng - Giá bán chỉ 6.X tỷ, mức giá tốt cho căn nhà 5 tầng trung tâm Hà Đông Liên hệ ngay Mr. Thắng để được tư vấn và xem nhà thực tế.",Hà Nội,Nhà,,40.0,6000000000.0,,missing_structured_price,"[{""source"": ""title"", ""text"": ""6 tỷ."", ""parsed_value_vnd"": 6000000000.0, ""basis"": ""total"", ""total_equivalent_vnd"": 6000000000.0}]"
shard_0008.parquet,234117,"Bán đất 126m2 Thường Thắng, Hiệp Hòa, Bắc Giang ngõ ô tô chỉ 650 triệu sẵn sổ riêng","BÁN ĐẤT HIỆP ĐỒNG, THƯỜNG THẮNG GIÁ CHỈ 650 TRIỆU Cơ hội đầu tư không thể bỏ lỡ! Diện tích: 125,8m² không gian lý tưởng để an cư hay đầu tư sinh lời. Đường ô tô vào tận nơi, di chuyển thuận tiện. Khu dân cư đông đúc, an ninh đảm bảo, môi trường sống lý tưởng. Chỉ cách Nhà Văn hóa Hiệp Đồng 300m, tiện ích xung quanh đầy đủ. Vị trí đắc địa: Nằm cạnh tuyến đường chính sắp được mở rộng, cách TL296 chỉ 5 phút di chuyển. Giá cực kỳ hấp dẫn cho khu vực đang phát triển nhanh! Liên hệ ngay: để được tư vấn và xem đất trực tiếp! Nhanh tay sở hữu ngay trước khi giá tăng!",Bắc Giang,Đất,650000000,125.8,650000000.0,0.0,matched_2pct,"[{""source"": ""title"", ""text"": ""650 triệu sẵn sổ riêng"", ""parsed_value_vnd"": 650000000.0, ""basis"": ""total"", ""total_equivalent_vnd"": 650000000.0}, {""source"": ""description"", ""text"": ""650 TRIỆU Cơ hội đầu tư "", ""parsed_value_vnd"": 650000000.0, ""basis"": ""total"", ""total_equivalent_vnd"": 650000000.0}]"
shard_0008.parquet,120035,Bán Khách Sạn HXH Phạm Ngũ Lão Quận 1 - 8x18m Cn 144m2 - 5 Lầu Thang Máy - HĐT: 105tr/th - Chỉ 36Tỷ,"Chính Chủ cần bán để định cư nước ngoài với gia đình. Cần bán lỗ căn Hẻm xe hơi Phạm Ngũ Lão Phường Phạm Ngũ Lão Quận 1 - Vị trí: Tuyến đường không có nhà trống để cho thuê, Ngay khu phố Tây, khachhs du liicj nhiều, Trung Tâm Sài Thành - Diện tích: 8m x 18m - Công nhận: 144m2 - Kết cấu: 5 Lầu - Thang máy - Thiết bị PCCC Đầy đủ - Đang có HĐT: 105tr/tháng - Giá chỉ: 36 Tỷ Xem nhà gặp làm việc chính chủ: [phone_number] ( Kiều Khanh Nhà Phố Sài Gòn )",Hồ Chí Minh,Nhà,36000000000,144.0,,,multiple_text_prices,"[{""source"": ""title"", ""text"": ""105tr/th - Chỉ 36Tỷ"", ""parsed_value_vnd"": 105000000.0, ""basis"": ""total"", ""total_equivalent_vnd"": 105000000.0}, {""source"": ""title"", ""text"": ""36Tỷ"", ""parsed_value_vnd"": 36000000000.0, ""basis"": ""total"", ""total_equivalent_vnd"": 36000000000.0}, {""source"": ""description"", ""text"": ""36 Tỷ Xem nhà gặp là"", ""parsed_value_vnd"": 36000000000.0, ""basis"": ""total"", ""total_equivalent_vnd"": 36000000000.0}]"
shard_0009.parquet,167156,"Tốt nhất Phú Nhuận, bán nhà HXH đường Lê Văn Sỹ - DT: 5.1 x 20 - CTXD: 6 tầng - giá: 14.5 tỷ","Bán nhà tốt nhất khu vực Phú Nhuận, hẻm xe hơi đường Lê Văn Sỹ, nhà có diện tích chia mét vuông giá rẻ nhất khu vực đường Lê Văn Sỹ. Hẻm xe hơi đẹp, thông tứ tung, khu vực được xây cao tầng. - Diện tích: 5.1 x 20. - Kết cấu: 2 tầng tiện xây mới, CTXD: 6 tầng. - Pháp lý đầy đủ, rõ ràng, giao dịch ngay. - Giá: 14.5 tỷ khoảng 140 triệu/m2. Tô Kiệt - Nhà thật - Thông tin thật. Liên hệ: Tô Kiệt [phone_number] xem nhà trực tiếp.",Hồ Chí Minh,Nhà,14500000000,102.0,14500000000.0,0.0,matched_2pct,"[{""source"": ""title"", ""text"": ""14.5 tỷ"", ""parsed_value_vnd"": 14500000000.0, ""basis"": ""total"", ""total_equivalent_vnd"": 14500000000.0}, {""source"": ""description"", ""text"": ""14.5 tỷ khoảng 140 tri"", ""parsed_value_vnd"": 14500000000.0, ""basis"": ""total"", ""total_equivalent_vnd"": 14500000000.0}, {""source"": ""description"", ""text"": ""140 triệu/m2. Tô Kiệt - "", ""parsed_value_vnd"": 140000000.0, ""basis"": ""per_m2"", ""total_equivalent_vnd"": 14280000000.0}]"
shard_0008.parquet,346854,"Cần bán gấp! Căn nhà 1 trệt 1 lầu đường số 4 Phước Bình. Vị trí đẹp, Sổ hoàn công giá chỉ 9,5 tỷ","Rẻ nhất thị trường hiện tại. - Cần bán căn nhà mặt tiền đường Số 4 , Phước Bình. - Diện tích: 88m2 - Sổ riêng hoàn công. - Kết cấu: 1 trệt, 1 Lầu - Giá bán: 9,5 tỷ * Hàng đầu tư, mua ở. * Anh Chị quan tâm liên hệ em ngay nhận thông tin chi tiết, xem nhà, xem sổ. - SĐT: [phone_number] gặp Thành Trung. Chuyên bán nhà tại Phước Bình, giỏ hàng sẵn các căn nhà đang bán ra thị trường, tất cả các trục đường số đều có hàng. Anh Chị muốn tìm nhà nhanh & giá tốt thì liên hệ em ngay nhé.",Hồ Chí Minh,Nhà,9500000000,88.0,9500000000.0,0.0,matched_2pct,"[{""source"": ""title"", ""text"": ""9,5 tỷ"", ""parsed_value_vnd"": 9500000000.0, ""basis"": ""total"", ""total_equivalent_vnd"": 9500000000.0}, {""source"": ""description"", ""text"": ""9,5 tỷ * Hàng đầu tư,"", ""parsed_value_vnd"": 9500000000.0, ""basis"": ""total"", ""total_equivalent_vnd"": 9500000000.0}]"
shard_0005.parquet,32162,"Bán nhà riêng tại Phường Trường Thọ, Thủ Đức, Hồ Chí Minh, 11 tỷ, 100m2, hàng hiếm tại Hot!","Nhà riêng tọa lạc tại Phường Trường Thọ, Thủ Đức, Hồ Chí Minh, với diện tích 100m2, 1 tầng, 3 PN, 3 WC, nội thất đầy đủ, hướng cửa chính Đông Bắc và ban công Tây. - Diện tích 100m2, không gian rộng rãi - 3PN và 3WC, phù hợp cho gia đình đông thành viên - Thiết kế thoáng mát, ánh sáng tự nhiên tràn ngập - Mặt tiền 6m, thuận lợi cho kinh doanh nhỏ - Ngõ vào rộng 6m, dễ dàng di chuyển bằng xe hơi - Pháp lý đầy đủ, sổ đỏ/sổ hồng Điểm nổi bật của bất động sản này là phong thủy tốt, mang lại tài lộc cho gia chủ. Với mặt tiền rộng và ngõ vào thuận lợi, đây là cơ hội hiếm có cho những ai đang tìm kiếm một ngôi nhà lý tưởng. Khu vực xung quanh: - Siêu thị Bách Hóa Xanh gần đó, thuận tiện cho việc mua sắm - Gần các trường mầm non như Trường Mầm Non Hoa Mai @ và Trường Mầm Non Montessori Vietnam Canada Preschool Liên hệ ngay để biết thêm chi tiết: [phone_number] - Văn sao Kiều.",Hồ Chí Minh,Nhà,11000000000,100.0,11000000000.0,0.0,matched_2pct,"[{""source"": ""title"", ""text"": ""11 tỷ, 100m2, hàng h"", ""parsed_value_vnd"": 11000000000.0, ""basis"": ""total"", ""total_equivalent_vnd"": 11000000000.0}]"
shard_0009.parquet,143984,"Bán biệt thự ven sông Centa Riverside VSIP Từ Sơn Bắc Ninh 225m² giá 16,8 tỷ - hỗ trợ vay 70%","Chính thức mở bán biệt thự ven sông Centa Riverside nằm trong đại đô thị VSIP Từ Sơn - Bắc Ninh, cách Hà Nội chỉ vài phút di chuyển. Đây là dòng sản phẩm thấp tầng cao cấp với không gian sống ven sông Tào Khê, phù hợp để ở hoặc đầu tư dài hạn. Thông tin sản phẩm. - Loại hình: Biệt thự ven sông. - Diện tích đất: 225m². - Thiết kế: Biệt thự thấp tầng sang trọng. - Pháp lý: Sổ đỏ lâu dài. - Giá bán: 16,8 tỷ/căn. Vị trí dự án. Centa Riverside nằm tại VSIP Từ Sơn - Bắc Ninh, khu vực giáp ranh Hà Nội với hệ thống giao thông thuận tiện: - Kết nối nhanh tới Hà Nội qua Quốc Lộ 1A. - Gần ga Trung Mầu - trung tâm TOD tương lai. - Hưởng lợi từ tuyến đường sắt Lào Cai - Hà Nội - Hải Phòng. - Liên kết thuận tiện tới sân bay quốc tế Gia Bình trong tương lai. - Khu vực này được đánh giá là điểm phát triển mới phía Đông Bắc Hà Nội giai đoạn 2026 - 2030. Tiện ích dự án. - Centa Riverside thuộc đại đô thị ",Bắc Ninh,Biệt thự/Nhà liền kề,16800000000,225.0,16800000000.0,0.0,matched_2pct,"[{""source"": ""title"", ""text"": ""16,8 tỷ - hỗ trợ vay 7"", ""parsed_value_vnd"": 16800000000.0, ""basis"": ""total"", ""total_equivalent_vnd"": 16800000000.0}, {""source"": ""description"", ""text"": ""16,8 tỷ/căn. Vị trí dự"", ""parsed_value_vnd"": 16800000000.0, ""basis"": ""total"", ""total_equivalent_vnd"": 16800000000.0}]"
shard_0005.parquet,54499,"Bán gấp đất tại Nam Hồng, Đông Anh, Hà Nội, 72 triệu, 40.7 m2","Đất nền siêu hot ngay Nam Hồng, Đông Anh, Hà Nội đang chờ đón chủ mới! Với diện tích 40.7m2, giá chỉ 72 triệu, đây là cơ hội không thể bỏ qua. Mặt tiền rộng 3.7m, ngõ vào 2.5m, phù hợp cho việc xây dựng nhà ở hoặc kinh doanh nhỏ. Pháp lý đầy đủ, giúp đảm bảo an toàn cho mọi giao dịch. Khu vực này cực kỳ tiềm năng, thích hợp cho việc đầu tư dài hạn. Nhanh tay liên hệ để không bỏ lỡ cơ hội này! Liên hệ ngay với Nguyễn Thị Toan qua số",Hà Nội,Đất,2930400000,40.7,72000000.0,39.7,mismatch,"[{""source"": ""title"", ""text"": ""72 triệu, 40.7 m2"", ""parsed_value_vnd"": 72000000.0, ""basis"": ""total"", ""total_equivalent_vnd"": 72000000.0}, {""source"": ""description"", ""text"": ""72 triệu, đây là cơ hội"", ""parsed_value_vnd"": 72000000.0, ""basis"": ""total"", ""total_equivalent_vnd"": 72000000.0}]"
shard_0003.parquet,146,Bán nhà hẻm ô tô Nguyễn Thị Minh Khai Quy Nhơn,"- Diện tích 85m2 ngang 4.3m, 2 mặt tiền trước sau. - Kết cấu nhà 03 tầng, 3pn, 3wc,... - Hướng đông nam. - Tiện ích trung tâm, gần chợ, trường, biển,... - Giá bán 4.6 tỷ tl. LH nhadatnguyenbinh.com",Bình Định,Nhà,4600000000,85.0,4600000000.0,0.0,matched_2pct,"[{""source"": ""description"", ""text"": ""4.6 tỷ tl. LH nhadatn"", ""parsed_value_vnd"": 4600000000.0, ""basis"": ""total"", ""total_equivalent_vnd"": 4600000000.0}]"
shard_0007.parquet,176232,"Bán Nhà mới 100% Hẻm 92 Đường 160 -Lã Xuân Oai, TNP.A,Q9- Nhà 1 trệt 2 lầu 1 tum .","NC: Bán Nhà mới 100% Hẻm 92 Đường 160 -Lã Xuân Oai, TNP.A,Q9 - Nhà 1 trệt 2 lầu 1 tum .có 3 WC, 4 Phòng ngủ+ 1Phòng Thờ. 2 sân thượng trước sau oto tới tận nhà. - Giá bán: 6 tỷ 600 TL - DT: (4m x 14.4m) : 57.6m2 - Sổ Hồng Riêng sang tên công chứng liền - Mặt tiền đường nhựa rộng 5m - Vị trí thuận lợi, sát Trường Học, Chợ Bệnh Viện, đi ngã tư Thủ Đức 3km nhà trên trung tâm tăng nhơn phú. - LH : gặp Hàn Hiệp xem nhà, xin cảm ơn",Hồ Chí Minh,Nhà,6600000000,57.0,6000000000.0,0.1,mismatch,"[{""source"": ""description"", ""text"": ""6 tỷ 600 TL - DT: ("", ""parsed_value_vnd"": 6000000000.0, ""basis"": ""total"", ""total_equivalent_vnd"": 6000000000.0}]"
shard_0000.parquet,326362,"Bán căn hộ 3 phòng ngủ + 1 phòng đa năng, tầng trung view sông chung cư Udic - 122 Vĩnh Tuy","Bán căn 3 ngủ + 1 phòng đa năng - 90m², căn góc 2 mặt thoáng, giá 6,3 tỷ. LH: - Thiết kế vuông vắn: 3PN sáng + 1 phòng đa năng + 1 phòng khách + 1 bếp + 2 WC. - Nhà mới. - Tòa nhà rất an ninh với mật độ cư dân thấp, 18 căn/1 mặt sàn với 8 thang máy. - Hầm gửi xe rất rộng, cư dân thoải mái để xe; Biểu phí dịch vụ: - Phí dịch vụ quản lý tòa nhà giá rất rẻ 4.900 VNĐ/1m/tháng. - Phí gửi ô tô: 1tr/tháng. - Phí gửi xe máy: 80.000 đ/tháng. - Phí điện nước nhà dân rất hợp lý. - Giá bán 6,3 tỷ thu về, không bao thuế phí sang tên. Để được tư vấn và đi xem trực tiếp căn hộ (hoàn toàn miễn phí). Hỗ trợ khách hàng trong suốt quá trình ở tại căn hộ. Liên hệ hotline:",Hà Nội,Căn hộ chung cư,6300000000,90.0,6300000000.0,0.0,matched_2pct,"[{""source"": ""description"", ""text"": ""6,3 tỷ. LH: - Thiết k"", ""parsed_value_vnd"": 6300000000.0, ""basis"": ""total"", ""total_equivalent_vnd"": 6300000000.0}, {""source"": ""description"", ""text"": ""6,3 tỷ thu về, không "", ""parsed_value_vnd"": 6300000000.0, ""basis"": ""total"", ""total_equivalent_vnd"": 6300000000.0}]"
shard_0008.parquet,61735,BÁN NHÀ NGUYỄN ĐÌNH CHIỂU 33M2 5 TẦNG - 8.68 TỶ - NGAY TRỤC CHÍNH Q3 SÂN THƯỢNG THOÁNG,"BÁN NHÀ NGUYỄN ĐÌNH CHIỂU 33M2 5 TẦNG - 8.68 TỶ - NGAY TRỤC CHÍNH Q3 SÂN THƯỢNG THOÁNG - Diện tích: 33 m2 - Kết cấu: 5 tầng (1 trệt, 1 lửng, 2 lầu, sân thượng), 3 phòng ngủ, 3 WC. - Tiện ích: Có sân thượng. Nở hậu phong thủy. Vị trí mặt tiền đường Nguyễn Đình Chiểu, gần ngã tư phố ẩm thực và chợ Vườn Chuối. - Thiết kế hiện đại với phòng master riêng biệt, sân thượng rộng thoáng. - Khu vực sầm uất, tiện ích đầy đủ, pháp lý chuẩn, công chứng trong ngày. - Địa chỉ: Hẻm Nguyễn Đình Chiểu, P.5, Quận 3. - Giá bán: 8.68 tỷ - Mã sản phẩm: #122415",Hồ Chí Minh,Nhà,8680000000,33.0,8680000000.0,0.0,matched_2pct,"[{""source"": ""title"", ""text"": ""8.68 TỶ - NGAY TRỤC CH"", ""parsed_value_vnd"": 8680000000.0, ""basis"": ""total"", ""total_equivalent_vnd"": 8680000000.0}, {""source"": ""description"", ""text"": ""8.68 TỶ - NGAY TRỤC CH"", ""parsed_value_vnd"": 8680000000.0, ""basis"": ""total"", ""total_equivalent_vnd"": 8680000000.0}, {""source"": ""description"", ""text"": ""8.68 tỷ - Mã sản phẩm:"", ""parsed_value_vnd"": 8680000000.0, ""basis"": ""total"", ""total_equivalent_vnd"": 8680000000.0}]"
shard_0006.parquet,312918,BÁN NHÀ 64M2 SÁT EMART2 PHAN HUY ÍCH - QUANG TRUNG- HXH - NHỈNH nhẹ 9 tỷ,"Cần bán nhà hẻm xe hơi phường 14, quận Gò Vấp. Khu nội bộ an ninh, dân trí cao, xe hơi ra vào thoải mái. Thông tin nhanh: Diện tích:64M Kết cấu: 1 trệt + 1 lửng + 1 lầu (BTCT) Gồm 3 phòng ngủ, 3 WC riêng, có giếng trời thoáng sáng Nhà chính chủ, pháp lý rõ ràng Gần Emart, Thiso Mall, trường học, tiện ích đầy đủ Giá chào mới: 9.1 tỷ (thương lượng) Liên hệ:",Hồ Chí Minh,Nhà,9100000000,64.0,9000000000.0,0.011111111111111112,matched_2pct,"[{""source"": ""title"", ""text"": ""9 tỷ"", ""parsed_value_vnd"": 9000000000.0, ""basis"": ""total"", ""total_equivalent_vnd"": 9000000000.0}, {""source"": ""description"", ""text"": ""9.1 tỷ (thương lượng)"", ""parsed_value_vnd"": 9100000000.0, ""basis"": ""total"", ""total_equivalent_vnd"": 9100000000.0}]"
shard_0005.parquet,76354,BÁN NHÀ 5 tầng LÔ GÓC - 36m2 - oto đỗ cửa - 3 ngủ - 1 phòng thờ - 1 sân phơi - Đồng nhân - Hoài Đức,"NHÀ LÔ GÓC 5 TẦNG ĐỒNG NHÂN ĐÔNG LA GẦN ĐƯỜNG Ô TÔ TRÁNH - 3 ngủ - 4 vệ sinh - Diện tích 36m x 5 tầng Lô góc, siêu thoáng - Thiết kế mỗi tầng 1 phòng siêu rộng. Thoáng mát, có cửa sổ thông thoáng chỗ cầu thang bộ, có giếng trời - Cách trục đường ô tô tránh chỉ 4 nhà, đường oto đỗ cửa, cách 10m là đường oto tránh nhau, 1 đầu đường là công viên + trạm y tế + công an xã Đông La - An Khánh Gia 4.98 tỷ, có thương lượng Lh em để biết thêm chi tiết.",Hà Nội,Nhà,4980000000,36.0,4980000000.0,0.0,matched_2pct,"[{""source"": ""description"", ""text"": ""4.98 tỷ, có thương lượ"", ""parsed_value_vnd"": 4980000000.0, ""basis"": ""total"", ""total_equivalent_vnd"": 4980000000.0}]"
shard_0005.parquet,140274,Bán gấp siêu phẩm phân lô Trung Kính - 100m2 - MT 5m - vỉa hè - 35 tỷ,"Bán gấp siêu phẩm phân lô Trung Kính - Trung tâm quận Cầu Giấy -100m2 Vị trí cực đẹp trước nhà ô tô tránh nhau. - Mặt ngõ trc nhà kinh doanh sầm uất ngày đêm. Giao thông vô cùng thuận tiện, tiện ích xung quanh không thiếu gì. - Khu vực cực đông dân cư nên kinh doanh được nhiều mặt hàng như : spa , văn phòng , cà phê , dịch vụ ăn uống ,.... Hoặc có thể kết hợp vừa ở vừa kinh doanh. - Sổ đỏ phân lô đẹp , sẵn sàng giao dịch",Hà Nội,Nhà,35000000000,100.0,35000000000.0,0.0,matched_2pct,"[{""source"": ""title"", ""text"": ""35 tỷ"", ""parsed_value_vnd"": 35000000000.0, ""basis"": ""total"", ""total_equivalent_vnd"": 35000000000.0}]"
shard_0005.parquet,184139,Bán Nhà 5x18 Full NT Khu dân cư Lập Phúc Phước Kiển Nhà Bè,"BÁN NHÀ KHU DÂN CƯ LẬP PHÚC PHƯỚC KIỂN, NHÀ BÈ Vị trí: KDC Lập Phúc, Phước Kiển, Nhà Bè Diện tích: 90m (5 x 18m) Kết cấu: 1 trệt, 2 lầu, sân thượng gồm 4 phòng ngủ, WC riêng từng tầng Giá chào bán: 8.5 tỷ (có thương lượng) Ưu điểm nổi bật: Nhà đẹp như hình, thiết kế hiện đại, nội thất chỉn chu, vào ở ngay. Khu dân trí cao, an ninh tốt, hàng xóm văn minh. Vị trí kết nối nhanh về Lê Văn Lương Phú Mỹ Hưng Quận 7, thuận tiện di chuyển vào trung tâm TP. Hạ tầng hoàn chỉnh: đường nội bộ rộng rãi, điện nước ổn định, gần chợ, siêu thị, trường học, dịch vụ y tế. Thích hợp an cư lâu dài cho gia đình, hoặc khai thác cho thuê chuyên gia làm việc tại Q7. Khu vực Phước Kiểng tiềm năng tăng giá nhờ hạ tầng mở rộng và phát triển các dự án lân cận. Liên hệ ngay: Lê Hoàng) để xem nhà thực tế và thương lượng trực tiếp.",Hồ Chí Minh,Nhà,8500000000,90.0,8500000000.0,0.0,matched_2pct,"[{""source"": ""description"", ""text"": ""8.5 tỷ (có thương lượ"", ""parsed_value_vnd"": 8500000000.0, ""basis"": ""total"", ""total_equivalent_vnd"": 8500000000.0}]"
shard_0006.parquet,224123,"Bán căn hộ 8x Plus đường Trường Chinh, nhà có nội thất, view thoáng. Đã có sổ hồng, hỗ trợ vay bank","Căn hộ 8x Plus tọa lạc trên mặt tiền đường Trường Chinh, vị tí cực kỳ thuận tiện để di chuyển đi trung tâm TPHCM. Khu vực dân cư sầm uất, dân trí tốt với tất cả các tiện ích như siêu thị, chợ, trường học, bệnh viện, công viên, UBND phường,... Diện tích tim tường 61,4 m2, thông thủy 57.6m2 với 2 phòng ngủ, 2 nhà vệ sinh, ban công, sân phơi riêng,... View thoáng mát, đối lưu gió cực tốt. Đã có sổ hồng riêng, hỗ trợ vay ngân hàng. Giá bán 2,85 tỷ. Xem nhà thực tế liên hệ Mr Lộc [phone_number], cư dân đang sống tại 8x Plus nên đảm bảo chính xác và minh bạch thông tin. Cảm ơn!",Hồ Chí Minh,Căn hộ chung cư,2850000000,61.4,2850000000.0,0.0,matched_2pct,"[{""source"": ""description"", ""text"": ""2,85 tỷ. Xem nhà thực "", ""parsed_value_vnd"": 2850000000.0, ""basis"": ""total"", ""total_equivalent_vnd"": 2850000000.0}]"
shard_0009.parquet,145707,Chính chủ bán nhà 75m2 Centa Diamond vị trí đẹp giá tốt nhất,"Cần tiền bán căn nhà 4 tầng 75m2 ngay cạnh chung cư, gần trường học và công viên trung tâm. Đường rộng thông thoáng. Sẵn sổ hồng sang tên luôn. Giá chỉ 6,150 tỷ bao phí Liên hệ gặp chính chủ",Bắc Ninh,Biệt thự/Nhà liền kề,6150000000,75.0,6150000000000.0,0.999,mismatch,"[{""source"": ""description"", ""text"": ""6,150 tỷ bao phí Liên h"", ""parsed_value_vnd"": 6150000000000.0, ""basis"": ""total"", ""total_equivalent_vnd"": 6150000000000.0}]"
shard_0004.parquet,249081,"Bán căn hộ 2PN + 1 Beverly Solari Vinhomes Grand Park | View công viên, giá tốt, sổ hồng lâu dài","Beverly Solari là phân khu cao cấp thuộc đại đô thị Vinhomes Grand Park, nằm tại trung tâm TP. Thủ Đức nơi hội tụ đẳng cấp sống thượng lưu, tiện ích hiện đại và môi trường xanh chuẩn Mỹ. Được Vingroup phát triển theo phong cách resort giữa lòng đô thị, Beverly Solari mang đến trải nghiệm sống nghỉ dưỡng mỗi ngày với tầm nhìn hướng ra công viên Grand Park 36ha và sông Đồng Nai thơ mộng. Thông tin chi tiết căn hộ 2PN + 1. Loại căn: 2 phòng ngủ + 1 phòng đa năng. Diện tích: 69 m². Tình trạng: Đã hoàn thiện, nhận nhà ở ngay. View: Hướng công viên, hồ trung tâm hoặc sông Đồng Nai. Pháp lý: Sổ hồng lâu dài sang tên nhanh. Giá bán: Chỉ 4,5 tỷ đồng. Hỗ trợ vay ngân hàng lên đến 70%, lãi suất ưu đãi. Tiện ích đẳng cấp 5 sao. Cư dân Beverly Solari được tận hưởng hệ sinh thái All - in - one độc quyền của Vinhomes Grand Park, bao gồm: - Hồ bơi tràn bờ và khu jacuzzi nghỉ dưỡng. - Phòng gym & yoga hi",Hồ Chí Minh,Căn hộ chung cư,4500000000,69.0,4500000000.0,0.0,matched_2pct,"[{""source"": ""description"", ""text"": ""4,5 tỷ đồng. Hỗ trợ v"", ""parsed_value_vnd"": 4500000000.0, ""basis"": ""total"", ""total_equivalent_vnd"": 4500000000.0}]"
shard_0002.parquet,213864,"Bán đất CLN phù hợp lên đất ở Phước Đồng 2,5 tỷ","A215. Bán đất CLN phù hợp lên đất ở Phước Đồng 2,5 tỷ. Diện tích: 236,8m2 (đất CLN). Quy hoạch giao thông: 93,1m2. Quy hoạch đất ở: 143,7m2. Đường hiện trạng: Rộng 10m, xe ô tô tránh nhau thoải mái. Vị trí & tiện ích: Cách Trường THCS Lam Sơn & UBND xã Phước Đồng chỉ ~150m. Gần chợ Phước Đồng. Trong bán kính 200m có đầy đủ tiện ích sinh hoạt. Giá bán: 2,5 tỷ (thương lượng). Thuế phí: Bên nào bên nấy lo.",Khánh Hòa,Đất,2500000000,236.8,2500000000.0,0.0,matched_2pct,"[{""source"": ""title"", ""text"": ""2,5 tỷ"", ""parsed_value_vnd"": 2500000000.0, ""basis"": ""total"", ""total_equivalent_vnd"": 2500000000.0}, {""source"": ""description"", ""text"": ""2,5 tỷ. Diện tích: 23"", ""parsed_value_vnd"": 2500000000.0, ""basis"": ""total"", ""total_equivalent_vnd"": 2500000000.0}, {""source"": ""description"", ""text"": ""2,5 tỷ (thương lượng)"", ""parsed_value_vnd"": 2500000000.0, ""basis"": ""total"", ""total_equivalent_vnd"": 2500000000.0}]"
shard_0001.parquet,150684,"Bán gấp tòa nhà góc 2 mặt tiền Trường Sa, Q. 3 - 6x23m - 5 tầng - HĐT 100 tr - gía chỉ 28 tỷ","Định cư bán gấp tòa nhà góc 2 mặt tiền Trường Sa, Phường 14, Quận 3. - Diện tích: 6 x 22 m - công nhận: 96 m2. - Công nhận: 96 m2. - Kết cấu: 5 tầng. - Hợp đồng thuê: 100 triệu/tháng. - Giá bán: 28 tỷ. - Liên hệ: Thành Trung [phone_number] để được tư vấn và hỗ trợ làm việc chính chủ 24/7.",Hồ Chí Minh,Nhà,28000000000,96.0,,,multiple_text_prices,"[{""source"": ""title"", ""text"": ""100 tr - gía chỉ 28 t"", ""parsed_value_vnd"": 100000000.0, ""basis"": ""total"", ""total_equivalent_vnd"": 100000000.0}, {""source"": ""title"", ""text"": ""28 tỷ"", ""parsed_value_vnd"": 28000000000.0, ""basis"": ""total"", ""total_equivalent_vnd"": 28000000000.0}, {""source"": ""description"", ""text"": ""28 tỷ. - Liên hệ: Th"", ""parsed_value_vnd"": 28000000000.0, ""basis"": ""total"", ""total_equivalent_vnd"": 28000000000.0}]"
shard_0002.parquet,306858,"Bán đất thổ cư trung tâm Biên Hòa, 83m2, sổ hồng riêng, giá tốt","Cần bán gấp lô đất ở đô thị, vị trí trung tâm thành phố Biên Hòa. Diện tích 83m2, sổ hồng riêng, full thổ cư. Vị trí: cách vòng xoay cầu Hóa An – Quốc lộ 1K chỉ 1km, nằm trong khu dân cư đông đúc, tiện ích xung quanh đầy đủ. Giao thông thuận tiện, ngay nút giao huyết mạch, phù hợp an cư, đầu tư hoặc cho thuê. Giá bán: 1.xx tỷ, cam kết rẻ nhất khu vực cùng phân khúc. Liên hệ [phone_number] để xem bất động sản và làm việc chính chủ.",Đồng Nai,Đất,1000000000,83.0,,,no_supported_price,[]
shard_0006.parquet,183280,"Bán căn hộ chung cư Sunshine City, 11,6 tỷ, 98m2 - em Đạt:","Căn hộ chung cư tại Sunshine City, Đông Ngạc, Bắc Từ Liêm, Hà Nội, với diện tích 98m2, được thiết kế hiện đại và tiện nghi. **Điểm nhấn:** - Cấu trúc: 3PN + 2WC + bếp - Nội thất cơ bản, bao gồm điều hòa, tủ bếp, thiết bị nhà vệ sinh - Hướng cửa chính: Tây Bắc, hướng ban công: Nam, tầng trung, view thoáng đẹp. - Giá bán: 11,6 tỷ VND, bao phí phù hợp với nhu cầu sống hiện đại **Tiện ích xung quanh:** - Bệnh viện Nam Thăng Long - Công viên Hòa Bình - Đại học Y tế công cộng - Lotte World Liên hệ ngay để biết thêm thông tin chi tiết và xem căn hộ: Lê Đức Đạt.",Hà Nội,Căn hộ chung cư,11000000000,98.0,11600000000.0,0.05172413793103448,mismatch,"[{""source"": ""title"", ""text"": ""11,6 tỷ, 98m2 - em Đạt"", ""parsed_value_vnd"": 11600000000.0, ""basis"": ""total"", ""total_equivalent_vnd"": 11600000000.0}, {""source"": ""description"", ""text"": ""11,6 tỷ VND, bao phí p"", ""parsed_value_vnd"": 11600000000.0, ""basis"": ""total"", ""total_equivalent_vnd"": 11600000000.0}]"
shard_0003.parquet,18261,"Gấp! Bán nhà đường Lê Đức Thọ, Gò Vấp, 77,3m2. 1 trệt, lửng, 3lầu. Sổ sạch pháp lý chuẩn","Chủ ngộp bank cần bán nhanh nhà đường Lê Đức Thọ, phường 17, Gò Vấp. - DT: 6m x 13m (77,3m2). - Kết cấu: 4 tầng BTCT: 1 trệt, 3 lầu. - Công năng: 4 phòng ngủ, 6wc, phòng thờ rộng thoáng, máy lạnh, nội thất đầy đủ. - Hẻm 8m xe hơi vào tận cửa. - Sổ hồng riêng, chính chủ, hoàn công đủ. Liên hệ: My xem nhà trực tiếp.",Hồ Chí Minh,Nhà,,77.3,,,no_supported_price,[]
shard_0001.parquet,116609,Cần bán nhà xây mới 4 tầng vừa hoàn thiện xong tại Đằng Hải. Ngõ nông rộng ô tô đỗ cách nhà 10m,"Bán nhà xây mới 4 tầng vừa hoàn thiện xong tại Đằng Hải. Ngõ nông rộng ô tô đỗ cách nhà 10m Diện tích: 40,5m2. Xây dựng 4 tầng, 4 phòng ngủ, 3 vệ sinh, chất lượng, công năng đầy đủ, tiện ích xung quanh đầy đủ. Hướng: Đông. Liện hệ: Giá = 2 tỷ 699.",Hải Phòng,Nhà,2699000000,40.5,2000000000.0,0.3495,mismatch,"[{""source"": ""description"", ""text"": ""2 tỷ 699."", ""parsed_value_vnd"": 2000000000.0, ""basis"": ""total"", ""total_equivalent_vnd"": 2000000000.0}]"
shard_0003.parquet,194879,"Bán nhà đẹp - Mậu Lương, Hà Đông - nội thất mới tinh - thang máy","* 31m2, mặt tiền 3.1m, 5 tầng. Phù hợp ở, kinh doanh nhỏ lẻ. * Gần đường to ô tô tránh. * Tiện ích xung quanh ngập tràn, gần trường học, bệnh viện. * Giá chào 6,75 tỷ. * Sổ đỏ sẵn két. * Liên hệ em Thanh",Hà Nội,Nhà,6750000000,31.0,6750000000.0,0.0,matched_2pct,"[{""source"": ""description"", ""text"": ""6,75 tỷ. * Sổ đỏ sẵn k"", ""parsed_value_vnd"": 6750000000.0, ""basis"": ""total"", ""total_equivalent_vnd"": 6750000000.0}]"
shard_0008.parquet,318175,"Bán nhà riêng tại Đường Định Công Thượng, giá cực chất 7,3 tỷ, 33m2, hàng hiếm tại Hoàng Mai","Nhà riêng Đường Định Công Thượng, Phường Định Công, Hà Nội (địa chỉ cũ: Quận Hoàng Mai, Hà Nội) với diện tích 33m2, 5 tầng, 3PN, 4WC, pháp lý đầy đủ, giá 7,3 tỷ VND. - Nội thất đầy đủ, có điều hòa, tủ lạnh, giường... - Ngõ vào rộng 3m, thuận tiện cho xe máy và ô tô nhỏ. - Phong thủy tốt, mang lại tài lộc cho gia chủ. - Gần trạm y tế phường Định Công, bệnh viện Than - Khoáng sản. - Gần siêu thị Đức Thành, siêu thị Thành Đô Lê Trọng Tấn, siêu thị Tmart CT12B Kim Văn Kim Lũ. - Có công viên Bắc Linh Đàm gần đó cho các hoạt động ngoài trời. - Gần trường mầm non Linh Đàm, thuận tiện cho gia đình có trẻ nhỏ. Liên hệ ngay để biết thêm thông tin chi tiết và đặt lịch xem nhà: [phone_number], Nguyễn Thúy.",Hà Nội,Nhà,7300000000,33.0,7300000000.0,0.0,matched_2pct,"[{""source"": ""title"", ""text"": ""7,3 tỷ, 33m2, hàng hi"", ""parsed_value_vnd"": 7300000000.0, ""basis"": ""total"", ""total_equivalent_vnd"": 7300000000.0}, {""source"": ""description"", ""text"": ""7,3 tỷ VND. - Nội thấ"", ""parsed_value_vnd"": 7300000000.0, ""basis"": ""total"", ""total_equivalent_vnd"": 7300000000.0}]"
shard_0003.parquet,132856,"Chủ cần bán 4 mẫu 4 cao su ấp 6 - Tân Thành, mặt tiền 280m, giá 53 tỷ","Chủ cần bán hon 4 mẫu cao su ấp 6, Tân Thành - TP Đồng Xoài. Cao su sẵn trên đất, mặt tiền bao la. Đường ô tô tới nơi. Hết giá 53 tỷ có TL cho khách thiện chí.",Bình Phước,Đất,53000000000,44000.0,53000000000.0,0.0,matched_2pct,"[{""source"": ""title"", ""text"": ""53 tỷ"", ""parsed_value_vnd"": 53000000000.0, ""basis"": ""total"", ""total_equivalent_vnd"": 53000000000.0}, {""source"": ""description"", ""text"": ""53 tỷ có TL cho khác"", ""parsed_value_vnd"": 53000000000.0, ""basis"": ""total"", ""total_equivalent_vnd"": 53000000000.0}]"
shard_0007.parquet,41506,"Chính Chủ Cần Bán Nhà Tại Nguyễn Súy, Tân Phú - 50m2 (4.2x13m) - 1 Trệt 1 Lầu - Chỉ 5.8 Tỷ TL","Chính chủ cần bán nhà - 1 trệt 1 lầu - 4.2x13m - Nguyễn Suý, Tân Phú - Vị trí gần chợ Tân Hương, Gò Dầu, Tân Quý, đi Aeon 5 phút - Diện tích: 4.2 x 13m (CN: 50m2) - Kết cấu: 1 trệt 1 lầu, 2 phòng ngủ 2WC - Hẻm 3 gác, cách mặt tiền chỉ 20m - Sổ đẹp, pháp lý chuẩn, công chứng nhanh - Giá chỉ: 5.8 Tỷ (thương lượng chính chủ) - Liên hệ xem nhà: Đỗ Dung (Call/Zalo)",Hồ Chí Minh,Nhà,5800000000,50.0,5800000000.0,0.0,matched_2pct,"[{""source"": ""title"", ""text"": ""5.8 Tỷ TL"", ""parsed_value_vnd"": 5800000000.0, ""basis"": ""total"", ""total_equivalent_vnd"": 5800000000.0}, {""source"": ""description"", ""text"": ""5.8 Tỷ (thương lượng "", ""parsed_value_vnd"": 5800000000.0, ""basis"": ""total"", ""total_equivalent_vnd"": 5800000000.0}]"
shard_0004.parquet,46418,"Tôi cần bán lô đất kiệt ôtô Trần Nhật Duật, phường Sơn Trà (vị trí cách biển 300m)","Tôi cần bán lô đất kiệt ôtô Trần Nhật Duật, Phường Sơn Trà ( VỊ TRÍ CÁCH BIỂN 300M ) DTĐ : 67m - Hướng Tây Nam Giá : 4Tỷ7xx LH : [phone_number] LVCC",Đà Nẵng,Đất,4700000000,67.0,4700000000.0,0.0,matched_2pct,"[{""source"": ""description"", ""text"": ""4Tỷ7xx LH : [phone"", ""parsed_value_vnd"": 4700000000.0, ""basis"": ""total"", ""total_equivalent_vnd"": 4700000000.0}]"
shard_0008.parquet,100220,Bán lô đất đường xe hơi (5.2 x19.8) đường Hiệp Bình - Thủ Đức,"Bán gấp đất Hiệp Bình Chánh, Thủ Đức Đường 6 mét. - Diện tích: 5,2 x19,8m (nở hậu 5,22) full thổ cư. - Xây dựng trệt 2 lầu sân thượng Khu dân cư lịch sự văn minh, đầy đủ các tiện ích xung quanh, trường học, chợ Hiệp Bình... - Giá: 8.35 tỷ gọi em ngay: [phone_number] Quốc Việt (cam kết thông tin chính xác).",Hồ Chí Minh,Đất,8350000000,100.3,8350000000.0,0.0,matched_2pct,"[{""source"": ""description"", ""text"": ""8.35 tỷ gọi em ngay: ["", ""parsed_value_vnd"": 8350000000.0, ""basis"": ""total"", ""total_equivalent_vnd"": 8350000000.0}]"
shard_0000.parquet,228988,"Cần bán gấp căn hộ chung cư Golden Massion , Q.Tân Bình , 90m2, 3PN ,Giá 6 tỷ , LH [phone_number] Tài","Nhanh tay sở hữu căn hộ chung cư Golden Mansion tọa lạc tại Phổ Quang, Quận Phú Nhuận, TP.HCM. Với thiết kế hiện đại và không gian sống lý tưởng, căn hộ có diện tích 90m2, bao gồm 3 phòng ngủ và 2 phòng tắm. + Giá bán hấp dẫn: 6 tỷ VND. + Căn hộ được thiết kế phong thủy, mang lại tài lộc cho gia chủ. + Đầy đủ tiện nghi, sẵn sàng vào ở ngay. Địa điểm tiện ích xung quanh: + Bệnh viện An Sinh, Bệnh viện Quốc tế Chấn thương Chỉnh hình Sài Gòn. + Công viên Hồ Văn Hưue, Công viên Hoàng Văn Thụ, Công viên Gia Định. + Siêu thị Winmart. + Hệ thống trường quốc tế Việt Úc - cơ sở Hoàng Văn Thụ, Trường Keyframe. Liên hệ để biết thêm thông tin: An Tài [phone_number]",Hồ Chí Minh,Căn hộ chung cư,6000000000,90.0,6000000000.0,0.0,matched_2pct,"[{""source"": ""title"", ""text"": ""6 tỷ , LH [phone_nu"", ""parsed_value_vnd"": 6000000000.0, ""basis"": ""total"", ""total_equivalent_vnd"": 6000000000.0}, {""source"": ""description"", ""text"": ""6 tỷ VND. + Căn hộ "", ""parsed_value_vnd"": 6000000000.0, ""basis"": ""total"", ""total_equivalent_vnd"": 6000000000.0}]"
shard_0003.parquet,340057,"Bán Nhà Mặt Phố 110m2, 5mx22m 4 tầng , Trường Thạnh, Q9, HCM,Ngay vành đai 3 -VinHomes","Nhà mặt phố 110m2 tại Nguyễn Duy Trinh, Trường Thạnh, Quận 9, TP.HCM, với giá 10,8 tỷ VND. - 5PN, 5WC, 3 tầng, mặt tiền 5m, ngõ vào 12m, thuận tiện cho xe hơi. - Pháp lý đầy đủ, sổ đỏ. - Tiện nghi đầy đủ, điều hòa, tủ lạnh, giường... - Phù hợp cho kinh doanh với mặt tiền rộng. Giới thiệu dự án - Dự án Đông Tăng Long có vị trí tại Đường Phú Hữu, Phường Trường Thạnh, Quận 9, TP.HCM. - Đầu tư bởi Tập đoàn Phát triển Nhà và Đô thị HUD - CIC. - Dự án quy mô 160 ha, mật độ xây dựng 43%, bao gồm đất nền, căn hộ, nhà phố và biệt thự. - Tiện ích nổi bật như hồ cảnh quan 7 ha, 13 ốc đảo công viên, Đông Tăng Long Mall, trường học, khu hành chính, bệnh viện, khu vui chơi trẻ em, sân bóng đá. - Gần công viên Đông Tăng Long, siêu thị Mẹ Bầu và Em Bé Con Cưng, Bách Hóa Xanh. - Khu vực phát triển nhanh, gần Khu Công Nghệ Cao Quận 9, trung tâm hành chính và các tuyến đường lớn. Liên hệ ngay để được tư vấ",Hồ Chí Minh,Nhà,10800000000,110.0,10800000000.0,0.0,matched_2pct,"[{""source"": ""description"", ""text"": ""10,8 tỷ VND. - 5PN, 5W"", ""parsed_value_vnd"": 10800000000.0, ""basis"": ""total"", ""total_equivalent_vnd"": 10800000000.0}]"
shard_0005.parquet,151892,"Bán gấp nhà riêng 6PN, 6 tầng, 92m2 tại Gia Thụy, Long Biên, Hà Nội, giá thỏa thuận","Đây là cơ hội hiếm có cho những ai đang tìm kiếm một ngôi nhà riêng tại khu vực Long Biên. Ngôi nhà 6 tầng với diện tích 92m2, 5 phòng ngủ, đã có đầy đủ nội thất, sẵn sàng để ở ngay. Mặt tiền rộng 4.5m, gara 2 ôtô, ngõ vào rộng 8m, rất thuận tiện cho việc di chuyển và có thể kinh doanh nếu cần. Pháp lý đầy đủ, giúp đảm bảo an toàn cho mọi giao dịch. Khu vực phân lô cán bộ hàng không, an ninh tuyệt đối, dân cư phát triển. Giá thỏa thuận, thương lượng tốt, chủ đang cần bán nhanh. Gần trường tiểu học Ngọc Thụy, bệnh viện đa khoa Tâm Anh và các siêu thị như Winmart + và Intimex Nguyễn Văn Cừ, mang đến sự tiện lợi cho cuộc sống hàng ngày. Liên hệ ngay để biết thêm thông tin chi tiết Nguyễn Thị Duyên",Hà Nội,Nhà,,92.0,,,no_supported_price,[]
shard_0005.parquet,28529,"Bán đất HXH, đường Bình Trị Đông, giáp Tên Lửa (106m2 - 4x23m) 6,8 tỷ TL","+ Hẻm 8m thông, chỉ 1 sẹc, cách chợ bình trị đông khoản 300m, liền kề khu Tên Lửa, trường THCS Bình Trị Đông B. + DT: 106m2 (4m x 23m / hậu L 8m) full thổ cư. + Vị trí đẹp, khu dân cư hiện hữu, nhà cao tầng san sát nhau. + Tiện ích không thiếu bất cứ thứ gì. + Sổ hồng riêng, nở hậu đẹp, lộ giới nhẹ. + LH: Mr Thanh, xem đất trực tiếp.",Hồ Chí Minh,Đất,6800000000,106.0,6800000000.0,0.0,matched_2pct,"[{""source"": ""title"", ""text"": ""6,8 tỷ TL"", ""parsed_value_vnd"": 6800000000.0, ""basis"": ""total"", ""total_equivalent_vnd"": 6800000000.0}]"
shard_0000.parquet,241237,"Bán đất đường triệu quang phục,vĩnh hoà,dt 62,3 m2, ngang 5,3 m,hướng bắc- giá 4,15 tỷ","Bán đất (62.3 m2, ngang 5.3 m) mặt tiền đường Triệu Quang Phục- Khu đông Mương - Hòn Xện - Nha Trang , cách biển 600 M. Giá 4.15 tỷ - Diện tích đất: 62.3 m2, ngang 5,3 m ( nở hậu 7m) . - Hướng chính Bắc . Đường nhựa Triệu Quang Phục rộng 16 m. - Vị trí ngay khu dân cư a cách biển 600m, cách đường Phạm Văn Đồng 400m. Di chuyển vào trung tâm TP Nha Trang chỉ 5-10 phút xe máy . - Pháp lý : sổ Hồng ODT . Xây dựng tự do . Giá Bán: 4.15 tỷ ( có thương lượng ) . Liên hệ :[phone_number] Huyền Nhung",Khánh Hòa,Đất,4150000000,62.3,4150000000.0000005,1.1490052004894577e-16,matched_2pct,"[{""source"": ""title"", ""text"": ""4,15 tỷ"", ""parsed_value_vnd"": 4150000000.0000005, ""basis"": ""total"", ""total_equivalent_vnd"": 4150000000.0000005}, {""source"": ""description"", ""text"": ""4.15 tỷ - Diện tích đấ"", ""parsed_value_vnd"": 4150000000.0000005, ""basis"": ""total"", ""total_equivalent_vnd"": 4150000000.0000005}, {""source"": ""description"", ""text"": ""4.15 tỷ ( có thương lư"", ""parsed_value_vnd"": 4150000000.0000005, ""basis"": ""total"", ""total_equivalent_vnd"": 4150000000.0000005}]"
shard_0009.parquet,193557,Bán căn hộ Tòa B Sông Nhuệ 78m² 3PN 2WC View bể bơi Sổ đỏ,"Bán căn hộ Tòa B Sông Nhuệ, diện tích 78m², đã sửa thành 3 phòng ngủ 2 vệ sinh, tối ưu công năng cho gia đình đông người. Cửa Tây Bắc, ban công Đông Nam, nhà mát mẻ quanh năm. View trực diện bể bơi, thoáng và rất dễ chịu khi ở. Nội thất để lại như hình thực tế, khách có thể vào ở ngay hoặc chỉnh sửa theo nhu cầu. Pháp lý: Sổ đỏ chính chủ Giá 4.95 tỷ (không bao sang tên có thương lượng) Phân khúc 78m² sửa 3PN tại Sông Nhuệ không nhiều căn bán. Căn này view đẹp, giá tốt Liên hệ xem nhà: Nhung [phone_number]",Hà Nội,Căn hộ chung cư,0,78.0,4950000000.0,1.0,mismatch,"[{""source"": ""description"", ""text"": ""4.95 tỷ (không bao san"", ""parsed_value_vnd"": 4950000000.0, ""basis"": ""total"", ""total_equivalent_vnd"": 4950000000.0}]"
shard_0002.parquet,36599,"Cần bán căn studio Onsen tầng 16 view hồ giá 3.1 tỷ bao phí, LH","Cần bán căn studio Onsen tầng 16 view hồ cực đẹp. Hướng nhìn thoáng đãng, đón gió phong thuỷ hút tài lộc. Trải nghiệm không gian sống đậm chất nghỉ dưỡng Onsen Nhật. Giá chỉ 3.1 tỷ bao phí căn hiếm khó tìm.",Hưng Yên,Căn hộ chung cư,3100000000,35.0,3100000000.0,0.0,matched_2pct,"[{""source"": ""title"", ""text"": ""3.1 tỷ bao phí, LH"", ""parsed_value_vnd"": 3100000000.0, ""basis"": ""total"", ""total_equivalent_vnd"": 3100000000.0}, {""source"": ""description"", ""text"": ""3.1 tỷ bao phí căn hi"", ""parsed_value_vnd"": 3100000000.0, ""basis"": ""total"", ""total_equivalent_vnd"": 3100000000.0}]"
shard_0001.parquet,32359,"Gửi bán gấp căn hộ Ruby - Celadon City: 70m2 (2pn-2wc), full nội thất, giá: 3.6 tỷ, có sổ hồng","Cần bán gấp căn hộ Ruby khu Celadon City cạnh Aeon Tân Phú - Thiết kế căn hộ: 70m2 (2pn-2wc) - Nội thất căn hộ đầy đủ, khách mua có thể vào ở hoặc khai thác cho thuê luôn - Giá: 3.6 tỷ (bao hết 100%) - Ngân hàng hỗ trợ vay 70%, lãi suất 6%/năm, cho vay từ 20-30 năm - Phí quản lý hàng tháng 7.700vnđ/m2 - Phí xe máy 80.000vnđ/xe/tháng - Phí xe hơi 1.100.000vnđ/xe/tháng - Được sử dụng miễn phí toàn bộ tiện ích của Ruby và Celadon City như : công viên cây xanh 16ha, khu tập thể dục ngoài trời, xe đưa đón đi Aeon, phòng sinh hoạt cộng đồng.... Anh chị call em để nhận thông tin và đi xem thực tế",Hồ Chí Minh,Căn hộ chung cư,3600000000,70.0,3600000000.0,0.0,matched_2pct,"[{""source"": ""title"", ""text"": ""3.6 tỷ, có sổ hồng"", ""parsed_value_vnd"": 3600000000.0, ""basis"": ""total"", ""total_equivalent_vnd"": 3600000000.0}]"
shard_0001.parquet,1439,"Bán shophouse tại cụm công nghiệp Kim Bài, 24 triệu/m2, 155m2","Shophouse nằm trong cụm công nghiệp Kim Bài, Thanh Oai, Hà Nội, với diện tích 155m2, giá bán 24 triệu/m2. Đây là cơ hội lý tưởng cho những ai muốn đầu tư vào bất động sản thương mại. Với mặt tiền rộng 6m, đường vào 20.5m, shophouse này rất thuận lợi cho việc kinh doanh và buôn bán. Hướng cửa chính và ban công đều về phía Nam, giúp không gian luôn thoáng đãng và sáng sủa. Cụm công nghiệp Kim Bài không chỉ là nơi lý tưởng để phát triển kinh doanh mà còn gần các tiện ích như bệnh viện huyện Thanh Oai, trường học quốc tế IVS, trường trung học phổ thông Thanh Oai A, và công viên huyện Thanh Oai. Địa điểm xung quanh: - Bệnh viện huyện Thanh Oai. - Trường học quốc tế IVS. - Trường trung học phổ thông Thanh Oai A. - Trường THCS Nguyễn Trực Kim Bài. - Công viên huyện Thanh Oai. Liên hệ để biết thêm thông tin chi tiết qua số điện thoại , tên liên hệ: Nguyễn Đức Thiện.",Hà Nội,Shophouse,3720000000,155.0,3720000000.0,0.0,matched_2pct,"[{""source"": ""title"", ""text"": ""24 triệu/m2, 155m2"", ""parsed_value_vnd"": 24000000.0, ""basis"": ""per_m2"", ""total_equivalent_vnd"": 3720000000.0}, {""source"": ""description"", ""text"": ""24 triệu/m2. Đây là cơ "", ""parsed_value_vnd"": 24000000.0, ""basis"": ""per_m2"", ""total_equivalent_vnd"": 3720000000.0}]"
shard_0007.parquet,129706,"CẦN BÁN GẤP lô góc đất Thư Lâm,đất vuông đẹp, giá hơn 2 tỷ lh [phone_number]","CẦN BÁN NHANH LÔ GÓC 50m2 ĐẤT THƯ LÂM Giá iu thương 2,8 tỷ Đường trước đất 3,5m 30m ra trục đường ô tô tải tránh nhau Gần khu công nghiệp sạch 300ha Gần nhà văn hoá và tiện ích trường học các cấp, siêu thị ,Trụ sở công an xã 20p di chuyển vào nội thành,lên sân bay Quốc tế Nội Bài Sổ đỏ đẹp Liên hệ xem đất [phone_number]",Hà Nội,Đất,2800000000,50.0,2000000000.0,0.4,mismatch,"[{""source"": ""title"", ""text"": ""2 tỷ lh [phone_numb"", ""parsed_value_vnd"": 2000000000.0, ""basis"": ""total"", ""total_equivalent_vnd"": 2000000000.0}, {""source"": ""description"", ""text"": ""2,8 tỷ Đường trước đấ"", ""parsed_value_vnd"": 2800000000.0, ""basis"": ""total"", ""total_equivalent_vnd"": 2800000000.0}]"
shard_0003.parquet,337436,"Bán nhà 2 tầng, mới hoàn thiện, full nội thất, giá 2tỷ790 | bán nhà diên an diên khánh","Bán nhà 2 tầng, mới hoàn thiện, full nội thất, giá 2tỷ790 | bán nhà diên an diên khánh Diện tích đất: 86,6m2 diện tích xây dựng 130m, full thổ cư 100%. Kết cấu: nhà 2 tầng gồm 3 phòng ngủ, 2 WC, phòng khách, bếp, sân để ô tô. Nội thất: trang bị đầy đủ, chỉ việc dọn vào ở. Đường trước nhà rộng 6m, ô tô ra vào thoải mái. Khu dân cư yên tĩnh, thoáng mát, gần trung tâm Diên An. Giá 2tỷ790 ( thương lượng) Thuế phí: chủ bao Liên hệ: Nhung #nhadienan #nhadienkhanh #batdongsandienkhanh",Khánh Hòa,Nhà,2790000000,86.6,2790000000.0,0.0,matched_2pct,"[{""source"": ""title"", ""text"": ""2tỷ790 | bán nhà d"", ""parsed_value_vnd"": 2790000000.0, ""basis"": ""total"", ""total_equivalent_vnd"": 2790000000.0}, {""source"": ""description"", ""text"": ""2tỷ790 | bán nhà d"", ""parsed_value_vnd"": 2790000000.0, ""basis"": ""total"", ""total_equivalent_vnd"": 2790000000.0}, {""source"": ""description"", ""text"": ""2tỷ790 ( thương lư"", ""parsed_value_vnd"": 2790000000.0, ""basis"": ""total"", ""total_equivalent_vnd"": 2790000000.0}]"
shard_0001.parquet,301786,"Bán gấp TT Avio 2PN, 1WC ban công giá tốt nhất dự án 2,150tỷ. Thanh toán 20% đến khi nhận nhà","TT Avio 2PN, 1WC ban công giá tốt nhất dự án 2,150tỷ. Thanh toán 20% đến khi nhận nhà. TT Avio Sống chất không phải là khẩu hiệu mà là một không gian sống đỉnh cao giữa siêu đô thịhot nhất khu Đông TP. HCM. 1/Thông tin dự án: Tên dự án: TT Avio. Vị trí dự án: DT743C, Phường Tân Đông Hiệp, TP. Dĩ An, Tỉnh Bình Dương. Tổng thầu xây dựng: Ricons. Giám sát thi công: Core Asia. 2/ Tổng diện tích: 1,6 ha. Khởi công xây dựng: Quí 3/2024. Dự kiến bàn giao: Quý 4/ 2027. Quy mô dự án: Tổng quy mô 2000 căn hộ & Shophouse. + Tầng hầm: 3 hầm Với 2 Tháp Căn hộ Avis và Orion. + Chiều cao: 30 - 37 tầng. 3/ Vị trí trung tâm kết nối vô cùng thuận lợi: Bán kính 3 - 5 km đầy đủ tất cả tiện ích ngoại khu sầm uất hiện hữu, từ vui chơi giải trí, mua sắm, y tế, giáo dục. KCN Sóng Thần 1,2. KCN Tân Đông Hiệp... Cách Vincom Plaza chỉ 1Km. Aeon chỉ 5p đi xe. Hệ thống trường học. Bệnh viện quốc tế chỉ trong bán kín",Bình Dương,Căn hộ chung cư,2150000000,56.0,2150000000000.0,0.999,mismatch,"[{""source"": ""title"", ""text"": ""2,150tỷ. Thanh toán 20"", ""parsed_value_vnd"": 2150000000000.0, ""basis"": ""total"", ""total_equivalent_vnd"": 2150000000000.0}, {""source"": ""description"", ""text"": ""2,150tỷ. Thanh toán 20"", ""parsed_value_vnd"": 2150000000000.0, ""basis"": ""total"", ""total_equivalent_vnd"": 2150000000000.0}, {""source"": ""description"", ""text"": ""440 triệu) đến khi nhận "", ""parsed_value_vnd"": 440000000.0, ""basis"": ""total"", ""total_equivalent_vnd"": 440000000.0}]"
shard_0006.parquet,159278,Chính chủ cần bán gấp lô đất mặt tiền đường số 91 TĐC Phú Chánh giá đầu tư,"Chủ Gửi Bán Gấp _________\\\_ Giá chỉ 2ty8* ( ngay Chủ ) Đường số 91 _ TĐC Phú Chánh D Phường Bình Dương , TP Hồ Chí Minh Cách Toà Nhà Hành Chính TP Mới Chỉ 1,5km DT: 5x30m full thổ cư 100%, hướng Tây Nam. Vị trí tuyệt đẹp, đầu tư, xây nhà VIP luôn nha AE LH. [phone_number] làm việc ngay, gc 100% #batdongsanso1binhduong",Bình Dương,Đất,2850000000,150.0,2800000000.0,0.017857142857142856,matched_2pct,"[{""source"": ""description"", ""text"": ""2ty8* ( ngay Chủ )"", ""parsed_value_vnd"": 2800000000.0, ""basis"": ""total"", ""total_equivalent_vnd"": 2800000000.0}]"
shard_0004.parquet,162482,"Sốc chỉ 6.2 tỷ. Bán nhà 90m2 mặt tiền đường số ngay ngã 3 Lò Lu - Lã Xuân Oai, Trường Thạnh Q9","(6.6 tỷ chủ giảm mạnh còn 6.2 tỷ ạ ) Bán nhà mặt tiền đường số ngay Lò Lu P. Trường Thạnh Q9 gần khu công nghệ cao DT 5m x 18m (90m2) full thổ cư Hiện trạng có nhà c4 , 2PN Đường nhựa 8m 1sẹc đường Lò Lu Pháp lý sổ Hồng riêng Giá chỉ 6.2 tỷ ạ Call [phone_number] Phạm Hiếu",Hồ Chí Minh,Nhà,6200000000,90.0,6200000000.0,0.0,matched_2pct,"[{""source"": ""title"", ""text"": ""6.2 tỷ. Bán nhà 90m2 "", ""parsed_value_vnd"": 6200000000.0, ""basis"": ""total"", ""total_equivalent_vnd"": 6200000000.0}, {""source"": ""description"", ""text"": ""6.6 tỷ chủ giảm mạnh "", ""parsed_value_vnd"": 6600000000.0, ""basis"": ""total"", ""total_equivalent_vnd"": 6600000000.0}, {""source"": ""description"", ""text"": ""6.2 tỷ ạ ) Bán nhà mặ"", ""parsed_value_vnd"": 6200000000.0, ""basis"": ""total"", ""total_equivalent_vnd"": 6200000000.0}, {""source"": ""description"", ""text"": ""6.2 tỷ ạ Call [phone_"", ""parsed_value_vnd"": 6200000000.0, ""basis"": ""total"", ""total_equivalent_vnd"": 6200000000.0}]"
shard_0006.parquet,216544,"Bán nhà Bùi Xương Trạch 28m2, giá 6.9 tỷ, mặt tiền 5m, trước nhà 2.5m thoáng sáng, cách ô tô 20m","T1 vị trí đẹp ngõ thông gần phố. Nhà thuộc trục ngõ thông Bùi Xương Trạch Vũ Tông Phan, vài bước ra chợ, rất gần hệ thống trường Kim Giang các cấp. Trước nhà thoáng sáng 2.5m, không gian mở, đón gió đón nắng cả ngày. Khu vực dân cư đông vui, sinh hoạt thuận tiện, đi bộ là đủ hết tiện ích. T2 Chất nhà công năng đủ. Nhà chủ tự xây, phòng khách thực tế rộng bất ngờ, bố trí hợp lý, thoáng trước sau, ánh sáng tự nhiên tràn mọi phòng. Thiết kế đầy đủ: 3 phòng ngủ. Phòng thờ sân phơi. Khách bếp riêng, vận hành sinh hoạt cực thoải mái. Tầm tài chính 67 tỷ mà được mặt tiền 5m, ngõ thoáng, gần phố thế này cực hiếm. T3 Pháp lý phù hợp khách mua. Sổ đỏ vuông vắn, pháp lý chuẩn chỉ, sẵn sàng giao dịch. Hợp khách mua ở, mua cho con học, hoặc mua giữ tài sản lâu dài. Liên hệ Đức An Cư để xem nhà thực tế. Nhà thoáng sáng, gần trường học, ngõ thông Vũ Tông Phan, mặt tiền rộng, sổ đỏ chính chủ, khu dân tr",Hà Nội,Nhà,6900000000,28.0,6900000000.0,0.0,matched_2pct,"[{""source"": ""title"", ""text"": ""6.9 tỷ, mặt tiền 5m, "", ""parsed_value_vnd"": 6900000000.0, ""basis"": ""total"", ""total_equivalent_vnd"": 6900000000.0}, {""source"": ""description"", ""text"": ""67 tỷ mà được mặt ti"", ""parsed_value_vnd"": 67000000000.0, ""basis"": ""total"", ""total_equivalent_vnd"": 67000000000.0}]"
shard_0008.parquet,137825,"Bán nhà Phạm Văn Chiêu, P14, Gò Vấp, 40m2, xe hơi ngủ nhà chỉ 6.95 tỷ","Bán nhà Phạm Văn Chiêu, P14, Gò Vấp, 40m2, xe hơi ngủ nhà chỉ 6.95 tỷ + Diện tích 40m2 + Nhà 1 trệt 3 lầu (4 tầng), 3pn, 3wc, có ban công + Hẻm 6m xe hơi ngủ trong nhà, khu an ninh, gần Quang Trung, Emart Phan Huy Ích, Lê Văn Thọ, công viên Làng Hoa, chợ Thạch Đà,... + Sổ riêng, hoàn công đầy đủ Liên hệ Châu Trần để xem nhà, xin cám ơn",Hồ Chí Minh,Nhà,6950000000,40.0,6950000000.0,0.0,matched_2pct,"[{""source"": ""title"", ""text"": ""6.95 tỷ"", ""parsed_value_vnd"": 6950000000.0, ""basis"": ""total"", ""total_equivalent_vnd"": 6950000000.0}, {""source"": ""description"", ""text"": ""6.95 tỷ + Diện tích 40"", ""parsed_value_vnd"": 6950000000.0, ""basis"": ""total"", ""total_equivalent_vnd"": 6950000000.0}]"
shard_0009.parquet,159297,"Bán đất mặt tiền đường 7.5m sát biển mân thái, sơn trà đà nẵng",Tôi cần bán lô đất mặt tiền đường 7.5m đường Võ Duy Ninh Cách biển Mân thái 250m Đường 7.5m thuận tiện kinh doanh căn hộ khách sạn Khu vực xây dựng cao tầng Tôi chính chủ Giá bán 8.5 tỷ thương lượng nếu bạn thấy thích Call me: [phone_number],Đà Nẵng,Đất,8500000000,73.0,8500000000.0,0.0,matched_2pct,"[{""source"": ""description"", ""text"": ""8.5 tỷ thương lượng n"", ""parsed_value_vnd"": 8500000000.0, ""basis"": ""total"", ""total_equivalent_vnd"": 8500000000.0}]"
shard_0007.parquet,81454,"Cần bán lô đất ở Cần Guộc , Long An 98m2 giá 1.3 tỷ, Ngân hàng hỗ trợ vay 70%.LH: [phone_number]","Đất nền Long An: - Vị trí:xã Phước Vĩnh Tây, Cần Guộc, Long An - Nắm trong khu dân cư Cần Guộc - Diện tích: 98m2 - Giá chỉ : 1.3 tỷ/nền ( Thanh toán nhàn hạ trong 12 tháng) - Sổ đỏ trao tay - Ngân hàng hỗ trợ vay 70% - Thích hợp mua ở hoặc đầu tư mua để dành tích sản lâu dài - Liền kề dự án Vinhome Cần Guộc 1.089 Ha - Vị trí liên kết vùng thuận tiện: Gần chợ, Trường học, bệnh viện trong bán kính 3-8 phút - Cách khu công nghiệp cảng Phước Đông 10 phút, Cảng Quốc tế Long An 18 phút Bến Phà Cần Guộc Cần giờ chỉ 20 phút Liên hệ: [phone_number] Thu Hiền",Long An,Đất,1400000000,98.0,1300000000.0,0.07692307692307693,mismatch,"[{""source"": ""title"", ""text"": ""1.3 tỷ, Ngân hàng hỗ "", ""parsed_value_vnd"": 1300000000.0, ""basis"": ""total"", ""total_equivalent_vnd"": 1300000000.0}, {""source"": ""description"", ""text"": ""1.3 tỷ/nền ( Thanh to"", ""parsed_value_vnd"": 1300000000.0, ""basis"": ""total"", ""total_equivalent_vnd"": 1300000000.0}]"
shard_0008.parquet,131194,"Bán nhà riêng đẹp tại Đường Quán Chảy, Đông La, Huyện Hoài Đức, 3,78 tỷ, 33m2, ôtô đỗ cổng !","Nhà riêng tọa lạc tại Đường Quán Chảy, Xã An Khánh, Hà Nội - Huyện Hoài Đức, Hà Nội cũ, với diện tích 33m2, thiết kế 3 tầng hiện đại, 3PN, 2WC, phù hợp cho gia đình hoặc đầu tư. + Giá bán: 3,78 tỷ VND + Nội thất cơ bản: điều hòa, tủ lạnh, giường... + Pháp lý đầy đủ, sổ đỏ + Mặt tiền rộng 3,2m, thích hợp cho kinh doanh nhỏ + Ngõ vào rộng 3m, thuận tiện cho xe ô tô vào nhà Điểm nhấn: phong thủy tốt, không gian sống thoáng đãng, yên tĩnh, gần gũi với thiên nhiên. Liên hệ ngay để biết thêm chi tiết qua số điện thoại - Mr Văn .",Hà Nội,Nhà,3780000000,33.0,3780000000.0,0.0,matched_2pct,"[{""source"": ""title"", ""text"": ""3,78 tỷ, 33m2, ôtô đỗ "", ""parsed_value_vnd"": 3780000000.0, ""basis"": ""total"", ""total_equivalent_vnd"": 3780000000.0}, {""source"": ""description"", ""text"": ""3,78 tỷ VND + Nội thất"", ""parsed_value_vnd"": 3780000000.0, ""basis"": ""total"", ""total_equivalent_vnd"": 3780000000.0}]"
shard_0004.parquet,286491,Bán tòa nhà văn phòng đẹp nhất ven hồ Hạ Đình - Hà Nội,"Địa chỉ: Số 38 ven hồ Hạ Đình, Quận Thanh Xuân, TP. Hà Nội. Vị trí trung tâm mặt hồ thoáng đãng giá trị đẳng cấp. Ưu điểm nổi bật. Tòa nhà view hồ đẹp nhất khu vực, không gian thoáng, phong thủy vượng khí. Quy mô 8 tầng, thiết kế hiện đại, tối ưu công năng. Hệ thống điều hòa âm trần trung tâm, đảm bảo tiện nghi. Máy phát điện dự phòng vận hành ổn định, không gián đoạn. Phù hợp làm trụ sở công ty, văn phòng cho thuê cao cấp, trung tâm dịch vụ. Giá bán 60 tỷ đồng. Phương thức thanh toán. Đặt cọc: 500 triệu đồng. Thanh toán tại ngân hàng: 20 tỷ đồng. Thanh toán còn lại (39 tỷ 500 triệu): Khi công chứng sang tên. Điều kiện chuyển nhượng. Toàn bộ thuế, phí, lệ phí công chứng và sang tên do bên mua chi trả.",Hà Nội,Nhà,60000000000,72.3,,,multiple_text_prices,"[{""source"": ""description"", ""text"": ""60 tỷ đồng. Phương t"", ""parsed_value_vnd"": 60000000000.0, ""basis"": ""total"", ""total_equivalent_vnd"": 60000000000.0}, {""source"": ""description"", ""text"": ""20 tỷ đồng. Thanh to"", ""parsed_value_vnd"": 20000000000.0, ""basis"": ""total"", ""total_equivalent_vnd"": 20000000000.0}, {""source"": ""description"", ""text"": ""39 tỷ 500 triệu): Kh"", ""parsed_value_vnd"": 39500000000.0, ""basis"": ""total"", ""total_equivalent_vnd"": 39500000000.0}]"
shard_0009.parquet,161479,"Bán đất 172m2 tại Xã Tân Bửu, 1,5 tỷ, pháp lý đầy đủ, mặt tiền 20m","Đất nền tại Đường Nguyễn Hữu Trí, Xã Lương Hòa, Tây Ninh (địa chỉ cũ: Bến Lức, Long An) với diện tích 172m2, giá 1,5 tỷ VND. Pháp lý đầy đủ, sổ đỏ. + Diện tích: 172m2. + Mặt tiền rộng 20m, thuận lợi cho kinh doanh. + Ngõ vào rộng 4m, dễ dàng di chuyển. + Phong thủy tốt, thích hợp cho các hoạt động đầu tư và xây dựng. + Khu vực dân cư đông đúc, an ninh. Đất có mặt tiền rộng, phù hợp cho việc kinh doanh hoặc xây dựng nhà ở, tạo điều kiện thuận lợi cho cuộc sống. Pháp lý đầy đủ giúp đảm bảo quyền lợi cho người mua. Liên hệ ngay để được tư vấn miễn phí qua số hoặc với Nguyễn Văn Huấn.",Long An,Đất,1500000000,172.0,1500000000.0,0.0,matched_2pct,"[{""source"": ""title"", ""text"": ""1,5 tỷ, pháp lý đầy đ"", ""parsed_value_vnd"": 1500000000.0, ""basis"": ""total"", ""total_equivalent_vnd"": 1500000000.0}, {""source"": ""description"", ""text"": ""1,5 tỷ VND. Pháp lý đ"", ""parsed_value_vnd"": 1500000000.0, ""basis"": ""total"", ""total_equivalent_vnd"": 1500000000.0}]"
shard_0002.parquet,244071,"Bán lô đất biệt thự ven sông Sài Gòn, đường số 10, p. Hiệp Bình Chánh, 639m2 ngang 15m, giá 52ty","Chủ nhà cần bán lô đất đẹp ven sông Sài Gòn giá rẻ duy nhất cực hiếm bán: - Diện tích: 639m2(15mx42m) vuông vức. được công nhận full. Trong đó có 280m2 đất thuộc hành lang bảo vệ sông được công nhận. - Vị trí 2 mặt tiền: 1 mặt tiền đường số 10, mặt sau nhà giáp view trực diện sông phù hợp làm sân vườn giải trí,... - Phù hợp mua đầu tư, xây biệt thự ven sông bến du thuyền, kinh doanh quán nhậu, quán cf view sông,... - giá chỉ 80tr/m2: 639m2 ~ 52 tỷ - Là lô có pháp lý chuẩn cực kỳ hiếm bán. Liên Hệ: Nhận sổ hồng, xem đất thực tế, làm việc với chính chủ đứng tên sổ hồng)",Hồ Chí Minh,Đất,51000000000,639.0,52000000000.0,0.019230769230769232,matched_2pct,"[{""source"": ""title"", ""text"": ""52ty"", ""parsed_value_vnd"": 52000000000.0, ""basis"": ""total"", ""total_equivalent_vnd"": 52000000000.0}, {""source"": ""description"", ""text"": ""80tr/m2: 639m2 ~ 52"", ""parsed_value_vnd"": 80000000.0, ""basis"": ""per_m2"", ""total_equivalent_vnd"": 51120000000.0}, {""source"": ""description"", ""text"": ""52 tỷ - Là lô có phá"", ""parsed_value_vnd"": 52000000000.0, ""basis"": ""total"", ""total_equivalent_vnd"": 52000000000.0}]"
shard_0002.parquet,62826,"Chính chủ cần bán đất khu Miễu - Tiến Xuân sát Đại học Quốc gia, gần Xanh Villas","Chính chủ cần bán gấp mảnh đất sát Đại học Quốc gia, gần khu trường tiểu học, nhiều khu chung cư mini, đường oto tránh nhau. Đối diện khu ký túc xá đại học quốc gia. Thích hơp đâu tư xây chung cư mini, ngay gần khu Xanh Villas. Diện tích: 87.4m2, mặt tiền: 6,5m. LH: [phone_number]",Hà Nội,Đất,4810000000,87.4,,,no_supported_price,[]
shard_0000.parquet,92902,Bán nhà đang hoàn thiện giá cực tốt ngay ngã tư Miếu Ông Cù,"BÁN NHÀ 1 TRỆT 2 LẦU FULL NỘI THẤT KDC ĐẸP BÌNH CHUẨN P. Bình Chuẩn, TP. Thuận An Cách chợ Phú Phong & ngã tư Miếu Ông Cù chỉ 200m Diện tích: 61,6m (4 x 15,47m) Thổ cư 100% Kết cấu: 1 trệt 2 lầu đúc kiên cố Phòng khách, phòng bếp 4 phòng ngủ, 4 WC Phòng thờ riêng, sân thượng trước & sau Full nội thất Dọn vào ở ngay Đường trước nhà rộng 13m, vỉa hè 3m Khu dân cư đồng bộ, sạch đẹp, an ninh Sổ hồng riêng Công chứng nhanh Hỗ trợ vay ngân hàng Giá bán: 4 TỶ 300 TRIỆU (thương lượng) Liên hệ: [phone_number] Khánh Mario Nhà Chuẩn Giá Chất KDC Đẹp, Sát Trung Tâm! K6847",Bình Dương,Nhà,4300000000,61.6,4300000000.0,0.0,matched_2pct,"[{""source"": ""description"", ""text"": ""4 TỶ 300 TRIỆU (thư"", ""parsed_value_vnd"": 4300000000.0, ""basis"": ""total"", ""total_equivalent_vnd"": 4300000000.0}]"
shard_0005.parquet,64047,Cần bán Villas Lý Thái Tổ View Lúa - Trung tâm Hội An,"VILLAS VIEW LÚA SIÊU HIẾM LÝ THÁI TỔ, HỘI AN 275m (10x27) 4 tầng Hồ bơi 9 căn hộ full nội thất Bán gấp: 25 TỶ (hỗ trợ vay 21 tỷ) Điểm ăn tiền: Mặt tiền Lý Thái Tổ sau nhà view đồng lúa & sông cực Chill Trung tâm tuyến homestay villa khách sạn nhà hàng Hiếm sản phẩm có view kép Đắt Đẹp Độc như này Công năng hoàn hảo: 650m sàn / 4 tầng Hồ bơi Thang máy 9 căn hộ cao cấp (bếp PN full nội thất) Xây hết mật độ, vận hành homestay cực lời Pháp lý: 275m full thổ cư Sản phẩm sạch Sẵn công chứng TPC [phone_number] THAO PHỐ CỔ KHÔNG CHỈ BÁN NHÀ, MÀ ĐI CÙNG BẠN ĐẾN KHI AN CƯ Với hơn 10 năm đồng hành cùng BĐS Hội An, Thao Phố Cổ cam kết: Hỗ trợ sổ hồng pháp lý xây dựng cải tạo nhà cổ Kết nối thiết kế thi công nội thất uy tín tại Hội An Đồng hành từ lúc chọn nhà đến khi bạn vào ở VP: 26 Nguyễn Tri Phương Hội An Hotline: [phone_number] (Thao Phố Cổ)",Quảng Nam,Biệt thự/Nhà liền kề,25000000000,274.0,,,multiple_text_prices,"[{""source"": ""description"", ""text"": ""25 TỶ (hỗ trợ vay 21"", ""parsed_value_vnd"": 25000000000.0, ""basis"": ""total"", ""total_equivalent_vnd"": 25000000000.0}, {""source"": ""description"", ""text"": ""21 tỷ) Điểm ăn tiền:"", ""parsed_value_vnd"": 21000000000.0, ""basis"": ""total"", ""total_equivalent_vnd"": 21000000000.0}]"
shard_0006.parquet,131025,Cực hiếm - bán đất tặng toà căn hộ 5 tầng - sân vườn - lõi An Thượng,"- Diện tích: 256.8m2. - Ngang 7,9m nở hậu 8,6m. - Vị trí hiếm đường rộng thoáng, - Bán đất tặng toà căn hộ mới, sân vườn đẹp. - Đang vận hành doanh thu tốt. - 17 phòng nội thấy đầy đủ mới. - Nhược điểm dính kiệt kiệt nhỏ ngã 3. - Giá bán: 27 tỷ.",Đà Nẵng,Nhà,27000000000,256.8,27000000000.0,0.0,matched_2pct,"[{""source"": ""description"", ""text"": ""27 tỷ."", ""parsed_value_vnd"": 27000000000.0, ""basis"": ""total"", ""total_equivalent_vnd"": 27000000000.0}]"
shard_0001.parquet,221654,Chủ gởi bán lô đất mặt tiền đường khuê mỹ đông 6 ngủ hành Sơn TPĐN,"Diện tích đất 87m2 ngang 5m đường 7m5 lề 3m, đối diện chung cư khuê mỹ Đất tái định cư vuông vức, vị trí cách bãi tắm sao biển bán kính 500m, được phép xây 5tầng chưa tính hầm Khu vực yên tĩnh thích hợp xây căn hộ hoặc khách sạn mi ni LH an dẩn đi xem đất Lvcc TL Hàng chính chủ chưa qua đầu tư",Đà Nẵng,Đất,7900000000,87.0,,,no_supported_price,[]
shard_0003.parquet,333480,"Bán gấp căn góc đẹp Vinhomes Gardenia Hàm Nghi Mỹ Đình 79M 2N2W sổ đỏ lâu dài full NT nhỉnh 8,x tỷ","BÁN GẤP CĂN GÓC VINHOMES GARDENIA HÀM NGHI, MỸ ĐÌNH, NAM TỪ LIÊM Diện tích: 79m Thiết kế: 2 phòng ngủ, 2 vệ sinh, căn góc 2 mặt thoáng đón gió, ngập tràn ánh sáng tự nhiên Nội thất: Full cao cấp, thiết kế hiện đại, tinh tế chủ nhà giữ gìn cực mới, chỉ việc xách vali về ở Pháp lý: Sổ đỏ lâu dài, sẵn sàng sang tên ngay Giá bán: Nhỉnh 8,x tỷ có thương lượng cho khách thiện chí Liên hệ ngay: Em Kim để xem nhà trực tiếp! Vinhomes Gardenia Khu đô thị sinh thái đáng sống bậc nhất Mỹ Đình Tọa lạc trên trục đường Hàm Nghi, trung tâm khu vực Mỹ Đình Nam Từ Liêm, Vinhomes Gardenia được ví như Ốc đảo xanh giữa lòng thủ đô. Dự án được quy hoạch đồng bộ, hiện đại, với không gian sống trong lành, tiện ích 5 sao khép kín và cộng đồng cư dân văn minh, tri thức. TIỆN ÍCH NỘI KHU ĐẲNG CẤP: Bể bơi ngoài trời & bể bơi 4 mùa trong nhà: Thoải mái thư giãn và tận hưởng những phút giây nghỉ dưỡng ngay trong khuô",Hà Nội,Căn hộ chung cư,8750000000,79.0,,,no_supported_price,[]
shard_0001.parquet,268015,"Bán căn hộ chung cư đẹp, 12 tỷ, 130m2, 3PN, 2WC, có sổ có slot ôtô tại hầm","Căn hộ chung cư tại Cầu Giấy, Hà Nội mang đến không gian sống lý tưởng cho gia đình. Với diện tích 130m2, căn hộ thiết kế hiện đại gồm 3PN + 2WC + bếp, phù hợp với nhu cầu sinh hoạt của các gia đình trẻ. Giá bán hấp dẫn 12 tỷ VND. - Điểm đặc biệt: + Phong thủy tốt với hướng ban công Đông Nam, mang lại ánh sáng tự nhiên. + Pháp lý đầy đủ, đảm bảo quyền lợi cho khách hàng. Khu vực xung quanh căn hộ có nhiều tiện ích đáng chú ý: - Cách trường học, bệnh viện và siêu thị chỉ trong bán kính 2km, thuận tiện cho cuộc sống hàng ngày. Liên hệ ngay để biết thêm thông tin chi tiết qua số điện thoại [phone_number] hoặc liên hệ với Nam Trần.",Hà Nội,Căn hộ chung cư,12000000000,130.0,12000000000.0,0.0,matched_2pct,"[{""source"": ""title"", ""text"": ""12 tỷ, 130m2, 3PN, 2"", ""parsed_value_vnd"": 12000000000.0, ""basis"": ""total"", ""total_equivalent_vnd"": 12000000000.0}, {""source"": ""description"", ""text"": ""12 tỷ VND. - Điểm đặ"", ""parsed_value_vnd"": 12000000000.0, ""basis"": ""total"", ""total_equivalent_vnd"": 12000000000.0}]"
shard_0002.parquet,155026,"Bán mặt tiền đường Nguyễn Thái Học, P.CÔL, Q. 1, 4,1x19 trệt, lầu, giá: 23.5 tỷ! Giá tốt cho đầu tư","Bán mặt tiền đường Nguyễn Thái Học, P. Cầu Ông Lãnh, Q. 1. Diện Tích: 4,1x19, trệt, lầu. DTCN: 71m2. Mặt tiền Nguyễn Thái Học Quận 1 - cung đường đắt đỏ - DT 78m2 (4.1m x 19m) nở hậu tài lộc - kinh doanh đắc địa. Giá: 23.5 tỷ! Giá tốt cho đầu tư.",Hồ Chí Minh,Nhà,23500000000,78.0,23500000000.0,0.0,matched_2pct,"[{""source"": ""title"", ""text"": ""23.5 tỷ! Giá tốt cho đ"", ""parsed_value_vnd"": 23500000000.0, ""basis"": ""total"", ""total_equivalent_vnd"": 23500000000.0}, {""source"": ""description"", ""text"": ""23.5 tỷ! Giá tốt cho đ"", ""parsed_value_vnd"": 23500000000.0, ""basis"": ""total"", ""total_equivalent_vnd"": 23500000000.0}]"
shard_0008.parquet,343718,"Bán gấp nhà Bế Văn Cấm-Tân Kiểng-Quận 7 DT 69,7m2/ 2tỷ99 gần THCS Trần Quốc Tuấn đang cho thuê 19tr","Bán nhà đang cho thuê 19 triệu/tháng đường Bế Văn Cấm, Phường Tân Kiểng, Quận 7. - Diện tích: 69,7m² (ngang 4,1m x 17m). Công nhận đủ. - Giá tốt: 2tỷ990 Thương lượng. - Nhà 1 trệt 1 lửng 2 lầu có sân thượng - 54 Phòng Ngủ - 4 nhà vệ sinh. * Nằm sát trường THCS Trần Quốc Tuấn, chung cư Hoàng Anh gia Lai. Gọi ngay [phone_number]",Hồ Chí Minh,Nhà,2990000000,69.7,2990000000.0,0.0,matched_2pct,"[{""source"": ""title"", ""text"": ""2tỷ99 gần THCS Trầ"", ""parsed_value_vnd"": 2990000000.0, ""basis"": ""total"", ""total_equivalent_vnd"": 2990000000.0}, {""source"": ""description"", ""text"": ""2tỷ990 Thương lượn"", ""parsed_value_vnd"": 2990000000.0, ""basis"": ""total"", ""total_equivalent_vnd"": 2990000000.0}]"
shard_0004.parquet,169726,"Bán đất tại xã Long Tân, Nhơn Trạch, Đồng Nai, 12 tỷ, 2995 m2 đẹp, nhiều tiện ích hot","Đất cực chất tại Xã Long Tân, Nhơn Trạch, Đồng Nai với diện tích lên tới 2995 m2 (có 300m2 đất ONT). Giá chỉ 12 tỷ VND, mặt tiền rộng 32m, ngõ vào 5m, đất cách khu Swanpark 60m, cách đường vành đai 3 (mới thông xe 19/8/2025) 1km. Pháp lý đầy đủ, sổ hồng sẵn sàng. Khu vực này rất lý tưởng cho những ai muốn tìm kiếm cơ hội đầu tư - kinh doanh. Địa điểm xung quanh: Các tiện ích sẵn có từ khu đô thị mới Swanpark qui mô 942ha. Liên hệ ngay với Nguyễn Phúc Thịnh qua số điện thoại để biết thêm chi tiết!",Đồng Nai,Đất,12000000000,2995.0,12000000000.0,0.0,matched_2pct,"[{""source"": ""title"", ""text"": ""12 tỷ, 2995 m2 đẹp, "", ""parsed_value_vnd"": 12000000000.0, ""basis"": ""total"", ""total_equivalent_vnd"": 12000000000.0}, {""source"": ""description"", ""text"": ""12 tỷ VND, mặt tiền "", ""parsed_value_vnd"": 12000000000.0, ""basis"": ""total"", ""total_equivalent_vnd"": 12000000000.0}]"
shard_0003.parquet,61582,Rẻ nhất KĐT! Bán gấp căn 3pn2pn 148m2 cực đẹp toà OCT3A KĐT Resco Cổ Nhuế - bao mọi phí thuế,"Chủ nhà cần tiền, thiện chí bán căn góc vuông vắn toà OCT3A - KĐT Resco Cổ Nhuế. Diện tích căn hộ 148m2 thiết kế căn góc, phòng nào cũng rộng rãi - 3pn2vs. View nội khu thoáng mát, nhà hút gió hiếm khi cần dùng đến điều hoà. Sổ đỏ sẵn sàng giao dịch ngay. Giá tốt nhất toàn KĐT 8,3 tỷ (chủ bao toàn bộ phí thuế sang tên). Anh chị quan tâm liên hệ ngay em Phong Cầm ạ:",Hà Nội,Căn hộ chung cư,8300000000,148.0,8300000000.000001,1.1490052004894577e-16,matched_2pct,"[{""source"": ""description"", ""text"": ""8,3 tỷ (chủ bao toàn "", ""parsed_value_vnd"": 8300000000.000001, ""basis"": ""total"", ""total_equivalent_vnd"": 8300000000.000001}]"
shard_0006.parquet,181168,"Bán nhà 4x15m, 2 tầng, mặt tiền đường Xuân Thới 23, chỉ 3.8 tỷ, Hóc Môn","* Vị trí: Xuân Thới 23 ( tên mới: Phạm Thị Mặn ), Xuân Thới, Hóc Môn - Gần Quốc Lộ 22, Chợ đầu mối nông sản hóc môn, Bến xe An Sương. - Căn góc mặt tiền 4x15m, 60m2 - Nhà 2 tầng đúc BTCT chắc chắn. - Đường 10m + vỉa hè thông thoáng - Pháp Lý: Hoàn công đầy đủ, sổ cất két, công chứng ngay. - LH/em Nhân: 0989' 968' 981",Hồ Chí Minh,Nhà,3800000000,60.0,3800000000.0,0.0,matched_2pct,"[{""source"": ""title"", ""text"": ""3.8 tỷ, Hóc Môn"", ""parsed_value_vnd"": 3800000000.0, ""basis"": ""total"", ""total_equivalent_vnd"": 3800000000.0}]"
shard_0009.parquet,101892,CHÍNH CHỦ BÁN GẤP MỸ ĐÌNH - LÔ GÓC 42m - 5 TẦNG - 10m RA Ô TÔ - NHỈNH 8 TỶ,"CHÍNH CHỦ BÁN GẤP MỸ ĐÌNH - LÔ GÓC 42m - 5 TẦNG - 10m RA Ô TÔ - NHỈNH 8 TỶ Vị trí trung tâm gần chợ khu vực đông đúc, nhu cầu thuê cực cao Diện tích: 42m 5 tầng 5 phòng Lô góc 2 mặt thoáng phòng nào cũng sáng Nhà dân tự xây khung cột chắc chắn Chỉ 10m ra ô tô đi lại cực tiện Phù hợp ở + đầu tư + chuyển đổi CCMN dòng tiền tốt Đón đầu quy hoạch mở đường tiềm năng tăng giá mạnh Sổ đỏ vuông vắn pháp lý sạch giao dịch nhanh Hàng hiếm không có căn thứ 2 trong khu Liên hệ ngay: Em Luân) Xem là chốt!",Hà Nội,Nhà,8500000000,42.0,8000000000.0,0.0625,mismatch,"[{""source"": ""title"", ""text"": ""8 TỶ"", ""parsed_value_vnd"": 8000000000.0, ""basis"": ""total"", ""total_equivalent_vnd"": 8000000000.0}, {""source"": ""description"", ""text"": ""8 TỶ Vị trí trung t"", ""parsed_value_vnd"": 8000000000.0, ""basis"": ""total"", ""total_equivalent_vnd"": 8000000000.0}]"
shard_0000.parquet,19985,"Bán toà nhà 5Tầng tại mặt tiền đường số 53 P.Tân Quy, Ngang 7x18m- Giá bán 23tỷ","Bán Toà nhà 5Tầng mặt tiền đường số Tân Quy ngay Lâm Văn Bền Quận 7: -Diện tích: 7x18. Kết cấu: 1 trệt 3 lầu sân thượng -Vị Trí:Mặt tiền kinh doanh nhiều ngành nghề,Nhà thiết kế văn phòng vừa kinh doanh vừa ở điều tốt,cho thuê 40 triệu/1 tháng Giá bán 23tỷ (TL) ***Liên hệ : [phone_number]Zalo/Viber) Em Dung chuyên BĐS Quận 7.",Hồ Chí Minh,Nhà,23000000000,126.0,23000000000.0,0.0,matched_2pct,"[{""source"": ""title"", ""text"": ""23tỷ"", ""parsed_value_vnd"": 23000000000.0, ""basis"": ""total"", ""total_equivalent_vnd"": 23000000000.0}, {""source"": ""description"", ""text"": ""23tỷ (TL) ***Liên h"", ""parsed_value_vnd"": 23000000000.0, ""basis"": ""total"", ""total_equivalent_vnd"": 23000000000.0}]"
shard_0002.parquet,300038,"Chính chủ bán đất MT ĐT 763, xã Xuân Bắc, Xuân Lôc, Đồng Nai, cao, sáng, gần THCS, gần 1.000m2","Mình chủ đất cần bán nhanh nền đất mặt tiền ĐT 763, xã Xuân Bắc, Xuân Lôc, Đồng Nai, đất đối diện trường THCS Xuân Bắc, nền đất cao, thoáng, sáng, kế bên là cafe, tạp hóa,... Đường đã mở rộng, cao tốc đang làm,... - DT đất: Hơn 900m2 - Ngang 17m, dài 54m - Sổ hồng cá nhân, đất full hồng - Giá: 6 tỉ 8 ( có thương lượng ) Gọi mình xem sổ và thương lượng giá: [phone_number] Minh Huyền. Có phí sale cho các anh chị em môi giới. Mong gặp người thiện chí . Người thật, việc thật",Đồng Nai,Đất,6800000000,1000.0,6000000000.0,0.13333333333333333,mismatch,"[{""source"": ""description"", ""text"": ""6 tỉ 8 ( có thương "", ""parsed_value_vnd"": 6000000000.0, ""basis"": ""total"", ""total_equivalent_vnd"": 6000000000.0}]"
shard_0008.parquet,51509,"Chính chủ cần bán lô đất 10x40m cách đường S (võ Nguyên Giáp 10m) giá 4,3 tỷ","Chính chủ gửi bán lô đất sạch có săn căn nhà sát bên cách đường S vài bước chân, p Mỹ Xuân phú Mỹ. Thích hợp mua xây nhà trọ nhà vườn xây biệt thự.. Vv.. Tiện ích xung quanh không thiếu thứ gì cách trường cấp 3 mới xây 500m, cấp 1, cấp 2 700m. Giá chỉ 4,3 tỷ",Bà Rịa - Vũng Tàu,Đất,4300000000,400.0,4300000000.0,0.0,matched_2pct,"[{""source"": ""title"", ""text"": ""4,3 tỷ"", ""parsed_value_vnd"": 4300000000.0, ""basis"": ""total"", ""total_equivalent_vnd"": 4300000000.0}, {""source"": ""description"", ""text"": ""4,3 tỷ"", ""parsed_value_vnd"": 4300000000.0, ""basis"": ""total"", ""total_equivalent_vnd"": 4300000000.0}]"
shard_0002.parquet,69065,"Bán nhà riêng tại hẻm 124 Xô Viết Nghệ Tĩnh, 3Pn3Wc, đẹp.","Cần bán căn nhà 3Pn2Wc. Diện tích: Ngang 3m30, dài 11m. Sổ 29,4m, thực tế 35m. Không lộ giới, không quy hoạch. Hẻm ba gác. Ra hẻm xe hơi chỉ 50m. Chỉ: 4tỷ950.",Hồ Chí Minh,Nhà,4950000000,35.0,4950000000.0,0.0,matched_2pct,"[{""source"": ""description"", ""text"": ""4tỷ950."", ""parsed_value_vnd"": 4950000000.0, ""basis"": ""total"", ""total_equivalent_vnd"": 4950000000.0}]"
shard_0001.parquet,335964,"Chính chủ bán căn hộ Studio 31m2 tại Vinhomes Ocean Park Gia Lâm. Sẵn sổ. Giá 1,9tỷ","Căn hộ chung cư tại The Sapphire 1 - Vinhomes Ocean Park, Đa Tốn, Gia Lâm, Hà Nội mang đến không gian sống lý tưởng với thiết kế hiện đại và tiện nghi đầy đủ. - Thiết kế: Studio + 1 WC + bếp, diện tích 31m2, thông thủy 28m2. - Hướng cửa chính Tây Nam và ban công Đông Bắc. - Giá bán: 1,96 tỷ VND. - Pháp lý đầy đủ, phong thủy tốt, phù hợp cho cả gia đình nhỏ hoặc làm văn phòng. Ưu điểm: - Không gian sống thoáng đãng, đầy đủ nội thất, sẵn sàng cho cuộc sống mới. - Căn hộ nằm trong khu vực an ninh, yên tĩnh, lý tưởng cho việc nghỉ ngơi và thư giãn. Khu vực xung quanh rất thuận tiện với nhiều tiện ích như trường học và các dịch vụ sinh hoạt hàng ngày. Để biết thêm thông tin chi tiết và xem căn hộ, vui lòng liên hệ Ngọc Ánh Vinhomes qua số điện thoại",Hà Nội,Căn hộ chung cư,1960000000,31.0,1900000000.0,0.031578947368421054,mismatch,"[{""source"": ""title"", ""text"": ""1,9tỷ"", ""parsed_value_vnd"": 1900000000.0, ""basis"": ""total"", ""total_equivalent_vnd"": 1900000000.0}, {""source"": ""description"", ""text"": ""1,96 tỷ VND. - Pháp lý"", ""parsed_value_vnd"": 1960000000.0, ""basis"": ""total"", ""total_equivalent_vnd"": 1960000000.0}]"
shard_0006.parquet,31912,Bán nhà Phố Lê Trọng Tấn - Thanh Xuân. Ngõ thông - Lô góc - 46m MT 5m 6T thang máy - giá 14.3 tỷ,"Nhà nằm trong khu phân lô quân đội Lê Trọng Tấn - Hoàng Văn Thái. Xung quanh toàn tướng tá Quân Đội. An ninh cực kì tốt. Ngõ thông các ngả. Thông từ phố Lê Trọng Tấn sang Hoàng Văn Thái . Nhà Lô góc lên phòng nào cũng thoáng sáng . 10m ra sân chơi . Căn nhà có không gian cực kì lý tưởng để sống . Gần chợ, trường, trung tâm thương mại. Tiện ích bạt ngàn. Kết nối phố Hoàng Văn Thái - Lê Trọng Tấn - Trường Chinh. Thiết kế 6 tầng thang máy. Sổ đỏ vuông đẹp. Liên hệ Chính Chủ : Em Trung [phone_number]",Hà Nội,Nhà,14300000000,46.0,14300000000.0,0.0,matched_2pct,"[{""source"": ""title"", ""text"": ""14.3 tỷ"", ""parsed_value_vnd"": 14300000000.0, ""basis"": ""total"", ""total_equivalent_vnd"": 14300000000.0}]"
shard_0007.parquet,120022,"Bán lỗ gấp nhà phố 90m2 dãy J đẹp nhất, gần trục đường lớn, dự án Spring Ville liền kề sân bay","Bán gấp nhà phố 90m2 dãy J đẹp nhất, gần trục đường lớn. Cơ hội hiếm cho anh chị mua ở hoặc đầu tư thời điểm vàng! Thông tin căn nhà. Diện tích: 90m² (5x18m). Kết cấu: 3 tầng thiết kế rộng, thoáng. Vị trí: Dãy J khu gần trục đường lớn nhất dự án giá trị tăng mạnh, thanh khoản tốt. Giá gốc: 8 tỷ 060. Chịu lỗ 60 triệu giá ra chỉ 8 tỷ. Lý do bán: Chủ nhà đi nước ngoài, cần chuyển nhượng nhanh. Lợi thế nổi bật: Vị trí đẹp gần trục giao thông chính, thuận tiện kinh doanh & ở. Giá chốt nhanh tốt hơn thị trường. Nhà 3 tầng đã hoàn thiện vào là sử dụng ngay. Thanh khoản cao, thích hợp đầu tư giữ tài sản. Liên hệ trực tiếp: Hồng Đức [phone_number] Gọi ngay để chốt được căn đẹp giá tốt pháp lý rõ ràng!",Đồng Nai,Shophouse,8000000000,90.0,,,multiple_text_prices,"[{""source"": ""description"", ""text"": ""8 tỷ 060. Chịu lỗ 6"", ""parsed_value_vnd"": 8000000000.0, ""basis"": ""total"", ""total_equivalent_vnd"": 8000000000.0}, {""source"": ""description"", ""text"": ""60 triệu giá ra chỉ 8 t"", ""parsed_value_vnd"": 60000000.0, ""basis"": ""total"", ""total_equivalent_vnd"": 60000000.0}, {""source"": ""description"", ""text"": ""8 tỷ. Lý do bán: Ch"", ""parsed_value_vnd"": 8000000000.0, ""basis"": ""total"", ""total_equivalent_vnd"": 8000000000.0}]"
shard_0005.parquet,290896,"Bán nhà 3 tầng dân xây 34.2m² tại cổ bi trâu quỳ gia lâm, gần vinhomes ocean park, giá 4.3 tỷ","NHÀ 3 TẦNG DÂN XÂY ĐẸP TẠI CỔ BI TRÂU QUỲ GIA LÂM. Vị trí: Trung tâm Cổ Bi, gần Học viện Nông nghiệp, Vinhomes Ocean Park, giao thông cực thuận tiện. Diện tích: 34,2m² vuông vắn như tờ A4 thiết kế 3 tầng kiên cố, hiện đại. Khu dân trí cao, an ninh tốt, hạ tầng đồng bộ, tiện ích xung quanh đầy đủ. Giá: 4,3 tỷ (có thương lượng cho khách thiện chí). Liên hệ: [phone_number] BĐS Thủ Đô. Dẫn xem nhà & đất MIỄN PHÍ 24/7.",Hà Nội,Nhà,4300000000,34.2,4300000000.0,0.0,matched_2pct,"[{""source"": ""title"", ""text"": ""4.3 tỷ"", ""parsed_value_vnd"": 4300000000.0, ""basis"": ""total"", ""total_equivalent_vnd"": 4300000000.0}, {""source"": ""description"", ""text"": ""4,3 tỷ (có thương lượ"", ""parsed_value_vnd"": 4300000000.0, ""basis"": ""total"", ""total_equivalent_vnd"": 4300000000.0}]"
shard_0007.parquet,287256,"Cần bán căn hộ CT3 Phước Hải, Nha Trang DT 70m2, căn 2PN, full nội thất, view sông, giá 3tỷ750tr","Cần bán căn hộ CT3 Phước Hải. DT 70m2, căn 2pn 1wc. Full nội thất. View sông quáng trường. Giá: 3tỷ750. Liên hệ: Kim.",Khánh Hòa,Căn hộ chung cư,3750000000,70.0,3750000000.0,0.0,matched_2pct,"[{""source"": ""title"", ""text"": ""3tỷ750tr"", ""parsed_value_vnd"": 3750000000.0, ""basis"": ""total"", ""total_equivalent_vnd"": 3750000000.0}, {""source"": ""description"", ""text"": ""3tỷ750. Liên hệ: K"", ""parsed_value_vnd"": 3750000000.0, ""basis"": ""total"", ""total_equivalent_vnd"": 3750000000.0}]"
shard_0008.parquet,221663,"Bán nhà 1 trục Đặng Thùy Trâm P. 13 Bình Thạnh, 6x20m, hầm 5 tầng, full nội thất mới cứng","Bán nhà Bình Thạnh, bán nhà đường Đặng Thùy Trâm phường 13 quận Bình Thạnh. - Diện tích: 6m x 20m, công nhận gần 120m2. Sổ vuông vức không lỗi phong thủy. - Kết cấu: Hầm 5 tầng đúc BTCT kiên cố, nhà thiết kế gồm 5 phòng ngủ, wc riêng biệt, có gara xe hơi rộng rãi thông thông thoáng. - Vị Trí: Nằm trong khu dân cư VIP, dân trí cao, sang trọng, gần Đại Học Văn Lang, đại lộ Phạm Văn Đồng, gần siêu thị Emart, trường quốc tế Việt - Úc,... - Giao thông di chuyển thuận tiện. - Pháp lí: Sổ hoàn công đầy đủ, sang tên công chứng ngay trong ngày. Giá: 22 tỷ thương lượng. Liên hệ Phong [phone_number] đi xem nhà thực tế ngay.",Hồ Chí Minh,Nhà,22000000000,120.0,22000000000.0,0.0,matched_2pct,"[{""source"": ""description"", ""text"": ""22 tỷ thương lượng. "", ""parsed_value_vnd"": 22000000000.0, ""basis"": ""total"", ""total_equivalent_vnd"": 22000000000.0}]"
shard_0008.parquet,228591,"Bán đất 1096m2 tại ĐT 757, An Khương, Hớn Quản, 2 tỷ VND","Đất nền rộng 1096m2 tại Đường ĐT 757, Xã Tân Hưng, Đồng Nai - Huyện Hớn Quản, Bình Phước cũ đang chờ đón chủ nhân mới. Với vị trí thuận lợi, khu vực phát triển, đất có sổ đỏ đầy đủ, đảm bảo pháp lý an toàn cho giao dịch. - Diện tích lớn 1096m2, phù hợp cho xây dựng nhà ở hoặc đầu tư. - Giá cả hợp lý chỉ 2 tỷ VND, mang lại cơ hội tốt cho nhà đầu tư. - Pháp lý đầy đủ, sổ đỏ sẵn sàng cho giao dịch. Ưu điểm: - Vị trí đất phong thủy tốt, thuận lợi cho việc xây dựng. - Khu vực đang phát triển, tiềm năng tăng giá trong tương lai. Liên hệ ngay để biết thêm thông tin chi tiết: [phone_number] Nguyên Tân.",Bình Phước,Đất,2000000000,1096.0,2000000000.0,0.0,matched_2pct,"[{""source"": ""title"", ""text"": ""2 tỷ VND"", ""parsed_value_vnd"": 2000000000.0, ""basis"": ""total"", ""total_equivalent_vnd"": 2000000000.0}, {""source"": ""description"", ""text"": ""2 tỷ VND, mang lại "", ""parsed_value_vnd"": 2000000000.0, ""basis"": ""total"", ""total_equivalent_vnd"": 2000000000.0}]"
shard_0007.parquet,312362,bán biệt thự view sông vị trí đắc địa nhất Vsip,"BIỆT THỰ VEN SÔNG CENTA RIVERSIDE TÀI SẢN GIÁ TRỊ BỀN VỮNG Cơ hội sở hữu biệt thự ven sông Centa Riverside vị trí hiếm, tiềm năng tăng giá mạnh trong tương lai gần. Thông tin chi tiết: Diện tích: 225m² Giá bán: 16,5 TỶ View ven sông thoáng mát, không gian sống đẳng cấp, phong thủy vượng khí Vị trí tiềm năng vượt trội: Đối diện dự án Sun Group bảo chứng cho giá trị & hạ tầng khu vực Kết nối trực tiếp đường cao tốc sân bay Gia Bình Dễ dàng di chuyển đón đầu làn sóng phát triển đô thị & du lịch Tiện ích nội khu Centa Riverside: Công viên ven sông, đường dạo bộ sinh thái Khu thể thao, vui chơi, cộng đồng dân cư văn minh Phù hợp ở nghỉ dưỡng đầu tư dài hạn Biệt thự ven sông số lượng cực hiếm Mua ở sang đầu tư chắc đón sóng hạ tầng & Sun Group Liên hệ Em Thảo [phone_number] để xem nhà thực tế & làm việc trực tiếp",Bắc Ninh,Biệt thự/Nhà liền kề,16500000000,225.0,16500000000.0,0.0,matched_2pct,"[{""source"": ""description"", ""text"": ""16,5 TỶ View ven sông "", ""parsed_value_vnd"": 16500000000.0, ""basis"": ""total"", ""total_equivalent_vnd"": 16500000000.0}]"
shard_0003.parquet,337814,"Bán đất tặng nhà cấp 4, 92m2, sổ hồng sẵn tại Tuy Phước, Bình Định","Cơ hội sở hữu lô đất vàng với diện tích 92m2, tặng kèm nhà cấp 4 tiện nghi tại Phổ Trạch, Phước Thuận, Tuy Phước, Bình Định. Lô đất có sổ hồng sẵn sàng, đảm bảo pháp lý minh bạch. Diện tích đất ở là 77,7m2, phù hợp cho việc xây dựng hoặc mở rộng không gian sống. Vị trí đất thuộc khu dân cư thoáng mát, đường vào rộng rãi, ô tô có thể di chuyển dễ dàng, thuận tiện cho việc đi lại và sinh hoạt hàng ngày. Giá bán hấp dẫn chỉ 6xx triệu đồng. Đây là một mức giá cực kỳ hời cho một bất động sản có sổ hồng và tặng nhà. Liên hệ ngay số điện thoại [phone_number] để biết thêm chi tiết và không bỏ lỡ cơ hội đầu tư sinh lời hoặc an cư lạc nghiệp tuyệt vời này.",Bình Định,Đất,600000000,92.0,,,no_supported_price,[]
shard_0009.parquet,179135,"Nhà đẹp Bùi Quang Là em cần bán gấp, anh chị có nhu cầu mua LH em ạ, môi giới gt có hh, 29ty có bớt","Nhà đẹp Bùi Quang Là em cần bán gấp, anh chị có nhu cầu mua LH em ạ, môi giới gt có hh, 29ty có bớt",Hồ Chí Minh,Nhà,29000000000,145.0,29000000000.0,0.0,matched_2pct,"[{""source"": ""title"", ""text"": ""29ty có bớt"", ""parsed_value_vnd"": 29000000000.0, ""basis"": ""total"", ""total_equivalent_vnd"": 29000000000.0}, {""source"": ""description"", ""text"": ""29ty có bớt"", ""parsed_value_vnd"": 29000000000.0, ""basis"": ""total"", ""total_equivalent_vnd"": 29000000000.0}]"
shard_0002.parquet,269716,Bán đất lô góc vị trí tuyệt đẹp mặt tiền DX013 phường PHÚ MỸ [phone_number],Lô góc dx013 gần Chợ Phú Mỹ - DT 9x35 ~ 308m2 thổ cư 99m2 - Đường nhựa 6m thông thoáng - Hướng Tây Nam - Giá bán hơn 6tỷ3 còn bớt lộc Lh [phone_number]gc,Bình Dương,Đất,6300000000,309.0,6300000000.0,0.0,matched_2pct,"[{""source"": ""description"", ""text"": ""6tỷ3 còn bớt lộc L"", ""parsed_value_vnd"": 6300000000.0, ""basis"": ""total"", ""total_equivalent_vnd"": 6300000000.0}]"
shard_0002.parquet,124108,"Bán đất tại đường 702, Vĩnh Hải, Ninh Hải, 22 tỷ, 1115m2, Hot","Chào mọi người, có một lô đất cực chất đang được bán tại đường 702, xã Vĩnh Hải, Ninh Hải, Ninh Thuận. Diện tích lên tới 1115m2, thổ cư 100% phù hợp cho mọi ý tưởng xây dựng. Giá chỉ 22 tỷ VND, quá hời cho một vị trí đẹp như thế này. Mặt tiền rộng 13.6m, rất thích hợp cho việc kinh doanh hoặc xây dựng Khách sạn. Pháp lý đầy đủ, đảm bảo an toàn cho giao dịch. Liên hệ ngay để biết thêm thông tin chi tiết qua số [phone_number] - Anh Đức.",Ninh Thuận,Đất,22000000000,1115.0,22000000000.0,0.0,matched_2pct,"[{""source"": ""title"", ""text"": ""22 tỷ, 1115m2, Hot"", ""parsed_value_vnd"": 22000000000.0, ""basis"": ""total"", ""total_equivalent_vnd"": 22000000000.0}, {""source"": ""description"", ""text"": ""22 tỷ VND, quá hời c"", ""parsed_value_vnd"": 22000000000.0, ""basis"": ""total"", ""total_equivalent_vnd"": 22000000000.0}]"
shard_0003.parquet,333175,Cần bán lô đất 2 mặt tiền đường Phạm Văn Đồng phường Cam Linh - Cam Ranh,"Cần bán lô đất 2 mặt tiền đường Phạm Văn Đồng phường Cam Linh. Vị trí vàng: Mặt tiền đường Phạm Văn Đồng, phường Cam Linh. Liên kết khu vực: Gần Quốc lộ 1A, bến xe, siêu thị, trường học và nhiều tiện ích khác. Diện tích: 119,8 m² (ngang 5,1m - có 75m đất ở). Ưu điểm nổi bật: Lô đất 2 mặt tiền thoáng mát, thuận tiện cho xây nhà ở, mở cửa hàng kinh doanh, hoặc đầu tư sinh lời lâu dài. Giá bán: 5,3 tỷ (bớt lộc).",Khánh Hòa,Đất,5300000000,119.8,5300000000.0,0.0,matched_2pct,"[{""source"": ""description"", ""text"": ""5,3 tỷ (bớt lộc)."", ""parsed_value_vnd"": 5300000000.0, ""basis"": ""total"", ""total_equivalent_vnd"": 5300000000.0}]"
shard_0002.parquet,22660,Chính chủ bán 2 căn liền kề khu Tp4.4 - 80m2 dự án Vinhomes Cổ Loa vị tri kinh doanh cực tốt,"Cần Bán 2 căn liền kề khu TP4.4 dự án Vinhomes Cổ Loa vị tri kinh doanh cực tốt GIÁ thấp nhất thị trường. - Tiện ích [ Gần Khu Grand world Sầm Uất Nhất , Gần Các Hệ Thống Trường Quốc Tế Brighton College, Vinschool, Vinstar, Gần Trung Tâm Thương Mại Vin Com, Công Viên Nội Khu có bể bơi bên cạnh. - Ngoài ra có phòng khám Quốc Tế Vinmec, hồ điều hoà 32ha, khu trung tâm triển lãm top 10 thế giới, Khu vui chơi Sư Sở Thần Tiên 5,6ha, nhiều tiện ích cao cấp khác, khu vực được quy hoạnh đồng bộ, dân trí cao, an ninh 24/7 kết nối nhanh tới sân bay Nội Bài 20p. Cầu Tứ Liên. Cầu Nhật Tân. Trung Tâm Hà Nội 15p. Căn 2 Tp4.4 - diện tích 80m2, Mặt Tiền 5 m x 16 , 2 mặt đương Hướng tây nam. Diện tích xây dưng 340 m2 cao 5 tầng. Hoàn thiện bên ngoài. Sở hữu lâu dài. Mua 1 căn. Giá 34 tỷ 1 căn - giá tốt nhất thị trường tăng nhẹ 15%. - Thông tin chi tiết liên hệ.",Hà Nội,Biệt thự/Nhà liền kề,34000000000,80.0,34000000000.0,0.0,matched_2pct,"[{""source"": ""description"", ""text"": ""34 tỷ 1 căn - giá tố"", ""parsed_value_vnd"": 34000000000.0, ""basis"": ""total"", ""total_equivalent_vnd"": 34000000000.0}]"
shard_0008.parquet,212610,"Cần bán căn góc Flora Fuji, 68m2 2PN 2WC có ban công, full nội thất, view biệt thự sông thoáng mát","BÁN CĂN HỘ FLORA FUJI FULL NỘI THẤT, VIEW BIỆT THỰ SÔNG GIÁ CHỈ 4 TỶ Vị trí: Đường D1, Phường Phước Long B, Quận 9 Diện tích: 68m² 2PN, 2WC + ban công Lầu trung, ban công thoáng, view biệt thự ven sông cực chill Nội thất đầy đủ dọn vào ở ngay Sổ hồng riêng sang tên liền tay Giá bán: 4 tỷ 1 TL Phù hợp mua ở hoặc đầu tư cho thuê sinh lời ngay Tiện ích nội khu cao cấp: Hồ bơi, gym, công viên, khu vui chơi, an ninh 24/7 Liên hệ Tâm: [phone_number]Zalo) Inbox/Zalo để xem nhà thực tế & tư vấn chi tiết!",Hồ Chí Minh,Căn hộ chung cư,4100000000,68.0,4000000000.0,0.025,mismatch,"[{""source"": ""description"", ""text"": ""4 TỶ Vị trí: Đường "", ""parsed_value_vnd"": 4000000000.0, ""basis"": ""total"", ""total_equivalent_vnd"": 4000000000.0}, {""source"": ""description"", ""text"": ""4 tỷ 1 TL Phù hợp m"", ""parsed_value_vnd"": 4000000000.0, ""basis"": ""total"", ""total_equivalent_vnd"": 4000000000.0}]"
shard_0001.parquet,310115,Bán lô đất 25 mét mặt tiền đường 5.5 mét khu TĐC Điện Lực Hoà Vang - TP Đà Nẵng,"- Tiện ích: Nằm cạnh UBND, Nhà Văn Hoá, chợ Tuý Loan, trường học,... Bán kính 800 mét. - Giá trị mang lại: Thích hợp mua làm biệt thự sân vườn, mở quán cafe, quán ăn,... - Pháp lý: Sổ đỏ. - Đường mặt tiền: 5.5 mét (lề 4 mét). - Diện tích: 250m2. - Giá bán: 2 tỷ 7 (thương lượng). - Liên hệ: Tấn xem đất.",Đà Nẵng,Đất,2700000000,250.0,2000000000.0,0.35,mismatch,"[{""source"": ""description"", ""text"": ""2 tỷ 7 (thương lượn"", ""parsed_value_vnd"": 2000000000.0, ""basis"": ""total"", ""total_equivalent_vnd"": 2000000000.0}]"
shard_0006.parquet,170896,"Bán căn hộ chung cư Phú Mỹ Hưng khu Geen Valley.117m2 3PN, 2WC,giá siêu hời 10,9 tỷ,full nội thất ,","Nhanh tay sở hữu căn hộ chung cư tuyệt đẹp tại Phú Mỹ Hưng, khu Green Valley ,Tân Phong, Quận 7, Hồ Chí Minh. - Căn hộ với diện tích 117m2, bao gồm 3PN và 2WC, thích hợp cho gia đình lớn hoặc những ai yêu thích không gian rộng rãi. - Nội thất đầy đủ với các tiện nghi hiện đại như điều hòa, giường, tủ lạnh, mang lại sự thoải mái và tiện lợi cho cuộc sống hàng ngày. - Pháp lý đầy đủ, đảm bảo an tâm cho người mua. Tiện ích xung quanh: - Gần bệnh viện FV và bệnh viện tim Tâm Đức, thuận tiện cho chăm sóc sức khỏe. - Công viên Hồ Bán Nguyệt lý tưởng cho những buổi dạo chơi thư giãn. - Siêu thị Youth Market Sky Garden và Winmart gần đó, dễ dàng mua sắm hàng ngày. - Trường Seami Quận 7 và Little Genius International Kindergarten hỗ trợ tốt cho việc học của trẻ. Liên hệ để biết thêm chi tiết với Hoàng Văn Cường qua số điện thoại [phone_number]",Hồ Chí Minh,Căn hộ chung cư,10900000000,117.0,10900000000.0,0.0,matched_2pct,"[{""source"": ""title"", ""text"": ""10,9 tỷ,full nội thất "", ""parsed_value_vnd"": 10900000000.0, ""basis"": ""total"", ""total_equivalent_vnd"": 10900000000.0}]"
shard_0006.parquet,161748,"Cần bán căn hộ 70m2 2PN, Ricca Q9, full NT cao cấp, 3.7 Tỷ (TL)","Chính chủ cần bán căn hộ 70m2 2PN, Ricca Gò Cát, full NT cao cấp, 3.7 tỷ (TL). Căn hộ cần bán ở vị trí tầng cao, thoáng mát, hướng Tây Nam nhìn cao tốc LT - DG, KDC nhiều mảng xanh rất đẹp. Vị trí dự án nằm trong KDC hiện hữu, đã có hơn 500 hộ dân đã về sống tại Ricca, cùng hơn 40 - 50 căn nhà phố trước dự án nên rất có sinh khi. Vị trí ở nằm ở ngay cụm dân cư cách đường Nguyễn Duy Trinh 500m, kề cận Trường Cấp 1 - 2 - 3, UBND Phường Phú Hữu, CA phường Phú Hữu, trung tâm y tế phường Phú Hữu, cùng cửa hàng tiện lợi mini phục vụ nhu cầu khác nhau (Winmart, Co. Op Mart,... ). Thông tin của tôi về căn hộ 2PN full NT cần bán: - Diện tích sử dụng: 70m2. - Thiết kế: 2PN, 2WC, 2 ban công rộng tại phòng khách + bếp riêng. - Nội thất full: Thiết kế châu Âu hiện đại Giá bán căn hộ 70m2 2PN: 3.7 tỷ (Thương lượng). Xin cám ơn! Tel gặp chủ: Nike Nguyễn).",Hồ Chí Minh,Căn hộ chung cư,3700000000,70.0,3700000000.0,0.0,matched_2pct,"[{""source"": ""title"", ""text"": ""3.7 Tỷ (TL)"", ""parsed_value_vnd"": 3700000000.0, ""basis"": ""total"", ""total_equivalent_vnd"": 3700000000.0}, {""source"": ""description"", ""text"": ""3.7 tỷ (TL). Căn hộ c"", ""parsed_value_vnd"": 3700000000.0, ""basis"": ""total"", ""total_equivalent_vnd"": 3700000000.0}, {""source"": ""description"", ""text"": ""3.7 tỷ (Thương lượng)"", ""parsed_value_vnd"": 3700000000.0, ""basis"": ""total"", ""total_equivalent_vnd"": 3700000000.0}]"
shard_0007.parquet,24521,"CHÍNH CHỦ CẦN BÁN NHÀ 1 TRỆT 3 LẦU MỚI, FULL NỘI THẤT. 4PN, 5WC, SÂN THƯỢNG. ĐÔNG HOÀ,DĨ AN. DT 61M","BÁN NHÀ PHƯỜNG ĐÔNG HÒA TPHCM -ĐÃ HOÀN CÔNG. Diện tích: 4.5m x 13.5m = 61M Hướng Tây Kết cấu: 1 Trệt, 3 Lâu, sân thượng trước sau TÂNG 1: Phòng khách, bếp ăn, WC TÂNG 2: 2 phòng ngủ (2 wc riêng ) TÂNG 3: 2 Phòng ngủ (2wc riêng) TÂNG 4: 1 Phòng thờ, sân thượng trước. Phòng giặt & Sân Phơi. Nhà đã vào full nội thất, chỉ cần xách va li vào ở. Đặc Biêt: Nhà được thiết kế ngay từ đầu 1 hệ thống điện Năng Lượng Mặt Trời 6KW (tăng tính thẩm mý cao). Bao các hộ gia đình sư dụng hoá đơn tiền điện từ 2.5 đến 3tr mỗi tháng ]VỊ TRÍ: Đường DT743A & Quốc lộ 1K, phường Đông Hoà, thành phố Hồ Chí Minh Cách Bic Go: 2Km Cách Metro & Bển Xe Miên Đông mơi: 10 phút Cách chợ & trường Học: 800m Làng Đại Học Quốc Gia 2km Sân bay tân sơn nhất HCM: 20 phút Giá bán: 6,8 Tỷ thương lượng nhẹ Hỗ trợ vay ngân hàng 70% Lh Đào gc",Bình Dương,Nhà,6800000000,61.0,6800000000.0,0.0,matched_2pct,"[{""source"": ""description"", ""text"": ""6,8 Tỷ thương lượng n"", ""parsed_value_vnd"": 6800000000.0, ""basis"": ""total"", ""total_equivalent_vnd"": 6800000000.0}]"
shard_0007.parquet,216900,"Chính chủ bán gấp nhà Văn Quán, 60m2, 3 mặt thoáng, 4 phòng ngủ, full nội thất, 13.7 tỷ","Chính chủ cần bán gấp nhà Văn Quán, diện tích 60m2, 3 mặt thoáng, 4 phòng ngủ, full nội thất, khách mua chỉ việc xách vali vào ở ngay. Vị trí đẹp, trung tâm của quận, chỉ vài bước chân là ra trường học các cấp từ mầm non đến đại học, bán kính 150m là hồ Văn Quán, siêu thị, chợ, bệnh viện, công an... Tiện ích ngập tràn. Nhà thiết kế mở, phòng nào cũng thoáng sáng, tràn ngập ánh sáng tự nhiên, hàng xóm thân thiện, dân trí cao. Sổ đỏ cất két, sẵn sàng giao dịch. Giá bán: 13.7 tỷ có bớt. Liên hệ Khánh Ly để xem nhà và sớm sở hữu BĐS tiềm nắng.",Hà Nội,Nhà,13700000000,60.0,13700000000.0,0.0,matched_2pct,"[{""source"": ""title"", ""text"": ""13.7 tỷ"", ""parsed_value_vnd"": 13700000000.0, ""basis"": ""total"", ""total_equivalent_vnd"": 13700000000.0}, {""source"": ""description"", ""text"": ""13.7 tỷ có bớt. Liên h"", ""parsed_value_vnd"": 13700000000.0, ""basis"": ""total"", ""total_equivalent_vnd"": 13700000000.0}]"
shard_0007.parquet,259566,Cực hiếm! cần bán cặp căn 2PN+3PN tuyệt đẹp tòa D - MCP với view Đông Nam + sông Đồng Nai. Giá tốt,"Công ty Gold Group được chủ nhà thân thiết tin tưởng gửi và quyết định giá bán các căn hộ 2PN & 3PN View Sông Đồng Nai, view công viên Ánh Sáng tuyệt đẹp ở Tòa D - Masteri Centre Point - Vinhomes Grand Park. 1. Cần bán căn hộ 2PN tầng 32 đẹp nhất ở tòa D - Masteri Centre Point. Trực Diện View Sông Đồng Nai + View Công Viên Ánh Sáng tuyệt đẹp. - Diện tích tim: 75m². - Hoàn thiện: Full Nội Thất. - Hướng cửa: Tây Bắc. - Hướng View Đông Nam nhìn trực diện sông Đồng Nai + View Công Viên Ánh Sáng. - Giá bán: 6.2 tỷ (bao thuế phí). 2. Cần bán căn hộ 3PN tầng 32 đẹp nhất ở Tòa D - Masteri Centre Point. Trực Diện View Sông Đồng Nai + View Công Viên Ánh Sáng tuyệt đẹp. - Diện tích tim: 100m². - Hoàn thiện: Full nội thất. - Hướng cửa: Tây Bắc. - Hướng view Đông Nam nhìn trực diện sông Đồng Nai + View Công Viên Ánh Sáng. - Giá bán: Thương lượng. Note: Khách hàng có thể mua 2 căn và thông tường trở t",Hồ Chí Minh,Căn hộ chung cư,6200000000,75.0,6200000000.0,0.0,matched_2pct,"[{""source"": ""description"", ""text"": ""6.2 tỷ (bao thuế phí)"", ""parsed_value_vnd"": 6200000000.0, ""basis"": ""total"", ""total_equivalent_vnd"": 6200000000.0}]"
shard_0004.parquet,20427,Bán căn hộ chung cư Melody Vũng Tàu 2 phòng ngủ giá 3tỷ450tr. LH,"Bán căn hộ 2 phòng ngủ Melody Vũng Tàu. - DT 83m2(2PN, 2WC). - Cửa TN, ban công ĐB. - Cách quảng trường cột cờ Bãi Sau 500m. - Bán 3tỷ45 (đã có sổ). Thái",Bà Rịa - Vũng Tàu,Căn hộ chung cư,3450000000,83.0,3450000000.0,0.0,matched_2pct,"[{""source"": ""title"", ""text"": ""3tỷ450tr. LH"", ""parsed_value_vnd"": 3450000000.0, ""basis"": ""total"", ""total_equivalent_vnd"": 3450000000.0}, {""source"": ""description"", ""text"": ""3tỷ45 (đã có sổ). "", ""parsed_value_vnd"": 3450000000.0, ""basis"": ""total"", ""total_equivalent_vnd"": 3450000000.0}]"
shard_0000.parquet,202286,"Bán gấp suất đầu tư căn hộ tại Origami 2PN, View Vườn Nhật, Hồ Cá Koi - Giá sau chiết khấu cực tốt!","Cơ hội sở hữu căn hộ 2PN đẳng cấp tại phân khu The Origami, dự án Vinhomes Grand Park với mức giá không thể tốt hơn. Căn hộ S6.0627.04 tọa lạc tại vị trí đắc địa, tầng cao thoáng mát, sở hữu tầm view nội khu tuyệt đẹp. Thông tin chi tiết căn hộ: Tòa S6.06, tầng 27, căn số 04 - 2 Phòng ngủ. Phân khu: The Origami. Diện tích tim tường: 59.2m. Hướng view: Ban công nhìn trực diện Vườn Nhật nội khu và Hồ bơi S7 Tầm view triệu đô, yên tĩnh và thư thái. Tình trạng bàn giao: Theo tiêu chuẩn của Chủ đầu tư. Pháp lý: Sở hữu lâu dài. ---------------- Chính sách ưu đãi (đã bao gồm VAT & KPBT): Ưu đãi voucher nội thất (1%): 42,164,544 VNĐ. Chiết khấu lên đến hơn 1 Tỷ. GIÁ BÁN: 3,172,460,325 VNĐ. Tiến độ thanh toán linh hoạt: Đặt cọc (TTĐC): 50,000,000 VNĐ (Ngày 23/05/2025). Đợt 1 (Ký HĐMB - 15 ngày sau TTĐC): 07/06/2025 - 10% giá bán (Đã trừ tiền cọc). Các đợt tiếp theo: Thanh toán giãn 5% giá bán mỗi",Hồ Chí Minh,Căn hộ chung cư,3170000000,59.2,1000000000.0,2.17,mismatch,"[{""source"": ""description"", ""text"": ""1 Tỷ. GIÁ BÁN: 3,17"", ""parsed_value_vnd"": 1000000000.0, ""basis"": ""total"", ""total_equivalent_vnd"": 1000000000.0}]"
shard_0004.parquet,208957,"Bán đất mặt tiền ngay TTHC TPHCM mới, 186m2 sẵn 100m TC bán 1tỷ150 bao sang tên. Gọi","Cần xoay vốn nên bán lô mặt tiền DH507, có sẵn 100mtc. Diện tích 186m2, ngang 5m, sẵn 100m TC. Ngay mặt tiền đường huyện, tiện kinh doanh, cho thuê mặt bằng. Đường thông tứ hướng, thuận tiện di chuyển ra các trục đường cao tốc, tạo lực. Giá: 1ty150 thương lượng nhẹ. Xem đất gọi số Ngân), miễn cò.",Bình Dương,Đất,1150000000,186.0,1150000000.0,0.0,matched_2pct,"[{""source"": ""title"", ""text"": ""1tỷ150 bao sang tê"", ""parsed_value_vnd"": 1150000000.0, ""basis"": ""total"", ""total_equivalent_vnd"": 1150000000.0}, {""source"": ""description"", ""text"": ""1ty150 thương lượn"", ""parsed_value_vnd"": 1150000000.0, ""basis"": ""total"", ""total_equivalent_vnd"": 1150000000.0}]"
shard_0000.parquet,233549,"Hạ gấp 8 tỷ bán nhanh căn liền kề mặt phố lớn Hoàng Liệt,6 tầng thang máy,vỉa hè 10m,kinh doanh","Cần bán nhanh căn liền kề tuyệt đẹp,Hoàng liệt hoàng mai,trần thủ độ,nhà nằm vị trí đắc địa,tuyệt đẹp,giao thông,giao thương thuận tiện Giáp vành đai,3 ,cao tốc pháp vân,vành đai 2.5,QL1A.. Đi lại các quận trung tâm và các tỉnh vô cùng thuận tiện..khu vực cơ sở hạ tầng đồng bộ,trường,chợ,bệnh viện nội tiết trung ương,vài phút ra KĐT Linh Đàm.. Nhà thiết kế 6 tầng thang máy,thoáng trước sau Mỗi tầng 2 phòng lớn,khép kín Rất phù hợp ở,hoặc kinh doanh đa dạng mặt hàng Sổ đỏ đẹp chuẩn chính chủ giao dịch ngay cho khách thiện trí Lh:e Đức Anh,hỗ trợ xem nhà trực tiếp",Hà Nội,Biệt thự/Nhà liền kề,42000000000,143.0,8000000000.0,4.25,mismatch,"[{""source"": ""title"", ""text"": ""8 tỷ bán nhanh căn "", ""parsed_value_vnd"": 8000000000.0, ""basis"": ""total"", ""total_equivalent_vnd"": 8000000000.0}]"
shard_0004.parquet,99380,"BÁN ĐẤT MẶT TIỀN AN THƯỢNG 26, KHU PHỐ TÂY , 90m2, KINH DOANH TỐT","Diện tích: 90m2, ngang 4m5 Hiện trạng có nhà cấp 4 trên đất cho thuê kinh doanh Đường 5m5, vỉa hè 3m Vị trí: gần Trần Bạch Đằng, gần Biển Mỹ Khê. Khu vực kinh doanh tốt. Giá bán: 22,5 tỷ bớt nhẹ cho khách thiện chí",Đà Nẵng,Đất,22500000000,90.0,22500000000.0,0.0,matched_2pct,"[{""source"": ""description"", ""text"": ""22,5 tỷ bớt nhẹ cho kh"", ""parsed_value_vnd"": 22500000000.0, ""basis"": ""total"", ""total_equivalent_vnd"": 22500000000.0}]"
shard_0001.parquet,207353,"Bán gấp nhà 2 mặt tiền đường Hoàng Diệu, Quận 4, kinh doanh sầm uất, thuận lợi","Chính chủ bán nhà. Cần bán gấp nhà 2 mặt tiền đường Hoàng Diệu Q4 ngay trung tâm thành phố, cách chợ Bến Thành Q1 5p, Q7 10p, Thủ Thiêm Q2 15p. Nhà tại khu vực kinh doanh buôn bán sầm uất, gần chợ, trường học, tiện ích đầy đủ, rất phù hợp cho thuê kinh doanh/buôn bán. 1 trệt 3 lầu, rộng thoáng. Diện tích sử dụng: 155 m2. Có ban công rộng hướng nắng. Khu vực không ngập nước, nhiều hàng quán xung quanh tiện lợi. Chính chủ, giấy tờ đầy đủ. Giá: 14.5 tỷ (thương lượng). Liên hệ: [phone_number]",Hồ Chí Minh,Nhà,14500000000,24.0,14500000000.0,0.0,matched_2pct,"[{""source"": ""description"", ""text"": ""14.5 tỷ (thương lượng)"", ""parsed_value_vnd"": 14500000000.0, ""basis"": ""total"", ""total_equivalent_vnd"": 14500000000.0}]"
shard_0002.parquet,252393,Bán nhà liền kề 81m2 tại An Cựu City,"Khám phá cơ hội an cư tuyệt vời tại An Cựu City với căn hộ diện tích 81m2 đang chờ đón chủ nhân mới. Với mức giá 3.xx tỷ, đây là cơ hội không thể bỏ lỡ để sở hữu một không gian sống lý tưởng tại khu đô thị đáng mơ ước. Hãy liên hệ ngay với Hòa Phạm qua số điện thoại [phone_number] để biết thêm chi tiết và đặt lịch xem căn hộ.",Huế,Biệt thự/Nhà liền kề,3000000000,81.0,,,no_supported_price,[]
shard_0009.parquet,69712,BÁN NHÀ 2 MẶT TIỀN NGAY LÊ CƠ AN LẠC BÌNH TÂN | DT 4x14 KC 3 TẦNG | GIÁ NHỈNH 6 TỶ VỊ TRÍ ĐẸP:,"VỊ TRÍ ĐẸP: NGAY ĐƯỜNG LÊ CƠ, KHU AN LẠC GIAO THÔNG THUẬN TIỆN, GẦN KHU TÊN LỬA, AEON MALL DIỆN TÍCH: 4x14M KẾT CẤU: 3 TẦNG NHÀ KIÊN CỐ, DỌN VÀO Ở NGAY GIÁ: NHỈNH 6 TỶ CÒN THƯƠNG LƯỢNG GỌI NGAY: MR.TÙNG XEM NHÀ 24/7 HỖ TRỢ TẬN TÂM",Hồ Chí Minh,Nhà,6600000000,56.0,6000000000.0,0.1,mismatch,"[{""source"": ""title"", ""text"": ""6 TỶ VỊ TRÍ ĐẸP:"", ""parsed_value_vnd"": 6000000000.0, ""basis"": ""total"", ""total_equivalent_vnd"": 6000000000.0}, {""source"": ""description"", ""text"": ""6 TỶ CÒN THƯƠNG LƯỢ"", ""parsed_value_vnd"": 6000000000.0, ""basis"": ""total"", ""total_equivalent_vnd"": 6000000000.0}]"
shard_0003.parquet,31871,"Bán nhà cấp 4- ngang 7m- hẻm ôtô nguyễn chích- giá 3,95tỷ","BÁN NHÀ CẤP 4 - MẶT TIỀN 7M HẺM Ô TÔ SÁT NGUYỄN CHÍCH - GIÁ 3,95TỶ Diện tích : 84,4m2 Ngang 7m Hướng Tây Đường rộng 3-4m hẻm ô tô đường Nguyễn Chích Hiện tại nhà cấp 4 cũ gồm 2 phòng ngủ, khách, bếp, wc Cách biển chỉ 1,5km, cách trục đường Điện Biên Phủ chỉ 200m. Tiện ích xung quanh đầy đủ: gần siêu thị, chợ, trường học, UBND phường Khu dân cư hiện hữu, cao ráo, không ngập lụt. Giá bán: 3,95tỷ có bớt lộc Liên hệ : [phone_number] - [phone_number] E Hương ạ",Khánh Hòa,Nhà,3950000000,84.4,3950000000.0,0.0,matched_2pct,"[{""source"": ""title"", ""text"": ""3,95tỷ"", ""parsed_value_vnd"": 3950000000.0, ""basis"": ""total"", ""total_equivalent_vnd"": 3950000000.0}, {""source"": ""description"", ""text"": ""3,95TỶ Diện tích : 84"", ""parsed_value_vnd"": 3950000000.0, ""basis"": ""total"", ""total_equivalent_vnd"": 3950000000.0}, {""source"": ""description"", ""text"": ""3,95tỷ có bớt lộc Liê"", ""parsed_value_vnd"": 3950000000.0, ""basis"": ""total"", ""total_equivalent_vnd"": 3950000000.0}]"
shard_0005.parquet,20539,"BÁN NHÀ 1 TRỆT 1 LẦU - NGAY CHỢ TÂN TRỤ - ĐƯỜNG NGUYỄN SỸ SÁCH - 5,35*12M- CHỈ 5 X.TỶ","NHÀ NGUYỄN SỸ SÁCH GẦN CHỢ TÂN TRỤ THÔNG TRƯỜNG CHINH & PHẠM VĂN BẠCH + Diện tích 67m | 1 Trệt 1 Lầu + Vị trí: Nguyễn Sỹ Sách, P.15, Tân Bình Hẻm sạch đẹp, dân cư văn minh, di chuyển cực thuận tiện qua Trường Chinh Phạm Văn Bạch Cộng Hòa, vài phút ra sân bay. + Kết cấu nhà: Diện tích: 5,35 x 12m vuông vức chuẩn đẹp.,1 trệt + 1 lầu + Phòng khách rộng, bếp thoáng sáng, 2 Phòng ngủ, 2 WC, ban công mát., + Nhà còn rất chắc, ở ngay hoặc làm văn phòng bán hàng online đều hợp., + Tiện ích xung quanh đầy đủ: Đi bộ ra Chợ Tân Trụ., + Gần trường học, công viên, siêu thị, ngân hàng, Khu ở lâu dài rất thoải mái, an ninh + Pháp lý: Sổ hồng đẹp, ngân hàng đang giữ mua bán công chứng rõ ràng, minh bạch. + Nhà đẹp, hình thật, tìm chủ ở thực., + Gọi ngay cho em: để xem nhà",Hồ Chí Minh,Nhà,5800000000,67.0,,,no_supported_price,[]
shard_0004.parquet,57899,Chính chủ cần bán gấp BT Phú Gia đối diện sân golf (PG1 - 7 - 4). DT 300m2 giá 24 triệu/m2. Sẵn sổ,"Pháp lý: Sở hữu lâu dài. Ngân hàng cho vay 80%. - Đã có sổ hồng riêng. - Diện tích: 300m². - Giá bán 7,5 tỷ (bao thuế phí). - Dự án nằm trong khu kinh tế trọng điểm, khu sân golf Long Thành kết nối Quốc Lộ 51, cao tốc Long Thành - Vũng Tàu, Hương Lộ 2 - cầu Đồng Nai 2, bên cạnh khu đô thị Aqua City, Cách dự án Vincity - Quận 9 chỉ một cây cầu. - Tiện ích đẳng cấp tiêu chuẩn Quốc tế: + Quần thể sân golf, nhà hàng. + Khuôn viên lớn, công viên xanh tươi mát. + Khu thương mại, hồ bơi, phòng gym, spa, trường học, khu y tế. + An ninh 24/24.",Đồng Nai,Biệt thự/Nhà liền kề,7200000000,300.0,7200000000.0,0.0,matched_2pct,"[{""source"": ""title"", ""text"": ""24 triệu/m2. Sẵn sổ"", ""parsed_value_vnd"": 24000000.0, ""basis"": ""per_m2"", ""total_equivalent_vnd"": 7200000000.0}, {""source"": ""description"", ""text"": ""7,5 tỷ (bao thuế phí)"", ""parsed_value_vnd"": 7500000000.0, ""basis"": ""total"", ""total_equivalent_vnd"": 7500000000.0}]"
shard_0002.parquet,318153,"Bán đất Hương Sơ sát con kênh, giá rẻ nhì thị trường","Diện tích 60m2 - pháp lý sổ hồng Nhà cửa xung quanh mọc lên siêu nhanh và toàn nhà biệt thự, 3 tầng Toạ lạc đường Bao Mỹ 21 rộng 13,5m Vị trí: KV10 cao ráo không lụt, rất được khách an cư hay đầu tư lựa chọn Đặc biệt: Sát bên con kênh tươi mát Liên hệ ngay để được tư vấn tận tình nhất!!! #huongsos #nvl #tanda #baisay #nguyenvanlinh #badinh #viewcongvien #baomy",Huế,Đất,1250000000,60.0,,,no_supported_price,[]
shard_0002.parquet,95775,"Bán căn hộ Hoàng Anh River View 158m2 view Landmark, giá 10,2 tỷ, 4PN, 3WC, sổ hồng","Căn hộ Hoàng Anh River View DT 158m2, thiết kế 4PN, 3WC, phòng khách và bếp siêu rộng tạo không gian sinh hoạt chung cho gia đình nhiều thành viên sum họp. Nằm ngay đầu vào khu Thảo Điền, view Landmark mát mẻ, thoáng đãng. Tiện ích nội khu: - Hồ bơi ngươi lớn và trẻ em. - Sân tenis dành cho cư dân yêu vận động. - Phòng tập gym, spa, masage, phòng xông hơi tích hợp trong khu câu lạc bộ sức khỏe. - Phòng sinh hoạt cộng đồng, khu vui chơi trẻ em. - Gần tuyến Metro Bến Thành - Suối Tiên thuận tiện di chuyển về trung tâm thành phố. - Gần các trường học Quốc tế, bệnh viện chăm sóc sức khỏe. Liên hệ Minh Phương [phone_number] để xem nhà.",Hồ Chí Minh,Căn hộ chung cư,10200000000,158.0,10200000000.0,0.0,matched_2pct,"[{""source"": ""title"", ""text"": ""10,2 tỷ, 4PN, 3WC, sổ "", ""parsed_value_vnd"": 10200000000.0, ""basis"": ""total"", ""total_equivalent_vnd"": 10200000000.0}]"
shard_0001.parquet,107471,"Bán nhà 2 tầng HXH ngay chợ Phước Bình, Xát Global, 73M2, Chỉ nhỉnh 5 tỷ","- Vị trí vàng: Hẻm ô tô , ngay trung tâm Phước Bình, Q9/TP. Thủ Đức sát bên khu đô thị Global City, chỉ vài phút ra đường Đỗ Xuân Hợp, cao tốc & Vành Đai 2- Khu dân cư hiện hữu, an ninh, tiện ích bao quanh -Diện tích: 73m (4 x 12m) -Nhà 2 tầng gồm 2 phòng ngủ - Phòng khách rộng để xe thoải mái nhà còn ở tốt, vào là ở ngay sổ để tại nhà, công chứng trong ngày",Hồ Chí Minh,Nhà,5200000000,73.0,5000000000.0,0.04,mismatch,"[{""source"": ""title"", ""text"": ""5 tỷ"", ""parsed_value_vnd"": 5000000000.0, ""basis"": ""total"", ""total_equivalent_vnd"": 5000000000.0}]"
shard_0005.parquet,281686,"BÁN NHANH CĂN VIEW HỒ TOÀ VP3 Linh ĐÀM, Hoàng Mai, HÀ NỘI. Lh:","Bán nhanh căn hộ View Hồ Tòa VP3 Linh Đàm, Hoàng Mai, Hà Nội. Diện tích: , thiết kế 3 ngủ 2 wc Full nội thất, nhà đẹp, chỉ việc dọn vào ở Vị trí thuận tiện, xung quanh đầy đủ tiện ích: trường học, chợ, siêu thị, khu vui chơi Giá Nhỉnh : 5.9 tỷ (thương lượng) Liên hệ e Thanh: để xem nhà 24/24",Hà Nội,Căn hộ chung cư,5900000000,80.0,5900000000.0,0.0,matched_2pct,"[{""source"": ""description"", ""text"": ""5.9 tỷ (thương lượng)"", ""parsed_value_vnd"": 5900000000.0, ""basis"": ""total"", ""total_equivalent_vnd"": 5900000000.0}]"
shard_0001.parquet,312118,"Chính chủ bán gấp 3PN 100m2 sẵn sổ giá 7,5 tỷ full đồ","Căn 100m2 thiết kế 3 ngủ 2 vệ sinh. Ban công Đông Bắc, rộng thoáng. Bàn giao nội thất cơ bản. Giá bán: 7. X tỷ, thuế phí thương lượng. Liên hệ xem nhà call/zalo) làm việc trực tiếp chính chủ.",Hà Nội,Căn hộ chung cư,7500000000,100.0,7500000000.0,0.0,matched_2pct,"[{""source"": ""title"", ""text"": ""7,5 tỷ full đồ"", ""parsed_value_vnd"": 7500000000.0, ""basis"": ""total"", ""total_equivalent_vnd"": 7500000000.0}]"
shard_0006.parquet,19892,"Bán gấp CH Central Garden 328 Võ Văn Kiệt Q1 - 137m2 - 8,4 tỷ","Bán gấp CH Central Garden 328 Võ Văn Kiệt Q1 - 137m2 - 8,4 tỷ. Tầng cao sát Võ văn Kiệt gồm 3pn, 3wc, nội thất đầy đủ, xách va ly vào ở ngay. Central garden là cc đó CĐT CDC xây và QLVH, phí quản lí 9k/m2 thấp nhất khu vực TP HCM, xe máy 120k, ô tô 1200k/ tháng. Vị trí đắc địa, nằm Đại lộ Võ Văn Kiệt, giao thông thuận tiện 5p Metro Bến Thành và hầm Thủ Thiêm.. Tiện ích bao quanh, TTTM Chợ Nga, spa, salon, phòng gym. SHR + công chứng ngay[phone_number] Gặp chính chủ + hỗ trợ tư vấn xem thực tế.",Hồ Chí Minh,Căn hộ chung cư,8300000000,137.0,8400000000.0,0.011904761904761904,matched_2pct,"[{""source"": ""title"", ""text"": ""8,4 tỷ"", ""parsed_value_vnd"": 8400000000.0, ""basis"": ""total"", ""total_equivalent_vnd"": 8400000000.0}, {""source"": ""description"", ""text"": ""8,4 tỷ. Tầng cao sát "", ""parsed_value_vnd"": 8400000000.0, ""basis"": ""total"", ""total_equivalent_vnd"": 8400000000.0}]"
shard_0007.parquet,121610,"Bán đất vị trí vàng, view hồ ĐỨC DIỄN - 99m2 - MT 5,6m - Ô Tô Tránh - xây CCMN hay toà VP đẹp. 24Đ","Bán Đất vị trí vàng, view hồ ĐỨC DIỄN - BẮC TỪ LIÊM 99m2 - MT 5,6m - Ô Tô Tránh - xây CCMN hay toà văn phòng quá tuyệt. 24 tỷ hơn. Sổ A4 sẵn sàng giao dịch trong ngày Lh e Thuý xem trong ngày",Hà Nội,Đất,24000000000,99.0,24000000000.0,0.0,matched_2pct,"[{""source"": ""description"", ""text"": ""24 tỷ hơn. Sổ A4 sẵn"", ""parsed_value_vnd"": 24000000000.0, ""basis"": ""total"", ""total_equivalent_vnd"": 24000000000.0}]"
shard_0008.parquet,183548,"Chính chủ bán căn OT 38m2 1,363 tỷ ban công Đông Nam view trực diện Công Viên giá tốt","Chính chủ bán căn OT 38m2 1,363 tỷ ban công Đông Nam view trực diện Công Viên giá tốt. Hỗ trợ đổi tên ngay trực tiếp CĐT. Vị trí đắc giá. Mặt tiền Lái Thiêu 14. Liền kề Metro số 2. Gần Aeon Mall Lotte VSIP Sóng Thần Việt Hương. Trường học, bệnh viện, TTHC chỉ 25 phút di chuyển. Quy mô & tiện ích. 2 block 33 tầng hơn 1.400 căn. Hồ bơi tràn gia nhiệt, công viên xanh, khu trẻ em. Gym Yoga Spa TTTM An ninh 24/7. Thiết kế thông minh, đón gió & ánh sáng tự nhiên. Liên hệ em Trí [phone_number] làm việc trực tiếp.",Bình Dương,Căn hộ chung cư,1360000000,38.0,1363000000000.0,0.999002201027146,mismatch,"[{""source"": ""title"", ""text"": ""1,363 tỷ ban công Đông "", ""parsed_value_vnd"": 1363000000000.0, ""basis"": ""total"", ""total_equivalent_vnd"": 1363000000000.0}, {""source"": ""description"", ""text"": ""1,363 tỷ ban công Đông "", ""parsed_value_vnd"": 1363000000000.0, ""basis"": ""total"", ""total_equivalent_vnd"": 1363000000000.0}]"
shard_0004.parquet,226907,"NHÀ ĐẸP - GIÁ TỐT - CHÍNH CHỦ Bán Nhà Mặt Tiền Đẹp Tại 436 Quang Trung, La Khê, Hà đông, Hà Nội","NHÀ ĐẸP - GIÁ TỐT - CHÍNH CHỦ Bán Nhà Mặt Tiền Đẹp Tại 436 Quang Trung, La Khê, Hà đông, Hà Nội Địa chỉ: Số 436, Đường Quang Trung, Phường La Khê, Hà Đông, Hà Nội Diện tích : 78,1 m2 (nhà cao chưa bao giờ bị ngập). Giá bán : 29,7 tỷ (còn thương lượng).lh*973792299 - Kết cấu: Nhà 7 tầng, có tầng hầm, thang máy, nhà còn mới, có thoáng mặt sau Gồm 11 phòng ngủ có vệ sinh khép kín, 02 phòng khách, 01 bếp, 01 phòng thờ, 1 phòng tập luyện thể thao, - Mặt tiền : 3.5m. Đường vào : 30m. Hai Mặt Thoáng, Xây Chắc Chắn, đầy đủ Nội Thất, - Tiện ích xung quanh đầy đủ gần trường học, bệnh viện, ...lh*973792299 - Dân cư đông đúc, an ninh đảm bảo. - Pháp lý: sổ đỏ mới 2025, sang tên nhanh chóng. - Ai có nhu cầu liên hệ chính chủ Mr ThiệnO973792299",Hà Nội,Nhà,29700000000,78.1,29700000000.0,0.0,matched_2pct,"[{""source"": ""description"", ""text"": ""29,7 tỷ (còn thương lư"", ""parsed_value_vnd"": 29700000000.0, ""basis"": ""total"", ""total_equivalent_vnd"": 29700000000.0}]"
shard_0001.parquet,88176,"Bán nhà đẹp gần ngã tư Cổ Linh mặt đường Thạch Bàn vào 46,5m2, 5 tầng - nội thất giá chỉ 6,99 tỷ","Bán nhà đẹp gần ngã tư Cổ Linh mặt đường Thạch Bàn vào 46,5m2, 5 tầng - nội thất giá chỉ 6,99 tỷ. Diện tích: 46,5m2, xây 5 tầng, thiết kế độc lập 1 căn, cực kỳ chắc chắn. Có ô chờ thang máy, chỗ để xe rộng rãi, tiện nghi đầy đủ. Vị trí đẹp: Ngay cạnh ngã tư Cổ Linh, đi lại thuận tiện, khu dân cư đông đúc. Pháp lý: Sổ đỏ chính chủ, xây dựng chuẩn. Giá: 6,99 tỷ (có thương lượng), Hỗ trợ vay vốn ngân hàng 70% - 20 năm. Liên hệ: Em Thơm xem nhà miễn phí - Thiện chí bán nhanh!",Hà Nội,Nhà,6990000000,46.5,6990000000.0,0.0,matched_2pct,"[{""source"": ""title"", ""text"": ""6,99 tỷ"", ""parsed_value_vnd"": 6990000000.0, ""basis"": ""total"", ""total_equivalent_vnd"": 6990000000.0}, {""source"": ""description"", ""text"": ""6,99 tỷ. Diện tích: 46"", ""parsed_value_vnd"": 6990000000.0, ""basis"": ""total"", ""total_equivalent_vnd"": 6990000000.0}, {""source"": ""description"", ""text"": ""6,99 tỷ (có thương lượ"", ""parsed_value_vnd"": 6990000000.0, ""basis"": ""total"", ""total_equivalent_vnd"": 6990000000.0}]"
shard_0003.parquet,236960,"Bán nhà hẽm 6m tại đường Lê Văn Quới , P.BHHA , Bình Tân, 2 tầng , giá 4 tỷ 850","Bán gấp nhà đường Lê Văn Quới _ p. Bình Hưng Hòa A _ Bình Tân. + Giá 4 tỷ 850 . + Kết cấu 411m ( 44m2 công nhận đủ ) , 1 trệt 1 lầu BTCT , hẽm trước cửa nhà 6m xe tải chạy vi vu . + Sổ hồng công chứng ngay . LH QUÂN XEM NHÀ",Hồ Chí Minh,Nhà,4850000000,44.0,4000000000.0,0.2125,mismatch,"[{""source"": ""title"", ""text"": ""4 tỷ 850"", ""parsed_value_vnd"": 4000000000.0, ""basis"": ""total"", ""total_equivalent_vnd"": 4000000000.0}, {""source"": ""description"", ""text"": ""4 tỷ 850 . + Kết cấ"", ""parsed_value_vnd"": 4000000000.0, ""basis"": ""total"", ""total_equivalent_vnd"": 4000000000.0}]"
shard_0006.parquet,80627,"Bán nhà trần kim xuyến cầu giấy dt 81m x 4t x mt 4,2m giá 42,5 tỷ có thương lượng","- PHÂN LÔ - NGÕ TO NHƯ PHỐ - ÔTÔ TẢI TRÁNH - VỈA HÈ RỘNG - KINH DOANH - VĂN PHÒNG - NGÕ THÔNG CÁC NGẢ - HIẾM NHÀ BÁN Mô tả: +Nhà nằm khu phân lô vỉa hè, đường trước cửa 3 oto tránh, Có sân để xe ô tô, nhà 2 mặt thoáng trước sau. + Xung quanh đầy đủ tiện ích, trung tâm Cầu Giấy. +Hiện tại Chủ đang cho thuê làm văn phòng. + Sổ đỏ A4, chính chủ giao dịch ngay. LH : E DƯƠNG [phone_number] ) TƯ VẤN",Hà Nội,Nhà,42500000000,81.0,42500000000.0,0.0,matched_2pct,"[{""source"": ""title"", ""text"": ""42,5 tỷ có thương lượn"", ""parsed_value_vnd"": 42500000000.0, ""basis"": ""total"", ""total_equivalent_vnd"": 42500000000.0}]"
shard_0007.parquet,1050,"Bán nhà Hai Bà Trưng (đối diện chợ Tân Định). 110m2(5,2x22m), Hầm 7 tầng, HĐT: 152tr/th. Giá: 38 Tỷ","Chính chủ gấp bán nhà Hai Bà Trưng, Phường 8, Quận 3 (Nay là phường Xuân Hoà) - Diện tích: 110m2 (5,2x22) - Xây dựng tiêu chuẩn: Hầm 7 tầng - Ngay khu phố du lịch, cho thuê dòng tiền cao - Giá: 35 tỷ còn 31 tỷ. Pháp lý sạch Gọi ngay: [phone_number] em Luân. Kho hàng gần 5000 sản phẩm từ 30 - 2000 tỷ.",Hồ Chí Minh,Nhà,38000000000,110.0,,,multiple_text_prices,"[{""source"": ""title"", ""text"": ""152tr/th. Giá: 38 Tỷ"", ""parsed_value_vnd"": 152000000.0, ""basis"": ""total"", ""total_equivalent_vnd"": 152000000.0}, {""source"": ""title"", ""text"": ""38 Tỷ"", ""parsed_value_vnd"": 38000000000.0, ""basis"": ""total"", ""total_equivalent_vnd"": 38000000000.0}, {""source"": ""description"", ""text"": ""2000 tỷ."", ""parsed_value_vnd"": 2000000000000.0, ""basis"": ""total"", ""total_equivalent_vnd"": 2000000000000.0}]"
shard_0002.parquet,276195,"Chủ nhà đi định cư ÚC,cần bán nhà đường ÔTÔ TẢI. Đường ĐỖ NGỌC THẠCH. Đang cho thuê 17tr/tháng","Chủ nhà đi định cư ÚC , cần bán nhà đường ÔTÔ TẢI . Đang cho thuê 17triệu/tháng * Vị Trí : Đường ĐỖ NGỌC THẠCH - Phường 12 - Quận 5 . Gần Chợ Lớn , Bệnh Viện Chợ Rẫy , khu dân khu đông đúc - Diện tích : Ngang 5.1m x Dài 15m ( 76,5m2 ) - Nhà có 1 Trệt - 2 Lầu - Sân Thương Gồm 3 Phòng ngủ- 4 nhà vệ sinh- ban công thoáng mát - Giá 3Tỷ780triệu ( Thiện chí mua thì có giảm ) - Hoàn công đầy đủ - Công chứng ngay - Liên hệ [phone_number] em Nở xem nhà miễn phí",Hồ Chí Minh,Nhà,2780000000,76.5,3780000000.0,0.26455026455026454,mismatch,"[{""source"": ""description"", ""text"": ""3Tỷ780triệu ( Thiệ"", ""parsed_value_vnd"": 3780000000.0, ""basis"": ""total"", ""total_equivalent_vnd"": 3780000000.0}]"
shard_0004.parquet,287404,"Bán biệt thự 4 tầng ở hội an đà nẵng, ngay rừng dừa 7 mẫu, có bến du thuyền, sổ đỏ lâu dài.","Bán biệt thự diện tích 260m2 ở Casamia Balanca Hội An. Giá 16 tỷ hoặc chỉ cần hơn 3.5 tỷ (20%) để sở hữu... Bàn giao cuối năm 2026, hỗ trợ vay ngân hàng 70%. Cơ hội sở hữu cuộc sống thượng lưu hàng đầu VN (Duy nhất 106 chủ nhân biệt thự có bến thuyền riêng tại gia ở VN). Biệt thự vip (đất nở hậu) sở hữu bến du thuyền riêng, vị trí đẹp nhất trong quần thể nghỉ dưỡng 5* Casamia Hội An. Biệt thự 2 mặt tiền, thiết kế thoáng 4 mặt (1 mặt sông tầm nhìn toàn dự án, 1 mặt nhìn ra công viên thiết kế riêng cho biệt thự). Hướng nhà: Tọa Bắc triều Nam (hướng nhà mang lại tài lộc cho chủ nhà, rất hiếm trong phong thủy). DT đất: 260m². DTSD: 340m². Xây dựng 3 tầng 1 tum mái hoàn thiện mặt ngoài tiêu chuẩn resort 5*. Thiết kế bao gồm hồ bơi, phòng khách, phòng bếp + phòng ăn, phòng sinh hoạt chung - giải trí, phòng thờ, 8 - 10 phòng ngủ, không gian tiệc sân vườn, gara để 2-4 ô tô... Biệt thự sở hữu riê",Quảng Nam,Biệt thự/Nhà liền kề,16000000000,260.0,16000000000.0,0.0,matched_2pct,"[{""source"": ""description"", ""text"": ""16 tỷ hoặc chỉ cần h"", ""parsed_value_vnd"": 16000000000.0, ""basis"": ""total"", ""total_equivalent_vnd"": 16000000000.0}]"
shard_0006.parquet,67127,"Chính chủ bán căn hộ chung cư 3 ngủ, tòa C'Land (tòa CT3) 81 Lê Đức Thọ, liên hệ:","Chính chủ cần bán căn hộ 3 ngủ + 2VS tại tòa chung cư C'Land. Địa chỉ: 81 Lê Đức Thọ. - Căn góc, tầng trung, hướng mát, view đẹp. Có ban công siêu rộng + 1 logia phơi đồ. - Thiết kế có 3 phòng ngủ có cửa sổ lấy ánh sáng tự nhiên, 2 vệ sinh, 1 phòng khách + 1 bếp. Full nội thất. Khách mua chỉ việc đẩy vali về ở luôn & ngay. Khu dân trí cao, giao thông đi lại rất thuận tiện. Sổ đỏ cất két sẵn sàng giao dịch, an ninh 24/24h. Tiện ích tốt. Quần thể đẹp. - Vị trí đắc địa, gần nhiều trường học, bệnh viện như: Trường học Nam Từ Liêm, Cầu Giấy, trường Đoàn Thị Điểm, trường tiểu học Lômônôxốp,... Bệnh viện viện 19 - 8, bệnh viện quốc tế Dolife,... Và các trường Đại học. - Căn 128m2 thiết kế 3 ngủ 2vs - Căn 135m2 thiết kế 3 ngủ 2vs - Căn 152m2 thiết kế 3 ngủ 2vs Sổ sẵn chờ sang tên Slot xe tùy căn sẽ có hoặc không Quý anh chị có nhu cầu mua vui lòng liên hệ: . Em Cường. Call/zalo để nhận thông tin",Hà Nội,Căn hộ chung cư,,135.0,,,no_supported_price,[]
shard_0004.parquet,216950,"Bán nhà mặt tiền Phan Văn Trị phường 7, DT 5m x 26m","Nhà mặt tiền Phan Văn Trị Phường 7 - DT 5M X 26M (phường Hạnh Thông mới). - Diện tích: 5m x 26m, công nhận 103m2. - Kết cấu: Nhà cấp 4, tiện xây mới theo nhu cầu (tòa nhà, văn phòng, showroom, căn hộ dịch vụ). - Vị trí đắc địa: Mặt tiền Phan Văn Trị tuyến đường kinh doanh sầm uất bậc nhất Gò Vấp, lưu lượng xe cộ đông đúc, thích hợp mọi ngành nghề. - Dòng tiền hiện tại: Đang cho thuê thu nhập 30 triệu/tháng, khai thác ngay. - Giao thông thuận tiện: Kết nối nhanh Phạm Văn Đồng, Nguyễn Oanh, Quang Trung, di chuyển linh hoạt các quận trung tâm. - Pháp lý: Sổ hồng riêng, sang tên nhanh. - Chỉ 18.8 tỷ thương lượng. LH [phone_number] Thành Lợi.",Hồ Chí Minh,Nhà,18800000000,130.0,18800000000.0,0.0,matched_2pct,"[{""source"": ""description"", ""text"": ""18.8 tỷ thương lượng. "", ""parsed_value_vnd"": 18800000000.0, ""basis"": ""total"", ""total_equivalent_vnd"": 18800000000.0}]"
shard_0007.parquet,66521,"Bán nhà Khương Đình, Thanh Xuân 35m2 x 5 Tầng, ngõ nông gần phố sát hồ giá 7x tỷ.","SIÊU PHẨM KHƯƠNG ĐÌNH - NHÀ ĐẸP LONG LANH - NGÕ 3 GÁC - 40M THẲNG TẮP RA PHỐ. - Vị trí cực đẹp sát phố Khương Đình, cách mặt ngõ 2 nhà, một ngoặt thằng tắp ra phố. - Ngõ thoáng đẹp, thông Hạ Đình ba gác đỗ trước cửa, ô tô tránh chỉ 40m. - Nhà đẹp còn rất mới, thiết kế hợp lý có giếng trời, cửa sổ thoáng sáng từng phòng. - Thiết kế: Tầng 1: Để xe + khách bếp + wc. Tầng 2.3.4: Mỗi tầng một phòng khép kín. Tầng 5: Phòng thờ + sân phơi. - Sổ đỏ chính chủ pháp lý rõ ràng sẵn sàng giao dịch.",Hà Nội,Nhà,7500000000,35.0,,,no_supported_price,[]
shard_0009.parquet,300981,"Bán đất tại Xã Diên Toàn, Huyện Diên Khánh, Khánh Hòa, 2,026 tỷ, 106,4 m2","Đất nền tại Xã Diên Khánh, Khánh Hòa (địa chỉ cũ: Huyện Diên Khánh, Khánh Hòa) với diện tích 106,4m2, giá 2,026tỷ VND (thương lượng) + Pháp lý đầy đủ, sổ đỏ/ sổ hồng. + Giáp ngay cạnh bến xe phía Nam + Có ba đường ra Võ Nguyên Giáp + Chiều ngang mặt tiền 5m, phù hợp cho kinh doanh. + Ngõ vào rộng 4m, thuận tiện cho xe ô tô. + Phong thủy tốt, mang lại may mắn cho gia chủ. + Vị trí thuận lợi cho cuộc sống hàng ngày. Liên hệ chính chủ Minh Tâm,",Khánh Hòa,Đất,2026000000,106.4,2026000000000.0,0.999,mismatch,"[{""source"": ""title"", ""text"": ""2,026 tỷ, 106,4 m2"", ""parsed_value_vnd"": 2026000000000.0, ""basis"": ""total"", ""total_equivalent_vnd"": 2026000000000.0}, {""source"": ""description"", ""text"": ""2,026tỷ VND (thương lư"", ""parsed_value_vnd"": 2026000000000.0, ""basis"": ""total"", ""total_equivalent_vnd"": 2026000000000.0}]"
shard_0002.parquet,105348,"Bán nhà 3T cũ, ô tô vào nhà Phố Quan Nhân, DT 180m2 x MT 8.5m, 3 mặt thoáng. Giá 39.9 tỷ","Bán nhà 3 tầng cũ, 3 mặt thoáng, view hồ trung tâm Quận Thanh Xuân. - DT 180m2 x MT 8.5m. Giá: 39.9 tỷ (Có thương lượng). + Khu vực: Quan Nhân. + Đường ô tô tránh, ngõ thông. Phù hợp xây toà VP, CHDV cao cấp. + Liên hệ: Trà.",Hà Nội,Nhà,39500000000,180.0,39900000000.0,0.010025062656641603,matched_2pct,"[{""source"": ""title"", ""text"": ""39.9 tỷ"", ""parsed_value_vnd"": 39900000000.0, ""basis"": ""total"", ""total_equivalent_vnd"": 39900000000.0}, {""source"": ""description"", ""text"": ""39.9 tỷ (Có thương lượ"", ""parsed_value_vnd"": 39900000000.0, ""basis"": ""total"", ""total_equivalent_vnd"": 39900000000.0}]"
shard_0004.parquet,324254,"Bán khách sạn 8 tầng 20 phòng phố Tây An Thượng, Phan Liêm đường 7.5m, 90m2 chỉ 28 tỷ","Bán khách sạn 8 tầng - Phan Liêm - phố du lịch đà nẵng. Ngay trung tâm phố du lịch Đà Nẵng, chỉ 50m ra biển Mỹ Khê, gần Nguyễn Văn Thoại, chợ đêm An Thượng, khu vực tấp nập khách Tây. Tiện ích vô vàn. - Diện tích: 90m2, đường 7,5m, vỉa hè rộng 4m. - Kết cấu: 8 tầng - 19 phòng khách sạn sang trọng. - Tầng hầm: Để xe. - Tầng 2: Sảnh lễ tân, WC, 1 phòng khách sạn. - Tầng 3 - 8: Mỗi tầng 3 phòng và 3 WC. - Tiện nghi: Thang máy, 2 thang bộ, hệ thống PCCC đầy đủ. - Hiện cho thuê: 70 triệu/tháng bên thứ 3 (hoặc tự vận hành mùa cao điểm lên tới 200 triệu/tháng).",Đà Nẵng,Nhà,28000000000,90.0,28000000000.0,0.0,matched_2pct,"[{""source"": ""title"", ""text"": ""28 tỷ"", ""parsed_value_vnd"": 28000000000.0, ""basis"": ""total"", ""total_equivalent_vnd"": 28000000000.0}]"
shard_0000.parquet,158501,"Bán nhà phố Bạch Mai, diện tích 38m2, ngõ thông, kinh doanh nhỏ, giá 7 tỷ","Bán nhà riêng tại phố Bạch Mai Diện tích: 38m2 Nhà khung cột chắc chắn, có 3 phòng ngủ đầy đủ công năng, có thể ở luôn. Ngõ thông, mặt tiền trước nhà gần 4m, rất thoáng đãng và sáng sủa. Phù hợp kinh doanh nhỏ hoặc kinh doanh online. Sổ đỏ đẹp. Giá: nhỉnh 7 tỷ.",Hà Nội,Nhà,7000000000,38.0,7000000000.0,0.0,matched_2pct,"[{""source"": ""title"", ""text"": ""7 tỷ"", ""parsed_value_vnd"": 7000000000.0, ""basis"": ""total"", ""total_equivalent_vnd"": 7000000000.0}, {""source"": ""description"", ""text"": ""7 tỷ."", ""parsed_value_vnd"": 7000000000.0, ""basis"": ""total"", ""total_equivalent_vnd"": 7000000000.0}]"
shard_0002.parquet,98248,Bán đất bàu mạc 7 hoà khánh bắc liên chiểu đà nẵng,"Bán đất đường Bàu Mạc 7 Hoà Khánh Bắc Liên Chiểu Đà Nẵng - Diện tích: 107,5m2 ngang 5m - Đường: 5,5m lề 3m - Hướng: đông nam - Khu dân trí cao, tiện ích đầy đủ, 2p ra biển. - Giá: 4ti880 - Liên hệ: [phone_number]",Đà Nẵng,Đất,4880000000,107.5,4880000000.0,0.0,matched_2pct,"[{""source"": ""description"", ""text"": ""4ti880 - Liên hệ: "", ""parsed_value_vnd"": 4880000000.0, ""basis"": ""total"", ""total_equivalent_vnd"": 4880000000.0}]"
shard_0002.parquet,89006,"Bán căn hộ chung cư Hinode 201 Minh Khai. Tầng trung. DT 100m2. Giá 10,5 tỷ","Tòa chung cư cao cấp - hiếm nhà bán - Nhà diện tích 100m2 - 3 phòng ngủ - 2 wc - 3 thoáng - trung tâm Hai Bà Trưng - tiện ích ngập tràn. + Vị trí: Sát cầu Mai Động, hàng xóm Time City, giao thông thuận tiện tiếp giáp đường Minh Khai, Kim Ngưu, Trần Khát Chân. + Sổ đỏ chính chủ sẵn sàng giao dịch. + Liên hệ ngay em Hải chuyên kí gửi mua bán Chung Cư.",Hà Nội,Căn hộ chung cư,10500000000,100.0,10500000000.0,0.0,matched_2pct,"[{""source"": ""title"", ""text"": ""10,5 tỷ"", ""parsed_value_vnd"": 10500000000.0, ""basis"": ""total"", ""total_equivalent_vnd"": 10500000000.0}]"
shard_0002.parquet,179573,Bán đất sát mặt tiền Đặng Thùy Trâm - Cách trường ĐH Văn Lang chỉ 500m - Khu đồng bộ nhà cao tầng.,"*Diện Tích :78m2 (4x20m) *Khu đồng bộ Trệt 2 lầu vs sân thượng. *Nằm cách mặt tiền đường Đặng Thùy Trâm chỉ 50m , Nằm ngay ĐH Văn Lang. *Dân cư lịch sự , Khu phố văn minh , Xóm làng yên tỉnh. *Tuyến đường là trục tiếp nối giao thương giữa 5 quận : Quận 1 , Quận 3 , Quận Tân Bình , Quận Gò Vấp , TP Thủ Đức. *Tiện ích xung quanh muôn vàn không thiếu thứ gì. *Pháp lý chuẩn chỉnh , Sổ hồng chính chủ. *Giá 10,3 tỷ còn thương lượng. Liên hệ SĐT/Zalo :[phone_number] Trần Định hổ trợ thương lượng tốt cho quý khách.",Hồ Chí Minh,Đất,10300000000,78.0,10300000000.0,0.0,matched_2pct,"[{""source"": ""description"", ""text"": ""10,3 tỷ còn thương lượ"", ""parsed_value_vnd"": 10300000000.0, ""basis"": ""total"", ""total_equivalent_vnd"": 10300000000.0}]"
shard_0006.parquet,52416,"Bán gấp nhà Nguyễn Trãi - Dân xây KCBT chắc chắn, mặt tiền khủng 5.1m, ngõ thoáng, 1 phút ra phố","Chính Chủ Cần Bán Gấp Nhà Nguyễn Trãi Cách Mặt Phố Vài Bước Chân Mặt Tiền Quyền Lực 5.1m Ngõ Thẳng Thoáng Giá Chỉ 7.5 Tỷ + Diện tích: 40m² | Mặt tiền: 5.1m vuông vắn | Kết cấu: 4 tầng dân xây khung cột bê tông chắc chắn. + Vị trí kim cương - trung tâm Thanh Xuân, cách phố Nguyễn Trãi chỉ 35m. Ngõ thẳng rộng - xe ba gác tránh, vào nhà cực dễ. + Giao thông thuận tiện đi các tuyến: Nguyễn Trãi - Khuất Duy Tiến - Láng - Trường Chinh - Nguyễn Xiển - Royal City. + Khu dân trí cao, an ninh tốt, xung quanh toàn cán bộ, công chức, giảng viên. + PHÁP LÝ CHUẨN: Sổ đỏ chính chủ, vuông đẹp - sang tên nhanh trong ngày. Liên hệ ngay em Khích để xem nhà và thương lượng với chủ!",Hà Nội,Nhà,7500000000,40.0,7500000000.0,0.0,matched_2pct,"[{""source"": ""description"", ""text"": ""7.5 Tỷ + Diện tích: 4"", ""parsed_value_vnd"": 7500000000.0, ""basis"": ""total"", ""total_equivalent_vnd"": 7500000000.0}]"
shard_0003.parquet,258751,"Chuyển nhượng căn 1PN+1 Giá tốt nhất thị trường, Đông Nam tầng đẹp, sẵn sổ","Gia đình chuyển đổi nơi ở nên cần nhượng lại căn chung cư 1PN+1 dự án Vinhomes Ocean Park Gia Lâm -Diện tích sử dụng: 43m2 -Thiết kế 1PN+1 -Full đủ nội thất -Tầng đẹp, ban công Đông Nam thoáng mát -Sẵn sổ sang tên *Giá bán: 3.070 tỷ *Liên hệ: [phone_number]( Ms Nga)",Hà Nội,Căn hộ chung cư,,43.0,3070000000000.0,,missing_structured_price,"[{""source"": ""description"", ""text"": ""3.070 tỷ *Liên hệ: [pho"", ""parsed_value_vnd"": 3070000000000.0, ""basis"": ""total"", ""total_equivalent_vnd"": 3070000000000.0}]"
shard_0001.parquet,91655,"Bán căn hộ RichStar, 3PN, 2WC, căn góc, giá: 4 tỷ, HĐC, liên hệ [phone_number] Viễn","Bán căn hộ RichStar, 3PN, 2WC , căn góc. Giá: 4 tỷ, HĐC. Liên hệ: [phone_number] Địa chỉ: 278 Hòa Bình, Phú Thạnh, Tân Phú, TPHCM. Thông tin: Căn hộ RichStar Residence. Block RS2. Căn góc. Tầng trung. Diện tích: 87.2m2. Công năng: 3 phòng ngủ, 2WC. Nội thất cơ bản. Giá bán: 4 tỷ. - An ninh tuyệt đối: Bảo vệ + lễ tân trực 24/7 - thẻ từ quét bảo mật từng tầng. - Tiện ích: Hồ bơi theo phong cách Tây Âu, khuôn viên cho trẻ em vui chơi, shop house, gym và BBQ... - Vị trí đắc địa nhất Quận Tân Phú, 2 phút qua Quận 11, Quận 6. Nhận Ký gửi mua bán - cho thuê các căn hộ tại các quận trung tâm TP. HCM. Liên hệ: [phone_number] xem nhà.",Hồ Chí Minh,Căn hộ chung cư,4000000000,87.2,4000000000.0,0.0,matched_2pct,"[{""source"": ""title"", ""text"": ""4 tỷ, HĐC, liên hệ "", ""parsed_value_vnd"": 4000000000.0, ""basis"": ""total"", ""total_equivalent_vnd"": 4000000000.0}, {""source"": ""description"", ""text"": ""4 tỷ, HĐC. Liên hệ:"", ""parsed_value_vnd"": 4000000000.0, ""basis"": ""total"", ""total_equivalent_vnd"": 4000000000.0}, {""source"": ""description"", ""text"": ""4 tỷ. - An ninh tuy"", ""parsed_value_vnd"": 4000000000.0, ""basis"": ""total"", ""total_equivalent_vnd"": 4000000000.0}]"
shard_0004.parquet,269612,"Bán nhà đẹp gần đường số 13 phường phước hải - giá tốt, vị trí đắc địa, ở ngay","Vị trí: trước mặt là đường số 13, sau lưng là đường Đồng Nai . Nằm gần trục đường lớn trung tâm thành phố Nha Trang di chuyển dễ dàng ra biển, chợ, bệnh viện, trường học, ngân hàng và các khu tiện ích trong vòng 3 phút Pháp lý: Sổ hồng riêng Thông tin chi tiết: Diện tích: 53,7m2 (sau khi trừ QH còn 50,8m2 full thổ). Đường trước nhà 3m xe máy tránh nhau thoải mái. Kết cấu: 3 tầng kiên cố, thoáng mát. 2 phòng ngủ lớn, 3 toilet hiện đại. Tầng 3 có thể cải tạo thêm thành 1 phòng ngủ nữa Phòng khách sang trọng, bếp ăn rộng thoáng Khu giặt phơi, ban công có view đẹp Nội thất cơ bản, dọn vào ở ngay. Thiết kế gu thẩm mỹ cao. Lợi thế nổi bật: Nhà mới, không cần sửa sang, thiết kế tinh tế Khu dân cư văn minh, yên tĩnh, an ninh tốt Phù hợp cho gia đình ở lâu dài hoặc cho thuê ổn định Giá bán: 4.09 tỷ. Liên hệ: [phone_number] Hương Nha Trang chuyên viên tư vấn nhà đất Nha Trang #BánNhàNhaTrang #NhàĐ",Khánh Hòa,Nhà,4090000000,53.7,4090000000.0,0.0,matched_2pct,"[{""source"": ""description"", ""text"": ""4.09 tỷ. Liên hệ: [pho"", ""parsed_value_vnd"": 4090000000.0, ""basis"": ""total"", ""total_equivalent_vnd"": 4090000000.0}]"
shard_0002.parquet,176175,Bán nhà mới xây phan huy ích - hẻm xe hơi 8m - 4 tầng - 4x20 - phường 12 gò vấp - nhỉnh 11 tỷ,"-Vị trí: Trung tâm P12 Gò Vấp, hẻm xe tải tránh, thông thoáng gần Quang Trung, Emart, sân bay Diện tích: 4x20m, công nhận 75m, không lộ giới, phong thủy đẹp - Kết cấu: Trệt - lửng - 3 lầu, gồm sân ô tô, phòng khách, bếp ăn, 1 phòng làm việc, 4PN - 6WC - phòng thờ - sân thượng trước sau - Tiện ích: Nhà kiên cố, nội thất đầy đủ, hẻm rộng 8m, xe hơi quay đầu thoải mái Mã nhà: FE.FEB Tin Thật - Nhà Thật - Giá Chính Chủ Lê Tuấn Land Nhà Đất Quận Gò Vấp VP giao dịch: 408 Phan Huy Ích, P.12, Gò Vấp #nhagovap #banhaxetai #phanhuyich #nhadepgiare #nha4tang #nhaoto",Hồ Chí Minh,Nhà,11000000000,80.0,11000000000.0,0.0,matched_2pct,"[{""source"": ""title"", ""text"": ""11 tỷ"", ""parsed_value_vnd"": 11000000000.0, ""basis"": ""total"", ""total_equivalent_vnd"": 11000000000.0}]"
shard_0007.parquet,117754,"Chính chủ cần bán nhà phố quan nhân 40m2 4 tầng 8,75 tỷ","CỰC HIẾM - NGÕ THÔNG-AN SINH ĐỈNH - FULL NỘI THẤT - HAI THOÁNG TRƯỚC SAU Mô tả : Vị trí: Nhà nằm ở khu vực VIP nhất quận Thanh Xuân, ngõ thông, mặt tiền đẹp, nên vô cùng thoáng sáng. Khu vực hiếm nhà bán, dân trí cao, giao thông đi lại thuận tiện. Ngõ thông các ngả, sang Cự Lộc, Giáp Nhất... tiện ích cung quanh bạt ngàn, đi bộ vài chục mét ra chợ Quan Nhân, trường cấp 1,2,3 nằm ngay đầu ngõ. Thiết kế : Nhà thiết kế 4 tầng . Tầng 1 : Phòng khách + 1 Phòng Bếp Tầng 2 +3: Mỗi tầng 2 Phòng Ngủ, VS Tầng 4 : 1 Phòng thờ + Sân phơi Sổ vuông đẹp sẵn giao dịch Lh em nhanh để dc xem nhà sớm",Hà Nội,Nhà,8750000000,40.0,8750000000.0,0.0,matched_2pct,"[{""source"": ""title"", ""text"": ""8,75 tỷ"", ""parsed_value_vnd"": 8750000000.0, ""basis"": ""total"", ""total_equivalent_vnd"": 8750000000.0}]"
shard_0009.parquet,42518,Chính Chủ gửi Bán Nhà Dương Nội - 50m2 - Nhỉnh 15 Tỷ - Cạnh Aeon Mall - Phân lô vỉa hè ô tô tránh,"PHÂN LÔ VIEW TRƯỜNG HỌC - CẠNH NÚT GIAO LÊ QUANG ĐẠO KÉO DÀI - HƯỞNG TRỌN TIỆN ÍCH AEON MALL Vị trí ""Kim Cương"": Sát cạnh nút giao huyết mạch Lê Quang Đạo kéo dài & Lê Trọng Tấn. Giao thông cực kỳ thuận tiện, tiềm năng tăng giá phi mã khi tuyến đường thông xe toàn bộ. Tầm nhìn Triệu Đô: Nhà view trực diện trường mầm non Hoàng Hanh, thoáng vĩnh viễn, không gian xanh mát, đón gió tự nhiên. Tiện ích VIP trong tầm tay: Vài bước chân ra Aeon Mall Hà Đông, Công viên Thiên Văn Học. Sau lưng là mặt phố Lê Trọng Tấn sầm uất. THÔNG SỐ VÀ THIẾT KẾ: Diện tích: 50m2 x 4 tầng. Mặt tiền 4m chuẩn chỉnh. Đường trước nhà: Phân lô vỉa hè, ô tô tránh đỗ ngày đêm. Tận dụng được vỉa hè cả 2 bên cực thoáng. Thiết kế hiện đại, tối ưu công năng: Pháp lý: Sổ đỏ vuông đét, sẵn sàng giao dịch. GIÁ CHỈ: NHỈNH 15 TỶ (Có thương lượng cho khách thiện chí) Liên hệ xem nhà làm việc chính chủ: (Hỗ trợ tư vấn pháp lý và xe",Hà Nội,Biệt thự/Nhà liền kề,15300000000,50.0,15000000000.0,0.02,matched_2pct,"[{""source"": ""title"", ""text"": ""15 Tỷ - Cạnh Aeon Ma"", ""parsed_value_vnd"": 15000000000.0, ""basis"": ""total"", ""total_equivalent_vnd"": 15000000000.0}, {""source"": ""description"", ""text"": ""15 TỶ (Có thương lượ"", ""parsed_value_vnd"": 15000000000.0, ""basis"": ""total"", ""total_equivalent_vnd"": 15000000000.0}]"
shard_0007.parquet,304075,Bán chung cư 32T The Golden An Khánh - 70m2 2 ngủ - 2VS - 2 ban công - full nội thất - 4.x tỷ,"Bán chung cư 32T The Golden An Khánh - 70m2 - 2 ngủ - 2vs - 2 ban công - full nội thất - 4.x tỷ Khu vực phát triển từng ngày, dân trí cao, tiện ích đẳng cấp không thiếu gì: Gần chợ, gần trường học các cấp, gần KĐT Geleximco, Vinhome smart City, Vinhome Thăng Long, Thiên đường Bảo Sơn... Sổ đỏ pháp lý chuẩn, giao dịch ngay. Liên hệ mua nhà: Ms. Thơm",Hà Nội,Căn hộ chung cư,4650000000,70.0,,,no_supported_price,[]
shard_0004.parquet,218010,"Bán biệt thự shophouse Jade Square giá chuẩn tốt nhất thị trường, pháp lý đầy đủ, bàn giao nhà ngay","Bán biệt thự Jade Square kinh doanh rất tốt: - Diện tích: 156m2, mặt tiền 7,8m - Xây dựng 4 tầng 1 hầm, mỗi tầng 80m2 sử dụng tổng 400m2 sàn sử dụng - Đường trước nhà 15,5m, vỉa hè rộng 4m, lòng đường 7,5m 3 oto tránh nhau - Pháp lý chuẩn chỉ, sang tên công chứng được ngay - Bàn giao nhà thô hoàn thiện mặt bên ngoài, có thể hoàn thiện về ở được ngay. - Giá bán: 50 tỷ có thương lượng Liên hệ: [phone_number] để đi xem nhà chi tiết cụ thể, làm việc giá tốt",Hà Nội,Biệt thự/Nhà liền kề,50000000000,156.0,50000000000.0,0.0,matched_2pct,"[{""source"": ""description"", ""text"": ""50 tỷ có thương lượn"", ""parsed_value_vnd"": 50000000000.0, ""basis"": ""total"", ""total_equivalent_vnd"": 50000000000.0}]"
shard_0006.parquet,145108,Bán chung cư Phúc Đạt Connect. 42m2. Có 1pn 1wc. Full nội thất. Có hỗ trợ ngân hàng cho khách vay,Bán gấp căn chung cư Phúc Đạt Connect Phú Lợi - TDM. - Diện tích: 42m2. Có 1 phòng ngủ 1wc. Nhà đầy đủ nội thất. Vào là ở thôi. Đã có sổ sẵn. Mua là công chứng liền tay. Có hỗ trợ ngân hàng cho ai có nhu cầu. Giá bán lỗ: Chỉ 950tr. Thanh toán 350tr nhận nhà ở ngay. Liên hệ: gặp Tài xem nhà.,Bình Dương,Căn hộ chung cư,950000000,42.0,,,multiple_text_prices,"[{""source"": ""description"", ""text"": ""950tr. Thanh toán 35"", ""parsed_value_vnd"": 950000000.0, ""basis"": ""total"", ""total_equivalent_vnd"": 950000000.0}, {""source"": ""description"", ""text"": ""350tr nhận nhà ở nga"", ""parsed_value_vnd"": 350000000.0, ""basis"": ""total"", ""total_equivalent_vnd"": 350000000.0}]"
shard_0006.parquet,288072,Bán gấp CH giá tốt Hà Đô Q10 DT 61m2 1PN + giá 7.1 tỷ (TL) LH: M. Tuấn,"- Cần sang nhượng lại CHCC Hà Đô Q10. - Căn hộ có diện tích 61m2 gồm 1PN, 1WC và 1p đa năng. - Căn hộ có đầy đủ nội thất, view thoáng mát. - Giá: 7.1 tỷ (Thương lượng). LH: Xem nhà M. Tuấn.",Hồ Chí Minh,Căn hộ chung cư,7100000000,61.0,7100000000.0,0.0,matched_2pct,"[{""source"": ""title"", ""text"": ""7.1 tỷ (TL) LH: M. Tu"", ""parsed_value_vnd"": 7100000000.0, ""basis"": ""total"", ""total_equivalent_vnd"": 7100000000.0}, {""source"": ""description"", ""text"": ""7.1 tỷ (Thương lượng)"", ""parsed_value_vnd"": 7100000000.0, ""basis"": ""total"", ""total_equivalent_vnd"": 7100000000.0}]"
shard_0005.parquet,161081,"Cần bán căn nhà c4 MT Tân Thới Nhất 06. 5,9*30m, giá 8,99tỷ","Bán nhà C4 . MT Tân Thới Nhất 6. Phan Văn Hớn vào 200m. DT 5,9*30m, SHR CN 170m2 thổ cư. MT nhựa 8m thông thoáng. Gần nhiều trung tâm giáo dục tư nhân. Tiện ích đầy đủ vị trí tiềm năng vì gần ga tuyến Metro Bến Thành - Tham Lương. Sổ mới 2025 - pháp lý sạch. Thiện chí bán giá 8,99tỷ(giá cũ 10tỷ).",Hồ Chí Minh,Nhà,8990000000,170.0,8990000000.0,0.0,matched_2pct,"[{""source"": ""title"", ""text"": ""8,99tỷ"", ""parsed_value_vnd"": 8990000000.0, ""basis"": ""total"", ""total_equivalent_vnd"": 8990000000.0}, {""source"": ""description"", ""text"": ""8,99tỷ(giá cũ 10tỷ)."", ""parsed_value_vnd"": 8990000000.0, ""basis"": ""total"", ""total_equivalent_vnd"": 8990000000.0}, {""source"": ""description"", ""text"": ""10tỷ)."", ""parsed_value_vnd"": 10000000000.0, ""basis"": ""total"", ""total_equivalent_vnd"": 10000000000.0}]"
shard_0003.parquet,286764,"Bán nhà mt khu lý thường kiệt, q. tân bình - 4x25m, nh: 7m- hđt: 80tr/th - giá 20 tỷ","Bán nhà mt khu Lý thường Kiệt, Phường 11, quận tân bình - diện tích: 4x25m, CN: 115m2. khuôn đất đẹp nở hậu tốt - kết cấu: 6 tầng, có 18 phòng chdv full nội thất, có thang máy đầy đủ - HĐT: 80triệu/ tháng - giá bán: 20 tỷ - vị trí: gần ngã tư 7 hiền, kết nối nhanh ra đường Trường chinh, Lý Thường Kiệt, Âu Cơ,,,đầy đủ tiện ích như: bệnh viện, trường học, chợ, siêu thị, ngân hàng,,,, liên hệ: [phone_number] E. Thảo bđs",Hồ Chí Minh,Nhà,20000000000,115.0,,,multiple_text_prices,"[{""source"": ""title"", ""text"": ""80tr/th - giá 20 tỷ"", ""parsed_value_vnd"": 80000000.0, ""basis"": ""total"", ""total_equivalent_vnd"": 80000000.0}, {""source"": ""title"", ""text"": ""20 tỷ"", ""parsed_value_vnd"": 20000000000.0, ""basis"": ""total"", ""total_equivalent_vnd"": 20000000000.0}, {""source"": ""description"", ""text"": ""20 tỷ - vị trí: gần "", ""parsed_value_vnd"": 20000000000.0, ""basis"": ""total"", ""total_equivalent_vnd"": 20000000000.0}]"
shard_0008.parquet,278823,Xuất cảnh bán gấp - Bán biệt thự Trần Quốc Toản 824m² 4 tầng - 310 tỷ.,"- Diện tích: 824m². - Kết cấu: 3 căn biệt thự (2 trống, 1 đang cải tạo). - Tiện ích: Vị trí góc Pasteur - Trần Quốc Toản, khu VIP. Tiềm năng xây 2 hầm, 8-12 tầng. - Địa chỉ: Đường Trần Quốc Toản, quận 3. - Giá bán: 310 tỷ. Địa ốc Việt Phú - 71 Huỳnh Thúc Kháng, Phường Bến Nghé, Quận 1.",Hồ Chí Minh,Biệt thự/Nhà liền kề,310000000000,824.0,310000000000.0,0.0,matched_2pct,"[{""source"": ""title"", ""text"": ""310 tỷ."", ""parsed_value_vnd"": 310000000000.0, ""basis"": ""total"", ""total_equivalent_vnd"": 310000000000.0}, {""source"": ""description"", ""text"": ""310 tỷ. Địa ốc Việt P"", ""parsed_value_vnd"": 310000000000.0, ""basis"": ""total"", ""total_equivalent_vnd"": 310000000000.0}]"
shard_0005.parquet,147042,"Bán đất giá đầu tư Suối Tiên, ngay HL39, trung tâm Suối Tiên, Diên Khánh, Khánh Hòa","Bán đất giá đầu tư Suối Tiên, ngay HL39, trung tâm Suối Tiên, Diên Khánh, Khánh Hòa. Diện tích 292m2 ngang 10m. Pháp lý: Sổ đỏ full ONT, full thổ cư. - Nằm ngay trung tâm xã Suối Tiên cách đường HL 39 chỉ 50m. - Đường hiện trạng bê tông 7m. - Hướng Tây tứ trạch. Phù hợp xây nhà vườn đẹp. Giá đầu tư: 6.5tr/m2(Có thương lượng). ------------------- Nhận gửi bán nhà, gửi bán đất. Hotline/zalo: [phone_number] Số chứng chỉ: KH - 01788.",Khánh Hòa,Đất,1900000000,292.0,1898000000.0,0.001053740779768177,matched_2pct,"[{""source"": ""description"", ""text"": ""6.5tr/m2(Có thương l"", ""parsed_value_vnd"": 6500000.0, ""basis"": ""per_m2"", ""total_equivalent_vnd"": 1898000000.0}]"
shard_0009.parquet,262004,"Bán đất dự án Vạn Phát Đạt đường Bưng Ông Thoàn, Quận 9, lô góc 2 mặt tiền, xây dựng tự do, sổ đỏ","Bán đất ngay dự án Vạn Phát Đạt, cầu Ông Bồn, đường Bưng Ông Thoàn, Phường Long Trường, TPHCM. Thông tin nền cần bán. - Lô B35, lô góc 2 mặt tiền, diện tích 99,2m (6,4x16m), đường chính 9m, đường bên hông 8m. - Giá bán: 7,15 tỷ. Sổ hồng riêng, hướng tây nam - đông nam, rất phù hợp xây ở, kinh doanh, đầu tư... Quý khách vui lòng liên hệ: Viber, Zalo). Em chuyên các dự án đất nền, dự án nhỏ lẻ trên khu vực đường Bưng Ông Thoàn.",Hồ Chí Minh,Đất,7150000000,99.2,7150000000.0,0.0,matched_2pct,"[{""source"": ""description"", ""text"": ""7,15 tỷ. Sổ hồng riêng"", ""parsed_value_vnd"": 7150000000.0, ""basis"": ""total"", ""total_equivalent_vnd"": 7150000000.0}]"
shard_0009.parquet,257813,Bán gấp lô đất giá tốt mặt tiền Bidoup - Lạc Dương - phường LangBiang,"Cần bán lỗ lô đất mặt tiền Bidoup thuộc khu đô thị Vạn Xuân - Lạc Dương. Diện tích: 105m2. Mặt tiền: 7.5 m. Mặt tiền đường chính, gần cà phê Mê Linh Garden 2, khu dân cư đông đúc, an ninh, cách trung thị trấn 1km, gần chợ, uỷ ban... Đối diện là khu du lịch Langbiang Land đã đi vào hoạt động. Vừa ở vừa kinh doanh được. Không có rẻ thứ 2, dãy nội bộ phía trong cũng hơn giá này rồi ạ. Cần bán: 4tỷ300. Liên hệ: [phone_number] Chi.",Lâm Đồng,Đất,4300000000,105.0,4300000000.0,0.0,matched_2pct,"[{""source"": ""description"", ""text"": ""4tỷ300. Liên hệ: ["", ""parsed_value_vnd"": 4300000000.0, ""basis"": ""total"", ""total_equivalent_vnd"": 4300000000.0}]"
shard_0007.parquet,231429,Chính chủ gửi bán nhà mặt phố đại lộ tôn đức thắng hồng bàng hải phòng,"CHÍNH CHỦ GỬI BÁN NHÀ MẶT PHỐ ĐẠI LỘ TÔN ĐỨC THẮNG HỒNG BÀNG HẢI PHÒNG Bán do không có nhu cầu sử dụng, giá thương lượng trực tiếp Diện tích: 174m Hiện trạng: Nhà 2 tầng xây kiên cố gồm: phòng khách, 2 phòng ngủ, phòng thờ Bên cạnh là dãy nhà cấp 4, tổng mặt tiền hơn 13m Đang cho thuê, doanh thu 160170 triệu/năm Hướng Đông Nam Vị trí đắc địa: Mặt phố lớn, phù hợp kinh doanh đầu tư giữ tiền Gần trường học, chợ, công viên Cách không xa khu liền kề Vinhomes Giá bán: 15,6 tỷ có thoả thuận Liên hệ zalo : [phone_number]",Hải Phòng,Nhà,15600000000,174.0,15600000000.0,0.0,matched_2pct,"[{""source"": ""description"", ""text"": ""15,6 tỷ có thoả thuận "", ""parsed_value_vnd"": 15600000000.0, ""basis"": ""total"", ""total_equivalent_vnd"": 15600000000.0}]"
shard_0001.parquet,92120,"Bán Đất Mặt Tiền Võ An Ninh, Đường 10m5, Hòa Xuân Chỉ Nhỉnh 5 Tỷ","Bán đất mặt tiền đường 10m5 VÕ AN Ninh, Hòa Xuân, Cẩm Lệ, Đà Nẵng - Diện tích đất : 90m2 ( Ngang 5m x Dài 18m ) - HƯớng Tây Nam Khu vực dân cư phát triển đồng bộ, quy hoạch bài bản, giao thông thuận tiện Tiềm năng sinh lời cao: Phù hợp xây nhà ở, đầu tư giữ tài sản hoặc cho thuê lâu dài Pháp lý rõ ràng, sổ đỏ chính chủ, sẵn sàng công chứng sang tên ngay ----- Liên hệ để xem và làm việc Call/Zalo : O96716O99O Lê Ân DANALAND #Sàn giao dịch BĐS Thiên Ân Holdings chuyên nhận ký gởi mua bán, cho thuê nhà, đất, căn hộ và khách sạn TP Đà Nẵng. Hỗ trợ thủ tục pháp lý",Đà Nẵng,Đất,5150000000,89.0,5000000000.0,0.03,mismatch,"[{""source"": ""title"", ""text"": ""5 Tỷ"", ""parsed_value_vnd"": 5000000000.0, ""basis"": ""total"", ""total_equivalent_vnd"": 5000000000.0}]"
shard_0008.parquet,115,Cần bán nhà bà điểm hóc môn nội thất cao cấp,"Sản Phẩm Mới - SHR - Tặng Full Nội Thất nhà ngay sau lưng trụ sở công an xã bà điểm Diện Tích : 5 m x 18 m Nhà 1 Trệt Thông - 2 PN, 1 WC Nhà Thiết Kế Hiện Đại- Trẻ Trung Tặng Full Nội Thất , Xách Va Li Vào Là Ở ( Tủ Bếp, Rèm Cửa, Tivi 50 in , Tủ Lạnh 460L, Sofa, 2 Máy Lạnh...) Hệ Thống Khoá Từ Thông Minh Và Camera Giám Sát Vị Trí : 1 xẹc Ngắn XTT 24. Ngay Cổng Chào Ấp 4 Xã Bà Điểm Bán Kính 300m Đầy Đủ Tiện Ích của đường pvh hóc môn sầm uất Sổ Hồng Riêng - Bao Sang Tên. Hỗ Trợ Vay Bank 70% khi khách cần",Hồ Chí Minh,Nhà,3850000000,90.0,,,no_supported_price,[]
shard_0007.parquet,9926,CỰC HIẾM - BÁN NHANH TRẢ NGÂN HÀNG,"Bán nhanh căn 2PN+ 72m toà Tonkin 2 , Full đồ cao cấp, sổ đỏ sẵn Vị trí: Tòa Tonkin 2, phân khu Tonkin Vinhomes Smart City Loại căn: 2 phòng ngủ + 1 (2N+) Diện tích: 72m Tình trạng căn hộ: Full đồ cao cấp, chỉ việc xách vali vào ở Thiết kế hiện đại, tối ưu ánh sáng Ban công Đông Bắc mát mẻ, view thông thoáng Căn hộ đã có sổ đỏ, sang tên nhanh gọn Tiện ích đẳng cấp tại Smart City: Công viên trung tâm 10,2ha, hồ điều hòa rộng Hệ thống trường học bệnh viện TTTM Vincom An ninh 24/7, thẻ cư dân thông minh Hệ sinh thái tiện ích chuẩn Vinhomes Liên hệ để xem nhà thực tế & chốt deal tốt nhất!",Hà Nội,Căn hộ chung cư,6800000000,72.0,,,no_supported_price,[]
shard_0003.parquet,25960,Bán nhà phố Thịnh Liệt - Giáp Nhị 28m2 mặt tiền 4m - 6.5 tỷ,"Vị trí đẹp hiếm nhà bán, khu an ninh dân trí tốt, gần trường cấp 1 cấp 2,3 cách ô tô tránh 30m giao thông thuận tiện, tiện ích không thiếu thứ gì. - Nhà thiết kế 4 tầng, ngõ rộng ba gác đỗ cửa Thiết kế 4 tầng khung cột chắc chắn. + Tầng 1: P Khách, bếp, vs. + Tầng 2,3: Mỗi tầng 1 phòng ngủ, vs khép kín. + Tầng 4: 1 Phòng ngủ, phòng thờ, sân phơi. Sổ đỏ vuông vắn. Liên hệ dẫn xem nhà.",Hà Nội,Nhà,6500000000,28.0,6500000000.0,0.0,matched_2pct,"[{""source"": ""title"", ""text"": ""6.5 tỷ"", ""parsed_value_vnd"": 6500000000.0, ""basis"": ""total"", ""total_equivalent_vnd"": 6500000000.0}]"
shard_0002.parquet,30839,"Bán nhà mặt phố Dương Văn Bé-Hai Bà Trưng 70m2x6 tầng thang máy, kinh doanh sầm uất, giá 26.8 tỷ","Tuyệt phẩm mặt phố Dương Văn Bé- Vĩnh Tuy-Hai Bà Trưng -Diện tích 70m2x6 tầng thang máy xịn xò -Mặt phố kinh doanh sầm uất vỉa hè rộng 6m, view hồ điều hoà cực thoáng mát, mặt sau ngõ phân lô ô tô vào nhà thoải mái -Hiện trạng nhà xây mới cực đẹp bố trí full nội thất các phòng, khách mua chỉ xách Vali về ở và khai thác -Sổ đỏ pháp lý chính chủ sang tên ngay -Liên hệ trực tiếp e Thao: [phone_number] để được tư vấn",Hà Nội,Nhà,26800000000,70.0,26800000000.0,0.0,matched_2pct,"[{""source"": ""title"", ""text"": ""26.8 tỷ"", ""parsed_value_vnd"": 26800000000.0, ""basis"": ""total"", ""total_equivalent_vnd"": 26800000000.0}]"
shard_0003.parquet,282734,"Bán biệt thự KĐT Hà Phong, Mê Linh, 290m2, Căn góc, sẵn nhà thô, Sổ đỏ sang tên, giá 22,2 tỷ.","* Bán Biệt Thự Khu Đô Thị Hà Phong: - Dt 320 m2, view công viên, đường 13,5 m, đã có nhà xây thô, Sổ đỏ sang tên ngay, Giá 13,9 tỷ. - Dt 290 m2, Lô góc, đường to 19,5 m, đã xây thô Bt đơn lập, sổ đỏ, Giá 22 tỷ 200 tr - Dt 283 m2, Lô góc, đường to, đã có nhà xây thô, sổ đỏ sang tên, giá 85 tr/m. - Dt 320m2, vị trí đẹp, đường 13,5m, nhà đã hoàn thiện đẹp, full nội thất, giá nhỉnh 28 tỷ * Khu này sát với khu Sungroup chuẩn bị khởi công nên cơ hội tăng giá còn nhiều. Đón sóng Cầu Thượng Cát và Cầu Hồng Hà khởi công ngày 10/10. * Liên hệ [phone_number]",Hà Nội,Biệt thự/Nhà liền kề,22200000000,290.0,22200000000.0,0.0,matched_2pct,"[{""source"": ""title"", ""text"": ""22,2 tỷ."", ""parsed_value_vnd"": 22200000000.0, ""basis"": ""total"", ""total_equivalent_vnd"": 22200000000.0}, {""source"": ""description"", ""text"": ""13,9 tỷ. - Dt 290 m2, "", ""parsed_value_vnd"": 13900000000.0, ""basis"": ""total"", ""total_equivalent_vnd"": 13900000000.0}, {""source"": ""description"", ""text"": ""22 tỷ 200 tr - Dt 28"", ""parsed_value_vnd"": 22200000000.0, ""basis"": ""total"", ""total_equivalent_vnd"": 22200000000.0}, {""source"": ""description"", ""text"": ""85 tr/m. - Dt 320m2,"", ""parsed_value_vnd"": 85000000.0, ""basis"": ""total"", ""total_equivalent_vnd"": 85000000.0}, {""source"": ""description"", ""text"": ""28 tỷ * Khu này sát "", ""parsed_value_vnd"": 28000000000.0, ""basis"": ""total"", ""total_equivalent_vnd"": 28000000000.0}]"
shard_0001.parquet,60594,"Bán căn hộ Victory Tower 95.2m2, 2PN Phú Mỹ Hưng, Q7, giá 4,5 tỷ","Căn hộ chung cư Petroland ở đường Tân Trào, P Tân Phú, Q7, TP. HCM cực chất với diện tích 95.2m², 2PN, 2WC. Nội thất cơ bản nhưng đầy đủ tiện nghi, sẵn sàng cho một cuộc sống thoải mái. Giá chỉ 4,5 tỷ VND. Cuộc sống ở đây không chỉ tiện lợi mà còn phong thủy tốt, thích hợp cho những ai yêu thích sự yên tĩnh và gần gũi với thiên nhiên. Gần chợ, siêu thị Youth Market, siêu thị Finelife Riviera Point, trường THCS Nguyễn Hiền, và công viên Hồ Bán Nguyệt, công viên Hoa Anh Đào. Mọi thứ đều chỉ cách vài bước chân.",Hồ Chí Minh,Căn hộ chung cư,4500000000,95.2,4500000000.0,0.0,matched_2pct,"[{""source"": ""title"", ""text"": ""4,5 tỷ"", ""parsed_value_vnd"": 4500000000.0, ""basis"": ""total"", ""total_equivalent_vnd"": 4500000000.0}, {""source"": ""description"", ""text"": ""4,5 tỷ VND. Cuộc sống"", ""parsed_value_vnd"": 4500000000.0, ""basis"": ""total"", ""total_equivalent_vnd"": 4500000000.0}]"
shard_0002.parquet,162210,"Căn hộ hoa hậu The Beverly, View đắt giá, tiện ích trọn vẹn, giá bán lỗ 200 triệu chỉ còn 3,25 tỷ","Em là Minh Anh [phone_number] hiện đang được chính chủ gửi bán lại một căn hộ vị trí rất đẹp tại phân khu The Beverly, thuộc khu đô thị Vinhomes Grand Park, thành phố Thủ Đức. Căn hộ này phù hợp với Anh/Chị đang tìm nơi an cư lâu dài, có môi trường sống trong lành, đầy đủ tiện ích cao cấp và cộng đồng cư dân văn minh. - Thông tin chi tiết căn hộ: Phân khu: The Beverly Diện tích: chuẩn căn hộ 1PN mở rộng, tối ưu cho gia đình nhỏ hoặc vợ chồng trung niên Tình trạng: Đã hoàn thiện nội thất đẹp, giữ gìn sạch sẽ, chỉ cần mang vali vào ở Giá bán: 3 tỷ 250 triệu (bao thuế phí) Pháp lý: Đầy đủ, hỗ trợ thủ tục nhanh chóng - Ưu điểm nổi bật dành cho gia đình ở lâu dài: Vị trí căn đối diện công viên trung tâm rộng lớn, hồ cảnh quan mát mẻ quanh năm Chỉ vài bước chân đến phố đi bộ ẩm thực, công viên nước VinWonders sắp đi vào vận hành Gần trường Vinschool, bệnh viện Vinmec, trung tâm thương mại Vinc",Hồ Chí Minh,Căn hộ chung cư,3250000000,51.0,,,multiple_text_prices,"[{""source"": ""title"", ""text"": ""200 triệu chỉ còn 3,25 t"", ""parsed_value_vnd"": 200000000.0, ""basis"": ""total"", ""total_equivalent_vnd"": 200000000.0}, {""source"": ""title"", ""text"": ""3,25 tỷ"", ""parsed_value_vnd"": 3250000000.0, ""basis"": ""total"", ""total_equivalent_vnd"": 3250000000.0}, {""source"": ""description"", ""text"": ""3 tỷ 250 triệu (bao"", ""parsed_value_vnd"": 3250000000.0, ""basis"": ""total"", ""total_equivalent_vnd"": 3250000000.0}]"
shard_0001.parquet,249838,VIP - Bán biệt thự Nam thông - Phú Mỹ Hưng - quận 7- dtsd 500m2- giá bán 110 tỷ,"Diện tích SD gần 500m2 Nhà 4 Tầng+Bán Hầm Nhà đẹp có 4 phòng ngủ lớn và 2 phòng giải trí cho trẻ em Cho thuê được 6.000$/ tháng , hiệu suất gần 2%/ năm Sổ hồng vuông vức, pháp lý chuẩn, công chứng ngay. Giá bán: 115 Tỷ 110 Tỷ thương lượng @Gặp chính chủ thương lượng MUA NHÀ PMH gọi ngay [phone_number] KỲ PMH",Hồ Chí Minh,Biệt thự/Nhà liền kề,110000000000,280.0,110000000000.0,0.0,matched_2pct,"[{""source"": ""title"", ""text"": ""110 tỷ"", ""parsed_value_vnd"": 110000000000.0, ""basis"": ""total"", ""total_equivalent_vnd"": 110000000000.0}, {""source"": ""description"", ""text"": ""115 Tỷ 110 Tỷ thương "", ""parsed_value_vnd"": 115000000000.0, ""basis"": ""total"", ""total_equivalent_vnd"": 115000000000.0}, {""source"": ""description"", ""text"": ""110 Tỷ thương lượng @"", ""parsed_value_vnd"": 110000000000.0, ""basis"": ""total"", ""total_equivalent_vnd"": 110000000000.0}]"
shard_0005.parquet,44775,Bán nhà Văn Cao có dòng tiền thuê người nước ngoài tốt ô tô đỗ cửa 4 tầng 58m2 vị trí đẹp,"Văn Cao - nhà có dòng tiền ổn định cho thuê khách nước ngoài ô tô đỗ cửa. - Vị trí: Ngõ thông Nam Pháp & Vũ Trọng Khánh, khu phố Tây sầm uất, gần chợ, gần trường học các cấp. - Diện tích: 58m2 (gồm cả sân chung + 20m2 lưu không). - Hướng: Tây Bắc. - Hiện đang cho khách nước ngoài thuê thu nhập 15 triệu/tháng. - Nhà xây chắc chắn, mới được tân trang đẹp như mới. - Ngõ rộng, thoáng, ô tô đỗ cửa, không bao giờ ngập. Giá bán: 3,68 tỷ (có thương lượng). Liên hệ: Hàm Hương Chuyên nhà đất Văn Cao, Lê Hồng Phong, Hải An, Ngô Quyền.",Hải Phòng,Nhà,3680000000,58.0,3680000000.0,0.0,matched_2pct,"[{""source"": ""description"", ""text"": ""3,68 tỷ (có thương lượ"", ""parsed_value_vnd"": 3680000000.0, ""basis"": ""total"", ""total_equivalent_vnd"": 3680000000.0}]"
shard_0008.parquet,245036,"Bán đất phố Ngọc Thụy 80m2 , mặt tiền 4,5m, gần công viên , phân lô , ô tô đỗ trước cửa 24/7","BÁN NHÀ PHỐ NGỌC THỤY ( NHÀ CŨ XÁC ĐỊNH BÁN ĐẤT ) 80m2 MT 4,5m KHU PHÂN LÔ VỈA HÈ, Ô TÔ ĐỖ TRƯỚC CỬA Vị trí: gần phố Ngọc Thụy , gần công viên và hồ điều hòa ,vị trí gần lô góc vỉa hè 2m ở + kinh doanh đều ok Giao thông: Đường nhựa ô tô tránh, gara trong nhà hoặc để trước cửa Kết cấu: 4 tầng có thể cải tạo hoặc đập đi xây lại tùy vào nhu cầu. Pháp lý: Sổ đỏ sẵn sàng, giao dịch ngay. Em Bảo [phone_number]",Hà Nội,Đất,0,80.0,,,no_supported_price,[]
shard_0006.parquet,335587,Bán căn hộ trung tâm thành phố 1 phòng ngủ view trực biển chỉ 2.7 tỷ tại Nha Trang,"Bán căn hộ 1 phòng ngủ view biển ngắm được pháo tại quảng trường - 60 Trần Phú. - Diện tích 45m2. - View trực biển, 1 phòng ngủ và 1wc rộng, phòng khách có thể kê thêm giường phụ. - Vị trí trung tâm thành phố, nhộn nhịp, sang đường biển là biển. - Đang hợp đồng thuê với giá 9 triệu/tháng. - Giá bán 2.7 tỷ (bao thuế phí).",Khánh Hòa,Căn hộ chung cư,2700000000,45.0,2700000000.0,0.0,matched_2pct,"[{""source"": ""title"", ""text"": ""2.7 tỷ tại Nha Trang"", ""parsed_value_vnd"": 2700000000.0, ""basis"": ""total"", ""total_equivalent_vnd"": 2700000000.0}, {""source"": ""description"", ""text"": ""2.7 tỷ (bao thuế phí)"", ""parsed_value_vnd"": 2700000000.0, ""basis"": ""total"", ""total_equivalent_vnd"": 2700000000.0}]"
shard_0005.parquet,11827,"Chính chủ cần bán rẻ nhà phố Xuân Thủy, để vào Nam sống, lô góc, phù hợp ở hoặc chia lô xây căn hộ","Chính chủ bác mình cần bán gấp nhà mặt ngõ Xuân Thủy để chuyển vào Sài Gòn sống cùng các con, giá bán cực mềm, ở hay đầu tư xây mới quá ngon. DT: 160m2, MT: 10m, giá hơn 200 tr/m2. - Nhà nằm trong khu phân lô ngõ Xuân Thuỷ ngõ ôtô tránh xe ba gác nhà xây chắc chắn khách mua có thể ở luôn hoặc xây toà vp cho thuê ở đây rất hiệu quả, căn nhà xây tâm huyết bán đi rất tiếc nhưng vì già yếu nên phải bán để ở cùng các con. Tk: - Tầng 1: Sân, 1 ngủ bếp, Wc. - Tầng 2, 3, Mỗi tầng 3 phòng, cầu thang, wc. - Tầng 4 phòng thờ, kho, sân phơi. - Sổ đỏ đẹp cất két chờ giao dịch.",Hà Nội,Nhà,38000000000,160.0,32000000000.0,0.1875,mismatch,"[{""source"": ""description"", ""text"": ""200 tr/m2. - Nhà nằm "", ""parsed_value_vnd"": 200000000.0, ""basis"": ""per_m2"", ""total_equivalent_vnd"": 32000000000.0}]"
shard_0004.parquet,187426,BÁN NHÀ 5 TẦNG HXH THÍCH QUẢNG ĐỨC - OTO VÀO NHÀ - CHỈ HƠN 6 TỶ CÒN THƯƠNG LƯỢNG,". Kết cấu: ~40m2 (4x10), 1 trệt - 4 lầu gồm PK, bếp, 3PN, 3WC, sân thượng lớn . Vị trí: HXH Thích Quảng Đức, trung tâm Phú Nhuận, đi sân bay và trung tâm các quận Bình Thạnh, quận 1, quận 3 chỉ 5p . Tiện ích: Gần chợ, trường học các cấp, bệnh viện Hoàn Mỹ, siêu thị coopmart. Hẻm oto rộng rãi thích hợp vừa ở vừa KD online . Pháp lý chuẩn, SHR, công chứng sang tên đc ngay",Hồ Chí Minh,Nhà,6900000000,40.0,6000000000.0,0.15,mismatch,"[{""source"": ""title"", ""text"": ""6 TỶ CÒN THƯƠNG LƯỢ"", ""parsed_value_vnd"": 6000000000.0, ""basis"": ""total"", ""total_equivalent_vnd"": 6000000000.0}]"
shard_0003.parquet,66953,"Bán gấp căn hộ 77m2, 2 phòng ngủ, nhà full đồ, view thoáng, chung cư Vinhomes Gardenia","Chính chủ bán căn hộ tại chung cư Vinhomes Gardenia. - Diện tích 77m2, gồm 2 phòng ngủ và 2 vệ sinh. Các phòng nhiều ánh sáng. - Nhà đã đầy đủ nội thất về ở ngay được. - Sổ đỏ chính chủ. - Giá bán: Thỏa thuận. + Liên hệ xem nhà:",Hà Nội,Căn hộ chung cư,,77.0,,,no_supported_price,[]
shard_0004.parquet,296573,"Bán đất tại Vũ Tướng, Quảng Yên, Quảng Ninh, 780 triệu, 121m2 chủ uy tín","Đất nền cực chất tại Vũ Tướng, Minh Thành, Quảng Yên, Quảng Ninh. Diện tích 121m2, pháp lý đầy đủ, sổ đỏ sổ hồng xịn. Mặt tiền rộng 10m, ngõ vào 2.5m, phù hợp cho mọi nhu cầu, từ xây dựng nhà ở đến kinh doanh. Hướng cửa chính Bắc, phong thủy ổn định cho cuộc sống và làm ăn. Giá chỉ 780 triệu VND, quá hời cho một vị trí đẹp như vậy. Địa điểm xung quanh: Gần trường THPT Đông Thành, thuận tiện cho việc học tập và sinh hoạt. Liên hệ ngay để được tư vấn miễn phí! Ngô Văn Lập",Quảng Ninh,Đất,780000000,121.0,780000000.0,0.0,matched_2pct,"[{""source"": ""title"", ""text"": ""780 triệu, 121m2 chủ uy "", ""parsed_value_vnd"": 780000000.0, ""basis"": ""total"", ""total_equivalent_vnd"": 780000000.0}, {""source"": ""description"", ""text"": ""780 triệu VND, quá hời c"", ""parsed_value_vnd"": 780000000.0, ""basis"": ""total"", ""total_equivalent_vnd"": 780000000.0}]"
shard_0000.parquet,178452,"Bán căn hộ chung cư 312: DT 65m2, 2PN giá 2.65 tỷ tới 2.75 tỷ LH [phone_number] Mr Hưng","- Tiện ích xung quanh. Gần chợ, siêu thị, bệnh viện, trường học các cấp. Cách vòng xoay Lê Đại Hành chỉ 5 phút, dễ dàng di chuyển sang Quận 10, Tân Bình, Tân Phú. Khu vực yên tĩnh, dân cư ổn định, không ngập nước. Giá bán: 2.65 tỷ thương lượng nhẹ cho khách thiện chí. Pháp lý: Sổ hồng riêng chính chủ hỗ trợ thủ tục sang tên nhanh gọn. Liên hệ: [phone_number] Mr Hưng.",Hồ Chí Minh,Căn hộ chung cư,2650000000,65.0,,,multiple_text_prices,"[{""source"": ""title"", ""text"": ""2.65 tỷ tới 2.75 tỷ LH"", ""parsed_value_vnd"": 2650000000.0, ""basis"": ""total"", ""total_equivalent_vnd"": 2650000000.0}, {""source"": ""title"", ""text"": ""2.75 tỷ LH [phone_numb"", ""parsed_value_vnd"": 2750000000.0, ""basis"": ""total"", ""total_equivalent_vnd"": 2750000000.0}, {""source"": ""description"", ""text"": ""2.65 tỷ thương lượng n"", ""parsed_value_vnd"": 2650000000.0, ""basis"": ""total"", ""total_equivalent_vnd"": 2650000000.0}]"
shard_0002.parquet,88756,"Cần bán nhanh căn hộ 70m2, thiết kế 2N + 2WC giá 2,9 tỷ (có ra lộc)","Cần bán căn chung cư Lakeside Garden Ngô Quyền. + Diện tích 70m2. + Thiết kế 2PN + 2WC. + Bàn giao full nội thất cơ bản. + Tiện ích: Vườn hoa, công viên, nhà trẻ, phòng đa năng, khu vui chơi cho trẻ em, bể bơi, phòng Gym, Yoga, khu BBQ ngoài trời. + Vị trí: Sát hồ Phương Lưu view vĩnh viễn. Kết nối trung tâm TP thuận tiện. + Giá 2,9 tỷ (có ra lộc). Liên hệ (zalo): nhận thông tin chi tiết.",Hải Phòng,Căn hộ chung cư,2900000000,70.0,2900000000.0,0.0,matched_2pct,"[{""source"": ""title"", ""text"": ""2,9 tỷ (có ra lộc)"", ""parsed_value_vnd"": 2900000000.0, ""basis"": ""total"", ""total_equivalent_vnd"": 2900000000.0}, {""source"": ""description"", ""text"": ""2,9 tỷ (có ra lộc). L"", ""parsed_value_vnd"": 2900000000.0, ""basis"": ""total"", ""total_equivalent_vnd"": 2900000000.0}]"
shard_0006.parquet,275848,"Bán căn hộ chung cư 74m2, 2PN, 2WC, giá hợp lý chung cư Golden Field Mỹ Đình. LH","- Giá bán: 7.4 tỷ VND - Nội thất đầy đủ: điều hòa, giường, tủ lạnh... - Hướng ban công: Đông Nam * Nội thất: Thiết kế nội thất đầy đủ, quý khách chỉ việc xách vali vào ở ngay Sẵn sổ giao dịch, công chứng ngay vì chủ nhà rất thiện chí bán * Với nhiều tiện ích đa dạng: Với phương châm mang lại cuộc sống tiện nghi và đẳng cấp cho cư dân, Golden Field Mỹ Đình được trang bị bể bơi bốn mùa hiện đại trong nhà, phòng tập gym tiêu chuẩn; trung tâm chăm sóc sức khỏe; khu vui chơi trẻ em; Nhà sinh hoạt cộng đồng kết hợp thư viện hiện đại, tầng hầm rộng rãi, các tầng TTTM, dịch vụ phục vụ cư dân. Golden Field Mỹ Đình sẽ mang lại cho các cư dân những trải nghiệm cuộc sống văn minh giữa trung tâm đô thị * Tiện ích xung quanh: - Bệnh viện Quốc tế Dolife - Công viên Hồ An Bình TP Giao Lưu - Trường Đại học Ngoại ngữ - ĐHQGHN - Siêu thị Thành Đô Để biết thêm thông tin chi tiết hoặc xem căn hộ, vui lòng li",Hà Nội,Căn hộ chung cư,7400000000,74.0,7400000000.0,0.0,matched_2pct,"[{""source"": ""description"", ""text"": ""7.4 tỷ VND - Nội thất"", ""parsed_value_vnd"": 7400000000.0, ""basis"": ""total"", ""total_equivalent_vnd"": 7400000000.0}]"
shard_0002.parquet,229155,"VILLA MINI - Quận 10 Đối Diện Công Viên Lê Thị riêng, DT 7.5x20m, Hầm 3 Lầu ST Giá bán nhanh 42 tỷ","- Gia đình đi định cư, cần bán nhà vị trí mặt tiền đường Trường Sơn, Phường 15, Quận 10. - Vị trí đẹp, khu đắc địa thich hợp khách mua ở, mua làm phòng khám, thẩm mỹ viện, công ty văn phòng. - Diện tích: 7.5x20m, sổ hồng vuông, công nhận 150m². - Xây dựng: 1 hầm + 3 lầu sân thượng. - Nhà trống bàn giao ngay, pháp lý sạch, chủ nhà thiện chí sẵn sàng giao dịch ngay. Giá bán : 42tỷ. Liên hệ để biết thêm thông tin: [phone_number] Thông tin chính xác 100%.",Hồ Chí Minh,Nhà,42000000000,150.0,42000000000.0,0.0,matched_2pct,"[{""source"": ""title"", ""text"": ""42 tỷ"", ""parsed_value_vnd"": 42000000000.0, ""basis"": ""total"", ""total_equivalent_vnd"": 42000000000.0}, {""source"": ""description"", ""text"": ""42tỷ. Liên hệ để bi"", ""parsed_value_vnd"": 42000000000.0, ""basis"": ""total"", ""total_equivalent_vnd"": 42000000000.0}]"
shard_0003.parquet,308573,"Bán gấp nhà riêng 70m2, 5PN + 5WC tại Thành Thái, Q10. Sổ hồng riêng","Nhanh tay sở hữu căn nhà riêng 3 tầng tại Thành Thái, P. 14, Q10 diện tích 70m2. + 1 trệt 3 lầu BTCT + Thiết kế hiện đại 5PN + 5WC + bếp, phù hợp cho gia đình đông thành viên. + pháp lý đầy đủ, sẵn sàng giao dịch. + Mặt tiền 6m, ngõ vào rộng 6m, thuận tiện cho việc kinh doanh Liên hệ ngay để biết thêm thông tin chi tiết: Kim Bảo",Hồ Chí Minh,Nhà,,70.0,,,no_supported_price,[]
shard_0001.parquet,167720,"Bán lô đất đường Nguyễn Mỹ, sát ngã tư Mai Chí Thọ, vị trí siêu hiếm","Bán lô đất đường Nguyễn Mỹ, Đảo 2 Hòa Xuân. Vị trí siêu hiếm chỉ còn 1 lô duy nhất, sát ngã tư Mai Chí Thọ! Diện tích: 112m² (ngang 5m). Hướng: Đông Bắc mát mẻ, thông thoáng. Đường 7m5, lề 4m khu dân cư đồng bộ, hạ tầng đẹp. Lô đất cực kỳ tiềm năng khu vực đảo cao ráo, dân trí cao. Giá: 59 triệu/m² cơ hội đầu tư sinh lời cao. Liên hệ ngay Nhi [phone_number] để xem đất và thương lượng chính chủ!",Đà Nẵng,Đất,6610000000,112.0,6608000000.0,0.0003026634382566586,matched_2pct,"[{""source"": ""description"", ""text"": ""59 triệu/m² cơ hội đầu "", ""parsed_value_vnd"": 59000000.0, ""basis"": ""per_m2"", ""total_equivalent_vnd"": 6608000000.0}]"
shard_0004.parquet,174206,"Chính chủ bán gấp nhà hẻm đường Lò Lu, quận 9, 80m2, giá 2,8ty.","Chính chủ bán gấp nhà cấp 4, 80m2, mặt tiền 4m, full thổ cư, giá 2,8 tỷ. Hẻm xe hơi Đường Lò Lu, Phường Trường Thạnh, Quận 9, TPHCM. Đất chính chủ, đất sạch, pháp lý chuẩn, khu dân cư hiện hữu. Cách trường mầm non, cấp 1, cấp 2 Trường Thạnh 300m. Cách chợ Trường Thạnh 200m. Giá chỉ 2,8 tỷ (thương lượng trực tiếp với chủ). Mọi chi tiết xin vui lòng liên hệ. Hotline: - A Hùng.",Hồ Chí Minh,Nhà,2800000000,80.0,2800000000.0,0.0,matched_2pct,"[{""source"": ""title"", ""text"": ""2,8ty."", ""parsed_value_vnd"": 2800000000.0, ""basis"": ""total"", ""total_equivalent_vnd"": 2800000000.0}, {""source"": ""description"", ""text"": ""2,8 tỷ. Hẻm xe hơi Đư"", ""parsed_value_vnd"": 2800000000.0, ""basis"": ""total"", ""total_equivalent_vnd"": 2800000000.0}, {""source"": ""description"", ""text"": ""2,8 tỷ (thương lượng "", ""parsed_value_vnd"": 2800000000.0, ""basis"": ""total"", ""total_equivalent_vnd"": 2800000000.0}]"
shard_0000.parquet,150927,"Cần bán lô đất đường Vương Thừa Vũ, giá tốt nhất khi vực S 90m2, (14,8 tỉ)","Bán lô đất mặt tiền Vương Thừa Vũ, P. Phước Mỹ, Q. Sơn Trà. - DT 90m2 ngang 5m. - Đường 33m, vỉa hè 4m5, khu vực dịch vụ biển phát triển. - Hướng Đông Bắc. - Vị trí đắc địa gần Hồ Nghinh, thông ra đường lớn Võ Nguyên Giáp chỉ vài bước chân. Xung quanh tập trung nhiều khách sạn 4 - 5 sao, nhà hàng cao cấp. - Giá bán 14,8 tỷ thương lượng. - Pháp lý rõ ràng. - Sổ hồng chính chủ.",Đà Nẵng,Đất,14800000000,90.0,14800000000.0,0.0,matched_2pct,"[{""source"": ""title"", ""text"": ""14,8 tỉ)"", ""parsed_value_vnd"": 14800000000.0, ""basis"": ""total"", ""total_equivalent_vnd"": 14800000000.0}, {""source"": ""description"", ""text"": ""14,8 tỷ thương lượng. "", ""parsed_value_vnd"": 14800000000.0, ""basis"": ""total"", ""total_equivalent_vnd"": 14800000000.0}]"
shard_0003.parquet,200313,Bán nhà sổ hồng riêng - 3.5x16 - mặt tiền hẻm kinh doanh - tt.nhà bè,"BÁN NHÀ MT SỔ HỒNG RIÊNG HẺM 1982 ĐƯỜNG HUỲNH TẤN PHÁT - TT.NHÀ BÈ ____________________________________ * GIÁ BÁN: 2 tỷ 860tr (còn thương lượng) * Diện tích: 3.5m x 16m * Kết cấu: 1 trệt - 1 lầu - 2 phòng ngủ - 2 vệ sinh - phòng khách - phòng bếp - bancon - sân đỗ xe riêng. * Khu dân cư an ninh, yên tĩnh. Hàng xóm vui vẻ, hoà đồng. * TẶNG Full nội thất đầy đủ như hình. * Pháp lý: Sổ Hồng Riêng - Kí uỷ quyền tại phòng công chứng nhà nước. ______________________________ * Liên hệ trực tiếp /Zalo: [phone_number] - Vũ Hiếu Tư Vấn Xem Nhà và Làm Việc Chính Chủ",Hồ Chí Minh,Nhà,2860000000,56.0,2860000000.0,0.0,matched_2pct,"[{""source"": ""description"", ""text"": ""2 tỷ 860tr (còn thư"", ""parsed_value_vnd"": 2860000000.0, ""basis"": ""total"", ""total_equivalent_vnd"": 2860000000.0}]"
shard_0006.parquet,28267,"Chính chủ bán căn 3 ngủ, tại N04 Trần Duy Hưng, tòa B, 128m2, full đồ, ban công Tây Bắc, sổ đỏ","Gia đình tôi có nhu cầu chuyển đổi nơi ở và không có nhu cầu sử dụng căn hộ tại N04 tòa B Trần Duy Hưng, cần tìm gia chủ mới. - Diện tích thông thủy 128m2. - Thiết kế 3 ngủ, 2 vệ sinh. - Nội thất cơ bản. - Vị trí căn hộ tòa B. - Hướng nhà Đông Nam, ban công Tây Bắc. - Giá bán 11.8 tỷ. - Xem nhà liên hệ: [phone_number]Mr Khánh).",Hà Nội,Căn hộ chung cư,11800000000,128.0,11800000000.0,0.0,matched_2pct,"[{""source"": ""description"", ""text"": ""11.8 tỷ. - Xem nhà liê"", ""parsed_value_vnd"": 11800000000.0, ""basis"": ""total"", ""total_equivalent_vnd"": 11800000000.0}]"
shard_0008.parquet,302080,"Bán nhà riêng 76m2, 4,68 tỷ, view đẹp tại Nguyễn Thị Thập, Quận 7, TP. HCM","Nhà riêng tại đường Nguyễn Thị Thập, Phường Tân Thuận, Hồ Chí Minh, trước đây Quận 7, Hồ Chí Minh với diện tích 76m2, 2 tầng, 3PN, 2WC, giá 4,68 tỷ VND. Điểm nhấn: Ngõ vào rộng 3m, mặt tiền 4m, phong thủy tốt, phù hợp cho gia đình và kinh doanh nhỏ. Pháp lý đầy đủ. Cách trường học, chợ/siêu thị, công viên khoảng 2km, thuận tiện cho cuộc sống hàng ngày. Liên hệ để biết thêm chi tiết: Lê Trung Hiếu",Hồ Chí Minh,Nhà,4680000000,76.0,4680000000.0,0.0,matched_2pct,"[{""source"": ""title"", ""text"": ""4,68 tỷ, view đẹp tại "", ""parsed_value_vnd"": 4680000000.0, ""basis"": ""total"", ""total_equivalent_vnd"": 4680000000.0}, {""source"": ""description"", ""text"": ""4,68 tỷ VND. Điểm nhấn"", ""parsed_value_vnd"": 4680000000.0, ""basis"": ""total"", ""total_equivalent_vnd"": 4680000000.0}]"
shard_0003.parquet,290918,Bán đất nền giá mềm để ở - đầu tư - xây căn hộ dịch vụ,"Mô tả. - Đất diện tích rộng với mặt tiền 6,5m. - Lô đất đẹp đường Cầu Diễn ô tô tránh nhau. - Vị trí siêu đẹp, ngõ 91 Cầu Diễn ô tô tránh, kinh doanh, gần trường Đại Học, Thương Mại, TNMT, Công Nghiệp, Thành Đô, FPT, xây chung cư mini bạt ngàn khách thuê. - Sổ đỏ chính chủ sẵn sàng giao dịch ngay.",Hà Nội,Đất,10800000000,67.0,,,no_supported_price,[]
shard_0004.parquet,34896,"Chuyển nhượng DUPLEX VIEW LAMARK81 - Trả góp tiến độ giá 3,9tỷ full VAT LH","BÁN DUPLEX TÂY BẮC TẦNG CAO CĂN ĐẸP Cần bán nhanh căn Citi Grand view Lamark81 cực đẹp. GIÁ: 3,9 tỷ ( Full Thuế phí) Chuyển nhượng HĐMB (chi tiết nhắn em gửi thông tin zalo ạ). DT tim tường: 54,63m2. Lửng: 30-35m2 Total sử dụng: 80-85m2 thiết kế được 3PN 2WC Hiện tại đã xây dựng đến tầng 20/ 25 tầng dự kiến Qúy 4/2026 nhận nhà. LH: em Sơn để được hỗ trợ tư vấn thêm thông tin dự án Citi Grand.",Hồ Chí Minh,Căn hộ chung cư,3900000000,55.0,3900000000.0,0.0,matched_2pct,"[{""source"": ""description"", ""text"": ""3,9 tỷ ( Full Thuế ph"", ""parsed_value_vnd"": 3900000000.0, ""basis"": ""total"", ""total_equivalent_vnd"": 3900000000.0}]"
shard_0001.parquet,317979,"Bán đất mặt tiền đường Nguyễn Bình Nhơn Đức, Nhà Bè TP. HCM tổng DT: 1402m2 - giá 40 tỷ","Bán đất mặt tiền Đường Nguyễn Bình Nhơn Đức, Nhà Bè TP. HCM. Vị trí đẹp, 2 mặt tiền: Mặt tiền đường lớn Nguyễn Bình + mặt tiền sông thoáng mát, cực kỳ hiếm! Tổng diện tích sử dụng: 1.420m2. Đất thổ cư: 585,5m2 (834,5m đất trồng cây lâu năm) pháp lý rõ ràng, sổ hồng riêng. Tặng kèm: 2 kho xưởng sản xuất kinh doanh rộng khoảng 1.000m. Tiềm năng: Phù hợp làm nhà vườn nghỉ dưỡng, kho bãi, xưởng sản xuất hoặc đầu tư sinh lời lâu dài. Giá bán: 40 tỷ (còn thương lượng chính chủ). E cảm ơn đã xem tin.",Hồ Chí Minh,Đất,40000000000,1420.0,40000000000.0,0.0,matched_2pct,"[{""source"": ""title"", ""text"": ""40 tỷ"", ""parsed_value_vnd"": 40000000000.0, ""basis"": ""total"", ""total_equivalent_vnd"": 40000000000.0}, {""source"": ""description"", ""text"": ""40 tỷ (còn thương lư"", ""parsed_value_vnd"": 40000000000.0, ""basis"": ""total"", ""total_equivalent_vnd"": 40000000000.0}]"
shard_0004.parquet,272742,"Bán nhà dân xây Cầu Cốc Tây Mỗ Nam Từ Liêm 38m², giá 5.9 tỷ. Ngõ thoáng","Bán nhà dân xây Cầu Cốc Tây Mỗ Nam Từ Liêm 38m², giá 5.9 tỷ. Ngõ thoáng. Nhà dân xây, full nội thất, khách mua chỉ việc xách vali về ở. - Thiết kế hiện đại đủ công năng với phòng khách + phòng ngủ + bếp + WC. Thiết kế 1 tầng 2 phòng. - Phù hợp mua gia đình ở, đầu tư sinh lời, khu vực đang phát triển tương lai tiềm năng tăng giá cao. LH My Duyen [phone_number]",Hà Nội,Nhà,5900000000,40.0,5900000000.0,0.0,matched_2pct,"[{""source"": ""title"", ""text"": ""5.9 tỷ. Ngõ thoáng"", ""parsed_value_vnd"": 5900000000.0, ""basis"": ""total"", ""total_equivalent_vnd"": 5900000000.0}, {""source"": ""description"", ""text"": ""5.9 tỷ. Ngõ thoáng. N"", ""parsed_value_vnd"": 5900000000.0, ""basis"": ""total"", ""total_equivalent_vnd"": 5900000000.0}]"
shard_0004.parquet,271601,"Chào bán lô đường Sơn Thuỷ 3, khu trung tâm hành chính Quận Ngũ Hành Sơn. Giá tốt","Chào bán lô đường Sơn Thuỷ 3, khu trung tâm hành chính Quận Ngũ Hành Sơn. Diện tích: 125m2 ngang 5m. Đường 5,5m vỉa hè 3m. Hướng Tây. Vị trí gần trường học, gần các cơ quan nhà nước, gần biển. Giá chỉ 6,3 tỷ. LH: Mạnh. Uy tín - Chân thành - Đúng pháp luật. VP BĐS Đức Mạnh - 151 Bùi Tá Hán, KĐT Nam Việt Á.",Đà Nẵng,Đất,6300000000,125.0,6300000000.0,0.0,matched_2pct,"[{""source"": ""description"", ""text"": ""6,3 tỷ. LH: Mạnh. Uy "", ""parsed_value_vnd"": 6300000000.0, ""basis"": ""total"", ""total_equivalent_vnd"": 6300000000.0}]"
shard_0003.parquet,5349,"Bán nhà tx43 ngay trục hà huy giáp(shr), 86m, 3pn, đường 5m","EM LONG CÒN CĂN NHÀ DIỆN TÍCH CỰC RỘNG NGAY ĐƯỜNG TX43, P. THẠNH XUÂN, QUẬN 12 * Liên hệ Em Long xem nhà: [phone_number] * DIỆN TÍCH KHỦNG: 8X10,75 * Thiết Kế: Trệt 1 Lầu, 3PN, 3WC, Phòng Bếp, Phòng Khách, Sân để xe rộng rãi * Đường Ô Tô 5M * Vị Trí: Cách mặt tiền Hà Huy Giáp 100M, UBND Thạnh Xuân, Chợ Thạnh Xuân, Qua Gò Vấp Chỉ 10P. Sân bay chỉ 25P, khu dân cư đông đúc. * Tiện ích gần trường học các cấp, siêu thị, chợ. Khu vực dân trí cao, an ninh. # Gọi hoặc liên hệ Em Long: [phone_number]",Hồ Chí Minh,Nhà,4450000000,86.0,,,no_supported_price,[]
shard_0004.parquet,193532,"Kẹt tiền bán gấp dãy NHÀ TRỌ 16P, đang cho thuê 22tr/th, phía sau chợ Tăng Nhơn Phú A","- Đất nằm gần chợ Tăng Nhơn Phú A, khu kinh doanh ăn uống tấp nập- Liền kề Lê Văn Việt, Man Thiện, ĐH Marketing, Học viện Bưu Chính,... - Diện tích: Ngang 10 x 12, nở hậu. 122m2, dãy nhà trọ có 16 phòng đang cho thuê 22tr/th - Cách Mặt Tiền Lã Xuân Oai tầm 80m- Phù hợp xây mới để ở hoặc CHDV - Giá bán gấp bớt 600tr còn 6tỷ4 thương lượng LH: [phone_number] để xem thực tế - Thành chuyên nhà đất Thủ Đức hơn 2000 sản phẩm full mọi vị trí.",Hồ Chí Minh,Đất,6400000000,122.0,,,multiple_text_prices,"[{""source"": ""description"", ""text"": ""600tr còn 6tỷ4 thươn"", ""parsed_value_vnd"": 600000000.0, ""basis"": ""total"", ""total_equivalent_vnd"": 600000000.0}, {""source"": ""description"", ""text"": ""6tỷ4 thương lượng "", ""parsed_value_vnd"": 6400000000.0, ""basis"": ""total"", ""total_equivalent_vnd"": 6400000000.0}]"
shard_0005.parquet,260244,CHÍNH CHỦ CẦN BÁN LÔ LÊ HIẾN MAI ĐỐI DIỆN CỤM CHUẨN BỊ LÀM TRƯỜNG HỌC .,"CHÍNH CHỦ . GỬI BÁN LÔ MT LÊ HIẾN MAI CÁCH GÓC PHƯỚC LÝ 8 VÀI LÔ. DT: 105M. ĐƯỜNG 7,5M NẰM TRONG KHU ĐÔ THỊ PHƯỚC LÝ. ĐỐI DIỆN VIEW TRƯỜNG HỌC CHUẨN BỊ XÂY DỰNG, , THÔNG THẲNG QUA ĐẠI HỌC DUY TÂN. KD OR XD CAN HỘ, CĂN TRỌ QUÁ TIỀM NĂNG. GIÁ CHỈ ĐẦU 4 . ALO XEM VỊ TRÍ HUỆ .",Đà Nẵng,Đất,4680000000,105.0,,,no_supported_price,[]
shard_0006.parquet,275904,Bán đất thị trấn Đất Đỏ - đường nhựa Cách Mạng Tháng 8,"Chủ Gửi Bán Lô Đất Mặt Tiền Đường Nhựa -Cách Mạng Tháng Tám-Thị Trấn Đất Đỏ-Xã Đất Đỏ-Thành Phố Hồ Chí Minh Diện tích 162m ngang 5x32 Có sẵn 60m thổ cư Mặt tiền Đường Nhựa 8m Khu dân cư ,điện, nước,cáp quang đầy đủ Cách Đường nhánh Quốc Lộ 55 tầm 300m Cách trung tâm thị trấn Đất Đỏ 2km Giá : 1,2 tỷ Liên hệ xem đất. SĐT: Minh Tuyết (zalo) - nắm chủ.",Bà Rịa - Vũng Tàu,Đất,1200000000,162.0,1200000000.0,0.0,matched_2pct,"[{""source"": ""description"", ""text"": ""1,2 tỷ Liên hệ xem đấ"", ""parsed_value_vnd"": 1200000000.0, ""basis"": ""total"", ""total_equivalent_vnd"": 1200000000.0}]"
shard_0005.parquet,350005,Bán mặt tiền Nguyễn Đức Thuận Vĩnh Hoà Nha Trang,Mặt tiền Nguyễn Đức Thuận Vĩnh Hoà Nha Trang... Đất đẹp nha. Diện tích: 67m2 đất ở đô thị mặt tiền đường Nguyễn Đức Thuận. Cách Trạm đăng kiểm chỉ tầm 500m. Đường 7m quy hoạch 10m. Gần chợ Vĩnh Hải. Dân cư đông đúc. Giá bán 2tỷ350 TL nhẹ. Thuế phí chủ bao. Xin được giấy phép xây dựng. Liên hệ [phone_number],Khánh Hòa,Đất,2350000000,67.0,2350000000.0,0.0,matched_2pct,"[{""source"": ""description"", ""text"": ""2tỷ350 TL nhẹ. Thu"", ""parsed_value_vnd"": 2350000000.0, ""basis"": ""total"", ""total_equivalent_vnd"": 2350000000.0}]"
shard_0000.parquet,20193,"Bán nhà vườn mặt tiền đường Hương lộ 2, Hòa Long, Bà Rịa, 829m2, thổ cư 100%, giá 5.5 tỷ","Bán nhà vườn mặt tiền đường HL2, xã Hoà Long, thành phố Bà Rịa, cách chợ Hoà Long 1km. Diện tích tổng 829m2, 100m2 thổ cư. Nhà có 3 phòng ngủ, 3 WC. Vị trí mặt tiền, có thể kinh doanh. Giá bán 5.5 tỷ. Liên hệ Zalo [phone_number] để chốt.",Bà Rịa - Vũng Tàu,Nhà,5500000000,829.0,5500000000.0,0.0,matched_2pct,"[{""source"": ""title"", ""text"": ""5.5 tỷ"", ""parsed_value_vnd"": 5500000000.0, ""basis"": ""total"", ""total_equivalent_vnd"": 5500000000.0}, {""source"": ""description"", ""text"": ""5.5 tỷ. Liên hệ Zalo "", ""parsed_value_vnd"": 5500000000.0, ""basis"": ""total"", ""total_equivalent_vnd"": 5500000000.0}]"
shard_0008.parquet,171559,"Bán nhà mới - phúc lợi, long biên - về ở ngay đón tết","Cc cần bán căn nhà mới tại Phúc Lợi - Long Biên, vị trí đẹp, khu dân cư văn minh, an sinh tốt. + Diện tích 39m x5 tầng, mặt tiền rộng 4,7m, thiết kế hiện đại, 2 mặt thoáng nên nhà luôn sáng và mát mẻ. + Nhà full nội thất xịn sò: giường tủ bàn ghế đủ cả , chỉ việc xách vali về ở ngay. + VF3 đỗ ngay trước cửa , cách 100m ra đường oto tránh, giao thông đi lại thuận tiện. + Xung quanh là cụm trường học, công viên kế bên, hàng xóm Vinhome Riverside, dân trí cao + Giá bán nhanh, chỉ 7,6 tỷ - Cơ hội đẹp để đón tết trọn vẹn bên gia đình. Nhanh mới kịp, Lhe Dũng sớm để chớp cơ hội sở hữu căn nhà ngon bổ rẻ này ag .",Hà Nội,Nhà,7600000000,39.0,7600000000.0,0.0,matched_2pct,"[{""source"": ""description"", ""text"": ""7,6 tỷ - Cơ hội đẹp đ"", ""parsed_value_vnd"": 7600000000.0, ""basis"": ""total"", ""total_equivalent_vnd"": 7600000000.0}]"
shard_0003.parquet,236598,"Bán đất tặng nhà cấp 4 2 mặt kiệt cách Võ Nguyên Giáp 70m - 100m2, giá 10 tỷ TL","Bán đất tặng nhà cấp 4 2 mặt kiệt cách Võ Nguyên Giáp 70m - 100m2 giá 10 tỷ TL. 2 mặt kiệt trước sau, cách biển 100m, cách Võ Nguyên Giáp 70m, nở hậu. Hiện trạng nhà đang cho thuê. Thích hợp ở, xây căn hộ dịch vụ lưu trú.",Đà Nẵng,Đất,10000000000,100.0,10000000000.0,0.0,matched_2pct,"[{""source"": ""title"", ""text"": ""10 tỷ TL"", ""parsed_value_vnd"": 10000000000.0, ""basis"": ""total"", ""total_equivalent_vnd"": 10000000000.0}, {""source"": ""description"", ""text"": ""10 tỷ TL. 2 mặt kiệt"", ""parsed_value_vnd"": 10000000000.0, ""basis"": ""total"", ""total_equivalent_vnd"": 10000000000.0}]"
shard_0006.parquet,268264,"Tôi chính chủ cần bán nhà 2 tầng kiệt 18 Ông Ích Khiêm, Hải Châu","* Quý khách liên hệ zalo ảnh đại diện, không gọi ạ. Chào bán nhà 2 tầng Kiệt oto 18 Ông Ích Khiêm thông ra biển Nguyễn Tất Thành. Vị trí trung tâm đầy tiện ích. Thuộc khu vực Hải Châu - Đà Nẵng. - Diện tích: 90m2 x2 tầng sử dụng. - Công năng: 3 phòng ngủ (có 1PN dưới), 3 toilet, phòng thờ, sân để xe, sân vườn Chill, sân phơi, ban công, ô giếng trời,... Ms624. Giá bán: 5 tỷ 050 (thương lượng). Rất hân hạnh được phục vụ quý khách - xin cảm ơn ạ. --------------------------------------------- Quý khách cần bán hoặc cho thuê nhanh ""nhà đất"" và ""oto - xe máy"" tại Đà Nẵng - Quảng Nam thì liên hệ em.",Đà Nẵng,Nhà,5050000000,90.0,5000000000.0,0.01,matched_2pct,"[{""source"": ""description"", ""text"": ""5 tỷ 050 (thương lư"", ""parsed_value_vnd"": 5000000000.0, ""basis"": ""total"", ""total_equivalent_vnd"": 5000000000.0}]"
shard_0007.parquet,218686,Bán lô đất Lộc An tiềm năng phát triển dân cư biển xây nhà biệt thự siêu đẹp,"Đất biển Lộc An Đất Đỏ BRVT. Trục chính có vỉa hè, vị trí đẹp ngay hông trường học gần chợ. Cách bãi tắm Lộc An chỉ 1km, đi biển vài phút là tới. Diện tích: 8 x 25m = CN 199m2. Full thổ cư 100%, đất vuông vức, bằng phẳng. Phù hợp ở kinh doanh đầu tư nghỉ dưỡng. Giá: 3,2 tỷ (thương lượng). Liên hệ:",Bà Rịa - Vũng Tàu,Đất,3200000000,199.0,3200000000.0,0.0,matched_2pct,"[{""source"": ""description"", ""text"": ""3,2 tỷ (thương lượng)"", ""parsed_value_vnd"": 3200000000.0, ""basis"": ""total"", ""total_equivalent_vnd"": 3200000000.0}]"
shard_0003.parquet,168504,"Bán nhà Trường Chinh Tôn Thất Tùng, diện tích 51m2, giá nhỉnh 8 tỷ","- Chính chủ chuyển nhà cần bán gấp siêu phẩm nhà đẹp Trường Chinh Tôn Thất Tùng. - Vị trí đắc địa trung tâm quận Đống Đa khu vực Trường Chinh Tôn Thất Tùng. Ngõ rộng, thoáng, kết nối nhanh Trường Chinh - Tây Sơn - Phạm Ngọc Thạch. Diện tích: 51m2. Mặt tiền: 4.2m. - Nhà dân xây chắc chắn tâm huyết, thiết kế hợp lý Công năng đầy đủ: 3 phòng ngủ, 4 vệ sinh, phòng khách, bếp, phòng thờ, sân phơi. Tiện ích xung quanh: Chỉ 100m tới Đại học Y Hà Nội. 200m tới TTTM Artemis và Bảo tàng Phòng không. Gần trường học các cấp. Chợ. Vincom Phạm Ngọc Thạch. - Khu dân trí cao an ninh tốt. - Phù hợp mua ở. Cho thuê nguyên căn. Đầu tư giữ tiền. - Sổ đỏ chính chủ pháp lý chuẩn. - Liên hệ E Tiến BĐS Đống Đa.",Hà Nội,Nhà,8850000000,51.0,8000000000.0,0.10625,mismatch,"[{""source"": ""title"", ""text"": ""8 tỷ"", ""parsed_value_vnd"": 8000000000.0, ""basis"": ""total"", ""total_equivalent_vnd"": 8000000000.0}]"
shard_0001.parquet,282159,"Bán lô góc 15x25m, mặt tiền đường số 9 TTHC Dĩ An p. Dĩ An, đang thuê 100tr/th","Trục đường vip của trung tâm hành chính Dĩ An, kinh doanh sầm uất, lô góc hiếm, đang cho thuê 100tr/th, giá 51 tỷ và còn thương lượng chủ. - Địa chỉ: Mặt tiền đường Số 9, trung tâm hành Chính Dĩ An, P. Dĩ An, TP. Dĩ An, Bình Dương. - Sổ hồng riêng (3 sổ liền kề), hỗ trợ sang tên miễn phí. - Diện tích: 362.5m2(15x25m), thổ cư 100%. - Hướng Tây Nam. - Đường rộng 30m (lòng đường 20m, vỉa hè 5m). - Cách công viên Dĩ An 250m. - Hỗ trợ vay ngân hàng. ------------------------------- Xem hơn 65 mặt tiền sầm uất Dĩ An: cuongbds.vn/kd1 Xem hơn 70 đất KDC TP. Dĩ An: cuongbds.vn/dkd Xem hơn 85 nhà KDC TP. Dĩ An: cuongbds.vn/nkd",Bình Dương,Đất,51000000000,362.5,,,no_supported_price,[]
shard_0008.parquet,72409,Bán nhà 4 tầng 6.7 tỷ đường xe hơi vào tới nhà đường 50 hiệp bình Chánh ngay chợ hiệp bình,"Diện tích đất: 52m2 ( 4* 13 ) khu phân lô đồng bộ Số tầng: 4 + sân thượng , sân trước + sau Phòng ngủ: 4 Nhà vệ sinh: 4 Phòng khách: 1 Đường trước nhà: hẻm xe tải Nhà gần : Chợ Hiệp Bình Nhận ký gửi và mua bán nhà đất Thủ Đức Thủ tục nhanh gọn, nhiệt tình, thông tin thật Liên hệ Trí Khang:",Hồ Chí Minh,Nhà,6700000000,52.0,6700000000.0,0.0,matched_2pct,"[{""source"": ""title"", ""text"": ""6.7 tỷ đường xe hơi v"", ""parsed_value_vnd"": 6700000000.0, ""basis"": ""total"", ""total_equivalent_vnd"": 6700000000.0}]"
shard_0008.parquet,208356,"Cần bán 120m, mt12m, Đai Mach Đông Anh (Thiên Lôc), gần ô tô tránh, Cách 500M cầu Thượng Cát","Cần bán 120m, mt12m, Đai Mach Đông Anh (Thiên Lôc), gần ô tô tránh, Cách 500M cầu Thượng Cát Lối vào 2.5m, ngỗ cực nông Chỉ 20m ra ô tô tránh ô tô 50m ra truc chính thôn làng, kinh doanh đa mặt hàng. Cách khu công nghiệp Bắc Thăng Long ch khoáng 1.5km. Nơi lý tưởng để xây nhà trọ, khu trọ và nhà vừa ở vừa cho thuê Phù hợp cho hai hộ cùng sử dụng chung số nhưng vẫn xây được nhà ở Pháp lý sạch, quy hoạch không, số sách chuấn. - Khách qt ib e [phone_number]",Hà Nội,Đất,8590000000,120.0,,,no_supported_price,[]
shard_0003.parquet,214682,NEW CITY - CHÍNH CHỦ BÁN 3PN - 94 M2 - FULL NỘI THẤT - GIÁ 8.5 TỶ ALL IN - CÓ DÒNG TIỀN CHO THUÊ,"Căn hộ chung cư tại New City Thủ Thiêm mang đến không gian sống lý tưởng với diện tích 94m2, thiết kế hiện đại và đầy đủ nội thất. Căn hộ gồm 3PN + 2WC + bếp, thích hợp cho gia đình hoặc nhóm người muốn tận hưởng sự tiện nghi và thoải mái. - Điểm đặc biệt: + Nội thất đầy đủ với điều hòa, giường, tủ lạnh... + Hướng cửa chính Đông Nam, hướng ban công Tây Bắc + Giá bán: 8,5 tỷ VND + Sẵn dòng tiền cho thuê, phù hợp khách mua đầu tư - Tiện ích xung quanh: + Gần Winmart Diamond, siêu thị mẹ bầu và em bé Con Cưng, Winmart+ + Công viên An Phú, công viên Hai Hồ, công viên Bình Khánh + Trường mầm non tại tháp Venice + Bệnh viện Nhi tại tháp Hawaii + Bệnh viện Quốc tế Mỹ (AIH) - Thông tin thêm về dự án: + Dự án New City Thủ Thiêm do Công ty TNHH Xây dựng Thương mại Thuận Việt đầu tư + Nằm tại phân khu 7 khu đô thị mới Thủ Thiêm, chỉ 2 phút đến trung tâm Thủ Thiêm + Thiết kế gồm 4 tòa tháp căn hộ ca",Hồ Chí Minh,Căn hộ chung cư,8500000000,94.0,8500000000.0,0.0,matched_2pct,"[{""source"": ""title"", ""text"": ""8.5 TỶ ALL IN - CÓ DÒ"", ""parsed_value_vnd"": 8500000000.0, ""basis"": ""total"", ""total_equivalent_vnd"": 8500000000.0}, {""source"": ""description"", ""text"": ""8,5 tỷ VND + Sẵn dòng"", ""parsed_value_vnd"": 8500000000.0, ""basis"": ""total"", ""total_equivalent_vnd"": 8500000000.0}]"
shard_0000.parquet,20593,"Chính chủ bán nhà HXH khu Tân Hương, Quận Tân Phú","6,6 tỷ (4.10x18,5)m2. Nhà khu Tân Hương Quận Tân Phú, ô tô ngủ trong nhà, hẻm thông. - Nhà cấp 4 có gác lửng. - Diện tích 4,1x18.5m 60m2 vuông A4. - Khu vực dân cư hiện hữu xây dựng được 4 tầng. - Hẽm rộng thông thoáng, ô tô vào nhà. - Pháp lý chuẩn, công chứng ngay. Quý Anh chị quan tâm liên hệ em Hiếu:",Hồ Chí Minh,Nhà,6600000000,60.0,6600000000.0,0.0,matched_2pct,"[{""source"": ""description"", ""text"": ""6,6 tỷ (4.10x18,5)m2."", ""parsed_value_vnd"": 6600000000.0, ""basis"": ""total"", ""total_equivalent_vnd"": 6600000000.0}]"
shard_0004.parquet,295596,"Bán nhà riêng tại Yên Mỹ, Thanh Trì, Hà Nội, 4.42 tỷ, 40m2, sẵn nhà 2 tầng 2PN, giá tốt hàng hiếm","Nhà riêng 2 tầng tại Yên Mỹ, Thanh Trì, Hà Nội với những đặc điểm nổi bật sau: - Diện tích 40m2, mặt tiền 5m, hướng Đông Nam, phù hợp phong thủy. - Nội thất cơ bản, 2PN, 2WC, sổ đỏ đầy đủ, pháp lý rõ ràng. - Ngõ rộng 2m, thuận tiện cho việc đi lại, phù hợp cho gia đình hoặc đầu tư. Khu vực an ninh tốt, yên tĩnh, hàng xóm thân thiện, gần gũi với thiên nhiên. Liên hệ ngay để được tư vấn miễn phí qua số - Nguyễn Ngọc Hà.",Hà Nội,Nhà,4420000000,40.0,4420000000.0,0.0,matched_2pct,"[{""source"": ""title"", ""text"": ""4.42 tỷ, 40m2, sẵn nhà"", ""parsed_value_vnd"": 4420000000.0, ""basis"": ""total"", ""total_equivalent_vnd"": 4420000000.0}]"
shard_0006.parquet,141263,Bán gấp nhà phố 2mặt tiền KDC Phước Kiển DT 92.5m2 XD 5tầng thiết kế thang máy full NT Giá 13.5tỷ,"Bán gấp nhà phố 2 mặt tiền khu dân cư Sài Gòn South 1181 Lê Văn Lương Phước Kiển Nhà Bè nay là Xã Nhà Bè. - Khu dân cư hiện hữu dân trí cao, hạ tầng hoàn chỉnh điện nước âm cao ráo, mặt tiền trước nhà 13m vỉa hè 3m, lòng đường 7m, mặt tiền cửa sau 7m gió thông tự nhiên. - Tiện ích xung quanh đầy đủ: Cạnh trường cấp 2 - 3 Phước Kiển, trường Song ngữ Victoria, hệ thống thị đầy đủ, ngân hàng, bênh viện... - Diện tích: 5 x 18.5m(92.5m2). - Kết cấu: Trệt 3lầu tum thiết kế 6PN, phòng thờ và 2 sân thượng trước sau, full hệ tủ kệ, 6máy lanh, có thang máy nhà đẹp hiện đại. - Pháp lý: Sổ hồng hoàn công đầy đủ. - Hướng chính đông. - Giá bán 13.5tỷ (thương lượng chính Chủ). Liên hệ: [phone_number] Em Nguyên Land chuyên bán nhà đất khu vực Nhà Bè.",Hồ Chí Minh,Nhà,13500000000,92.5,13500000000.0,0.0,matched_2pct,"[{""source"": ""title"", ""text"": ""13.5tỷ"", ""parsed_value_vnd"": 13500000000.0, ""basis"": ""total"", ""total_equivalent_vnd"": 13500000000.0}, {""source"": ""description"", ""text"": ""13.5tỷ (thương lượng "", ""parsed_value_vnd"": 13500000000.0, ""basis"": ""total"", ""total_equivalent_vnd"": 13500000000.0}]"
shard_0002.parquet,150041,Bán nhà tập thể tầng 3 phố Tôn Đức Thắng lô góc 2 mặt thoáng ở ngay giữa lòng Đống Đa,"Diện tích sổ đỏ 29m2, diện tích sử dụng thực tế lên đến 60m2. Thiết kế hợp lý, đầy đủ công năng: 2 phòng rộng rãi. Nhà tắm vệ sinh riêng biệt. Có thêm 1 phòng nhỏ làm kho/để đồ tiện lợi. Lô góc thoáng sáng, phòng nào cũng có cửa sổ, đón gió tự nhiên quanh năm! Vị trí trung tâm quận Đống Đa khu vực Tôn Đức Thắng Quốc Tử Giám, giao thông cực kỳ thuận tiện, kết nối dễ dàng đến các quận Hoàn Kiếm, Ba Đình, Hai Bà Trưng. Khu tập thể dân trí cao, có sân chung rộng rãi, để được nhiều xe máy, là nơi lý tưởng cho trẻ con vui chơi, vận động sau giờ học. Sổ đỏ sẵn sàng, pháp lý rõ ràng. Nhà ở tầng 3 cao vừa đủ thoáng, mà vẫn leo bộ nhẹ nhàng! Giá mềm không gian sống rộng rãi, trung tâm, tiện nghi mà giá chỉ bằng chung cư xa trung tâm. Liên hệ xem nhà:",Hà Nội,Căn hộ chung cư,3200000000,60.0,,,no_supported_price,[]
shard_0001.parquet,32477,"Bán nhà mới đường Xe hơi, Hẻm đường Ngô Đến phường Bắc Nha Trang.","Hạ còn: 3 tỷ 850tr Sổ Hồng DT: 70m² ( thực tế 76m2) Thiết kế: 2 tầng, 3 Phòng Ngủ (có phòng tầng trệt), 2 toilet, ban công sau view biển Bán kính 3 phút: trường học các cấp, kho xăng, biển, Khu di tích Tháp Bà, chợ, và nhiều tiện ích khác. Liên hệ: [phone_number] Hỗ trợ xem nhà 24/7",Khánh Hòa,Nhà,3850000000,70.0,3850000000.0,0.0,matched_2pct,"[{""source"": ""description"", ""text"": ""3 tỷ 850tr Sổ Hồng "", ""parsed_value_vnd"": 3850000000.0, ""basis"": ""total"", ""total_equivalent_vnd"": 3850000000.0}]"
shard_0001.parquet,20226,Bán nhanh lô góc 2 mặt tiền đường ô tô cách biển chỉ 400m 12 tỷ,"A78. Bán nhanh lô góc 2 mặt tiền đường ô tô cách biển chỉ 400m 12 tỷ. Tặng ngay nhà cấp 4 vị trí vàng cho kinh doanh lưu trú. Diện tích: 63,8m2. Mặt tiền chính: 5,6m. Ôm góc dài 15,75m. Nở hậu đẹp: 6,5m. Hướng: Nam và Tây. Đường trước nhà: 6,5m. Đường bên hông: 5m. Tình trạng: Có sẵn nhà cấp 4 vào ở hoặc cải tạo ngay. Vị trí đắc địa: Cách biển Trần Phú chỉ 400m. Gần phố Tây, khách sạn 35 sao. Bán kính 500m đầy đủ tiện ích: Chợ, siêu thị, trường học, nhà hàng. Khu vực được phép xây dựng cao tầng, tiềm năng khai thác dịch vụ lưu trú căn hộ cho thuê homestay cực tốt. Giá bán: 12 tỷ. Thuế phí: Chủ bao toàn bộ.",Khánh Hòa,Đất,12000000000,63.8,12000000000.0,0.0,matched_2pct,"[{""source"": ""title"", ""text"": ""12 tỷ"", ""parsed_value_vnd"": 12000000000.0, ""basis"": ""total"", ""total_equivalent_vnd"": 12000000000.0}, {""source"": ""description"", ""text"": ""12 tỷ. Tặng ngay nhà"", ""parsed_value_vnd"": 12000000000.0, ""basis"": ""total"", ""total_equivalent_vnd"": 12000000000.0}, {""source"": ""description"", ""text"": ""12 tỷ. Thuế phí: Chủ"", ""parsed_value_vnd"": 12000000000.0, ""basis"": ""total"", ""total_equivalent_vnd"": 12000000000.0}]"
shard_0002.parquet,299206,"Bán đất 100m2 tại Quốc lộ 38B, Đại An, Vụ Bản, Nam Định, giá ưu đãi 1,95 tỷ","Đất nền tại Quốc lộ 38B, xã Đại An, Vụ Bản, Nam Định với diện tích 100m2. Pháp lý đầy đủ, sổ đỏ. Đường rộng 15m, thuận tiện cho xe ô tô. Mặt tiền 5m, phù hợp cho việc kinh doanh. Giá ưu đãi 1,95 tỷ VND, một cơ hội đầu tư hấp dẫn. Khu vực xung quanh: + Gần bệnh viện đa khoa Sài Gòn - Nam Định. + Siêu thị Winmart + tiện lợi. + Trường mầm non Song ngữ Steameq - Nam Định. Liên hệ Anh Giang, chính chủ qua số để biết thêm chi tiết.",Nam Định,Đất,1950000000,100.0,1950000000.0,0.0,matched_2pct,"[{""source"": ""title"", ""text"": ""1,95 tỷ"", ""parsed_value_vnd"": 1950000000.0, ""basis"": ""total"", ""total_equivalent_vnd"": 1950000000.0}, {""source"": ""description"", ""text"": ""1,95 tỷ VND, một cơ hộ"", ""parsed_value_vnd"": 1950000000.0, ""basis"": ""total"", ""total_equivalent_vnd"": 1950000000.0}]"
shard_0008.parquet,256106,Bán căn hộ CT4 Thái Hà Bộ Công An,"Bán căn hộ CT Thái Hà Bộ Công An. 43 Phạm Văn Đồng tầng 09. Thông sang KĐT An Bình hồ điều hòa chỉ ~100m. Diện tích: 70m2. Sổ đỏ chính chủ, pháp lý rõ ràng. Thiết kế: 2 phòng ngủ phòng khách bếp riêng vệ sinh. Nội thất gỗ đồng bộ, nhà sạch đẹp, vào ở ngay. Tầng cao, thoáng mát, nhiều ánh sáng tự nhiên. Khu dân trí cao, an ninh tốt. Giao thông thuận tiện, gần trường học, bệnh viện, trung tâm. Lợi thế lớn: Đi bộ ra hồ điều hòa An Bình, không gian sống thoáng đãng, trong lành. Giá bán: 6 tỷ 100 (thương lượng thiện chí). Liên hệ: Em Hoan [phone_number] Nguồn chính chủ làm việc trực tiếp.",Hà Nội,Căn hộ chung cư,6100000000,70.0,6000000000.0,0.016666666666666666,matched_2pct,"[{""source"": ""description"", ""text"": ""6 tỷ 100 (thương lư"", ""parsed_value_vnd"": 6000000000.0, ""basis"": ""total"", ""total_equivalent_vnd"": 6000000000.0}]"
shard_0008.parquet,261701,"Chính chủ bán Biệt Thự 3,5 Tầng 150m² tại khu nghỉ dưỡng Đồi FLC trung tâm Cột 3 - Cột 5, Hạ Long","Chính chủ bán Biệt Thự 3,5 Tầng 150m² tại khu nghỉ dưỡng Đồi FLC trung tâm Cột 3 - Cột 5 TP. Hạ Long - Vị trí ngay trung tâm thành phố, sở hữu tầm nhìn trực diện vịnh Hạ Long biểu tượng thiên nhiên kỳ quan thế giới. Thông tin chi tiết: Thiết kế hiện đại, thoáng đãng với 3 phòng ngủ rộng rãi, 4 WC Dễ dàng cải tạo thành 6 phòng ngủ nếu khai thác homestay Trang bị gara để xe, sân vườn rộng, tiểu cảnh tinh tế Hướng Đông Nam, đảm bảo không gian mát mẻ quanh năm Nội thất cao cấp đầy đủ, tặng kèm như hình khách mua chỉ việc dọn vào ở hoặc vận hành kinh doanh ngay Khu vực an ninh tuyệt đối, có bảo vệ 24/7, cộng đồng cư dân văn minh, dịch vụ nội khu hoàn thiện Pháp lý rõ ràng, sẵn sàng sang tên Giá chỉ 9,x tỷ có thương lượng Liên hệ để xem nhà: [phone_number] Cơ hội sở hữu tài sản giá trị cao tại trung tâm du lịch quốc tế vừa nghỉ dưỡng, vừa đầu tư sinh lời bền vững.",Quảng Ninh,Biệt thự/Nhà liền kề,9800000000,150.0,,,no_supported_price,[]
shard_0003.parquet,276130,Bán nền biệt thự cặp Sông Cái Răng Bé - Quận Cái Răng - TPCT,"Bán nền biệt thự cặp sông Cái Răng Bé - Quận Cái Răng - TPCT - lộ 4m đã nâng cấp thông qua Trương Vĩnh Nguyên. - Diện tích: 9,5m x 20m = 198m2. - Hướng: Đông Bắc. - Lộ đã nâng cấp cao ráo 4m thông qua Trương Vĩnh Nguyên. - Pháp lý: 152m2 thổ cư, 46m2 đất cây lâu năm. - Vị trí: Đường cập sông Cái Răng Bé cách QL1A 900m, ĐH Tây Đô 1.3km. - Giá bán: 2 tỷ 699 triệu. Lh 090254223.",Cần Thơ,Đất,2699000000,198.0,2699000000.0,0.0,matched_2pct,"[{""source"": ""description"", ""text"": ""2 tỷ 699 triệu. Lh "", ""parsed_value_vnd"": 2699000000.0, ""basis"": ""total"", ""total_equivalent_vnd"": 2699000000.0}]"
shard_0009.parquet,64392,"Bán Nhà riêng tại Khương Trung, Thanh Xuân. 5 Tầng Thang Máy, Vành Đai 2.5, Đi Bộ Ra Hồ Đầm Hồng.","CHÍNH CHỦ EM CÓ CĂN NHÀ PHỐ KHƯƠNG TRUNG - GẦN HỒ ĐẦM HỒNG - SÁT VÀNH ĐAI 2.5. NHÀ THOÁNG ĐẸP - DT 35m2 - 5 Tầng Thang Máy - 2 THOÁNG TRƯỚC SAU. Cách Ô Tô 20m. Giá Em Chào: 10tỷ ( Em thiện chí Bán, có thương lượng ạ ) + Điểm nhấn: - 4 phòng ngủ và 5 phòng toilet, đảm bảo không gian sống thoải mái cho gia đình. - Phong thủy tốt, mang lại sự thịnh vượng và an khang cho chủ sở hữu. - Pháp lý đầy đủ, thuận lợi cho việc giao dịch. + Địa điểm tiện ích xung quanh: - Gần siêu thị Thành Đô Lê Trọng Tấn, Winmart Vincom Royal City, siêu thị gia đình. - Bệnh viện Đại học Y Hà Nội, Bệnh viện Tai Mũi Họng Trung ương. - Trường California Centuryon Royal City, Trung tâm học tiếng Nhật - Dũng Mori, Trường đào tạo cán bộ Lê Hồng Phong. Liên hệ để biết thêm chi tiết: Bảo Hân [phone_number]",Hà Nội,Nhà,10000000000,35.0,10000000000.0,0.0,matched_2pct,"[{""source"": ""description"", ""text"": ""10tỷ ( Em thiện chí"", ""parsed_value_vnd"": 10000000000.0, ""basis"": ""total"", ""total_equivalent_vnd"": 10000000000.0}]"
shard_0008.parquet,259844,Bán đất sinh phần công viên an sinh vĩnh hằng viên,"Gia đình còn thừa 1 lô đất 100m2 trong công viên An Sinh Vĩnh Hằng Viên. Dự án tại Đông Triều cách Hà Nội 80km, giáp Hải Dương và Bắc Giang. Giao thông đi lại thuận tiện. Vừa khánh tân đi vào hoạt động T11/2025 -Diện tích: 100m2 - Vị trí gần chân tượng Quan Âm bồ tát. Giá cần chuyển nhượng ưu đãi 700 triệu. Có bớt cho khách hữu duyên nhiệt tình.",Quảng Ninh,Đất,700000000,100.0,700000000.0,0.0,matched_2pct,"[{""source"": ""description"", ""text"": ""700 triệu. Có bớt cho kh"", ""parsed_value_vnd"": 700000000.0, ""basis"": ""total"", ""total_equivalent_vnd"": 700000000.0}]"
shard_0007.parquet,124767,"Bán nhà HXH Cách Mạng Tháng 8, phường 7 Tân Bình (5,5*15), 4 tầng - góc 2MT cạnh BV Thống Nhất","Bán nhà hxh Cách Mạng Tháng 8, phường 7 quận Tân Bình (nay là phường Tân Sơn Nhất). - DT: 5,5m x 15m, CN 79m² - DT sử dụng 159m². (vuông vắn, k lộ giới, k tóp hậu, không lỗi phong thủy). - Kết cấu: 1 trệt, 2 lầu, sân thượng, 5PN - 4WC, ban công thoáng mát. - Vị trí: Hẻm xe hơi tránh, căn góc 2 MT tiện kinh doanh, kết nối thuận tiện ra Lý Thường Kiệt, Bắc Hải, Hoàng Sa,... - Giá bán: 8 tỷ 790 triệu. Liên hệ Tố Hữu để thương lượng ngay chủ. * Nhà thật, thông tin chính xác *. -------------------------------------------------- Dream Home 79. - Tư vấn & hỗ trợ pháp lý BĐS chuyên sâu. - Định giá - Đấu giá - Xử lý nợ xấu. - Nhận đặt hàng tìm mua BĐS theo yêu cầu.",Hồ Chí Minh,Nhà,8790000000,79.0,8790000000.0,0.0,matched_2pct,"[{""source"": ""description"", ""text"": ""8 tỷ 790 triệu. Liê"", ""parsed_value_vnd"": 8790000000.0, ""basis"": ""total"", ""total_equivalent_vnd"": 8790000000.0}]"
shard_0002.parquet,133219,Bán nhà La Khê nhỉnh 12 tỷ chính chủ cần bán gấp,"Phân lô ô tô đỗ cửa vị trí đẹp, dễ ở dễ cho thuê. DT 40m2. Thiết kế công năng hợp lý: Tầng 1: Gara ô tô. Tầng 2: Phòng khách + bếp hiện đại. Tầng 3, 4: Mỗi tầng 1 phòng ngủ lớn + WC riêng. Tầng 5: Phòng thờ + sân phơi thoáng sáng. Nội thất đẹp, chất chỉ việc xách vali về ở! Sổ đỏ chính chủ pháp lý rõ ràng giao dịch ngay. LH: [phone_number] Em Nam.",Hà Nội,Nhà,,40.0,12000000000.0,,missing_structured_price,"[{""source"": ""title"", ""text"": ""12 tỷ chính chủ cần "", ""parsed_value_vnd"": 12000000000.0, ""basis"": ""total"", ""total_equivalent_vnd"": 12000000000.0}]"
shard_0003.parquet,272134,"Bán nền nhà ngay ngã 4 Nguyễn Ảnh Thủ - QL 22, Hóc Môn, 20,7 x 21 - 540m2 - giá 33tr/m2 ~ 18 tỷ","Bán khuôn đất Ấp Trung Chánh 2, xã Trung Chánh, Huyện Hóc Môn. - Diện tích: 20,7 x 20,7 NH: 28m. - CN: 541,2m full thổ cư. - Kết cấu: C4 còn đất. - CTXD: Hầm 6 tầng. - Giá bán: 18 tỷ. Lien he: [phone_number]",Hồ Chí Minh,Đất,18000000000,540.0,17820000000.0,0.010101010101010102,matched_2pct,"[{""source"": ""title"", ""text"": ""33tr/m2 ~ 18 tỷ"", ""parsed_value_vnd"": 33000000.0, ""basis"": ""per_m2"", ""total_equivalent_vnd"": 17820000000.0}, {""source"": ""title"", ""text"": ""18 tỷ"", ""parsed_value_vnd"": 18000000000.0, ""basis"": ""total"", ""total_equivalent_vnd"": 18000000000.0}, {""source"": ""description"", ""text"": ""18 tỷ. Lien he: [pho"", ""parsed_value_vnd"": 18000000000.0, ""basis"": ""total"", ""total_equivalent_vnd"": 18000000000.0}]"
shard_0005.parquet,317315,"Bán Lô Đất 82m2 tại Thuỷ Xuân Tiên, Chương Mỹ, Hà Nội, giá 2,9 tỷ","Lô đất KHU TÁI ĐỊNH CƯ THÔN XUÂN SEN, XÃ THỦY XUÂN TIÊN, CHƯƠNG MỸ, HÀ NỘI i với diện tích 82m2 và mặt tiền 5,5m, phù hợp cho nhiều loại hình xây dựng. + Diện tích 82m2, mặt tiền 5,5m, thuận lợi cho việc xây dựng nhà ở hoặc kinh doanh. + Giá 2,9 tỷ VND, hợp lý cho vị trí đắc địa. + Pháp lý đầy đủ, đảm bảo an toàn cho giao dịch. Cách Quốc lộ 21 chỉ 200m, đi lại dễ dàng về trung tâm Hà Đông Hà Nội. Điểm cộng: Khu vực yên tĩnh, thích hợp cho việc sinh sống và đầu tư. Mặt tiền rộng, dễ dàng cho các hoạt động kinh doanh. Khu đất đã có sổ đỏ, tạo sự an tâm cho người mua. Tiện ích xung quanh: Gần siêu thị Lan Chi Xuân Mai và trường Cao đẳng Nông nghiệp & Phát triển Nông thôn Bắc Bộ, trường Sỹ quan Đặc công, tạo điều kiện thuận lợi cho cuộc sống hàng ngày. Liên hệ để được tư vấn miễn phí qua số điện thoại [phone_number] và gặp Hà Phương.",Hà Nội,Đất,2900000000,82.0,2900000000.0,0.0,matched_2pct,"[{""source"": ""title"", ""text"": ""2,9 tỷ"", ""parsed_value_vnd"": 2900000000.0, ""basis"": ""total"", ""total_equivalent_vnd"": 2900000000.0}, {""source"": ""description"", ""text"": ""2,9 tỷ VND, hợp lý ch"", ""parsed_value_vnd"": 2900000000.0, ""basis"": ""total"", ""total_equivalent_vnd"": 2900000000.0}]"
shard_0001.parquet,133894,Bán lô đất đẹp đối diện KCN Đất Đỏ Phước Long Thọ BRVT,"Vị trí: Mặt tiền đường nhựa, Phước Long Thọ, BRVT. Diện tích: Ngang 200.3m2 Sẵn 80m² thổ cư. Đất sạch, vuông vức, khu dân cư đông đúc. Gần KCN Đất Đỏ, di chuyển ra biển Lộc An chỉ 10 phút. Pháp lý rõ ràng, sổ riêng sang tên ngay. https://maps.app.goo.gl/E2pGbQ85P8wNkoui8",Bà Rịa - Vũng Tàu,Đất,3004500000,200.3,,,no_supported_price,[]
shard_0006.parquet,30,CHỦ CẦN BÁN GẤP LÔ ĐẤT ĐẸP BÌNH NGUYÊN - 100M2 GIÁ HƠN 5 ĐỒNG,"Bán lô đất đẹp khu dân cư Bình Nguyên CHỦ CẦN BÁN GẤP LÔ ĐẸP BÌNH NGUYÊN Lô đất 100m mặt tiền đường N7, ngay trung tâm khu dân cư Bình Nguyên. Gần công viên nội bộ, quay lưng chung cư, thoáng mát. Sát Làng Đại học Quốc Gia Thủ Đức, kết nối nhanh về Bến xe Miền Đông mới, tuyến Metro, trục Thống Nhất 32m đang mở rộng. Sổ hồng riêng, mua bán công chứng ngay. Giá bán: 5.8tỷ (TL nhẹ bớt lộc khách thiện chí).",Bình Dương,Đất,5800000000,100.0,5800000000.0,0.0,matched_2pct,"[{""source"": ""description"", ""text"": ""5.8tỷ (TL nhẹ bớt lộ"", ""parsed_value_vnd"": 5800000000.0, ""basis"": ""total"", ""total_equivalent_vnd"": 5800000000.0}]"
shard_0008.parquet,142949,"Tổng hợp những căn hộ kẹt tiền bán gấp ở Hà Đô Centrosa Q10: 1PN, giá từ 6,2 tỷ","Tổng hợp những căn hộ ""kẹt tiền"" cần bán gấp ở Hà Đô Centrosa Q. 10. 1/ - Căn 1PN, 1WC. * 50m2, full nội thất đẹp - giá chốt 7,2 tỷ. * 50m2, nội thất cơ bản - giá chốt 7 tỷ. 2/ - Căn 1PN, 1WC. * 61m2 Full nội thất đẹp, mới hoàn thiện. * Giá chốt 7,8 tỷ. (hàng kẹt). - Cam kết: + Căn thật, giá thật, không đăng căn ảo, giá ảo. + Tư vấn tận tâm, chọn căn giá tốt nhất thị trường, + Hỗ trợ hồ sơ nhanh chóng, chuyên nghiệp. + Giá bán đã bao thuế phí sang nhượng. Không phát sinh thêm chi phí nào. PKD nhận ký gửi và tìm căn phù hợp theo yêu cầu. Hotline: [phone_number] Ms Dung. Và em còn căn hộ duplex thông tầng view Quận 1 cực đẹp tại dự án Hà Đô Centrosa. Tiện ích: + Hồ bơi như hình em đăng bên dưới. + Công viên nội khu, sân bóng rổ, khu vui chơi trẻ em. + Nướng BBQ ngoài trời. + Vườn treo thoáng mát. + Vườn tình yêu tầng 30 view Bitexco, Landmark 81, toàn cảnh quận 10. + Café, Circle K, 7 Elev",Hồ Chí Minh,Căn hộ chung cư,7000000000,54.0,6200000000.0,0.12903225806451613,mismatch,"[{""source"": ""title"", ""text"": ""6,2 tỷ"", ""parsed_value_vnd"": 6200000000.0, ""basis"": ""total"", ""total_equivalent_vnd"": 6200000000.0}, {""source"": ""description"", ""text"": ""7,2 tỷ. * 50m2, nội t"", ""parsed_value_vnd"": 7200000000.0, ""basis"": ""total"", ""total_equivalent_vnd"": 7200000000.0}, {""source"": ""description"", ""text"": ""7 tỷ. 2/ - Căn 1PN,"", ""parsed_value_vnd"": 7000000000.0, ""basis"": ""total"", ""total_equivalent_vnd"": 7000000000.0}, {""source"": ""description"", ""text"": ""7,8 tỷ. (hàng kẹt). -"", ""parsed_value_vnd"": 7800000000.0, ""basis"": ""total"", ""total_equivalent_vnd"": 7800000000.0}]"
shard_0004.parquet,115465,"Bán đất đường 7m5 Đoàn Ngọc Nhạc, Hoà Xuân, Đà Nẵng","Nắm chủ lô đường 7,5m Đoàn Ngọc Nhạc sát vtd, Thuộc Hoà Xuân, ĐN - Hướng Nam mát mẻ - Dtd 100m2 vuông vức - Vị trí gần dự án TTTM sắp khởi công - Giá 5ty250 Chắc chủ nhận cọc [phone_number]",Đà Nẵng,Đất,5250000000,100.0,5250000000.0,0.0,matched_2pct,"[{""source"": ""description"", ""text"": ""5ty250 Chắc chủ nh"", ""parsed_value_vnd"": 5250000000.0, ""basis"": ""total"", ""total_equivalent_vnd"": 5250000000.0}]"
shard_0001.parquet,174856,"Bán biệt thự đẳng cấp tại Nguyễn Thị Thập, Tân Phú, Q7, TP.HCM, 15,9 tỷ, 140m2, giá tốt","Biệt thự liền kề này tọa lạc tại đường Nguyễn Thị Thập, Phường Tân Phú, Quận 7, Hồ Chí Minh, mang lại không gian sống tuyệt vời cho gia đình. - Diện tích 140m2, thiết kế 3 tầng với 4PN, 5WC, đầy đủ tiện nghi, sẵn sàng cho cuộc sống mới. - Hướng cửa chính Đông, ban công Đông, đón ánh sáng tự nhiên suốt cả ngày. - Mặt tiền rộng 8m, ngõ rộng 6m, thuận tiện cho việc đi lại và đỗ xe. - Pháp lý đầy đủ, sổ đỏ/sổ hồng, đảm bảo an tâm cho khách hàng. - Nội thất đầy đủ với điều hòa, giường, tủ lạnh,... - Phong thủy tốt, phù hợp cho gia chủ. Cách trường học như Seami Quận 7 và Anh ngữ Cali chỉ vài phút đi bộ. Cách các siêu thị Bách Hóa Xanh chỉ 2km, thuận tiện cho việc mua sắm hàng ngày. Cách công viên lớn, không gian xanh chỉ 2km, lý tưởng cho các hoạt động ngoài trời. Liên hệ ngay Huỳnh Phi qua số [phone_number] để biết thêm chi tiết và đặt lịch xem nhà.",Hồ Chí Minh,Biệt thự/Nhà liền kề,15900000000,140.0,15900000000.0,0.0,matched_2pct,"[{""source"": ""title"", ""text"": ""15,9 tỷ, 140m2, giá tố"", ""parsed_value_vnd"": 15900000000.0, ""basis"": ""total"", ""total_equivalent_vnd"": 15900000000.0}]"
shard_0001.parquet,201023,"Cần bán nhà ngõ 649 Lĩnh Nam DT 30m2 x5 tầng MT 3,6m, giá chào 6,85 tỷ (có thương lượng)","Nhà nằm vị trí đẹp, ngõ rộng gần chợ. Tiện ích bạt ngàn. KS thiết kế đẹp, đầy đủ công năng. Phòng nào cũng có cửa sổ đón ánh nắng.",Hà Nội,Nhà,6850000000,30.0,6850000000.0,0.0,matched_2pct,"[{""source"": ""title"", ""text"": ""6,85 tỷ (có thương lượ"", ""parsed_value_vnd"": 6850000000.0, ""basis"": ""total"", ""total_equivalent_vnd"": 6850000000.0}]"
shard_0001.parquet,312859,"Chính chủ cần bán căn hộ 75 m2 dự án Skyline West Lake, giá cả thương lượng, tầng đẹp hướng mát.",Tôi chính chủ căn hộ bên dự án Skyline West lake đang có nhu cầu bán căn 2 PN thông tin như sau: - Diện tích: 75 m2 - Thiết kế 2 PN 2 WC tầng trung đẹp view nhìn hồ Tây. - Nội thất bàn giao đầy đủ từ CDT - Pháp lí: Sổ hồng lâu dài Tôi đã tìm hiểu dự án này khá kĩ và mong muốn mua để ở tuy nhiên do hiện tại có một số công việc phát sinh nên tôi muốn thanh khoản lại cho anh chị nào có nhu cầu. Gia đình nào thực sự thiện chí thì liên hệ tôi để xem cụ thể và thương lượng về giá. Hotline:,Hà Nội,Căn hộ chung cư,,75.0,,,no_supported_price,[]
shard_0008.parquet,38273,"CHỦ CHUYỂN CÔNG TÁC CẦN BÁN 60m2 LÔ ĐẤT 2 MẶT THOÁNG - VĨNH THANH (Vĩnh Ngọc) Đông Anh chỉ 7,3 tỷ.","CHỦ CHUYỂN CÔNG TÁC CẦN BÁN LÔ ĐẤT 2 MẶT TIỀN THOÁNG - THÔN VĨNH THANH - XÃ VĨNH NGỌC CŨ - HÀ NỘI . DT : 60MM2 , mt = 6m = hậu .Giá 7.3 tỷ. Có thương lượng. Vị trí: Thôn Vĩnh Thanh - Xã Vĩnh Ngọc - TP HÀ NỘI , đường 4m ô tô vào đất . Trường học các cấp , KCN Bắc Thăng Long , giao thông thuận tiện sang nội thành 5' lái xe , lên sân bay Nội Bài chỉ 10' . Sát Intracom , Vin Tàm Xá , tòa tháp tài chính 108 tầng , công viên Kim Quy tiện ích bạt ngàn. Giá siêu đầu tư 7.3 tỷ. sổ vuông như A4 chính chủ Lh: Mr Sinh",Hà Nội,Đất,7300000000,60.0,7300000000.0,0.0,matched_2pct,"[{""source"": ""title"", ""text"": ""7,3 tỷ."", ""parsed_value_vnd"": 7300000000.0, ""basis"": ""total"", ""total_equivalent_vnd"": 7300000000.0}, {""source"": ""description"", ""text"": ""7.3 tỷ. Có thương lượ"", ""parsed_value_vnd"": 7300000000.0, ""basis"": ""total"", ""total_equivalent_vnd"": 7300000000.0}, {""source"": ""description"", ""text"": ""7.3 tỷ. sổ vuông như "", ""parsed_value_vnd"": 7300000000.0, ""basis"": ""total"", ""total_equivalent_vnd"": 7300000000.0}]"
shard_0004.parquet,84784,Bán căn hộ Newton Residence nội thất cơ bản trung tâm quận Phú Nhuận giá chỉ 5.75 tỷ tầng cao,"Cần Bán căn Hộ chung cư cao cấp nhà đẹp view thoáng. Toà Newton Residence (chủ đầu tư Novaland). - Giá: 5.75 tỷ, 5% còn lại tầm thanh toán khi ra sổ, 75m2. - Thiết kế 2 phòng ngủ, 2 Wc. - Sân bay Tân Sơn Nhất, công viên Hoàng Văn Thụ. Đ/C: 38 Trương Quốc Dung, Phường 8, Phú Nhuận, Tp Hồ Chí Minh. Tiện ích miễn phí: Hồ bơi, phòng GYM và khu BBQ. LH: gặp e Bình xem nhà bất kỳ lúc nào nhé (zalo/viber/Call).",Hồ Chí Minh,Căn hộ chung cư,5750000000,75.0,5750000000.0,0.0,matched_2pct,"[{""source"": ""title"", ""text"": ""5.75 tỷ tầng cao"", ""parsed_value_vnd"": 5750000000.0, ""basis"": ""total"", ""total_equivalent_vnd"": 5750000000.0}, {""source"": ""description"", ""text"": ""5.75 tỷ, 5% còn lại tầ"", ""parsed_value_vnd"": 5750000000.0, ""basis"": ""total"", ""total_equivalent_vnd"": 5750000000.0}]"
shard_0004.parquet,26925,"Bán nhà riêng đẹp 4 tầng, 56.2m2, 18,868 tỷ tại Phố Trần Tử Bình, Cầu Giấy, Hà Nội","Nhà riêng 4 tầng tọa lạc tại Phố Trần Tử Bình, Phường Dịch Vọng Hậu, Cầu Giấy, Hà Nội, với diện tích 56.2m2. Đây là một lựa chọn lý tưởng cho những ai đang tìm kiếm không gian sống tiện nghi và hiện đại. - Diện tích: 56.2m2. - Giá: 18,868 tỷ VND. - Số phòng ngủ: 3PN. - Số phòng tắm: 3WC. - Hướng cửa chính: Đông Nam. - Hướng ban công: Đông Nam. - Mặt tiền: 4.4m. - Ngõ trước: 3m. - Nội thất: Đầy đủ điều hòa, giường, tủ lạnh... Điểm cộng: - Ngõ vào rộng rãi, phù hợp cho ô tô di chuyển. - Mặt tiền đẹp, thích hợp cho các hoạt động kinh doanh. - Pháp lý đầy đủ, sổ đỏ. Địa điểm xung quanh: - Gần siêu thị Winmart, siêu thị điện máy Pico 173 Xuân Thủy. - Bệnh viện Mắt Quốc Tế Việt - Nga, Bệnh viện Mắt Ánh Sáng, Bệnh viện 19 - 8 Bộ Công An. - Công viên Starlake Tây Hồ Tây, Công viên Cầu Giấy. - Trung tâm tiếng Nhật Kosei Hoàng Quốc Việt, Trường Mầm Non Dịch Vọng, Trường Đại Học Ngoại Ngữ - ĐHQGHN.",Hà Nội,Nhà,18868000000,56.2,18868000000000.0,0.999,mismatch,"[{""source"": ""title"", ""text"": ""18,868 tỷ tại Phố Trần T"", ""parsed_value_vnd"": 18868000000000.0, ""basis"": ""total"", ""total_equivalent_vnd"": 18868000000000.0}, {""source"": ""description"", ""text"": ""18,868 tỷ VND. - Số phòn"", ""parsed_value_vnd"": 18868000000000.0, ""basis"": ""total"", ""total_equivalent_vnd"": 18868000000000.0}]"
shard_0005.parquet,286752,"Bán nhà hẻm thông xe hơi 5m đường Nguyễn Văn Quá, An Phú Đông, 64m2, 2,4 tỷ","Bán nhà hẻm thông xe hơi 5m đường Nguyễn Văn Quá, An Phú Đông, 64m2, 2,4 tỷ. Mặt tiền (m) 4 m Chiều dài (m)16 m Số phòng ngủ 3 Số phòng tắm, vệ sinh Số tầng 3 Kết cấu bê rông chắc chắn lh ngay",Hồ Chí Minh,Nhà,2400000000,40.0,2400000000.0,0.0,matched_2pct,"[{""source"": ""title"", ""text"": ""2,4 tỷ"", ""parsed_value_vnd"": 2400000000.0, ""basis"": ""total"", ""total_equivalent_vnd"": 2400000000.0}, {""source"": ""description"", ""text"": ""2,4 tỷ. Mặt tiền (m) "", ""parsed_value_vnd"": 2400000000.0, ""basis"": ""total"", ""total_equivalent_vnd"": 2400000000.0}]"
shard_0008.parquet,126655,Chính chủ cần bán trước Tết lô đất mặt QL21 phố Sơn Đông Cổ Đông 185.2m2 giá 57.2tr 3 xe tải tránh,"Chính chủ cần bán lô đất mặt tiền QL21 phố Sơn Đông, Cổ Đông 185.2m2 giá 57.2tr/m2 Vị trí đẹp hiếm tại mặt phố QL21, 2 mặt tiền đường thông, chạy vòng quanh, đường 4 xe container tránh nhau. Diện tích: 185.2m2, giá: 1[phone_number] VNĐ Pháp lý: Sẵn sổ, công chứng trong ngày. Vị trí vô cùng đắc địa tại Cổ Đông, Sơn Tây, Hà Nội, khu vực tiềm năng phát triển mạnh. Bán kính loanh quanh 1km là Ngã Tư Lục Quân, Trường Sĩ quan Lục quân 1, Quốc lộ 21A, trục Hồ Tây Ba Vì, thuận tiện di chuyển về TT Hà Nội và đi các tỉnh. Cách 2 phút là làng Đại học Quốc gia Hà Nội, Khu Công Nghệ Cao, Ngã Tư Hòa Lạc: trung tâm giáo dục & công nghệ tiên phong bậc nhất của Việt Nam. Khoảng 4-5 phút di chuyển đến Khu công nghiệp Sơn Đông 72A, Trung tâm thị xã Sơn Tây. Sát ngay KĐT Thiên Mã & Sân gôn Đồng Mô, không gian sống xanh, trong lành. Tiện ích xung quanh thì không thiếu gì cả: Khu dân cư văn minh, hệ thống gia",Hà Nội,Đất,10640000000,185.2,57200000.0,185.01398601398603,mismatch,"[{""source"": ""title"", ""text"": ""57.2tr 3 xe tải tránh"", ""parsed_value_vnd"": 57200000.0, ""basis"": ""total"", ""total_equivalent_vnd"": 57200000.0}, {""source"": ""description"", ""text"": ""57.2tr/m2 Vị trí đẹp "", ""parsed_value_vnd"": 57200000.0, ""basis"": ""per_m2"", ""total_equivalent_vnd"": 10593440000.0}]"
shard_0007.parquet,147766,"Cần bán shophouse liền kề xẻ khe 90m2, DA - Vinhomes Ocean Park - Gia Lâm - 23.x tỷ","Cần bán shophouse liền kề xẻ khe 90m2, Vinhomes Ocean Park, Gia Lâm. Vị trí nằm trên trục đường 52m, kinh doanh đông đúc, tiềm năng cho thuê và tăng giá lớn. Diện tích 90m2. Xây dựng 62,5m2/sàn (4,5 tầng). Mặt tiền 7.5m. Sổ đỏ lâu dài. Chi tiết LH: để được xem nhà.",Hà Nội,Shophouse,,90.0,,,no_supported_price,[]
shard_0005.parquet,33553,BÁN NHANH CĂN GÓC CHUNG CƯ PHÚ MỸ VẠN PHÁT HƯNG | 80m² 2PN VIEW THOÁNG MÁT | GIÁ CHỈ 4.6 TỶ,"BÁN NHANH CĂN GÓC CHUNG CƯ PHÚ MỸ VẠN PHÁT HƯNG | 80m² 2PN FULL NỘI THẤT VIEW THOÁNG MÁT | GIÁ CHỈ 4.6 TỶ Bạn đang tìm một căn hộ ở thật, không gian sống yên tĩnh, thoáng mát, an ninh tốt, nằm ngay trung tâm Quận 7? Đây chính là lựa chọn đáng sở hữu nhất trong tầm tài chính dưới 5 tỷ! 1 Thông tin căn hộ nổi bật Diện tích: 80m² Kết cấu: 2 phòng ngủ 2WC Vị trí căn hộ: Căn góc lầu cao, cực kỳ thoáng, đón gió ánh sáng tự nhiên cả ngày Tình trạng: Nhà đẹp, full nội thất cao cấp, chỉ việc xách vali vào ở Pháp lý: Sổ hồng đầy đủ, sang tên ngay Giá bán: 4.6 tỷ giá tốt nhất thị trường hiện tại 2 Lý do nên chọn Phú Mỹ Vạn Phát Hưng, Quận 7 Phú Mỹ Vạn Phát Hưng là một trong những khu căn hộ đáng sống nhất tại Quận 7, đặc biệt phù hợp: Gia đình trẻ Người làm việc tại Phú Mỹ Hưng Chuyên gia muốn tìm nơi sống yên tĩnh nhưng tiện ích đầy đủ Tiện ích nội khu: Hồ bơi Công viên nội khu Khu vui chơi trẻ em",Hồ Chí Minh,Căn hộ chung cư,4600000000,80.0,4600000000.0,0.0,matched_2pct,"[{""source"": ""title"", ""text"": ""4.6 TỶ"", ""parsed_value_vnd"": 4600000000.0, ""basis"": ""total"", ""total_equivalent_vnd"": 4600000000.0}, {""source"": ""description"", ""text"": ""4.6 TỶ Bạn đang tìm m"", ""parsed_value_vnd"": 4600000000.0, ""basis"": ""total"", ""total_equivalent_vnd"": 4600000000.0}, {""source"": ""description"", ""text"": ""5 tỷ! 1 Thông tin c"", ""parsed_value_vnd"": 5000000000.0, ""basis"": ""total"", ""total_equivalent_vnd"": 5000000000.0}, {""source"": ""description"", ""text"": ""4.6 tỷ giá tốt nhất t"", ""parsed_value_vnd"": 4600000000.0, ""basis"": ""total"", ""total_equivalent_vnd"": 4600000000.0}, {""source"": ""description"", ""text"": ""4.6 tỷ mức giá thấp h"", ""parsed_value_vnd"": 4600000000.0, ""basis"": ""total"", ""total_equivalent_vnd"": 4600000000.0}]"
shard_0006.parquet,291925,"BÁN NHÀ 80M2 - 4 TẦNG HXH GẦN CHỢ HIỆP BÌNH, PHẠM VĂN ĐỒNG - HIỆP BÌNH CHÁNH GIÁ 7,68 TỶ","BÁN NHÀ HXH - 80M2 - 4 TẦNG - CHỈ 7,68 TỶ SÁT PHẠM VĂN ĐỒNG - CHỢ HIỆP BÌNH - GIGAMAIL HIỆP BÌNH CHÁNH Xây dựng 4 tầng - Hoàn công đầy đủ. Công năng full gồm: Sân để xe ôtô. Khách, Bếp, 4 P.Ngủ, 4 toilet, phòng thờ, 2 sân thượng. Sổ hồng riêng, công chứng ngay trong ngày. Liên hệ: TL chính chủ (TK)",Hồ Chí Minh,Nhà,7680000000,80.0,7680000000.0,0.0,matched_2pct,"[{""source"": ""title"", ""text"": ""7,68 TỶ"", ""parsed_value_vnd"": 7680000000.0, ""basis"": ""total"", ""total_equivalent_vnd"": 7680000000.0}, {""source"": ""description"", ""text"": ""7,68 TỶ SÁT PHẠM VĂN Đ"", ""parsed_value_vnd"": 7680000000.0, ""basis"": ""total"", ""total_equivalent_vnd"": 7680000000.0}]"
shard_0001.parquet,259481,"Tôi chính chủ, tuổi già sức yếu, nên bán gấp lô đất Mỹ Phước","Tôi chính chủ, tuổi già sức yếu, nên bán gấp lô đất Mỹ Phước. DT 5x30, 150m2 tôi mua năm 2018, giá thị trường 1,6ty tôi chấp nhận bán rẻ. Giá 1.450tr. Hỗ trợ vay ngân hàng 1,2ty. Đất tôi sổ hồng rieng, thổ cư 100%, trong khu dân cư quy hoạch chuẩn Becamex. Ngay chợ trường học, khu dân cư đông đúc. Rất tiện xây trọ, kd buôn bán. Liên hệ chính chủ.",Bình Dương,Đất,1450000000,150.0,,,multiple_text_prices,"[{""source"": ""description"", ""text"": ""1,6ty tôi chấp nhận "", ""parsed_value_vnd"": 1600000000.0, ""basis"": ""total"", ""total_equivalent_vnd"": 1600000000.0}, {""source"": ""description"", ""text"": ""1.450tr. Hỗ trợ vay ng"", ""parsed_value_vnd"": 1450000000.0, ""basis"": ""total"", ""total_equivalent_vnd"": 1450000000.0}, {""source"": ""description"", ""text"": ""1,2ty. Đất tôi sổ hồ"", ""parsed_value_vnd"": 1200000000.0, ""basis"": ""total"", ""total_equivalent_vnd"": 1200000000.0}]"
shard_0003.parquet,225670,"Cần tiền bán gấp 40 m2 Đa Tốn - Gia Lâm, giá chỉ 3.25 tỷ","Gia đình cần tiền làm ăn, bán nhanh mảnh đất Ngọc Động - Đa Tốn Diện tích 40 m2, mặt tiền 3.8 m, đường trước nhà 3m, ô tô vào đất Đất vuông như bánh chưng, dân cư đông đúc, hàng xóm thân thiện Gần chợ, trường học mâm non, tiểu học, cấp 2 Đa Tốn Giáp khu đô thị Vin, cách Khu đô thị Eco Park chỉ 2km Giá chỉ 3,25 tỷ bao sang tên Liên hệ em Hoàn [phone_number]",Hà Nội,Đất,3250000000,40.0,3250000000.0,0.0,matched_2pct,"[{""source"": ""title"", ""text"": ""3.25 tỷ"", ""parsed_value_vnd"": 3250000000.0, ""basis"": ""total"", ""total_equivalent_vnd"": 3250000000.0}, {""source"": ""description"", ""text"": ""3,25 tỷ bao sang tên L"", ""parsed_value_vnd"": 3250000000.0, ""basis"": ""total"", ""total_equivalent_vnd"": 3250000000.0}]"
shard_0002.parquet,1660,"Bán nhà Phường Bình Hưng Hòa A, Bình Tân, Đ. Gò xoài 2/, gần Village Làng May Mắn, DT 40m2/2,5 tỷ","Cần bán nhà Phường Bình Hưng Hòa A, Bình Tân đường hẻm 2/, Gò Xoài. DT: 40m2 (3,4 x 12m2), đúc lửng dài như 1 tấm. 2 phòng ngủ, 2WC. Hẻm 4,5m thông tứ hướng, nhà còn khá ok. Đẹp như hoa hậu, chỉ xách vali vào ở. Giá: 2.500 tỷ bớt ít. Ngân hàng cho vay 50%. Liên hệ trao đổi + đi xem qua SDT.",Hồ Chí Minh,Nhà,2500000000,40.0,2500000000.0,0.0,matched_2pct,"[{""source"": ""title"", ""text"": ""2,5 tỷ"", ""parsed_value_vnd"": 2500000000.0, ""basis"": ""total"", ""total_equivalent_vnd"": 2500000000.0}, {""source"": ""description"", ""text"": ""2.500 tỷ bớt ít. Ngân h"", ""parsed_value_vnd"": 2500000000000.0, ""basis"": ""total"", ""total_equivalent_vnd"": 2500000000000.0}]"
shard_0008.parquet,338745,GẤP BÁN NHÀ 100m2 - 4 TẦNG 5PN - HXH NHỈNH 9 TỶ CÒN TL,"BÁN NHÀ AN NHƠN GÒ VẤP HẺM XE HƠI GIÁ TỐT Địa chỉ: P. An Nhơn, Gò Vấp Giá bán: 9.7tỷ (thương lượng) Kết cấu: 1 trệt 1 lửng 3 lầu + sân thượng 5 phòng ngủ 6 WC sân đậu ô tô 5m Hẻm lớn hơn đường chính, thông thoáng, vị trí cực đẹp Ưu điểm nổi bật: Gần chợ An Nhơn, ngã 4 Nguyễn Oanh Lê Đức Thọ Khu dân cư đông, tiện kinh doanh ở ngay Sổ hồng riêng, pháp lý chuẩn, công chứng nhanh Liên hệ ngay: Hải Châu",Hồ Chí Minh,Nhà,0,100.0,9000000000.0,1.0,mismatch,"[{""source"": ""title"", ""text"": ""9 TỶ CÒN TL"", ""parsed_value_vnd"": 9000000000.0, ""basis"": ""total"", ""total_equivalent_vnd"": 9000000000.0}, {""source"": ""description"", ""text"": ""9.7tỷ (thương lượng)"", ""parsed_value_vnd"": 9700000000.0, ""basis"": ""total"", ""total_equivalent_vnd"": 9700000000.0}]"
shard_0000.parquet,191988,"Bán đất 68m2 gần trường, chợ, giá 1,4 tỷ tại Thái Bình","Cần bán mảnh đất diện tích 68m2, giá 1,4 tỷ (bao sổ). Đường thông thoáng tứ phía, gần trường học, gần chợ. Anh chị nào thiện chí liên hệ [phone_number] để đi xem đất trực tiếp.",Thái Bình,Đất,1400000000,68.0,1400000000.0,0.0,matched_2pct,"[{""source"": ""title"", ""text"": ""1,4 tỷ tại Thái Bình"", ""parsed_value_vnd"": 1400000000.0, ""basis"": ""total"", ""total_equivalent_vnd"": 1400000000.0}, {""source"": ""description"", ""text"": ""1,4 tỷ (bao sổ). Đườn"", ""parsed_value_vnd"": 1400000000.0, ""basis"": ""total"", ""total_equivalent_vnd"": 1400000000.0}]"
shard_0003.parquet,349697,"Bán nhà riêng 28m2, 8,35 tỷ, Trần Khát Chân, Thanh Lương, Hai Bà Trưng, Hà Nội, view đẹp","Nhà riêng tại Trần Khát Chân, Phường Thanh Lương, Hai Bà Trưng, Hà Nội, với diện tích 28 m2, đang được chào bán với giá 8,35 tỷ VND. Đây là cơ hội tuyệt vời cho những ai đang tìm kiếm một không gian sống tiện nghi và hiện đại. + 3 phòng ngủ (PN) + + 4 toilet (WC) + + 5 tầng + + Hướng cửa chính: Đông Nam + + Hướng ban công: Nam + + Chiều ngang mặt tiền: 2.6m + + Chiều rộng ngõ trước: 3m + + Pháp lý đầy đủ + Ngôi nhà mang đến không chỉ không gian sống thoải mái mà còn thuận tiện cho việc đi lại. Đường vào rộng rãi, dễ dàng cho xe ô tô di chuyển. Mặt tiền rộng thích hợp cho việc kinh doanh nếu cần thiết. Khu vực an ninh tốt, tạo cảm giác yên tâm cho cư dân. Gần nhà có nhiều tiện ích như bệnh viện Đa Khoa Hà Nội, siêu thị Winmart Vincom Times City, và công viên Tuổi Trẻ Thủ Đô, mang đến cuộc sống đầy đủ và tiện nghi cho cư dân nơi đây. Liên hệ để biết thêm chi tiết về ngôi nhà: Bùi Văn Linh",Hà Nội,Nhà,8350000000,28.0,8350000000.0,0.0,matched_2pct,"[{""source"": ""title"", ""text"": ""8,35 tỷ, Trần Khát Châ"", ""parsed_value_vnd"": 8350000000.0, ""basis"": ""total"", ""total_equivalent_vnd"": 8350000000.0}, {""source"": ""description"", ""text"": ""8,35 tỷ VND. Đây là cơ"", ""parsed_value_vnd"": 8350000000.0, ""basis"": ""total"", ""total_equivalent_vnd"": 8350000000.0}]"
shard_0007.parquet,284087,"Bán gấp nhà ngay Trần Phú, ngay KĐT Mỗ Lao - 51m2x4T full nội thất mặt ngõ thông 10m ôtô đỗ gần","Bán gấp nhà ngay Trần Phú, ngay KĐT Mỗ Lao - 51m2 x 4 tầng full nội thất mặt ngõ thông 10m. Ôtô đỗ gần. Diện tích: 51m2. Nhà xây: 4 tầng kiên cố. Giá nhỉnh 7 tỷ (thương lượng thêm). + Vị trí: Nằm ngay khu Văn Quán, Mỗ Lao, trung tâm quận Hà Đông. Mặt ngõ thông ra thẳng đường Trần Phú, ga Văn Quán, Hồ Gươm Plaza. Cách mặt phố ~40m. Gần ga Văn Quán, Trần Phú, di chuyển Nguyễn Trãi, nội đô cực thuận tiện. + Thiết kế: Tầng 1: Phòng khách + bếp, nhà để xe, sân. Tầng 2, 3: Mỗi tầng 2PN, vệ sinh giữa. Tầng 4: Phòng thờ + sân phơi. Tiện ích xung quanh đầy đủ: Chợ Văn Quán, trường cấp 12, trung tâm thương mại, khu dân cư đông đúc. Pháp lý: Sổ đỏ chính chủ. Liên hệ xem nhà: [phone_number]Zalo).",Hà Nội,Nhà,0,51.0,7000000000.0,1.0,mismatch,"[{""source"": ""description"", ""text"": ""7 tỷ (thương lượng "", ""parsed_value_vnd"": 7000000000.0, ""basis"": ""total"", ""total_equivalent_vnd"": 7000000000.0}]"
shard_0009.parquet,178673,"Bán căn hộ La Astoria có sổ hồng 76m2, 3PN, 2WC, giá bán: 4.950 tỷ. Ib Zalo","+ Bán căn hộ chung cư La Astoria tại Nguyễn Duy Trinh, Bình Trưng Tây, Quận 2, sát Global City, Prive cao cấp. + Diện tích: 76m2, 3pn, 2wc. + Có nội thất. View đẹp thoáng. + Căn hộ có phong thủy tốt, mang lại tài lộc cho gia chủ. + Nằm trong khu vực an ninh, yên tĩnh, tiện ích đầy đủ. Địa điểm tiện ích xung quanh: - Gần chợ, siêu thị, thuận tiện cho việc mua sắm hàng ngày. - Cách công viên phường Phú Hữu và Melosa Garden chỉ vài phút đi bộ, lý tưởng cho các hoạt động thể thao và thư giãn. - Gần các trường mầm non như Blue Sky Kindergarten và Tiny House Montessori Phú Hữu, thuận lợi cho việc học tập của trẻ. + Giá bán: 4.950 tỷ bao thuế phí. + LH xem nhà: Ms Dương Zalo.",Hồ Chí Minh,Căn hộ chung cư,4950000000,76.0,4950000000000.0,0.999,mismatch,"[{""source"": ""title"", ""text"": ""4.950 tỷ. Ib Zalo"", ""parsed_value_vnd"": 4950000000000.0, ""basis"": ""total"", ""total_equivalent_vnd"": 4950000000000.0}, {""source"": ""description"", ""text"": ""4.950 tỷ bao thuế phí. "", ""parsed_value_vnd"": 4950000000000.0, ""basis"": ""total"", ""total_equivalent_vnd"": 4950000000000.0}]"
shard_0003.parquet,201264,"Bán gấp đất hiếm! Lô góc - 35m2 - MT: 3.5m - Morning đỗ cửa - ngay KĐT Văn Phú, Hà Đông","- Diện tích: 35m2. - Giá: Giá thỏa thuận. - Mặt tiền: 3.5m x chiều dài: 10m. - Lô góc 2 thoáng vĩnh viễn. - Pháp lý: Pháp lý đầy đủ, sổ đỏ. Địa điểm xung quanh: - Gần chợ Văn La. - Trường mầm non Tuổi Thần Tiên. - 100m ra khu đô thị Văn Phú. Liên hệ chính chủ.",Hà Nội,Đất,,35.0,,,no_supported_price,[]
shard_0006.parquet,60861,"Bán nhà C4 tiện xây CHDV (4,2x24m)~100tr/m2 hầm 5 tầng 17 phòng dòng tiền 100tr/tháng hẻm xe hơi","Nhà riêng này nằm ở Bùi Đình Túy, Bình Thạnh, nơi có không khí trẻ trung và nhộn nhịp. Với diện tích 110m2, 17PN, 17WC và 6 tầng, đây là một không gian lý tưởng cho ai muốn có một tổ ấm rộng rãi hay đầu tư sinh lời. + Giá cực hot chỉ 11,5 tỷ VND. + Thiết kế hiện đại, phù hợp với phong cách sống năng động. + 17 phòng ngủ lớn, đáp ứng nhu cầu cho gia đình đông người hoặc cho thuê. + 17 toilet thoải mái, không lo chen chúc. + Phong thủy tốt, đón ánh sáng và gió tự nhiên. Địa điểm xung quanh: - Bệnh viện Bình Thạnh. - Bệnh viện Nhân Dân Gia Định. - Bệnh viện Ung Bướu TP. HCM. - Wall Street English Gò Vấp. - Thiên Phúc Music - Nhạc Cụ Thiên Phúc. - Kindy City International Preschool. - Siêu thị Điện Máy Tự Do. - Siêu thị Trực Tuyến Chiaki. - Winmart + .",Hồ Chí Minh,Nhà,11500000000,110.0,11000000000.0,0.045454545454545456,mismatch,"[{""source"": ""title"", ""text"": ""100tr/m2 hầm 5 tầng "", ""parsed_value_vnd"": 100000000.0, ""basis"": ""per_m2"", ""total_equivalent_vnd"": 11000000000.0}, {""source"": ""description"", ""text"": ""11,5 tỷ VND. + Thiết k"", ""parsed_value_vnd"": 11500000000.0, ""basis"": ""total"", ""total_equivalent_vnd"": 11500000000.0}]"
shard_0009.parquet,123595,Bán lô Đầm Sen giá tốt sát trục chính Quảng Nam,"Bán nhanh lô đầm sen Nam Hoà Xuân đường 7m5 Bờ Quan 3 (giá tốt đầu tư). B2.136 lô 1x. Diện tích: 100m2 (5*20m). Hướng: Tây Bắc, lề rộng 3m5. Vị trí đẹp, phù hợp đầu tư, an cư, xây căn hộ. Pháp lý rõ ràng sổ hồng sẵn công chứng. Liên hệ ngay để được giá tốt.",Đà Nẵng,Đất,6050000000,100.0,,,no_supported_price,[]
shard_0001.parquet,343814,"Bán biệt thự KDC Phước Lộc, Long Hòa, Cần Giờ: 19,2m (NH: 21,2m) x 30= 606m2, giá 27,9 tỷ","Bán biệt thự KDC Phước Lộc, xã Long Hòa, Cần Giờ. Diện tích: 19,2m (nở hậu: 21,2m) x 30= 606m2; trệt + 1 lầu, áp mái. View sông thoáng mát, gần biển, vin, chợ Hàng Dương, thích hợp để ở, làm văn phòng cty hoặc đầu tư. Sổ hồng chính chủ. Giá bán: 27,9 tỷ. (~ 46 triệu/m2). LH: [phone_number] Thành.",Hồ Chí Minh,Biệt thự/Nhà liền kề,27900000000,606.0,27900000000.0,0.0,matched_2pct,"[{""source"": ""title"", ""text"": ""27,9 tỷ"", ""parsed_value_vnd"": 27900000000.0, ""basis"": ""total"", ""total_equivalent_vnd"": 27900000000.0}, {""source"": ""description"", ""text"": ""27,9 tỷ. (~ 46 triệu/m"", ""parsed_value_vnd"": 27900000000.0, ""basis"": ""total"", ""total_equivalent_vnd"": 27900000000.0}, {""source"": ""description"", ""text"": ""46 triệu/m2). LH: [phon"", ""parsed_value_vnd"": 46000000.0, ""basis"": ""per_m2"", ""total_equivalent_vnd"": 27876000000.0}]"
shard_0006.parquet,47966,"BÁN NHÀ HỒNG MAI- 5 TẦNG THANG MÁY LÔ GÓC - SỔ NỞ HẬU - HAI BÀ TRƯNG DT 50m, Mt 4.8m Giá 17.5 tỷ","BÁN NHÀ HỒNG MAI- 5 TẦNG THANG MÁY LÔ GÓC - SỔ NỞ HẬU - VỀ Ở LUÔN - HAI BÀ TRƯNG DT 50m, Mt 4.8m Giá 17.5 tỷ - Vị trí đẹp, lô góc 2 mặt thoáng vĩnh viễn. Cách phố 25m. Ngõ nông, rộng ba gác phi thoải mái. - Thiết kế 5 tầng thang máy mới, đẹp hiện đại - Tầng 1: Phòng khách, Wc - Tầng 2,3: Mỗi tầng 1 phòng ngủ rộng, Wc - Tầng 4: 2 phòng ngủ, Wc - Tầng 5: Bếp + phòng thờ + sân phơi. Sổ đỏ chính chủ, nở hậu sẵn sàng giao dịch Liên hệ chủ nhà - MTG",Hà Nội,Nhà,17500000000,50.0,17500000000.0,0.0,matched_2pct,"[{""source"": ""title"", ""text"": ""17.5 tỷ"", ""parsed_value_vnd"": 17500000000.0, ""basis"": ""total"", ""total_equivalent_vnd"": 17500000000.0}, {""source"": ""description"", ""text"": ""17.5 tỷ - Vị trí đẹp, "", ""parsed_value_vnd"": 17500000000.0, ""basis"": ""total"", ""total_equivalent_vnd"": 17500000000.0}]"
shard_0004.parquet,92450,"Bán đất nền Cổ Đông, 3,3 tỷ, 100m2, mặt tiền 5.25m, pháp lý đầy đủ","Đất nền tại Cổ Đông, Sơn Tây, Hà Nội có diện tích 100m2, giá 3,3 tỷ VND. - Giá F0 suất ngoại giao của chủ đầu tư. - Pháp lý đầy đủ, sẵn sổ đỏ. - Chiều ngang mặt tiền 5,25m, đường vào rộng 2 ô tô tránh nhau, vị trí giao thông thuận tiện. - Nằm ở vị trí đắc địa, hướng Đông Bắc. Vị trí cực kỳ đắc địa. - Lô đất nằm ngay Ngã Tư Lục Quân, cách Ql21 chỉ 200m, trục Hồ Tây - Ba Vì 300m. - Cách cổng số 4 của Đại Học Quốc Gia chỉ 1km. - Từ đất di chuyển ra tới khu Công Nghệ Cao Hòa Lạc và Đại Học FPT chỉ 5p. - Bán kính 500m là trường c1, c2, c3 trường mầm non, UBND, sân bóng,... - Nằm trong khu dân cư đông đúc, kinh doanh buôn bán sấm uất nhất Hòa Lạc, xung quanh đấy đủ tiện ích siêu thị, chợ trung tâm, thế giới di động, siêu thị điện máy, bệnh viện,...",Hà Nội,Đất,3300000000,100.0,3300000000.0,0.0,matched_2pct,"[{""source"": ""title"", ""text"": ""3,3 tỷ, 100m2, mặt ti"", ""parsed_value_vnd"": 3300000000.0, ""basis"": ""total"", ""total_equivalent_vnd"": 3300000000.0}, {""source"": ""description"", ""text"": ""3,3 tỷ VND. - Giá F0 "", ""parsed_value_vnd"": 3300000000.0, ""basis"": ""total"", ""total_equivalent_vnd"": 3300000000.0}]"
shard_0003.parquet,302159,"Bán nhà mặt tiền đường Trưng Nữ Vương - kẹp kiệt, Hòa Thuận Tây, Hải Châu, DT 90m2, giá 13 tỷ","Bán nhà mặt tiền đường Trưng Nữ Vương, Phường Hòa Thuận Tây, Quận Hải Châu - Diện tích: 90.2 m2 - Ngang: 4.2 m - Nhà: 1 tầng, 1 phòng ngủ, 1 wc - Hướng: Đông nam - Đường trước nhà: 15 m, Vỉa hè: 9.5 m , KẸP KIỆT đường phía sau thông thoáng -Tiện Ích: - Gần các tiện ích như chợ, trường học, bệnh viện và siêu thị, Vị trí cực đẹp ngay trung tâm, tuyến đường kinh doanh sầm uất, sát Nguyễn Văn Linh Cầu Rồng. - Khu vực dân cư đông đúc, khí hậu trong lành, gần sông, gần biển đi mấy phút là đến, - Cơ hội đầu tư ngắn hạn và dài hạn, - Giá: 13 tỷ TL ----- Liên hệ để xem và làm việc Call/Zalo : O96716O99O Lê Ân DANALAND #Sàn giao dịch BĐS Thiên Ân Holdings chuyên nhận ký gởi mua bán, cho thuê nhà, đất, căn hộ và khách sạn TP Đà Nẵng. Hỗ trợ thủ tục pháp lý",Đà Nẵng,Nhà,13000000000,90.0,13000000000.0,0.0,matched_2pct,"[{""source"": ""title"", ""text"": ""13 tỷ"", ""parsed_value_vnd"": 13000000000.0, ""basis"": ""total"", ""total_equivalent_vnd"": 13000000000.0}, {""source"": ""description"", ""text"": ""13 tỷ TL ----- Liên "", ""parsed_value_vnd"": 13000000000.0, ""basis"": ""total"", ""total_equivalent_vnd"": 13000000000.0}]"
shard_0006.parquet,345176,Cần bán gấp đất mặt tiền đường quốc lộ ngay trung tâm Ninh Hoà,"Cần bán gấp đất ngay quốc lộ ngay trung tâm Ninh Hoà gần trạm thu phí thuận lợi kinh doanh mua bán khu sầm uất. Diện tích: 402,9m2 thổ cư. Giá bán 6 tỷ thương lượng chính chủ. Liên hệ:",Khánh Hòa,Đất,6000000000,402.9,6000000000.0,0.0,matched_2pct,"[{""source"": ""description"", ""text"": ""6 tỷ thương lượng c"", ""parsed_value_vnd"": 6000000000.0, ""basis"": ""total"", ""total_equivalent_vnd"": 6000000000.0}]"
shard_0009.parquet,320592,"Chính chủ bán cắt lỗ biệt thự Solasta Mansion Dương Nội gần BV Nhi, ĐH Phenikaa","Khách hàng vừa mua đầu tư giữ tài sản, dòng tiền về chậm giờ cần xoay vốn nên đành bán lại, chấp nhận giá thấp hơn kỳ vọng cho khách thiện chí. - Vị trí trung tâm Dương Nội, gần ĐH Phenikaa BV Nhi cơ sở 2. - Giá tốt nhất thị trường biệt thự 435m2 sử dụng chỉ nhỉnh 30 tỷ. - Khách quan tâm chốt căn cắt ngay 500tr, tặng lại gói nội thất 500tr. Khách cần bán nhanh, ưu tiên khách thiện chí làm việc trực tiếp. Ai quan tâm ib hoặc gọi điện để trao đổi thêm.",Hà Nội,Biệt thự/Nhà liền kề,33150000000,170.0,,,multiple_text_prices,"[{""source"": ""description"", ""text"": ""30 tỷ. - Khách quan "", ""parsed_value_vnd"": 30000000000.0, ""basis"": ""total"", ""total_equivalent_vnd"": 30000000000.0}, {""source"": ""description"", ""text"": ""500tr, tặng lại gói "", ""parsed_value_vnd"": 500000000.0, ""basis"": ""total"", ""total_equivalent_vnd"": 500000000.0}, {""source"": ""description"", ""text"": ""500tr. Khách cần bán"", ""parsed_value_vnd"": 500000000.0, ""basis"": ""total"", ""total_equivalent_vnd"": 500000000.0}]"
shard_0008.parquet,271579,Chỉ Hơn 14Tỷ! Bán Nhà Xuân La - Tây Hồ - Lô Góc - Xây Mới - Thang Máy- 15m Ô Tô - Ngõ Thông,"Chỉ Hơn 14Tỷ! Bán Nhà Xuân La - Tây Hồ - - Lô Góc - Xây Mới - 15m Ô Tô - Ngõ Thông Thiết kế 5 tầng thang máy Tầng 1 : khách + bếp Tầng 2,3,4 : mỗi tầng 2 phòng 2 ngủ, wc Tầng 5 : phòng thờ , sân phơi Sổ đỏ pháp lý chuẩn, sẵn sàng giao dịch ngay...",Hà Nội,Nhà,14000000000,60.0,14000000000.0,0.0,matched_2pct,"[{""source"": ""title"", ""text"": ""14Tỷ! Bán Nhà Xuân "", ""parsed_value_vnd"": 14000000000.0, ""basis"": ""total"", ""total_equivalent_vnd"": 14000000000.0}, {""source"": ""description"", ""text"": ""14Tỷ! Bán Nhà Xuân "", ""parsed_value_vnd"": 14000000000.0, ""basis"": ""total"", ""total_equivalent_vnd"": 14000000000.0}]"
shard_0006.parquet,53949,"Bán gấp đất mặt tiền 5m, 62.8m2 tại Quang Tiến, Sóc Sơn, Hà Nội, 2,7 tỷ VND","Bán đất đẹp Quảng Hội, Quang Tiến, Sóc Sơn Hà Nội. Diện tích: 62,8m2 trong đó có 22,8m2 đất TCLN. 40m2 đất ở. Mặt tiền = Hậu: 5m đất vuông vắn, đẹp. Đường trước đất: 6m ô tô tránh nhau thoải mái. Vị trí cực đẹp: Cách đường 131 chỉ 500m. Cách KCN CN2 & CN3 chỉ 500m tiềm năng tăng giá mạnh. Khu dân cư hiện hữu, an ninh tốt, tiện ích xung quanh đầy đủ. Thích hợp xây nhà ở hoặc đầu tư sinh lời cực tốt.",Hà Nội,Đất,2700000000,62.8,2700000000.0,0.0,matched_2pct,"[{""source"": ""title"", ""text"": ""2,7 tỷ VND"", ""parsed_value_vnd"": 2700000000.0, ""basis"": ""total"", ""total_equivalent_vnd"": 2700000000.0}]"
shard_0008.parquet,128415,"Bán nhà phố Elite Life Long Hậu giá 3,8tỷ nhà hoàn thiện ngoài, thô trong, Dt: 5x16","Cần bán nhanh căn nhà phố cao cấp Elite Life mặt tiền đường DT826E lộ giới 40m. DT: 5x16, XD: 1 trệt + 2 lầu. Giá: 3tỷ8. Liên hệ [phone_number] em Trân xem trực tiếp dự an.",Long An,Biệt thự/Nhà liền kề,3800000000,80.0,3800000000.0,0.0,matched_2pct,"[{""source"": ""title"", ""text"": ""3,8tỷ nhà hoàn thiện"", ""parsed_value_vnd"": 3800000000.0, ""basis"": ""total"", ""total_equivalent_vnd"": 3800000000.0}, {""source"": ""description"", ""text"": ""3tỷ8. Liên hệ [pho"", ""parsed_value_vnd"": 3800000000.0, ""basis"": ""total"", ""total_equivalent_vnd"": 3800000000.0}]"
shard_0000.parquet,346447,"Bán đất MT Võ Văn Điều, Xã Trung Lập Thượng DT 7137m2 đất cây lâu năm giá 9tr/m2 xung quanh dân CD","Bán đất MT Võ Văn Điều Xã Trung Lập Thượng. DT 7137m2 đất cây lâu năm. Giá 9tr/m2 tổng 64.233 tỷ. Xung quanh dân cư đông. Thông Tỉnh Lộ 7, Tỉnh Lộ 2, QL22 cũ.",Hồ Chí Minh,Đất,64233000000,7137.0,64233000000.0,0.0,matched_2pct,"[{""source"": ""title"", ""text"": ""9tr/m2 xung quanh "", ""parsed_value_vnd"": 9000000.0, ""basis"": ""per_m2"", ""total_equivalent_vnd"": 64233000000.0}, {""source"": ""description"", ""text"": ""9tr/m2 tổng 64.233"", ""parsed_value_vnd"": 9000000.0, ""basis"": ""per_m2"", ""total_equivalent_vnd"": 64233000000.0}, {""source"": ""description"", ""text"": ""64.233 tỷ. Xung quanh dâ"", ""parsed_value_vnd"": 64233000000000.0, ""basis"": ""total"", ""total_equivalent_vnd"": 64233000000000.0}]"
shard_0005.parquet,289236,Bán nhà C4 2 mặt kiệt 245/11 Bế Văn Đàn. DT: 3.9 x 10.5m,"Bán nhà C4 2 mặt kiệt 245/11 Bế Văn Đàn - Gần Mai Xuân Thưởng, Điện Biên Phủ - DT: 41.4m2 _ ngang 3m9 nở hậu 3m95 - Kiệt 2m7 cách đường chính chỉ 37m - Nhà C4 khang trang sạch đẹp - Giá ok: 3.250 tỷ LH: A Bình (xem mua bán chính chủ)",Đà Nẵng,Nhà,3250000000,41.4,3250000000000.0,0.999,mismatch,"[{""source"": ""description"", ""text"": ""3.250 tỷ LH: A Bình (xe"", ""parsed_value_vnd"": 3250000000000.0, ""basis"": ""total"", ""total_equivalent_vnd"": 3250000000000.0}]"
shard_0003.parquet,202528,Bán lô đất khu chợ Long Trường đường 8m quận 9,"Giỏ hàng KDC Sài Gòn Newland - kế Nam Khang - kế Đông Tăng Long - chợ Long Trường Q9. ------------ 53,3m2 (ngang 4,1 x 13m). Giá 3,6 tỷ hướng Tây Bắc. ------------ Cx: 53,3m2 (ngang 4,1 x 13m). Giá 3.7 tỷ hướng Đông Nam. ------------ Dx: 57,2m2 (ngang 4 x 14,3m. Giá 3,8tỷ hướng Đông Nam. ------------ C2x: 62m2 (4 x 15,5m). Giá 3,98tỷ hướng Đông Nam. All sổ hồng riêng, đường nhựa rộng 8m. KDC dân trí, đầy đủ tiện ích xung quanh. LH em [phone_number] xem đất thực tế.",Hồ Chí Minh,Đất,3600000000,53.3,,,multiple_text_prices,"[{""source"": ""description"", ""text"": ""3,6 tỷ hướng Tây Bắc."", ""parsed_value_vnd"": 3600000000.0, ""basis"": ""total"", ""total_equivalent_vnd"": 3600000000.0}, {""source"": ""description"", ""text"": ""3.7 tỷ hướng Đông Nam"", ""parsed_value_vnd"": 3700000000.0, ""basis"": ""total"", ""total_equivalent_vnd"": 3700000000.0}, {""source"": ""description"", ""text"": ""3,8tỷ hướng Đông Nam"", ""parsed_value_vnd"": 3800000000.0, ""basis"": ""total"", ""total_equivalent_vnd"": 3800000000.0}, {""source"": ""description"", ""text"": ""3,98tỷ hướng Đông Nam"", ""parsed_value_vnd"": 3980000000.0, ""basis"": ""total"", ""total_equivalent_vnd"": 3980000000.0}]"
shard_0004.parquet,252909,"Bán Nhà Riêng 4PN, 3WC, 60m2, 6,79 tỷ tại Sơn Kỳ, Tân Phú, HCM Chính chủ","Nhà riêng 4PN + 3 WC/PT + bếp, diện tích 60m2, giá chỉ 6,79 tỷ VND. Ưu điểm: - Thiết kế hiện đại, không gian sống thoáng đãng, phù hợp cho gia đình. - Nội thất cơ bản với điều hòa, tủ lạnh, giường... - Pháp lý đầy đủ. - Phong thủy tốt, mang đến sự thịnh vượng cho gia đình. Gần các tiện ích: - Siêu thị Nhật Bản, Bách hóa Xanh - Công viên Celadon, Tây Thạnh, Gia Phú - Trạm y tế phường Tân Sơn Nhì Liên hệ để biết thêm chi tiết: [phone_number] Trương Viết Sửu.",Hồ Chí Minh,Nhà,6790000000,60.0,6790000000.0,0.0,matched_2pct,"[{""source"": ""title"", ""text"": ""6,79 tỷ tại Sơn Kỳ, Tâ"", ""parsed_value_vnd"": 6790000000.0, ""basis"": ""total"", ""total_equivalent_vnd"": 6790000000.0}, {""source"": ""description"", ""text"": ""6,79 tỷ VND. Ưu điểm: "", ""parsed_value_vnd"": 6790000000.0, ""basis"": ""total"", ""total_equivalent_vnd"": 6790000000.0}]"
shard_0007.parquet,310148,Cần bán gấp nhà hẻm Tuệ Tĩnh phường Nha Trang,"Cần bán gấp nhà hẻm Tuệ Tĩnh P. Nha Trang. - Vị trí: Hẻm Tuệ Tĩnh, phường Nha Trang. - Diện tích: 89m² ngang 3,76m. - Hiện trạng: Nhà cấp 4, 3 phòng ngủ. - Cách biển chỉ 300m. - Khu vực tập trung khách sạn nhà hàng buôn bán sầm uất. - Vị trí vàng, thích hợp: - Xây căn hộ cho thuê. - Kinh doanh dịch vụ du lịch. - Giá bán: 10 tỷ (thương lượng). - Pháp lý rõ ràng làm việc chính chủ. Liên hệ: - gặp anh Tuyên để làm việc trực tiếp với chủ.",Khánh Hòa,Nhà,10000000000,89.0,10000000000.0,0.0,matched_2pct,"[{""source"": ""description"", ""text"": ""10 tỷ (thương lượng)"", ""parsed_value_vnd"": 10000000000.0, ""basis"": ""total"", ""total_equivalent_vnd"": 10000000000.0}]"
shard_0008.parquet,299228,CHÍNH CHỦ BÁN LÔ AN BẮC 4 NGAY TRUNG TÂM PHƯỜNG NGŨ HÀNH SƠN GIÁ CỰC TỐT,"Bán MT Đường An Bắc 4 - TTHC Ngũ Hành Sơn, gần biển Sơn Thuỷ. DT: 100m2 ngang 5m. Đường 5m5. H.Đông. Giá bán 6.8x tỷ Liên hệ Mr Thắng (zalo).",Đà Nẵng,Đất,6850000000,100.0,,,no_supported_price,[]
shard_0007.parquet,282476,"Mình chính chủ cần bán đất thôn Kỳ Lam 2, Điện Thọ, Điện Bàn, Quảng Nam","Mình chính chủ cần bán đất thôn Kỳ Lam 2. Sát bờ sông, phù hợp để nghỉ dưỡng, đứng nhìn là có thể thấy bờ sông. Phần đất phía sau sông tùy ý sử dụng. Từ lô đất ra sát bờ sông khoản 400m. Xe hơi vào tận nơi và có thể quay đầu. Vị trí đã ghim trong hình. Liên hệ theo SĐT:",Quảng Nam,Đất,800000000,138.6,,,no_supported_price,[]
shard_0002.parquet,299726,"Chính chủ gấp bán nhà HXH Lê Văn Sỹ, P14- Q3 -CN=53m2-3 tầng- chỉ 11,6 tỷ .Bớt lộc LH:[phone_number]","Thông tin chính xác. Gọi ngay: Thiện Đồng chuyên deal BĐS giá tốt). Chỉ 11,6 Tỷ. DT: 3,75x15 m CN = 53 m². Nở hậu 4,4 m - 4 tầng, 4PN + 4 WC + 1 Phòng thờ + Phòng Khách. - Nhà chắc chắn - 1 đời chủ, đẹp vào ở ngay, nội thất hiện đại, sang trọng. Xe hơi đỗ cửa. Vị trí: Nằm ngay trung tâm Quận 3 thuận tiện di chuyển qua các khu vực lân cận: Q1, PN, Bình Thạnh chỉ 5P đi xe.. - Khu vực: Tập trung đầy đủ tất cả các tiện ích: Y tế, giáo dục, ẩm thực, thời trang,... Đối diện chợ Nguyễn văn Trỗi. - Đặc biệt: Hỗ trợ xin GPXD quận, sở. Tổng thầu tư vấn thiết kế, thi công xây dựng công trình từ A - Z. Cam kết thông tin chính xác 100%. Chỉ đăng những sản phẩm có thật và đang giao dịch trên thị trường. Quý khách vui lòng liên hệ để được giới thiệu và tư vấn thêm nhiều sản phẩm khác phù hợp nhu cầu của quý khách một cách nhanh nhất, chính xác nhất. Giỏ hàng 100.000 căn nhà bán và thuê khắp các Quận TP",Hồ Chí Minh,Nhà,11600000000,53.0,11600000000.0,0.0,matched_2pct,"[{""source"": ""title"", ""text"": ""11,6 tỷ .Bớt lộc LH:[p"", ""parsed_value_vnd"": 11600000000.0, ""basis"": ""total"", ""total_equivalent_vnd"": 11600000000.0}, {""source"": ""description"", ""text"": ""11,6 Tỷ. DT: 3,75x15 m"", ""parsed_value_vnd"": 11600000000.0, ""basis"": ""total"", ""total_equivalent_vnd"": 11600000000.0}]"
shard_0008.parquet,285707,"Bán nhà Hậu Giang trung tâm hành chính Q6, 65m2 - hẻm xe hơi thông - chỉ 7. x tỷ","Bán nhà Hậu Giang trung tâm hành chính Q6, 65m2 - hẻm xe hơi thông - chỉ 7. x tỷ. + Vị trí: Đối diện chung cư An Phú, gần Trường học Châu Văn Liêm, Chợ Bình Tiên, Chợ Lớn, Chợ Kim Biên, siêu thị Coop mart Hậu Giang. Khu vực kinh doanh buôn bán tấp nập. + Thuận tiện di chuyển qua Quận 5, Quận 6, Quận 8, Quận 10, Bến xe Miền Tây, Bệnh viện Quận 6,... + Thông ra Minh Phụng, Bình Tiên, Hậu Giang, Phạm Văn Chí, Lò Gốm, Hậu Giang, Hồng Bàng, 3/2,... + Diện tích: 65m2. + Sổ hồng chính chủ mua bán nhanh. Liên hệ Sang [phone_number]",Hồ Chí Minh,Nhà,7200000000,65.0,,,no_supported_price,[]
shard_0006.parquet,325136,CHÍNH CHỦ GỬI BÁN NHANH: ĐƠN LẬP K7 Starlake - 320m2 - 800tr/m2 có thương lượng.,Chủ nhà gửi bán nhanh căn đơn lập siêu VIP phân khu K7 Starlake. - Nhà nguyên bản CĐT. - DT: 320m2 xây 4 tầng 1 hầm. - Giá bán: 800tr/m2 có thương lượng cho anh chị thiện chí. - Nhà đẹp không lỗi. Cách khu tiện ích 50m. Inbox em để xem sổ và hẹn xem nhà:,Hà Nội,Biệt thự/Nhà liền kề,256000000000,320.0,256000000000.0,0.0,matched_2pct,"[{""source"": ""title"", ""text"": ""800tr/m2 có thương l"", ""parsed_value_vnd"": 800000000.0, ""basis"": ""per_m2"", ""total_equivalent_vnd"": 256000000000.0}, {""source"": ""description"", ""text"": ""800tr/m2 có thương l"", ""parsed_value_vnd"": 800000000.0, ""basis"": ""per_m2"", ""total_equivalent_vnd"": 256000000000.0}]"
shard_0005.parquet,95081,Bán nhà hẻm 6m đường Gò Dầu - P.Tân Quý - DT : 5.5x15.5m - nhà cấp 4 - Gía : 7.7 tỷ TL,"Bán nhà hẻm 143/ Gò Dầu , Phường Tân Quý , Tân Phú - Diện tích : 5.5x15.5m , nở hậu - Hiện trạng : nhà cấp 4 , đang cho thuê - Vị trí : ngay Tân Qúy , gần chợ Tân Hương - Aeon Mall , hẻm rộng 6m thẳng xe hơi ra vào thoải mái - Gía : 7.7 tỷ thương lượng Liên hệ : [phone_number] Thành Mỹ",Hồ Chí Minh,Nhà,7700000000,84.0,7700000000.0,0.0,matched_2pct,"[{""source"": ""title"", ""text"": ""7.7 tỷ TL"", ""parsed_value_vnd"": 7700000000.0, ""basis"": ""total"", ""total_equivalent_vnd"": 7700000000.0}, {""source"": ""description"", ""text"": ""7.7 tỷ thương lượng L"", ""parsed_value_vnd"": 7700000000.0, ""basis"": ""total"", ""total_equivalent_vnd"": 7700000000.0}]"
shard_0000.parquet,344789,Bán nhà HXH Đồng Đen - DT 4.5 x 17 - KC 4 tầng - thông Bàu Cát - giá 12.9 tỷ TL,"Bán nhà HXH ngủ trong nhà - hẻm thông - Khu Bàu Cát. Diện tích 4.5 x 17 - 77m2 - công nhận 69m2. Kết cấu 1 trệt 1 lửng 1 lầu 1 sân thượng - cứng cáp. Pháp lý minh bạch, rõ ràng, hoàn công đầy đủ. Liên hệ [phone_number] em Hậu. Thông tin chuẩn 100%.",Hồ Chí Minh,Nhà,12900000000,77.0,12900000000.0,0.0,matched_2pct,"[{""source"": ""title"", ""text"": ""12.9 tỷ TL"", ""parsed_value_vnd"": 12900000000.0, ""basis"": ""total"", ""total_equivalent_vnd"": 12900000000.0}]"
shard_0007.parquet,250213,Bán đất gần sông Cổ Cò - trục Dũng Sĩ Điện Ngọc - giá tốt,"Cần bán lô đất vị trí đẹp khu vực Dũng Sĩ Điện Ngọc, cách mặt sông Cổ Cò khoảng 400m, cách bãi tắm khoảng 800m, phù hợp ở, nghỉ dưỡng hoặc đầu tư lâu dài. - Diện tích: 144m2 (ngang 6m). - Đường: 7m5 trục thông. - Pháp lý: Sổ đỏ riêng từng lô. - Giá bán: 27 triệu/m2 (thương lượng). Khu dân cư hiện hữu, hạ tầng hoàn chỉnh, kết nối nhanh biển FPT City Hội An trung tâm Đà Nẵng. - Liên hệ:",Quảng Nam,Đất,3888000000,144.0,3888000000.0,0.0,matched_2pct,"[{""source"": ""description"", ""text"": ""27 triệu/m2 (thương lượ"", ""parsed_value_vnd"": 27000000.0, ""basis"": ""per_m2"", ""total_equivalent_vnd"": 3888000000.0}]"
shard_0000.parquet,87638,Bán Nhà Mặt Phố Nguyễn Văn Khối(5mx30) Cấp 4 Giá 17.4 Tỷ Tl pháp lý đầy đủ,"Ngôi nhà mặt phố cực chất tại Nguyễn Văn Khối, p8, Gò Vấp, HCM đang chờ chủ mới. Diện tích 150m2, không gian rộng rãi, thoáng mát, phù hợp cho cả gia đình hay làm văn phòng. Pháp lý đầy đủ, không lo lắng về giấy tờ. + Giá cực tốt: 17,4 tỷ VND + Khu vực sầm uất, dễ dàng kinh doanh Địa điểm tiện ích xung quanh + Bệnh viện quận Gò Vấp + Công viên làng hoa Gò Vấp + Siêu thị Bách Hóa Xanh Liên hệ ngay với Mai Lan qua [phone_number] để biết thêm chi tiết!",Hồ Chí Minh,Nhà,17400000000,150.0,17400000000.0,0.0,matched_2pct,"[{""source"": ""title"", ""text"": ""17.4 Tỷ Tl pháp lý đầy"", ""parsed_value_vnd"": 17400000000.0, ""basis"": ""total"", ""total_equivalent_vnd"": 17400000000.0}, {""source"": ""description"", ""text"": ""17,4 tỷ VND + Khu vực "", ""parsed_value_vnd"": 17400000000.0, ""basis"": ""total"", ""total_equivalent_vnd"": 17400000000.0}]"
shard_0001.parquet,173003,"Bán đất thổ cư mặt tiền nhựa 6m, gần chợ, TL833, trường học, Tân Trụ, Long An","Bán đất thổ cư, mặt tiền nhựa 6m, cách chợ, tỉnh lộ 833, trạm y tế, trường học chỉ 1km. Thuộc xã Bình Lãng, Tân Trụ, Long An. Diện tích: 5m x 30m (150m2). Giá: 750 triệu đồng (thương lượng). - Đường nhựa thông 2 ô tô tránh nhau. - Xung quanh dân cư đông đúc, vui vẻ, thân thiện. - Cách thành phố Tân An chỉ 8km. Đi thành phố Hồ Chí Minh chỉ 35km. Giấy tờ pháp lý rõ ràng, vị trí đẹp. Liên hệ: [phone_number] Thanh để xem đất.",Long An,Đất,750000000,150.0,750000000.0,0.0,matched_2pct,"[{""source"": ""description"", ""text"": ""750 triệu đồng (thương l"", ""parsed_value_vnd"": 750000000.0, ""basis"": ""total"", ""total_equivalent_vnd"": 750000000.0}]"
shard_0002.parquet,42213,"Chính chủ,bán gấp,bán nhanh mặt phố Nguyễn Hoàng, 79m2 Cầu Giấy,giá siêu tốt,phù hợp cho cty,spa,BV","Nhà mặt phố Nguyễn Hoàng, trung tâm khu vực Cầu Giấy, Hà Nội, với diện tích 79m2, 6 tầng, 6PN, 6WC, pháp lý đầy đủ. + Mặt tiền 4.9m, thuận tiện cho kinh doanh hoặc cho thuê. + Nội thất đầy đủ, bao gồm điều hòa, giường, tủ lạnh,... + Hướng cửa chính và ban công đều hướng Tây Nam, mang lại không khí trong lành. + Gần nhiều tiện ích như công viên Cầu Giấy, bệnh viện mắt quốc tế Việt - Nga, và các trường học. + Khu vực sầm uất, dễ dàng kết nối đến các tiện ích xung quanh. Liên hệ ngay để được tư vấn miễn phí qua [phone_number] - Dương Ngọc Tới.",Hà Nội,Nhà,43800000000,79.0,,,no_supported_price,[]
shard_0005.parquet,288520,GẤP BÁN NHÀ NGAY CHỢ HIỆP BÌNH - GIÁ 4.25TỶTL- 48m2 -NGANG 5M- NỞ HẬU - TRỆT LỬNG -2PN,CHỦ GẤP BÁN NHÀ NGAY CHỢ HIỆP BÌNH.. CHỈ 4 25TỶTL - DT 48m2(5/5.5x9.5) - Trệt Lửng - HẺM 3m - CÁCH 30m Ra ĐS 35 - Có PN Tầng Trệt - Công Năng Đày Đủ - Tiện Ích Vô Đối - SỔ VUÔNG VỨC - Ko QK - Đang Cho Thuê 7 Tr/Th Ib : Gặp LAN Hỗ Trợ Xem Nhà & Gặp Chính Chủ TL Nhé !,Hồ Chí Minh,Nhà,4250000000,48.0,,,no_supported_price,[]
shard_0005.parquet,274530,"Bán căn hộ 3 phòng ngủ Đảo Kim Cương Quận 2, view sông, giá tốt nhất thị trường","Bán căn hộ 3 phòng ngủ Đảo Kim Cương Quận 2, tháp Bora Bora, diện tích 117 m2, gồm 3 phòng ngủ, 2 nhà vệ sinh, view sông, khu biệt thự, sân thể thao, giá bán 15.5 tỷ (bao hết). Liên hệ xem nhà: Mr Vương).",Hồ Chí Minh,Căn hộ chung cư,15500000000,117.0,15500000000.0,0.0,matched_2pct,"[{""source"": ""description"", ""text"": ""15.5 tỷ (bao hết). Liê"", ""parsed_value_vnd"": 15500000000.0, ""basis"": ""total"", ""total_equivalent_vnd"": 15500000000.0}]"
shard_0007.parquet,134616,"(011) chính chủ bán nhà Trường Chinh, sát phố, ôtô tránh vào nhà, 56,8m2, MT 4m, ngõ rộng hiếm","Diện tích sổ 56,8m² (thực tế khoảng 80m²), mặt tiền 4m. Nhà 3 tầng, thiết kế cầu thang giữa, mỗi tầng 2 phòng ngủ + 1 WC, móng chắc có thể lên 5 tầng. Ngõ rộng, trước nhà ô tô ô tải dừng đỗ ngày đêm, sau nhà có khe thoáng, nhà luôn sáng. Vị trí kết nối nhanh Lương Định Của Phương Mai, khu vực trung tâm, tiện ích đầy đủ. Hiện đang cho thuê 18 triệu/tháng, mua ở hoặc đầu tư đều hợp. Gần công viên nhỏ, bệnh viện, đại học, trường học liên cấp, siêu thị, chợ. Sổ đỏ vuông vắn chính chủ thiện chí bán, sẵn giao dịch. Liên hệ ngay: Quang Minh để xem nhà và chốt giá tốt nhất thị trường!",Hà Nội,Nhà,26000000000,56.8,,,no_supported_price,[]
shard_0005.parquet,299638,Bán nhà 2 mặt tiền Lý Tự Trọng gần chợ Bến Thành; 10x38; giá 150 tỷ,"2 mặt tiền Lý Tự Trọng gần Thủ Khoa Huân - Cổng Bắc chợ Bến Thành. Hẻm sau 8m. Vỉa hè rộng 5m, thành phố vừa lát gạch cải tạo sạch sẽ. Diện tích: 10x38m, vuông đẹp. Kết cấu: 3 tầng. Pháp lý đầy đủ. Giá bán 150 tỷ.",Hồ Chí Minh,Nhà,150000000000,380.0,150000000000.0,0.0,matched_2pct,"[{""source"": ""title"", ""text"": ""150 tỷ"", ""parsed_value_vnd"": 150000000000.0, ""basis"": ""total"", ""total_equivalent_vnd"": 150000000000.0}, {""source"": ""description"", ""text"": ""150 tỷ."", ""parsed_value_vnd"": 150000000000.0, ""basis"": ""total"", ""total_equivalent_vnd"": 150000000000.0}]"
shard_0000.parquet,203332,"CẦN BÁN ĐẤT BIỆT THỰ ĐƯỜNG NGUYỄN THỊ SÁU SÁT NGUYỄN ĐÌNH THI - HÒA XUÂN , CẨM LỆ .",CẦN BÁN ĐẤT BIỆT THỰ ĐƯỜNG NGUYỄN THỊ SÁU SÁT NGUYỄN ĐÌNH THI . - vị trí : khu đô thị sinh thái Hòa Xuân . - hướng : tây bắc - diện tích : 289 m2 giá : 10 tỷ liên hệ : thương lượng chính chủ,Đà Nẵng,Đất,10000000000,289.0,10000000000.0,0.0,matched_2pct,"[{""source"": ""description"", ""text"": ""10 tỷ liên hệ : thươ"", ""parsed_value_vnd"": 10000000000.0, ""basis"": ""total"", ""total_equivalent_vnd"": 10000000000.0}]"
shard_0004.parquet,6300,"Bán nhà phân lô Láng Hạ, 62m2, 6 tầng, 26.6 tỷ. Ngõ thông, ô tô dừng đỗ, thoáng trước sau","Chủ nhà cần vốn đầu tư dự án, cần bán gấp nhà phân lô - ô tô - 2 thoáng tại phố Láng Hạ, Quận Đống Đa - Diện tích 62m2, xây 5 tầng với 5 phòng ngủ đầy đủ công năng.. - Ngõ trước nhà rộng 4m, thông các ngả, ô tô đỗ cửa/vào nhà.. Ngô sau nhà rộng 1.5m, các phòng đều có cửa sổ thoáng - Mặt tiền rộng 4.4m, khu vực đông dân cư, thuận lợi kinh doanh tại nhà - Địa điểm tiện ích xung quanh: - Gần công viên Hồ Thành Công, hồ Hoàng Cầu, rạp chiếu phim cho những phút giây thư giãn. - Siêu thị Sakuko Thái Hà , chợ Thái Thịnh phục vụ nhu cầu mua sắm hàng ngày. - Bệnh viện Đa Khoa Bảo Sơn 2, Bệnh viện Mắt Sài Gòn đường Láng đảm bảo sức khỏe cho cả gia đình. - Trường C1-2 Thái Thịnh, Nam Thành Công - Gần cây xăng Thành Công, Vũ Ngọc Phan - Gần các phố lớn: Giảng Võ, Lê Văn Lương, Huỳnh Thúc Kháng, Thái Hà - Sổ đỏ A4, sẵn sàng giao dịch - Giá bán 26.6 tỷ . Liên hệ e Hưng để xem nhà ngay .",Hà Nội,Nhà,26600000000,62.0,26600000000.0,0.0,matched_2pct,"[{""source"": ""title"", ""text"": ""26.6 tỷ. Ngõ thông, ô "", ""parsed_value_vnd"": 26600000000.0, ""basis"": ""total"", ""total_equivalent_vnd"": 26600000000.0}, {""source"": ""description"", ""text"": ""26.6 tỷ . Liên hệ e Hư"", ""parsed_value_vnd"": 26600000000.0, ""basis"": ""total"", ""total_equivalent_vnd"": 26600000000.0}]"
shard_0007.parquet,192088,"Bán căn hộ Mường Thanh Viễn Triều Toà OC2A full nội thất view Biển Đông Nam, Căn hộ : 1224","Bán căn hộ Mường Thanh Viễn Triều Toà OC2A full nội thất view Biển Đông Nam Căn hộ : 1224 ( tầng 12 số 24) Diện tích: 59 m2 Thiết kế: 2 phòng ngủ-2 phòng wc- 1 phòng khách và bếp Căn hộ full nội thất mới như hình,hướng biển đông nam gió mát cả ngày. khách mua có thể ở ngay hoặc cho thuê Giá bán : 3.5 tỷ ( bao bao toàn bộ phí sang tên)",Khánh Hòa,Căn hộ chung cư,3500000000,59.0,3500000000.0,0.0,matched_2pct,"[{""source"": ""description"", ""text"": ""3.5 tỷ ( bao bao toàn"", ""parsed_value_vnd"": 3500000000.0, ""basis"": ""total"", ""total_equivalent_vnd"": 3500000000.0}]"
shard_0003.parquet,17831,"Bán Gấp Chung Cư mini tại Mễ Trì, 61m2, 16P Khép Kín, 18,5 Tỷ Dòng Tiền 70tr/ Tháng","Chung cư mini tại Mễ Trì Thượng, Phường Mễ Trì, Nam Từ Liêm, Hà Nội, là một lựa chọn hoàn hảo cho những ai tìm kiếm một căn nhà kinh doanh dòng tiền ổn định, Với thiết kế thông minh, căn hộ có 16 phòng ngủ khép kín, mang đến sự thoải mái tối đa cho cư dân. Giá bán là 18,5 tỷ VND, và căn hộ được trang bị nội thất đầy đủ như điều hòa, giường, tủ lạnh... - Điểm đặc biệt: 16PN + 16WC/PT + bếp - Pháp lý sổ hồng đầy đủ --- Khu vực xung quanh Căn hộ nằm gần các tiện ích như siêu thị Hà Đăng, công viên Mễ Trì, và nhiều bệnh viện lớn như Bệnh viện Đa khoa Hồng Ngọc - Phúc Trường Minh, tạo điều kiện thuận lợi cho cuộc sống hàng ngày. Các trường học như Trường Tiểu học, THCS & THPT Nguyễn Siêu cũng nằm trong khu vực lân cận. Liên hệ ngay để được tư vấn miễn phí qua số điện thoại và gặp Ngọc Cường.",Hà Nội,Nhà,18500000000,61.0,18500000000.0,0.0,matched_2pct,"[{""source"": ""title"", ""text"": ""18,5 Tỷ Dòng Tiền 70tr"", ""parsed_value_vnd"": 18500000000.0, ""basis"": ""total"", ""total_equivalent_vnd"": 18500000000.0}, {""source"": ""description"", ""text"": ""18,5 tỷ VND, và căn hộ"", ""parsed_value_vnd"": 18500000000.0, ""basis"": ""total"", ""total_equivalent_vnd"": 18500000000.0}]"
shard_0001.parquet,329668,"Kẹt tiền bán gấp nhà 4 tầng, đường 10m Huỳnh Tấn Phát Thị Trấn Nhà Bè. Dt 4.8x15m. giá 6.8 tỷ","Siêu phẩm, nhà chính chủ - giá tốt cho đầu tư rẻ nhất khu vực xây dựng hoàn Công 4 Tầng 4,8x15m Giá Rẻ Sốc 6 Tỷ 8 (vẫn còn bớt lộc). - Bán Phố KDC Đồng Bộ, Hạ tầng điện âm - Đường 10m Huỳnh Tấn Phát, Thị Trấn Nhà Bè - Full Nội Thất - Xe Hơi Đậu Trong Nhà. Giá: 6tỷ800 triệu (còn bớt lộc). - Diện tích: 4,8m x 15m. 70m2. - Kết Cấu: 1Trệt, 2Lầu, Sân thượng (4Phòng Ngủ, 5WC, Phòng thờ). - Khu dân cư an ninh, dân trí cao, nhà cao tầng đồng bộ. - Pháp Lý: Sổ hồng riêng. Hoàn công đầy đủ. Hỗ trợ vay ngân hàng. Liên hệ [phone_number] Cương.",Hồ Chí Minh,Nhà,6800000000,70.0,6800000000.0,0.0,matched_2pct,"[{""source"": ""title"", ""text"": ""6.8 tỷ"", ""parsed_value_vnd"": 6800000000.0, ""basis"": ""total"", ""total_equivalent_vnd"": 6800000000.0}, {""source"": ""description"", ""text"": ""6 Tỷ 8 (vẫn còn bớt"", ""parsed_value_vnd"": 6000000000.0, ""basis"": ""total"", ""total_equivalent_vnd"": 6000000000.0}, {""source"": ""description"", ""text"": ""6tỷ800 triệu (còn "", ""parsed_value_vnd"": 6800000000.0, ""basis"": ""total"", ""total_equivalent_vnd"": 6800000000.0}]"
shard_0005.parquet,128237,Bán căn hộ cao cấp Khu dân cư Lô A Cosmo City - Nguyễn Thị Thập. 122m2 giá 7.5 tỷ,"Bán căn hộ cao cấp Khu dân cư Lô A Cosmo City - Nguyễn Thị Thập. Diện tích 122m2. Thiết kế: 4 PN, 1PK, 1 Phòng ăn, 1 phòng đọc, 3 WC. Ngay mặt tiền đường Nguyễn Thị Thập Quận 7 TP HCM. Xung quang đủ lợi tiện ích sang trọng sầm uất... Pháp lý đã có sổ hồng. Giá bán 7,5 tỷ. QK liên hệ xem nhà [phone_number] Mr Thắng.",Hồ Chí Minh,Căn hộ chung cư,7500000000,122.0,7500000000.0,0.0,matched_2pct,"[{""source"": ""title"", ""text"": ""7.5 tỷ"", ""parsed_value_vnd"": 7500000000.0, ""basis"": ""total"", ""total_equivalent_vnd"": 7500000000.0}, {""source"": ""description"", ""text"": ""7,5 tỷ. QK liên hệ xe"", ""parsed_value_vnd"": 7500000000.0, ""basis"": ""total"", ""total_equivalent_vnd"": 7500000000.0}]"
shard_0009.parquet,328433,"Chính chủ cần bán nhanh căn hộ Cosmo DT 75m2, 2PN, Giá 4ty6 LH 938607269 giá tốt nhất thị trường","Chính chủ cần bán nhanh căn hộ Cosmo - Nguyễn Thị Thập. DT 75m², 2PN, Giá 4tỷ6 nhà đẹp Tiện ích gồm hồ bơi, khu vui chơi trẻ em, căn hộ nằm ngay trung tâm Quận 7, gần trường Việt Úc, trường Nhật Bản, Hàn Quốc... Khu vực an ninh, cao cấp, gần các quán ăn cửa hàng tiện lợi. Vui lòng LH [phone_number]",Hồ Chí Minh,Căn hộ chung cư,4600000000,75.0,4600000000.0,0.0,matched_2pct,"[{""source"": ""title"", ""text"": ""4ty6 LH 938607269 "", ""parsed_value_vnd"": 4600000000.0, ""basis"": ""total"", ""total_equivalent_vnd"": 4600000000.0}, {""source"": ""description"", ""text"": ""4tỷ6 nhà đẹp Tiện "", ""parsed_value_vnd"": 4600000000.0, ""basis"": ""total"", ""total_equivalent_vnd"": 4600000000.0}]"
shard_0004.parquet,297704,"Bán nhà 2 Tầng đường Tân Thới Nhì 26, xã Xuân Thới Sơn Mới , gần ngã tư Hồng Châu QL22 .","* Bán nhà đường Tân Thới Nhì 26 , cách đường Tân Thới Nhì 9 khoảng 100m... - Gần Chợ, trường mầm Non, trường học cấp 1-2, công viên văn hóa Tân Thới Nhì, nhà thờ giáo xứ Châu Nam và Nam Hưng , ngã tư Hồng Châu QL22. * Diện tích: 4 x 25m, nhà 2 Tầng có sân xe Hơi , P.khách , 4P.ngủ , nhà bếp, giếng trời, 3wc. - Sổ Hồng riêng - giá bán : 4 tỷ 500 triệu có thương Lượng. - LH gặp khánh.",Hồ Chí Minh,Nhà,4500000000,100.0,4500000000.0,0.0,matched_2pct,"[{""source"": ""description"", ""text"": ""4 tỷ 500 triệu có t"", ""parsed_value_vnd"": 4500000000.0, ""basis"": ""total"", ""total_equivalent_vnd"": 4500000000.0}]"
shard_0006.parquet,309628,BÁN GẤP AKARI 61m CHỈ 3.8TỶ | 78m 4.5 TỶ | 80m FULL NT 4.5 TỶ liên hệ [phone_number] tư vấn 24/7,"AKARI CITY PHASE 2 SỔ HỒNG SẴN Ở tốt - Đầu tư ổn - Thanh khoản nhanh Ok Nếu bạn đang tìm một căn hộ vừa ở thoải mái cho gia đình trẻ, hoặc đầu tư dòng tiền cho thuê bền vững thì Akari Phase 2 là lựa chọn rất đáng cân nhắc. Sản phẩm đa dạng giá còn tốt trong khu Tây 61m | 2PN 1WC: 3.85 - 4.05 tỷ 78m | 2PN 2WC: 4.5 - 4.65 - 4.7 tỷ 80m | 2PN 2WC: 4.9 - 5.1 tỷ (full nội thất) 80m căn góc | 2PN 2WC: 4.8 tỷ 95m | 3PN 2WC: 5.6 tỷ (full nội thất) Sổ hồng sẵn công chứng ngay hỗ trợ vay ngân hàng. Lý do Akari City phù hợp gia đình trẻ: Không gian sống xanh yên tĩnh an ninh 3 lớp Trường mầm non & liên cấp 123 ngay nội khu Hồ bơi, gym, yoga miễn phí khu vui chơi cho bé Siêu thị, café, ăn uống 24/7 sống tiện, không cần đi xa. Góc nhìn đầu tư: - Khu dân cư đã ở đông, nhu cầu thuê cao dễ cho thuê. - Giá còn mềm so với khu vực, biên tăng giá rõ ràng. - Thanh khoản tốt, dễ sang nhượng. Hotline/Zalo: [pho",Hồ Chí Minh,Căn hộ chung cư,4600000000,78.0,,,multiple_text_prices,"[{""source"": ""title"", ""text"": ""3.8TỶ | 78m 4.5 TỶ |"", ""parsed_value_vnd"": 3800000000.0, ""basis"": ""total"", ""total_equivalent_vnd"": 3800000000.0}, {""source"": ""title"", ""text"": ""4.5 TỶ | 80m FULL NT "", ""parsed_value_vnd"": 4500000000.0, ""basis"": ""total"", ""total_equivalent_vnd"": 4500000000.0}, {""source"": ""title"", ""text"": ""4.5 TỶ liên hệ [phone"", ""parsed_value_vnd"": 4500000000.0, ""basis"": ""total"", ""total_equivalent_vnd"": 4500000000.0}, {""source"": ""description"", ""text"": ""4.05 tỷ 78m | 2PN 2WC:"", ""parsed_value_vnd"": 4050000000.0, ""basis"": ""total"", ""total_equivalent_vnd"": 4050000000.0}, {""source"": ""description"", ""text"": ""4.7 tỷ 80m | 2PN 2WC:"", ""parsed_value_vnd"": 4700000000.0, ""basis"": ""total"", ""total_equivalent_vnd"": 4700000000.0}, {""source"": ""description"", ""text"": ""5.1 tỷ (full nội thất"", ""parsed_value_vnd"": 5100000000.0, ""basis"": ""total"", ""total_equivalent_vnd"": 5100000000.0}, {""source"": ""description"", ""text"": ""4.8 tỷ 95m | 3PN 2WC:"", ""parsed_value_vnd"": 4800000000.0, ""basis"": ""total"", ""total_equivalent_vnd"": 4800000000.0}, {""source"": ""description"", ""text"": ""5.6 tỷ (full nội thất"", ""parsed_value_vnd"": 5600000000.0, ""basis"": ""total"", ""total_equivalent_vnd"": 5600000000.0}]"
shard_0008.parquet,211950,Hạ 1tỷ5 bán nhanh nhà 1 trệt 2 lầu 1 tum phường Biên Hoà (Bửu Hoà cũ). DT: 460m2. Giá: 23tỷ500,"Hạ 1tỷ5 giá còn 23tỷ5 còn bớt. Chủ giử bán nhà 1 trệt 2 lầu 1 tum phường Biên Hoà(Bửu Hoà cũ). Dt: 410m2. Giá: 23tỷ5 nở hậu. Mặt tiền đường Bùi Hữu Nghĩa 16m. Hướng: Đông Bắc. Thiết kế: Sân đậu 4 con xe hơi, gra oto riêng, pk, bếp, 6pn, 6wc, p sinh hoạt chung, p thờ.. Sổ hồng - hoàn công: 460m2 hổ trợ vay bank 80%. Thổ cư: 192m2. Còn lại cây lâu năm. Lh: [phone_number]",Đồng Nai,Nhà,23500000000,460.0,,,multiple_text_prices,"[{""source"": ""title"", ""text"": ""1tỷ5 bán nhanh nhà"", ""parsed_value_vnd"": 1500000000.0, ""basis"": ""total"", ""total_equivalent_vnd"": 1500000000.0}, {""source"": ""title"", ""text"": ""23tỷ500"", ""parsed_value_vnd"": 23500000000.0, ""basis"": ""total"", ""total_equivalent_vnd"": 23500000000.0}, {""source"": ""description"", ""text"": ""1tỷ5 giá còn 23tỷ5"", ""parsed_value_vnd"": 1500000000.0, ""basis"": ""total"", ""total_equivalent_vnd"": 1500000000.0}, {""source"": ""description"", ""text"": ""23tỷ5 còn bớt. Chủ "", ""parsed_value_vnd"": 23500000000.0, ""basis"": ""total"", ""total_equivalent_vnd"": 23500000000.0}, {""source"": ""description"", ""text"": ""23tỷ5 nở hậu. Mặt t"", ""parsed_value_vnd"": 23500000000.0, ""basis"": ""total"", ""total_equivalent_vnd"": 23500000000.0}]"
shard_0009.parquet,103860,"Bán Nhà Phân Lô Liễu Giai - Ba Đình . 110 m2, Nhà 4 Tầng , MT 6,3 m , Ngõ Ô Tô , ( Giá 46,5 Tỷ )","Bán nhà phân lô Liễu Giai - Ba Đình . Nhà khu dân trí cao , giao thông thuận tiện, đường nội bộ rộng , thông ô bàn cờ , ô tô 7 chỗ vào nhà, cách phố Liễu Giai 80 m. Diện tích sổ đỏ 110 m2 , nhà 4 tầng cũ , Mặt Tiền 6,3 m , sổ đỏ nở hậu, xác định bán đất , giá đầu tư , khu vực quy hoạch ổn định được phép xây dựng cao tầng . Nhà gần Đại sứ quán Nhật Bản tại Hà Nội , khu vực tập trung nhiều người nước ngoài sinh sống và làm việc , khách thuê ổn định giá cao . Nhà cách trung tâm mua sắm LOTTE 150 m, cách Hồ Tây 300 m , phù hợp khách mua xây dựng tòa nhà cho người nước ngoài thuê. Sổ đỏ chính chủ, sẵn sàng giao dịch, giá 46,5 tỷ . Khách có nhu cầu xem nhà liên hệ anh Cung , Tel: ( miễn trung gian và người xem mua hộ)",Hà Nội,Nhà,46500000000,110.0,46500000000.0,0.0,matched_2pct,"[{""source"": ""title"", ""text"": ""46,5 Tỷ )"", ""parsed_value_vnd"": 46500000000.0, ""basis"": ""total"", ""total_equivalent_vnd"": 46500000000.0}, {""source"": ""description"", ""text"": ""46,5 tỷ . Khách có nhu"", ""parsed_value_vnd"": 46500000000.0, ""basis"": ""total"", ""total_equivalent_vnd"": 46500000000.0}]"
shard_0001.parquet,82231,"Chính chủ cần tiền bán gấp căn studio 36,5m2 dễ dàng thiết kế thành 1n tòa be4 vinhomes ocean park","Thông tin căn hộ : Be4.2x07 Diện tích: 36,5m2 Giá cực tốt : 2,430 tỷ (bao phí chuyển nhượng ). Ban công : Tây Nam view hồ san hô , siêu thoáng đẹp Thiết kế vuông vắn, dễ dàng thiết kế thành căn 1N - Tình trạng: Chuyển nhượng HĐMB, pháp lý rõ ràng. - Giá bán: Chỉ khoảng 66 triệu/m² giá tốt cho căn vị trí đẹp. - Tiện ích dự án: Hồ bơi, gym, công viên nội khu, shophouse, an ninh 24/7. - Vị trí: Kết nối thuận tiện về trung tâm, gần trường học bệnh viện TTTM. * Phù hợp mua ở hoặc đầu tư giữ tài sản Giá tốt giai đoạn sớm, tiềm năng tăng giá cao. * Pháp lý an toàn: Chuyển nhượng chính chủ qua CĐT, hỗ trợ thủ tục đầy đủ. * Liên hệ ngay [phone_number] để xem vị trí căn & nhận bảng giá chi tiết!",Hà Nội,Căn hộ chung cư,2430000000,36.5,,,multiple_text_prices,"[{""source"": ""description"", ""text"": ""2,430 tỷ (bao phí chuyể"", ""parsed_value_vnd"": 2430000000000.0, ""basis"": ""total"", ""total_equivalent_vnd"": 2430000000000.0}, {""source"": ""description"", ""text"": ""66 triệu/m² giá tốt cho"", ""parsed_value_vnd"": 66000000.0, ""basis"": ""per_m2"", ""total_equivalent_vnd"": 2409000000.0}]"
shard_0005.parquet,76292,"Bán đất - hẻm 5m xe tải - 80.6m2 ngang 5,6m - sát chợ Tăng Nhơn Phú B - 5.x tỷ TL","Bán đất - hẻm 5m xe tải - 80.6m2 ngang 5,6m - sát chợ Tăng Nhơn Phú B. - Hẻm nhựa xe tải rộng 5m, khu dân trí cao. - Xung quanh đầy đủ tiện ích: Siêu thị, chợ, trường học. Diện tích: 80.6m2 (5.6x14m). Giá 5.5 tỷ. ======================== Tìm nhà theo nhu cầu liên hệ em Hằng.",Hồ Chí Minh,Đất,5500000000,80.6,5500000000.0,0.0,matched_2pct,"[{""source"": ""description"", ""text"": ""5.5 tỷ. ============="", ""parsed_value_vnd"": 5500000000.0, ""basis"": ""total"", ""total_equivalent_vnd"": 5500000000.0}]"
shard_0009.parquet,89649,Cần bán gấp 2 mặt tiền đường Dương Công Khi. Tân Hiệp Hóc Môn.HCM. DT: 3600m2(35x84).Nở hậu 46m.,"Cần bán gấp 2 mặt tiền đường Dương Công Khi. Tân Hiệp Hóc Môn.HCM. DT: 3600m2(35x84).Nở hậu 46m. Có 2400m2 thổ cư . Khu dân cư hiện hữu. Co hai mặt tiền. Thuận tiện phân lô tách thửa. Làm kho xưởng. G.ía 90 tỷ. Thương lượng _______________________________ Zalo/sdt : Nhận Kí Gửi - Mua Bán Và Cho Thuê. Tìm kiếm theo nhu cầu của khách hàng. Bds Khu vực Đồng Nai, Bà Rịa, Bình Dương,Sài Gòn...",Hồ Chí Minh,Đất,90000000000,3600.0,90000000000.0,0.0,matched_2pct,"[{""source"": ""description"", ""text"": ""90 tỷ. Thương lượng "", ""parsed_value_vnd"": 90000000000.0, ""basis"": ""total"", ""total_equivalent_vnd"": 90000000000.0}]"
shard_0008.parquet,342120,"Chủ ngợp gửi bán lô đất 150m2 Thới Hoà ngay sau lưng UBND Thới Hoà cách Quốc Lộ 13 chỉ 200m, sổ sẵn","Nằm ngay đường N3 Thới Hoà TP Hồ Chí Minh sau lưng UBND Thới Hoà cách Quốc Lộ 13 chỉ 200m Diện tích 150m2 (5x30) full thổ cư, xây dựng tự do Pháp lý chuẩn chỉnh, sổ hồng riêng, sang tên liền trong ngày Giá chỉ 1tỷ050tr còn thương lượng, ngân hàng hỗ trợ 70% giá trị Liên hệ ngay [phone_number] Khánh Hoà em gửi sổ anh chị xem ạ",Bình Dương,Đất,1050000000,150.0,1050000000.0,0.0,matched_2pct,"[{""source"": ""description"", ""text"": ""1tỷ050tr còn thươn"", ""parsed_value_vnd"": 1050000000.0, ""basis"": ""total"", ""total_equivalent_vnd"": 1050000000.0}]"
shard_0002.parquet,82578,"Bán nhà Trương Định lô góc 1 nhà ra phố 38m2 5 tầng chắc chắn, giá 9,5 tỷ","Nhà vị trí hiếm, chỉ 1 nhà ra phố Trương Định, lô góc 2 mặt thoáng, ánh sáng ngập tràn. Diện tích 38m2, xây 5 tầng kiên cố, thiết kế hợp lý, mỗi tầng 2 phòng thoáng sáng, cầu thang giữa. Ngõ trước nhà rộng, xe máy tránh thoải mái, vài bước ra chợ, trường học, bến xe bus. Khu dân trí cao, an ninh đảm bảo, tiện vừa ở vừa kinh doanh nhỏ. Sổ đỏ chính chủ, pháp lý rõ ràng, sẵn sàng giao dịch ngay. Liên hệ: Vũ Tuấn [phone_number] để xem nhà trực tiếp.",Hà Nội,Nhà,9500000000,38.0,9500000000.0,0.0,matched_2pct,"[{""source"": ""title"", ""text"": ""9,5 tỷ"", ""parsed_value_vnd"": 9500000000.0, ""basis"": ""total"", ""total_equivalent_vnd"": 9500000000.0}]"
shard_0003.parquet,152943,"Bán nhà quận Bình Tân, hẻm xe tải 8m, 504 Kinh Dương Vương, 64m2, 4x16m, 6 tỷ 200 triệu,","Bán nhà quận Bình Tân, hẻm xe tải tránh 504 Kinh Dương Vương. - 4x16m, trệt lầu. - Giá 6.2 tỷ. - Hẻm được ưu ái bởi chung cư Moonlight Boulevart đường xá được hưởng lợi hẻm nhựa đồng bộ đẹp thông ra Tên Lửa Aeon Mall 2p. - Gần vòng xoay KDV, sát bên Aeon Mall, giáp quận 6, trục đường đi trung tâm quận 5 và quận 11. Khách quan tâm liên hệ em Thanh.",Hồ Chí Minh,Nhà,6200000000,64.0,6200000000.0,0.0,matched_2pct,"[{""source"": ""title"", ""text"": ""6 tỷ 200 triệu,"", ""parsed_value_vnd"": 6200000000.0, ""basis"": ""total"", ""total_equivalent_vnd"": 6200000000.0}, {""source"": ""description"", ""text"": ""6.2 tỷ. - Hẻm được ưu"", ""parsed_value_vnd"": 6200000000.0, ""basis"": ""total"", ""total_equivalent_vnd"": 6200000000.0}]"
shard_0001.parquet,192899,"Bán Đất siêu hot tại Lý ThườBán Đất siêu hot tại Lý Thường Kiệt, Dương Đông, Phú Quốc, 10 tỷ, 108m2","Đất nền siêu đẹp nằm tại phố Lý Thường Kiệt, p Dương Đông, Phú Quốc, Kiên Giang. Diện tích 108m2, mặt tiền rộng 6m, ngõ trước rộng 17m, pháp lý đầy đủ. Giá cực tốt chỉ 10 tỷ VND! Đây là cơ hội vàng cho những ai muốn đầu tư hoặc xây dựng nhà ở. Với vị trí đắc địa, đất có phong thủy tốt, rất phù hợp cho việc kinh doanh hoặc xây dựng nhà ở. Ngõ vào cực kỳ thuận lợi cho ô tô ra vào thoải mái. Đất có sổ đỏ, pháp lý rõ ràng, không lo về vấn đề pháp lý. Khu vực xung quanh: - Công viên Bạch Đằng (Dinh Cậu) - Bệnh viện Phú Quốc - Trung tâm ngoại ngữ Phú Quốc, Mi Thăng Music - Siêu thị K+ Mark Phú Quốc, Siêu thị Bùi Mart, Siêu thị Kai Mart Liên hệ ngay để biết thêm chi tiết: Quốc Việt [phone_number]",Kiên Giang,Đất,10000000000,108.0,10000000000.0,0.0,matched_2pct,"[{""source"": ""title"", ""text"": ""10 tỷ, 108m2"", ""parsed_value_vnd"": 10000000000.0, ""basis"": ""total"", ""total_equivalent_vnd"": 10000000000.0}, {""source"": ""description"", ""text"": ""10 tỷ VND! Đây là cơ"", ""parsed_value_vnd"": 10000000000.0, ""basis"": ""total"", ""total_equivalent_vnd"": 10000000000.0}]"
shard_0001.parquet,244066,"Bán nền diện tích 7m x 20m xây nhà đẹp tặng nhà kho trên đất, đường số 13 Cồn Khương","Nền này xây nhà đẹp lắm luôn 7m x 20m, lộ trước nhà 21m đậu xe thoải mái. - Bán nền đường số 13 Khu Biệt Thự Cồn Khương Tặng nhà kho trên đất hiện đang cho thuê thu nhập 10tr/tháng có sẵn điện 3 pha, kho còn rất mới. Diện tích: 7m x 20m = 140m2 (có hẻm kỹ thuật 2m phía sau. Hướng: Tây Nam. Lộ giới: Lề 6m, lồng lộ 9m. Khu dân cư ngay trung tầm, an ninh cực tốt, cơ sờ hạ tầng đẹp, đầy đủ tiện ích. Trên đất có nhà kho còn mới hiện đang cho thuê 10tr/tháng, có sẵn điện 3 pha. Giá bán: 6 tỷ xxx triệu (x tiểu học). Liên hệ: [phone_number] gặp Hùng.",Cần Thơ,Đất,6450000000,140.0,6000000000.0,0.075,mismatch,"[{""source"": ""description"", ""text"": ""6 tỷ xxx triệu (x t"", ""parsed_value_vnd"": 6000000000.0, ""basis"": ""total"", ""total_equivalent_vnd"": 6000000000.0}]"
shard_0005.parquet,5615,"Nhà nhỏ tiền nhỏ, bán lô góc Triều Khúc 28m 5 tầng 3pn, lô góc ngõ 3 gác chỉ hơn 4 tỷ gần đường oto","Nhà nhỏ tiền nhỏ, bán lô góc Triều Khúc 28m 5 tầng 3pn, lô góc ngõ 3 gác chỉ hơn 4 tỷ gần đường oto. - Nhà nằm sát ngay ngõ 286 Nguyễn Xiển, nhiều đường đi vào, tiện ích nổi bật, nhà vừa có thể ở và cho thuê. - Thiết kế cơ bản mỗi tầng 1pn, WC nhà cũ về sơn lại là đẹp. - Giá: 4.9 tỷ có thương lượng nhẹ. - Liên hệ em Tuyền [phone_number]",Hà Nội,Nhà,4900000000,28.0,4000000000.0,0.225,mismatch,"[{""source"": ""title"", ""text"": ""4 tỷ gần đường oto"", ""parsed_value_vnd"": 4000000000.0, ""basis"": ""total"", ""total_equivalent_vnd"": 4000000000.0}, {""source"": ""description"", ""text"": ""4 tỷ gần đường oto."", ""parsed_value_vnd"": 4000000000.0, ""basis"": ""total"", ""total_equivalent_vnd"": 4000000000.0}, {""source"": ""description"", ""text"": ""4.9 tỷ có thương lượn"", ""parsed_value_vnd"": 4900000000.0, ""basis"": ""total"", ""total_equivalent_vnd"": 4900000000.0}]"
shard_0001.parquet,164010,"Kẹt tiền cần bán gấp CH Khang Gia, Gò Vấp, 72m2, 2PN, 2WC, sổ hồng, giá 2,3 tỷ LH","Cần bán gấp căn hộ chung cư Khang Gia, Phường 14, Gò vấp. - Diện tich: 72m2, 2 phòng ngủ, 2wc. - Tầng trung view thoáng mát. - Nội khu có sân chơi rộng rãi, đầy đủ tiện ích. - Gần trường học các cấp, siu thị... Giá bán 2 tỷ 300 triệu. Liên hệ xem nhà thực tế: Ms. Mỹ.",Hồ Chí Minh,Căn hộ chung cư,2300000000,72.0,2300000000.0,0.0,matched_2pct,"[{""source"": ""title"", ""text"": ""2,3 tỷ LH"", ""parsed_value_vnd"": 2300000000.0, ""basis"": ""total"", ""total_equivalent_vnd"": 2300000000.0}, {""source"": ""description"", ""text"": ""2 tỷ 300 triệu. Liê"", ""parsed_value_vnd"": 2300000000.0, ""basis"": ""total"", ""total_equivalent_vnd"": 2300000000.0}]"
shard_0002.parquet,218268,"Bán lô đất (8m x 26m) hẻm 104 QL 13 cũ, Hiệp Bình Phước, TP. Thủ Đức. Giá: 12 tỷ","- Vị trí: Đất nằm hẻm 104 Quốc Lộ 13, Hiệp Bình Phước, TP. Thủ Đức. + Cách mặt tiền QL 13 khoảng 100m. Cách cầu bình triệu 3km. - DT: 208.9m2 (8m x 26m). Thổ cư 197.6m. Đất trồng cây lâu năm 21.3. - Sổ hồng rõ ràng. - Hẻm xe tải ra vô thoải mái. - KDC hiện hữu, đông đúc. Tiện ích xung quanh có đầy đủ. Rất thích hợp làm văn phòng, xây biệt thự, nhà trọ. - Giá: 12 tỷ. Thương Lượng. LH: Mr Thanh. Để xem đất.",Hồ Chí Minh,Đất,12000000000,208.9,12000000000.0,0.0,matched_2pct,"[{""source"": ""title"", ""text"": ""12 tỷ"", ""parsed_value_vnd"": 12000000000.0, ""basis"": ""total"", ""total_equivalent_vnd"": 12000000000.0}, {""source"": ""description"", ""text"": ""12 tỷ. Thương Lượng."", ""parsed_value_vnd"": 12000000000.0, ""basis"": ""total"", ""total_equivalent_vnd"": 12000000000.0}]"
shard_0003.parquet,124642,"Bán nhà 5 tầng diện tích 50m2 khu Kiến Hưng, Hà Đông giá 12 tỷ","Giá 12 tỷ hiếm có nhà đẹp giá tốt như vậy. - Nhanh tay không lỡ thời cơ. - Diện tích 50m2 nhà 4 tầng 1 tum công năng đầy đủ nhà xây chắc chắn. - Đường phân lô vỉa hè rộng rãi. - Vị trí Kiến Hưng khu vực kết nối giữa Văn Phú Thanh Hà, Đa Sỹ, Phùng Hưng. - Sổ đỏ chính chủ. Lh",Hà Nội,Biệt thự/Nhà liền kề,12000000000,50.0,12000000000.0,0.0,matched_2pct,"[{""source"": ""title"", ""text"": ""12 tỷ"", ""parsed_value_vnd"": 12000000000.0, ""basis"": ""total"", ""total_equivalent_vnd"": 12000000000.0}, {""source"": ""description"", ""text"": ""12 tỷ hiếm có nhà đẹ"", ""parsed_value_vnd"": 12000000000.0, ""basis"": ""total"", ""total_equivalent_vnd"": 12000000000.0}]"
shard_0007.parquet,114597,"Bán nhà góc 2 mặt tiền - ngay vòng xoay Dân Chủ - 3 Tháng 2, Q10 - 41m2 - 2 tầng BTCT","Giá chỉ 18,5 tỷ cơ hội sở hữu tài sản thương mại hiếm có. Điểm nổi bật đỉnh cao: Căn góc 2MT cực đẹp, nhận diện thương hiệu tuyệt đỉnh phù hợp mọi loại hình kinh doanh. Vị trí vàng, ngay vòng xoay Dân Chủ đối diện Hà Đô, lưu lượng xe khủng ngày đêm. Diện tích chuẩn hiếm: 5.7 x 6.7m, nở hậu đẹp 6.2m phong thủy vượng tài. Kết cấu 2 tầng sẵn sử dụng hoặc dễ dàng cải tạo theo nhu cầu. Khai thác dòng tiền top đầu Q. 10 cho thuê giữ tiền cực chắc. Pháp lý sạch, sẵn sàng giao dịch công chứng ngay trong ngày. Hướng Tây Bắc. Dành cho ai? Nhà đầu tư săn tài sản mặt tiền góc hiếm có. Khách mua để kinh doanh ngành hàng ăn uống, showroom, spa, văn phòng. Nhà đầu tư tài chính 20 tỷ cần nơi giữ tài sản an toàn, thanh khoản tốt.",Hồ Chí Minh,Nhà,18500000000,41.0,,,multiple_text_prices,"[{""source"": ""description"", ""text"": ""18,5 tỷ cơ hội sở hữu "", ""parsed_value_vnd"": 18500000000.0, ""basis"": ""total"", ""total_equivalent_vnd"": 18500000000.0}, {""source"": ""description"", ""text"": ""20 tỷ cần nơi giữ tà"", ""parsed_value_vnd"": 20000000000.0, ""basis"": ""total"", ""total_equivalent_vnd"": 20000000000.0}]"
shard_0009.parquet,309996,"Bán đất 765m2 tại Võ Thị Sáu, Phú Đông, Nhơn Trạch, Đồng Nai, giá thỏa thuận","Đất nền rộng 765m2, tọa lạc tại Võ Thị Sáu, Phú Đông, Nhơn Trạch, Đồng Nai. + Diện tích lớn, lý tưởng cho xây dựng nhà ở hoặc đầu tư sinh lời. + Chiều ngang mặt tiền 16m, thuận lợi cho thiết kế và kinh doanh. + Đường vào rộng 30m, dễ dàng tiếp cận bằng ô tô. + Pháp lý đầy đủ, đảm bảo an toàn cho giao dịch. Đất có mặt tiền rộng, phù hợp cho nhiều loại hình kinh doanh, mang lại cơ hội phát triển tốt. Liên hệ ngay để biết thêm chi tiết với Nguyễn Anh Đức qua số điện thoại",Đồng Nai,Đất,0,765.0,,,no_supported_price,[]
shard_0005.parquet,246755,"Cần bán nhà đẹp HXH đường Phạm Đăng Giảng, DT 5x17m, 85m², 2 lầu sân thượng. Giá bán 7.6 tỷ","Cần bán nhà đẹp HXH đường Phạm Đăng Giảng, P. Bình Hưng Hòa. DT 5x17m, 85m², 2 lầu sân thượng. Giá bán 7.6 tỷ bớt lộc. LH xem nhà [phone_number] Công ty BĐS An Gia Group. ĐC: Chi nhánh 1: 87 đường S11, P. Tây Thạnh, Q. Tân Phú. Chi nhánh 2: A3 _018 Chung cư green town bình tân. Chuyên nhận mua bán ký gửi: - Căn hộ chung cư cao cấp quận Tân Phú, Tân Bình. - Nhà phố, biệt thự, nhà hẻm,... - Xin phép xây dựng, tách thửa, hợp thửa, hoàn công,... - Hỗ trợ ngân hàng vay vốn. Website: batdongsanangia.com.vn Mail: angiacity@gmail.com",Hồ Chí Minh,Nhà,7600000000,85.0,7600000000.0,0.0,matched_2pct,"[{""source"": ""title"", ""text"": ""7.6 tỷ"", ""parsed_value_vnd"": 7600000000.0, ""basis"": ""total"", ""total_equivalent_vnd"": 7600000000.0}, {""source"": ""description"", ""text"": ""7.6 tỷ bớt lộc. LH xe"", ""parsed_value_vnd"": 7600000000.0, ""basis"": ""total"", ""total_equivalent_vnd"": 7600000000.0}]"
shard_0001.parquet,239100,"Bán nhà mặt phố Cầu Giấy, 130 tỷ, 263m2, mặt tiền 6.1m, pháp lý đầy đủ, vị trí đắc địa nhất phố","Nhà mặt phố Cầu Giấy siêu hot, nằm ở vị trí đắc địa, lý tưởng cho kinh doanh hay ở. Diện tích 263m2, mặt tiền rộng 6.1m, dễ dàng thu hút khách hàng. Pháp lý đầy đủ, sổ đỏ sẵn sàng. Không chỉ là nơi ở mà còn là cơ hội đầu tư cực chất cho những ai muốn phát triển kinh doanh. Địa điểm tiện ích xung quanh: + Bệnh viện mắt quốc tế Việt - Nga, Bệnh viện 19 - 8 Bộ Công An, Bệnh viện Đa Khoa Bảo Sơn 2 + Siêu thị điện máy Pico 173 Xuân Thủy, Winmart, Winmart+ + Công viên Cầu Giấy + Trường mầm non Dịch Vọng, Reach Center, Trường Đại học Ngoại ngữ - ĐHQGHN, ĐHSP Hà Nội. Liên hệ ngay để biết thêm chi tiết: [phone_number] em Nhung.",Hà Nội,Nhà,130000000000,263.0,130000000000.0,0.0,matched_2pct,"[{""source"": ""title"", ""text"": ""130 tỷ, 263m2, mặt ti"", ""parsed_value_vnd"": 130000000000.0, ""basis"": ""total"", ""total_equivalent_vnd"": 130000000000.0}]"
shard_0007.parquet,196404,"Bán nhà phố Nguyễn Xiển, 2 mặt ngõ ô tô tránh, cách mặt phố 20m, kinh doanh sầm uất, 60m2","Dành cho khách đầu tư thông thái sản phẩm siêu hiếm khu vực trung tâm Thanh Xuân Thông tin chi tiết bất động sản Vị trí: Nhà mặt ngõ thông, 2 mặt ngõ ô tô tránh, ngõ rộng, ô tô qua lại thoải mái Cách mặt phố chỉ 20m, kết nối giao thông thuận tiện Phù hợp: làm văn phòng công ty, showroom, spa, cửa hàng kinh doanh, đầu tư cho thuê Khu vực kinh doanh sầm uất, dân cư đông đúc, dòng tiền ổn định Pháp lý rõ ràng, sổ đỏ chính chủ, sẵn sàng giao dịch Giá bán: 19,5 tỷ Giá tốt so với vị trí có thương lượng cho khách thiện chí Liên hệ: [phone_number] Xem nhà trực tiếp làm việc chính chủ, hỗ trợ giao dịch nhanh gọn",Hà Nội,Nhà,19500000000,60.0,19500000000.0,0.0,matched_2pct,"[{""source"": ""description"", ""text"": ""19,5 tỷ Giá tốt so với"", ""parsed_value_vnd"": 19500000000.0, ""basis"": ""total"", ""total_equivalent_vnd"": 19500000000.0}]"
shard_0006.parquet,238952,"Thu nhập 45tr/tháng! Bán nhà Bình Thạnh, sát mặt tiền Đặng Thùy Trâm 5 tầng, hẻm xe hơi thông","Bán nhà có sẵn thu nhập 45 triệu/tháng - đường Đặng Thùy Trâm, Phường 13, Quận Bình Thạnh. + Diện tích 4.7x12m, sổ vuông A4. + Sổ hồng, hoàn công đầy đủ, công chứng mua bán trong ngày. + Kết cấu full trệt lửng 3 lầu đúc kiên cố BTCT, sẵn 9 phòng full nội thất. * Ưu điểm: + Kế căn góc cực thoáng, khu vực trung tâm Bình Thạnh, cực dễ cho thuê. + Sẵn dòng tiền hàng tháng - Phù hợp khách mua cho thuê, đầu tư giữ tiền tốt. + Hẻm thông xe hơi - Khu phân lô đồng bộ cao tầng, dân trí thức và an ninh. + Khu vực trung tâm giá thuê tốt, cơ hội đầu tư sinh lời, đầu tư bđs trung tâm.. Giá 9.8 tỷ còn thương lượng khách mua thiện chí. Liên hệ ngay SĐT/Zalo: Tuấn Tú Làm Việc chính chủ.",Hồ Chí Minh,Nhà,9800000000,56.0,9800000000.0,0.0,matched_2pct,"[{""source"": ""description"", ""text"": ""9.8 tỷ còn thương lượ"", ""parsed_value_vnd"": 9800000000.0, ""basis"": ""total"", ""total_equivalent_vnd"": 9800000000.0}]"
shard_0004.parquet,171320,"Bán biệt thự cao cấp lê thị riêng thới an, quận12, nhỉnh 18 tỷ","BÁN BIỆT THỰ CAO CẤP LÊ THỊ RIÊNG THỚI AN, QUẬN12, NHỈNH 18 TỶ CALL:[phone_number] zalo. Xem nhà miễn phí 24/7 + Vị trì. Khu vip nhất quận 12, Khu dân cư Phú Nhuận, KDC Thới an. Đối diện UBND, Trung tâm hành chính quận 12, Trục đường chình, Lê Thị Riêng, Lê Văn Khương, Nguyễn Ảnh Thủ, sát Mega, Quốc lộ 1A, qua Gò Vấp chỉ vài phút, ra sân bay 15p, di chuyển mọi hường thuận tiện + Diện tích : 12 x 20, công Nhận đủ 240m2, đường 12m có vĩa hè + Kết cấu: 1 trệt 3 lầu, tổng 4 tầng, 5PN + Khu dân trí cao, An ninh tuyệt đối an toàn + Sổ hồng riêng vuông vức, chuẩn pháp lý bao sang tên, phù hợp mua nghĩ dưỡng, kinh doanh, mở văn phòng, mở spa",Hồ Chí Minh,Biệt thự/Nhà liền kề,18700000000,240.0,18000000000.0,0.03888888888888889,mismatch,"[{""source"": ""title"", ""text"": ""18 tỷ"", ""parsed_value_vnd"": 18000000000.0, ""basis"": ""total"", ""total_equivalent_vnd"": 18000000000.0}, {""source"": ""description"", ""text"": ""18 TỶ CALL:[phone_nu"", ""parsed_value_vnd"": 18000000000.0, ""basis"": ""total"", ""total_equivalent_vnd"": 18000000000.0}]"
shard_0001.parquet,26933,Bán nhanh căn góc 2PN tầng cao - tháp East - sẵn sổ tại Lumiere Riverside - cắt lỗ,"Chủ kẹt bank bán gấp căn góc 2 phòng ngủ - Lumiere Riverside. Giá siêu tốt: 9 tỷ 500 bao phí (~130tr/m2). - Diện tích: 77m2. - View city, nhìn được Landmark, tầng cao. - Có sẵn hợp đồng thuê giá cao. - Bán nội thất cơ bản. - Đang sẵn hợp đồng cho thuê giá cao - thích hợp mua đầu tư. - Pháp lý đầy đủ, đảm bảo mọi thứ đều rõ ràng và an toàn. Em đang nắm trong tay rổ hàng cắt lỗ tại Lumiere Riverside. * Nắm key hầu hết các căn rao bán - xem nhà 24/7. * Ở đâu giá rẻ, em có giá rẻ hơn. * Cam kết: Giá rẻ hơn thị trường, trả sát giá chủ nhà. Miễn sao khách hàng ưng ý, em sẽ đưa mức giá thấp nhất. * Hỗ trợ vay ngân hàng lên đến 80% giá trị căn hộ. * Vị trí nhà nào cũng có, đảm bảo giá thấp nhất thị trường. * Đặc biệt: Hỗ trợ hồ sơ giấy tờ trọn gói.",Hồ Chí Minh,Căn hộ chung cư,9500000000,77.0,,,multiple_text_prices,"[{""source"": ""description"", ""text"": ""9 tỷ 500 bao phí (~"", ""parsed_value_vnd"": 9000000000.0, ""basis"": ""total"", ""total_equivalent_vnd"": 9000000000.0}, {""source"": ""description"", ""text"": ""130tr/m2). - Diện tí"", ""parsed_value_vnd"": 130000000.0, ""basis"": ""per_m2"", ""total_equivalent_vnd"": 10010000000.0}]"
shard_0006.parquet,237671,"Chính chủ cần tiền bán gấp lô đất 122,5m2 MT Nguyễn Tất Thành-đường 33m lề 10m-Thanh Khê- Đà Nẵng","Hướng Đông Bắc biển Diện tich 122,5m2( ngang 5mx24,5m) Đường Nguyễn Tất Thành rộng 33m lề mỗi bên 10m Đối diện đường là công viên biển Sổ hồng sẵn công chứng ngay Nằm phường Thanh Khê phường trung tâm cung đường biển Nguyễn Tất Thành Xem đất liên hệ",Đà Nẵng,Đất,15100000000,122.5,,,no_supported_price,[]
shard_0006.parquet,275665,Bán tòa nhà đường ngô quyền sát cầu rồng & võ văn kiệt đất ở lâu dài giá 35 tỷ,"BÁN TÒA NHÀ ĐƯỜNG NGÔ QUYỀN SÁT CẦU RỒNG & VÕ VĂN KIỆT ĐẤT Ở LÂU DÀI GIÁ 35 TỶ Đường Ngô Quyền, Quận Sơn Trà, Đà Nẵng Cách cầu Rồng vài bước Ngay đại lộ Võ Văn Kiệt Ra biển chỉ 500m THÔNG TIN NỔI BẬT Diện tích đất: 190m² (7,65m 23,7m) Kết cấu: 3 tầng Số phòng: 8 phòng ngủ 9 WC Hoàn công đầy đủ xây đúng giấy phép Đất ở đô thị lâu dài (không phải TMDV) điểm khác biệt cực lớn Nội thất đầy đủ vào khai thác ngay Hướng Đông nhà thoáng, đón gió sông Hàn GIÁ BÁN : 35 tỷ làm việc trực tiếp chính chủ Mua là có dòng tiền ngay an toàn không rủi ro pháp lý LỢI THẾ ĐẦU TƯ HIẾM Vị trí lõi trung tâm du lịch Đà Nẵng: cầu Rồng Võ Văn Kiệt biển Mỹ Khê Khu vực tăng giá nhanh, sát các dự án hạ tầng lớn: Tuyến Metro ga trung tâm Hầm qua sông Hàn trục Võ Văn Kiệt Nhà đất nằm trên trục Metro tiềm năng tăng giá tối thiểu 2030% Không cần xin phép xây dựng tránh rủi ro chi phí & thời gian Liên hệ chính chủ: [phone",Đà Nẵng,Nhà,35000000000,190.0,35000000000.0,0.0,matched_2pct,"[{""source"": ""title"", ""text"": ""35 tỷ"", ""parsed_value_vnd"": 35000000000.0, ""basis"": ""total"", ""total_equivalent_vnd"": 35000000000.0}, {""source"": ""description"", ""text"": ""35 TỶ Đường Ngô Quyề"", ""parsed_value_vnd"": 35000000000.0, ""basis"": ""total"", ""total_equivalent_vnd"": 35000000000.0}, {""source"": ""description"", ""text"": ""35 tỷ làm việc trực "", ""parsed_value_vnd"": 35000000000.0, ""basis"": ""total"", ""total_equivalent_vnd"": 35000000000.0}]"
shard_0002.parquet,270321,Cần bán gấp căn nhà 15 phòng trọ thu nhập trên 20 triệu/tháng ngay TT Bến Lức liền kề KCN Thuận Đạo,"Bất động sản nằm tại Thị Trấn Bến Lức gần KCN Thuận Đạo. - Diện tích: 361,5m2. - Đất full thổ cư (OĐT). - Đang có 15 phòng trọ thuê full. - Thu nhập ổn định trên 20 triệu/tháng. - Sổ hồng riêng full thổ cư. - Gần KCN, bệnh viện, siêu thị...",Long An,Nhà,4200000000,361.5,,,no_supported_price,[]
shard_0005.parquet,169327,"Bán căn hộ 2PN2WC - 3tỷ050 - 59m2 khu Origami , Vinhomes Grand Park","Căn hộ chung cư tại Vinhomes Grand Park, Quận 9, TP. HCM, có thiết kế hiện đại với 2 phòng ngủ và 2 phòng tắm, rất phù hợp cho gia đình hoặc những ai đang tìm kiếm không gian sống tiện nghi. Căn hộ này có tổng diện tích 59m2, hướng cửa chính Tây Bắc và ban công Đông Nam, mang lại ánh sáng tự nhiên và phong thủy tốt. Đặc biệt, pháp lý đầy đủ, giúp khách hàng an tâm khi quyết định. Gần căn hộ có nhiều tiện ích như siêu thị Bách Hóa Xanh, trường Vinschool, công viên 36ha,... Thuận tiện cho cuộc sống hàng ngày. Liên hệ ngay với Ngọc Tươi qua số điện thoại",Hồ Chí Minh,Căn hộ chung cư,3050000000,59.0,3050000000.0,0.0,matched_2pct,"[{""source"": ""title"", ""text"": ""3tỷ050 - 59m2 khu "", ""parsed_value_vnd"": 3050000000.0, ""basis"": ""total"", ""total_equivalent_vnd"": 3050000000.0}]"
shard_0005.parquet,346728,"Bán Nhà 3 PN , 2WC, 60m2 tại Nguyễn Thị Khắp, Tân Đông Hiệp, Dĩ An","Nhà riêng 2 tầng với thiết kế hiện đại, gồm 2PN + 2WC + bếp, tọa lạc tại đường Nguyễn Thị Khắp, Phường Tân Đông Hiệp, Dĩ An, Bình Dương. Giá bán 3,8 tỷ VND, diện tích 60m2 Nội thất đầy đủ với điều hòa, tủ lạnh, giường, mang lại sự tiện nghi cho cuộc sống hàng ngày. Hướng cửa chính và ban công đều Tây Nam, phù hợp với phong thủy. Ngõ trước rộng 8m, thuận tiện cho việc đi lại, mặt tiền rộng 5m lý tưởng cho kinh doanh. Pháp lý đầy đủ. Tiện ích xung quanh: Gần công viên Icon Central, siêu thị Bách Hóa Xanh 5/42B Nguyễn Thị Minh Khai, siêu thị Đồng Giá Mini Min, bệnh viện An Việt, và các trường mầm non tư thục như Bạch Dương và Tương Lai. Liên hệ để được tư vấn miễn phí qua số hoặc Ngô Văn Chiến .",Bình Dương,Nhà,3800000000,60.0,3800000000.0,0.0,matched_2pct,"[{""source"": ""description"", ""text"": ""3,8 tỷ VND, diện tích"", ""parsed_value_vnd"": 3800000000.0, ""basis"": ""total"", ""total_equivalent_vnd"": 3800000000.0}]"
shard_0008.parquet,324059,"Bán nhà Lạc long Quân Phường 5 Quận 11. 3,7mx10m 2 lầu sân thượng giá 7,9 tỷ thương lượng","Hẻm 5M Lạc Long Quân Q11 DT: ( 3,7 x 10m ) CN 37m2 , sàn 120m2 KC : Trệt , 2 Lầu + Sân Thượng ( 3pn , 3wc , pk , p.thờ , sân thượng rộng rãi ) Hẻm sạch đẹp , an ninh , gần vòng xoay Đầm Sen , nhà mới 90% , có thể vào ở ngay .... Giá : 7,9 Tỷ TL",Hồ Chí Minh,Nhà,7900000000,37.0,7900000000.0,0.0,matched_2pct,"[{""source"": ""title"", ""text"": ""7,9 tỷ thương lượng"", ""parsed_value_vnd"": 7900000000.0, ""basis"": ""total"", ""total_equivalent_vnd"": 7900000000.0}, {""source"": ""description"", ""text"": ""7,9 Tỷ TL"", ""parsed_value_vnd"": 7900000000.0, ""basis"": ""total"", ""total_equivalent_vnd"": 7900000000.0}]"
shard_0007.parquet,174895,"Bán đất Nguyễn Văn Tăng, quận 9. Diện tích: 74m2, ngang 4m","Bán đất Nguyễn Văn Tăng Quận 9. Diện tích: 74m2 ngang 4m. Hẻm ô tô né nhau, đi lại thuận tiện. Vị trí đẹp: Ngay Nguyễn Văn Tăng, sát ngã 3 Mỹ Thành Lê Văn Việt. Thích hợp xây nhà ở hoặc đầu tư. Giá: 4,5 tỷ. Liên hệ: [phone_number]",Hồ Chí Minh,Đất,4500000000,74.0,4500000000.0,0.0,matched_2pct,"[{""source"": ""description"", ""text"": ""4,5 tỷ. Liên hệ: [pho"", ""parsed_value_vnd"": 4500000000.0, ""basis"": ""total"", ""total_equivalent_vnd"": 4500000000.0}]"
shard_0000.parquet,11938,Bán nhà Trần Phú Văn Quán Hà Đông!,"*Khu vực trung tâm Hà Đông xung quanh tiện ích không thiếu gì. Vị trí mặt ngõ kinh doanh sầm uất, khách mua về vừa ở vừa kinh doanh quá đẹp *Nhà vị trí cực đẹp view nhìn sang thành uỷ, ô tô vào nhà thoải mái, kinh doanh sầm uất, trước cửa ô tô dừng đỗ thoải mái, ngõ 217 huyền thoại đẹp thẳng thoáng to rộng. Ngõ ô tô tránh thông tứ hướng thuận lợi cho mọi bề - Thiết kế: + Tầng 1: Để xe, Khách, bếp + wc, 1 phòng. + Tầng 2: 2 phòng + 1 wc + sân rộng cực chill + Tầng 3: 2 phòng, 1 wc, ban công. + Tầng 4: Phòng thờ + sân phơi.",Hà Nội,Nhà,16200000000,85.0,,,no_supported_price,[]
shard_0004.parquet,69069,"Bán gấp CH 3PN, 3WC, 133m2 giá siêu hời tại Riverside Residence, Q7, HCM","Căn hộ chung cư Riverside Residence tọa lạc tại đường Nguyễn Lương Bằng, phường Tân Phú, Quận 7, TP.HCM. Đây là một trong những dự án nổi bật với thiết kế hiện đại và tiện nghi đầy đủ, phù hợp cho những ai đang tìm kiếm một không gian sống lý tưởng. + Diện tích: 133m2 + 3 phòng ngủ (PN) + 3 phòng tắm (WC) + Hướng cửa chính: Đông + Hướng ban công: Tây + Giá: 14,7 tỷ VND + Nội thất: Đầy đủ + Pháp lý: đầy đủ. Điểm đặc sắc: Căn hộ không chỉ có vị trí thuận lợi mà còn được thiết kế với phong thủy tốt, mang lại may mắn cho gia chủ. Môi trường sống trong lành, an ninh 24/24, cùng với các tiện ích như hồ bơi, phòng tập gym, sân tennis và khu vui chơi trẻ em, tạo nên một lối sống thoải mái và tiện nghi. Địa điểm xung quanh: Gần siêu thị Bách Hóa Xanh, công viên Cảnh Viên, công viên Nam Viên, trường mầm non Canada - Việt Nam, và bệnh viện Tim Tâm Đức. Chi tiết dự án: Riverside Residence là một tổ ",Hồ Chí Minh,Căn hộ chung cư,14700000000,133.0,14700000000.0,0.0,matched_2pct,"[{""source"": ""description"", ""text"": ""14,7 tỷ VND + Nội thất"", ""parsed_value_vnd"": 14700000000.0, ""basis"": ""total"", ""total_equivalent_vnd"": 14700000000.0}]"
shard_0009.parquet,234116,Cần bán chung cư 1 ngủ tại TP Bắc Giang đối diện Aeon Mall,"Em cần bán hộ bà chị gái căn 1 ngủ của tòa thương mại cc Ecohome Sông Thương gần siêu thị GO Bắc Giang. - Dt thông thủy 35,8m2, tầng đẹp số đẹp, không phạm phong thủy. - Giá 2 tỷ hơn 1 xíu xíu. - Anh chị có nhu cầu mua ở, đầu tư thì lh em nhé. Các bạn môi giới có khách dẫn tới chủ trả % hh ạ.",Bắc Giang,Căn hộ chung cư,2080000000,35.8,2000000000.0,0.04,mismatch,"[{""source"": ""description"", ""text"": ""2 tỷ hơn 1 xíu xíu."", ""parsed_value_vnd"": 2000000000.0, ""basis"": ""total"", ""total_equivalent_vnd"": 2000000000.0}]"
shard_0000.parquet,119695,"Bán nhà 4 tầng, gần City Land Phan Văn Trị, 4,5x12m, HXH Dương Quảng Hàm Gò Vấp, 6 tỷ hơn","Bán nhà gần ĐH Văn Lang, City Land, 4,5x12m, HXH Dương Quảng Hàm P5 Gò Vấp Đi định cư cần bán gấp nhà hẻm xe tải Đường Dương Quảng Hàm, P5, Gò Vấp. DT: 4,5x12m(NH 4,6), 1PK, 5PN, 4WC. Kết cấu: 1 trệt, 2 lầu, sân thượng trước sau. Vị trí: Gần trường ĐH Văn Lang, nhà Thờ Bến Hải, siêu thị Emart, KDC City Land Phan Văn Trị, cách 300m ra Đường Dương Quảng Hàm. giá 6 tỷ hơn Gọi ngay cho Xem Land . để xem nhà",Hồ Chí Minh,Nhà,,50.0,6000000000.0,,missing_structured_price,"[{""source"": ""title"", ""text"": ""6 tỷ hơn"", ""parsed_value_vnd"": 6000000000.0, ""basis"": ""total"", ""total_equivalent_vnd"": 6000000000.0}, {""source"": ""description"", ""text"": ""6 tỷ hơn Gọi ngay c"", ""parsed_value_vnd"": 6000000000.0, ""basis"": ""total"", ""total_equivalent_vnd"": 6000000000.0}]"
shard_0002.parquet,163824,"Bán căn hộ tháp Avis 62.47m2, mua tháng 11/2024","Bán căn hộ 2PN 2WC tháp Avis TT Avio liền kề Vincom Dĩ An. + Diện tích: 62.47m2, 2 phòng ngủ 2 toilet. + Thiết kế thông minh với ban công và logia riêng biệt, phòng nào cũng có nắng có gió tự nhiên. + Hướng Đông Nam mát mẻ quanh năm, view Landmark 81. + Bàn giao full bếp + toilet, vật liệu cao cấp từ Hafele, An Cường,... Đã thanh toán 30% + ký HĐMB, giá bán 2.25 tỷ luôn VAT.",Bình Dương,Căn hộ chung cư,2250000000,62.47,2250000000.0,0.0,matched_2pct,"[{""source"": ""description"", ""text"": ""2.25 tỷ luôn VAT."", ""parsed_value_vnd"": 2250000000.0, ""basis"": ""total"", ""total_equivalent_vnd"": 2250000000.0}]"
shard_0009.parquet,250216,"Bán căn hộ chung cư La astoria mặt tiền 1-2-3 PN giá tốt nhất ,e cư dân la astoria,LH :[phone_number]","E cư dân la astoria chuyên bán căn hộ nắm giỏ hàng la astoria La 1 đã có sổ ; Căn 50m 1pn1wc giá 3 tỷ Căn 67m 2pn2wc giá 3,8 tỷ Căn 85m 3pn2wc giá 4,65 tỷ La2 đang hợp đồng mua bán Căn 60m 2pn1wc giá 3,7 tỷ Căn 89m3pn3wc giá 4,7 tỷ Căn 140m 3pn3wc giá 6 tỷ cân góc La3 đang hợp đồng mua bán Căn 1pn1wc dạng Offtel giá 2,380 diện tích 45m Căn 3pn3wc 89m giá từ 4,7 tỷ Cân Penhouse siêu đẹp 220m 4pn3wc giá 12,99 tỷ còn TL Liên hệ xem nhà: 24/7 Em cư dân tại la astoria xem nhà bất cứ lúc nào Hotline: E nhận ký gửi mua bán nhà đất",Hồ Chí Minh,Căn hộ chung cư,3700000000,60.0,,,multiple_text_prices,"[{""source"": ""description"", ""text"": ""3 tỷ Căn 67m 2pn2wc"", ""parsed_value_vnd"": 3000000000.0, ""basis"": ""total"", ""total_equivalent_vnd"": 3000000000.0}, {""source"": ""description"", ""text"": ""3,8 tỷ Căn 85m 3pn2wc"", ""parsed_value_vnd"": 3800000000.0, ""basis"": ""total"", ""total_equivalent_vnd"": 3800000000.0}, {""source"": ""description"", ""text"": ""4,65 tỷ La2 đang hợp đ"", ""parsed_value_vnd"": 4650000000.0, ""basis"": ""total"", ""total_equivalent_vnd"": 4650000000.0}, {""source"": ""description"", ""text"": ""3,7 tỷ Căn 89m3pn3wc "", ""parsed_value_vnd"": 3700000000.0, ""basis"": ""total"", ""total_equivalent_vnd"": 3700000000.0}, {""source"": ""description"", ""text"": ""4,7 tỷ Căn 140m 3pn3w"", ""parsed_value_vnd"": 4700000000.0, ""basis"": ""total"", ""total_equivalent_vnd"": 4700000000.0}, {""source"": ""description"", ""text"": ""6 tỷ cân góc La3 đa"", ""parsed_value_vnd"": 6000000000.0, ""basis"": ""total"", ""total_equivalent_vnd"": 6000000000.0}, {""source"": ""description"", ""text"": ""4,7 tỷ Cân Penhouse s"", ""parsed_value_vnd"": 4700000000.0, ""basis"": ""total"", ""total_equivalent_vnd"": 4700000000.0}, {""source"": ""description"", ""text"": ""12,99 tỷ còn TL Liên hệ"", ""parsed_value_vnd"": 12990000000.0, ""basis"": ""total"", ""total_equivalent_vnd"": 12990000000.0}]"
shard_0005.parquet,188877,"Bán đất mặt tiền Bàu mạc 6, Hòa KHánh Bắc, DT 108m2 giá 4.89 tỷ tl","Bán đất mặt tiền BÀU MẠC 6, phường Hoà Khánh Bắc, quận Liên Chiểu, tp Đà Nẵng -Diện tích lớn : 107,5m2 ( ngang 5m x 21,5m) -Hướng Tây Bắc -Đường : 5m5 vĩa hè rộng 3m. -Vị trí đẹp, đường thông thoáng, cách biển 5 phút đi bộ. Gần chợ, trường học cấp1,2,3 đại học, cao đẳng. Khu vực đông dân cư, an ninh tốt, không khí trong lành. -Giá bán : 4ty890 LH A.Phát để xem và làm việc chính chủ",Đà Nẵng,Đất,4890000000,107.5,4890000000.0,0.0,matched_2pct,"[{""source"": ""title"", ""text"": ""4.89 tỷ tl"", ""parsed_value_vnd"": 4890000000.0, ""basis"": ""total"", ""total_equivalent_vnd"": 4890000000.0}, {""source"": ""description"", ""text"": ""4ty890 LH A.Phát đ"", ""parsed_value_vnd"": 4890000000.0, ""basis"": ""total"", ""total_equivalent_vnd"": 4890000000.0}]"
shard_0002.parquet,56159,Siêu hiếm! Bán gấp building mặt tiền Điện Biên Phủ DT 12x40m hầm 10 tầng HĐT: 800tr/th - giá 170 tỷ,"Bán toà nhà mặt tiền Điện Biên Phủ - Q. Bình Thạnh. Bán gấp nhà mặt tiền Điện Biên Phủ, P. 25, Q. Bình Thạnh. - Diện tích: 12 x 40m Nở hậu: 16.5m = 550m2. - Kết cấu: 1 hầm + 10 tầng. - Vị trí siêu đẹp, view Landmark 81. - Pháp lý cá nhân. - Giá bán: 260 tỷ về 170 tỷ TL. Em Kiều làm việc trực tiếp chính chủ. Liên hệ em [phone_number]",Hồ Chí Minh,Nhà,170000000000,550.0,,,multiple_text_prices,"[{""source"": ""title"", ""text"": ""800tr/th - giá 170 t"", ""parsed_value_vnd"": 800000000.0, ""basis"": ""total"", ""total_equivalent_vnd"": 800000000.0}, {""source"": ""title"", ""text"": ""170 tỷ"", ""parsed_value_vnd"": 170000000000.0, ""basis"": ""total"", ""total_equivalent_vnd"": 170000000000.0}, {""source"": ""description"", ""text"": ""260 tỷ về 170 tỷ TL. "", ""parsed_value_vnd"": 260000000000.0, ""basis"": ""total"", ""total_equivalent_vnd"": 260000000000.0}, {""source"": ""description"", ""text"": ""170 tỷ TL. Em Kiều là"", ""parsed_value_vnd"": 170000000000.0, ""basis"": ""total"", ""total_equivalent_vnd"": 170000000000.0}]"
shard_0004.parquet,207731,Duy nhất 1 lô đất vị trí kim cương ngay Co.opmart Vĩnh Lộc B bán gấp,"Đất vị trí kim cương ngay Co.opmart Vĩnh Lộc B, Xã Vĩnh Lộc B, Bình Chánh nay xã Tân Vĩnh Lộc. Tiềm năng trung tâm của Tân Vĩnh Lộc. Sở hữu đất vàng mặt tiền đường 20m, đối diện Co.op Mart, liền kề Võ Văn Vân Trần Văn Giàu. Diện tích: 4.5 x 16m, vỉa hè 5m đường lớn 20m, tiềm năng kinh doanh vượt trội. Pháp lý chuẩn: KDC Sổ hồng riêng, thổ cư đủ, hỗ trợ vay ngân hàng. Giá chỉ: 4,3x tỷ (bớt lộc). Vị trí trung tâm dân cư đông đúc giá đang tốt. Mua hôm nay, giữ đất 1 - 2 năm có thể sinh lời mạnh.",Hồ Chí Minh,Đất,4379000000,72.0,,,no_supported_price,[]
shard_0000.parquet,186243,"Bán nhà riêng tại Bình Chánh 90m2 sổ hồng riêng, đang ngộp cần bán gấp có thương lượng","Đang cần tiền nên chủ nhà cần bán gấp căn nhà 1 trệt 1 lầu Vị trí: Nguyễn Hữu Trí, TT Tân Túc, Bình Chánh Hẻm 6m Gần chợ, trường học đông dân cư - Diện tích 5x18 (90m2) - Gồm 3 PN, 2 Toilet + Phòng thờ Có sổ hồng riêng, Full thổ cư, bao check quy hoạch, tranh chấp. Giá 1tỷ250 - Khách gặp, xem nhà trực tiếp thương lượng giá với chủ. Thắc mắc liên hệ[phone_number] Thành hoặc kb zalo.",Hồ Chí Minh,Nhà,1250000000,90.0,1250000000.0,0.0,matched_2pct,"[{""source"": ""description"", ""text"": ""1tỷ250 - Khách gặp"", ""parsed_value_vnd"": 1250000000.0, ""basis"": ""total"", ""total_equivalent_vnd"": 1250000000.0}]"
shard_0004.parquet,329856,"Bán biệt thự song lập khu xây dựng 5 đường Liên Phường, giá siêu tốt chỉ 23.5 tỷ, DT: 180m2 (10x18)","Chính chủ gửi bán biệt thự song lập khu XD5, đường Liên Phường, P Phước Long B, Tp Thủ Đức: - DT: 180m2 (10m x 18m) DTS: 292m2. - Hướng: Tây. - Kết cấu: Trệt, 2 lầu, áp mái. - Nhà hoàn thiện full nội thất - Khu vực an ninh tốt, đối diện cổng dự án Merita Khang Điền. - Giá bán: 23.5 tỷ Liên hệ: Mr. Nguyện.",Hồ Chí Minh,Biệt thự/Nhà liền kề,23500000000,180.0,23500000000.0,0.0,matched_2pct,"[{""source"": ""title"", ""text"": ""23.5 tỷ, DT: 180m2 (10"", ""parsed_value_vnd"": 23500000000.0, ""basis"": ""total"", ""total_equivalent_vnd"": 23500000000.0}, {""source"": ""description"", ""text"": ""23.5 tỷ Liên hệ: Mr. N"", ""parsed_value_vnd"": 23500000000.0, ""basis"": ""total"", ""total_equivalent_vnd"": 23500000000.0}]"
shard_0001.parquet,303363,"Bán nhà 80.5m2 (5 x 14) nở hậu 6.3m, 3PN, mới ở ngay, hẻm rộng cao ráo, nhỉnh 5 tỷ","Nhà chuẩn bị hoàn thiện, ACE ghé xem nhà để giữ chỗ nhé ạ. 5.27 tỷ nhà diện tích khủng 80.5m2 có phòng tầng trệt thích hợp cho gia đình nhiều thế hệ gần chợ vạn nguyên. Diện tích: 80.5m2 (5m x 14m nở hậu 6.3). Kết cấu: 1 trệt 1 lầu, 3 phòng ngủ, toilet riêng từng phòng, có phòng dưới tầng trệt, có ban công, giếng trời lấy gió lấy sáng. Sân rộng rãi, để được 2 bàn tròn khi có tiệc tùng. Vị trí: Gần chợ Vạn Nguyên, chùa Pháp Bữu, tiện ích xung quanh đầy đủ, cách cầu Chà Và 10' đi xe, thuận tiện di chuyển về các quận trung tâm. Nhà cách mặt tiền đường lớn vài bước chân, vị trí đẹp, khu dân trí cao, không ngập nước, diện tích lớn 80.5.m2 thích hợp cho gia đình đông người, nhiều thế hệ. Sổ hồng riêng, công chứng ngay. Alo em Thành Nhà Phố để tới xem nhà ngay.",Hồ Chí Minh,Nhà,5270000000,80.5,5000000000.0,0.054,mismatch,"[{""source"": ""title"", ""text"": ""5 tỷ"", ""parsed_value_vnd"": 5000000000.0, ""basis"": ""total"", ""total_equivalent_vnd"": 5000000000.0}, {""source"": ""description"", ""text"": ""5.27 tỷ nhà diện tích "", ""parsed_value_vnd"": 5270000000.0, ""basis"": ""total"", ""total_equivalent_vnd"": 5270000000.0}]"
shard_0009.parquet,289791,"Bán nhà hẻm 1 trục đường Bàu Cát, 88m2, HXH, SH riêng. Kinh doanh tốt","Bán nhà gần mặt tiền - hẻm xe tải - ngay trung tâm khu Bàu Cát - 4 x 10,35 - có sổ hồng riêng sang tên. - Diện tích sử dụng: 88m2, 5 PN, 5 WC, nhà 3 tầng siêu VIP, đầy đủ nội thất. - Ngay trung tâm khu Bàu cát Khu Víp Tân Bình, mua bán sầm uất, khu dân trí cao, hàng xóm thân thiện. - Vị trí đẹp gần Nguyễn Hồng Đào, Trường Chinh, Bảy Hiền, Cộng Hoà. Giáp Quận Tân Phú, Quận 11. Liên hệ xem nhà: [phone_number]",Hồ Chí Minh,Nhà,0,41.4,,,no_supported_price,[]
shard_0005.parquet,308376,"Bán căn hộ Sunrise Riverside, 98m2 thiết ké 2pn, nội thất đẹp, 6,9 tỷ","Nhanh tay sở hữu căn hộ chung cư 2 phòng ngủ tại Sunrise Riverside, tọa lạc ở Đường Nguyễn Hữu Thọ, xã Phước Kiển, huyện Nhà Bè, TP.HCM. Căn hộ rộng 98m2, có đầy đủ nội thất hiện đại, phù hợp cho gia đình hoặc đầu tư sinh lời. + Diện tích: 98m2 + 2PN + 2WC + Nội thất đầy đủ, bao gồm điều hòa, tủ lạnh, giường... + Giá bán: 6,9 tỷ VND. Ưu điểm: Căn hộ được thiết kế phong thủy tốt, mang lại không gian sống thoải mái và tiện nghi. Dự án nằm trong khu vực phát triển nhanh chóng, gần các tiện ích như hồ bơi, gym, và nhiều dịch vụ chăm sóc sức khỏe. Địa điểm tiện ích xung quanh: - Gần các trung tâm thương mại lớn như SC Vivocity, Lotte Mart, CoopXtra, Parkson Paragon. Liên hệ để biết thêm thông tin chi tiết: Phụng Ny.",Hồ Chí Minh,Căn hộ chung cư,6900000000,98.0,6900000000.0,0.0,matched_2pct,"[{""source"": ""title"", ""text"": ""6,9 tỷ"", ""parsed_value_vnd"": 6900000000.0, ""basis"": ""total"", ""total_equivalent_vnd"": 6900000000.0}, {""source"": ""description"", ""text"": ""6,9 tỷ VND. Ưu điểm: "", ""parsed_value_vnd"": 6900000000.0, ""basis"": ""total"", ""total_equivalent_vnd"": 6900000000.0}]"
shard_0003.parquet,204112,"BÁN NHÀ HXT XÔ VIẾT NGHỆ TĨNH P.21 BÌNH THẠNH ( 4x16m, 64m2) GIÁ :16 tỷ TL (Căn hiếm trong khu vực)","Bán Nhà Hẻm Xe Tải Xô Viết Nghệ Tĩnh - Cơ Hội Đầu Tư Hấp Dẫn! Thông Tin Chi Tiết Về Ngôi Nhà: Diện Tích: 4m x 16m, vuông vức, tối ưu hóa không gian sử dụng. Kết Cấu: Gồm 1 trệt và 3 lầu, được xây dựng kiên cố và chắc chắn. Vị Trí: Nằm trên hẻm rộng 12m, chỉ cách mặt tiền đường chính 100m, thuận tiện cho việc di chuyển và kinh doanh. Dòng Tiền Ổn Định: Có sẵn hợp đồng cho thuê, đảm bảo nguồn thu nhập thụ động đều đặn. Đặc Điểm Nổi Bật: Ngôi nhà đẹp, hiếm có trên thị trường, mang lại giá trị đầu tư cao. Mức Giá: Chỉ 16 tỷ đồng (có thương lượng). Ngôi nhà này là một lựa chọn lý tưởng cho những ai đang tìm kiếm một bất động sản có vị trí đắc địa, kết cấu vững chắc và tiềm năng sinh lời hấp dẫn. Liên Hệ: Vui lòng liên hệ Mr. Đức qua số điện thoại [phone_number]Call/Zalo/Viber) để biết thêm chi tiết hoặc sắp xếp lịch xem nhà.",Hồ Chí Minh,Nhà,16000000000,64.0,16000000000.0,0.0,matched_2pct,"[{""source"": ""title"", ""text"": ""16 tỷ TL (Căn hiếm t"", ""parsed_value_vnd"": 16000000000.0, ""basis"": ""total"", ""total_equivalent_vnd"": 16000000000.0}, {""source"": ""description"", ""text"": ""16 tỷ đồng (có thươn"", ""parsed_value_vnd"": 16000000000.0, ""basis"": ""total"", ""total_equivalent_vnd"": 16000000000.0}]"
shard_0009.parquet,324780,"Bán nhà 3,5x20 mặt tiền số 16 đường số 51 phường 14 gò gấp chỉ hơn 6tỷ","Quá rẻ cho căn MẶT TIỀN Giảm 200tr còn nhỉnh 6ty 6 Thương Lượng tìm đâu ra Bán mặt tiền đường số 51 phường 14 Gò Vấp DT: 3,5x20 nhà cấp 4 Tiện xây mới Vị trí đường 10m thông - Phạm văn chiêu ra KÊNH THAM LƯƠNG kinh doanh buôn bán mọi ngành nghề Gần trung tâm thương mại Emart Pahn Huy ích - cách bờ kè THAM LƯƠNG chỉ khoản 100m LH : [phone_number] zalo [phone_number]",Hồ Chí Minh,Nhà,6600000000,70.0,6000000000.0,0.1,mismatch,"[{""source"": ""title"", ""text"": ""6tỷ"", ""parsed_value_vnd"": 6000000000.0, ""basis"": ""total"", ""total_equivalent_vnd"": 6000000000.0}, {""source"": ""description"", ""text"": ""200tr còn nhỉnh 6ty "", ""parsed_value_vnd"": 200000000.0, ""basis"": ""total"", ""total_equivalent_vnd"": 200000000.0}, {""source"": ""description"", ""text"": ""6ty 6 Thương Lượng"", ""parsed_value_vnd"": 6000000000.0, ""basis"": ""total"", ""total_equivalent_vnd"": 6000000000.0}]"
shard_0003.parquet,193849,Chính chủ bán nhanh 3PN full nội thất giá chỉ 6tỷ450 tỷ tại Masteri Centre Point Vinhomes Quận 9,"Chính chủ bán nhanh 3PN full nội thất giá chỉ 6ty450 tỷ tại Masteri Centre Point Vinhomes Grand Park Quận 9. Diện tích tim tường: 97,85m². Diện tích sử dụng: 87,2m². Nội thất: Full Nội thất đầy đủ tiện nghi. Sẵn Hợp đồng thuê 18tr/tháng rất thích hợp để đầu tư và khai thác dòng tiền ngay khi giao dịch. Sẵn Pass thẻ xem nhà ngay.",Hồ Chí Minh,Căn hộ chung cư,6450000000,97.85,6450000000.0,0.0,matched_2pct,"[{""source"": ""title"", ""text"": ""6tỷ450 tỷ tại Mast"", ""parsed_value_vnd"": 6450000000.0, ""basis"": ""total"", ""total_equivalent_vnd"": 6450000000.0}, {""source"": ""description"", ""text"": ""6ty450 tỷ tại Mast"", ""parsed_value_vnd"": 6450000000.0, ""basis"": ""total"", ""total_equivalent_vnd"": 6450000000.0}]"
shard_0007.parquet,147907,"Bán gấp! Nhà 69m2 - ngang 11m CMT8, Quận 3 chỉ 9.7 tỷ","Bán gấp! Nhà 69m2 - ngang 11m CMT8, Quận 3 chỉ 9.7 tỷ. Vị trí: Tọa lạc tại trục đường Cách Mạng Tháng 8, Phường 11, Quận 3. Vị trí trung tâm, gần Phố Đỗ Thị Lời. Nhà cách hẻm xe hơi (HXH) chỉ 10m. Diện tích: Diện tích công nhận 69m2, diện tích thực tế 78m. Mặt tiền ngang lớn 11m x 7m rất hiếm có. Kết cấu: Nhà hiện trạng 2 tầng. Khuôn đất vuông vức, rất thích hợp để xây mới lên nhiều tầng nhằm tối ưu hóa công năng làm Căn hộ dịch vụ (CHDV). Tiện ích: Có hai mặt tiền hẻm (có lối đi trước và sau rất thuận tiện). Có sân rộng chung để xe thoải mái và cây xanh. Tiềm năng xây CHDV cho thuê rất lớn. Pháp lý: Sổ hồng chính chủ, sẵn sàng giao dịch nhanh. Giá bán: 9.7 tỷ đồng. Liên hệ: [phone_number] - Mr Quốc Đại để xem nhà và nhận tư vấn giải pháp tài chính, sở hữu nhà trung tâm miễn phí.",Hồ Chí Minh,Nhà,9700000000,69.0,9700000000.0,0.0,matched_2pct,"[{""source"": ""title"", ""text"": ""9.7 tỷ"", ""parsed_value_vnd"": 9700000000.0, ""basis"": ""total"", ""total_equivalent_vnd"": 9700000000.0}, {""source"": ""description"", ""text"": ""9.7 tỷ. Vị trí: Tọa l"", ""parsed_value_vnd"": 9700000000.0, ""basis"": ""total"", ""total_equivalent_vnd"": 9700000000.0}, {""source"": ""description"", ""text"": ""9.7 tỷ đồng. Liên hệ:"", ""parsed_value_vnd"": 9700000000.0, ""basis"": ""total"", ""total_equivalent_vnd"": 9700000000.0}]"
shard_0003.parquet,182926,"Hàng hiếm! Bán lô đất mặt tiền đường Nguyễn Tạo khu làng Đại Học, diện tích lớn","Chủ cần bán lô đất đường Nguyễn Tạo diện tích lớn khu làng đại học, thích hợp xây căn hộ, biệt thự, dân cư đông đúc, sầm uất. - Diện tích 200m2 (ngang 10m). - Đường 5,5m lề mỗi bên 3m. - Giá rẻ hiếm có lô thứ 2: 8,4 tỷ có thương lượng. - Lh: để đi xem đất.",Đà Nẵng,Đất,8400000000,200.0,8400000000.0,0.0,matched_2pct,"[{""source"": ""description"", ""text"": ""8,4 tỷ có thương lượn"", ""parsed_value_vnd"": 8400000000.0, ""basis"": ""total"", ""total_equivalent_vnd"": 8400000000.0}]"
shard_0004.parquet,156871,Cần bán gấp căn nhà 2 tầng mặt tiền đường Nguyễn Khang quận Thanh Khê Tp Đà Nẵng.,"Cần bán gấp căn nhà 2 tầng mặt tiền đường Nguyễn Khang phường An Khê quận Thanh Khê Tp Đà Nẵng Vị trí - gần chợ - gần công an quận Thanh Khê - cách trường cấp 1,2 chỉ có 200m - gần Hà Huy Tập Sản phẩm - nhà 2 tầng gồm có 3 phòng ngủ - diện tích 88,5m2 - đường 5m5 lề 3m - giá 5ty950 Lh [phone_number] để xem nhà ngay",Đà Nẵng,Nhà,5950000000,88.5,5950000000.0,0.0,matched_2pct,"[{""source"": ""description"", ""text"": ""5ty950 Lh [phone_n"", ""parsed_value_vnd"": 5950000000.0, ""basis"": ""total"", ""total_equivalent_vnd"": 5950000000.0}]"
shard_0004.parquet,211305,"Bán Nhà Cấp 4, gần Lê Văn Khương, Phường thới an (Q12 cũ) chỉ 6.x TỶ","nhà cũ cấp 4 tiện xây mới đường trước nhà hai xe hơi tránh nhau cách vài trăm m là ra lê văn khương thuận tiện ra quốc lộ đi gò vấp tân bình. . . pháp lý sạch, công chứng ngay",Hồ Chí Minh,Nhà,6500000000,80.0,,,no_supported_price,[]
shard_0000.parquet,125510,"Bán căn hộ 70 m2 , 2 pn , 2 wc ,nội thất đẹp view Tố Hữu , lầu cao , giá 3,1 tỷ lh [phone_number] Sơn","Bán căn hộ CT2 VCN Phước Hải , Nha Trang , Khánh Hoà - Diện tích 70 m2 , 2 phòng ngủ , 2 nhà vệ sinh - Hướng cửa Đông Nam bancol Tây Bắc - Pháp lí Sổ Hồng công chứng ngay Giá bán 3,1 tỷ Lh [phone_number] Sơn",Khánh Hòa,Căn hộ chung cư,3100000000,70.0,3100000000.0,0.0,matched_2pct,"[{""source"": ""title"", ""text"": ""3,1 tỷ lh [phone_numb"", ""parsed_value_vnd"": 3100000000.0, ""basis"": ""total"", ""total_equivalent_vnd"": 3100000000.0}, {""source"": ""description"", ""text"": ""3,1 tỷ Lh [phone_numb"", ""parsed_value_vnd"": 3100000000.0, ""basis"": ""total"", ""total_equivalent_vnd"": 3100000000.0}]"
shard_0008.parquet,69540,BÁN NHÀ PHÂN LÔ Ô TÔ TRÁNH - NGÕ 91 NGUYỄN CHÍ THANH 38M2 - 6 TẦNG THANG MÁY - 22.5 TỶ - KINH DOANH,"- BÁN NHÀ PHÂN LÔ Ô TÔ TRÁNH - NGÕ 91 NGUYỄN CHÍ THANH 38M2 - 6 TẦNG THANG MÁY - 22.5 TỶ - Nhà nằm vị trí đẹp, ngõ thông ô tô dừng đỗ, vài bước ra Nguyễn Chí Thanh, kinh doanh gì cũng được, tiện ích ko thiếu gì - Ngõ vào thoáng sáng, thiết kế thông sàn, nhà mới cực đẹp ở luôn đón TẾT - Sổ đỏ vuông đẹp, sẵn sàng giao dịch - Liên hệ Thắng Nhà Nét để được tư vấn xem nhà miễn phí và gặp trực tiếp chính chủ. Miễn môi giới - trung gian",Hà Nội,Nhà,22500000000,38.0,22500000000.0,0.0,matched_2pct,"[{""source"": ""title"", ""text"": ""22.5 TỶ - KINH DOANH"", ""parsed_value_vnd"": 22500000000.0, ""basis"": ""total"", ""total_equivalent_vnd"": 22500000000.0}, {""source"": ""description"", ""text"": ""22.5 TỶ - Nhà nằm vị t"", ""parsed_value_vnd"": 22500000000.0, ""basis"": ""total"", ""total_equivalent_vnd"": 22500000000.0}]"
shard_0001.parquet,86523,"Bán đất KDC Đại Ngàn MT công viên mát mẻ gần Aeon Mall, p.Thuận Giao Tp.Thuận An","Bán đất KDC Đại Ngàn MT công viên mát mẻ gần Aeon Mall, p.Thuận Giao Tp.Thuận An DT 70m2 ( 5x14m) thổ cư 100% Đường 12m có vỉe hè, đường thông 2 đầu. Ngay Chợ Thuận Giao đường 22 Tháng 12 chỉ 200m Gần đường Quốc Lộ 13 đang mở rộng rộng, ngã tư Đất Thánh 500m Sổ hồng riêng Hỗ trợ ngân hàng 80% Giá 3,5 tỉ TL",Bình Dương,Đất,3500000000,70.0,3500000000.0,0.0,matched_2pct,"[{""source"": ""description"", ""text"": ""3,5 tỉ TL"", ""parsed_value_vnd"": 3500000000.0, ""basis"": ""total"", ""total_equivalent_vnd"": 3500000000.0}]"
shard_0008.parquet,172275,"Chính chủ bán nhà mặt chợ bông đỏ 89m2 mt 5,6m kinh doanh sầm uất 25 tỷ","CHÍNH CHỦ BÁN NHÀ MẶT CHỢ BÔNG ĐỎ 89M2 MT 5,6m KINH DOANH SẦM UẤT 25 tỷ + Diện tích 89 m2, nhà xây 3 tầng, mặt tiền 5,6m đẹp + Vị trí ngay đầu mặt phố Phan Đình Giót, kinh doanh buôn bán ngày đêm, 2 thoáng + Khu trung tâm Hà Đông, giá trị cao Liên hệ Thiết Thật Thà [phone_number]",Hà Nội,Nhà,25000000000,89.0,25000000000.0,0.0,matched_2pct,"[{""source"": ""title"", ""text"": ""25 tỷ"", ""parsed_value_vnd"": 25000000000.0, ""basis"": ""total"", ""total_equivalent_vnd"": 25000000000.0}, {""source"": ""description"", ""text"": ""25 tỷ + Diện tích 89"", ""parsed_value_vnd"": 25000000000.0, ""basis"": ""total"", ""total_equivalent_vnd"": 25000000000.0}]"
shard_0005.parquet,174234,"Bán gấp đất tại Hẻm xe máy Đường Bùi Hữu Nghĩa, 1,65 tỷ, 73m2","Đất nền tại Hẻm xe máy Đường Bùi Hữu Nghĩa, Phường Tân Vạn, Biên Hòa, Đồng Nai với diện tích 73m2, giá ưu đãi 1,65 tỷ VND. Điểm nhấn: - Ngõ vào rộng 1,5m, thuận tiện cho xe máy vào ra. - Mặt tiền 5m, lý tưởng cho việc kinh doanh hoặc xây dựng nhà ở. - Pháp lý đầy đủ, tạo sự yên tâm cho người mua. Địa điểm tiện ích xung quanh: - Gần siêu thị Bách Hóa Xanh ấp Tân Bình. Liên hệ ngay để biết thêm thông tin chi tiết qua số điện thoại [phone_number] và tên Nguyen Trung.",Đồng Nai,Đất,1650000000,73.0,1650000000.0,0.0,matched_2pct,"[{""source"": ""title"", ""text"": ""1,65 tỷ, 73m2"", ""parsed_value_vnd"": 1650000000.0, ""basis"": ""total"", ""total_equivalent_vnd"": 1650000000.0}, {""source"": ""description"", ""text"": ""1,65 tỷ VND. Điểm nhấn"", ""parsed_value_vnd"": 1650000000.0, ""basis"": ""total"", ""total_equivalent_vnd"": 1650000000.0}]"
shard_0006.parquet,246330,"Bán nhà đẹp đường nguyễn quý anh, p. tân sơn nhì, q. tân phú dt 6x12m, nhà 2 lầu, giá chỉ 9,1 tỷ","BÁN NHÀ ĐẸP ĐƯỜNG NGUYỄN QUÝ ANH, P. TÂN SƠN NHÌ, Q. TÂN PHÚ Địa chỉ: 3/ Nguyễn Quý Anh, phường Tân Sơn Nhì, Quận Tân Phú Diện tích: 6m x 12m vuông vức Kết cấu: Nhà kiên cố, 2 lầu, thiết kế đẹp Hẻm thông 6m, xe hơi vào tới nhà Sát công viên Siewu, khu dân trí, an ninh, tiện ích đầy đủ Sổ đang hoàn công, pháp lý rõ ràng mua bán nhanh gọn Giá: 9,1 tỷ thương lượng nhẹ cho khách thiện chí Liên hệ [phone_number] Thuận",Hồ Chí Minh,Nhà,9100000000,72.0,9100000000.0,0.0,matched_2pct,"[{""source"": ""title"", ""text"": ""9,1 tỷ"", ""parsed_value_vnd"": 9100000000.0, ""basis"": ""total"", ""total_equivalent_vnd"": 9100000000.0}, {""source"": ""description"", ""text"": ""9,1 tỷ thương lượng n"", ""parsed_value_vnd"": 9100000000.0, ""basis"": ""total"", ""total_equivalent_vnd"": 9100000000.0}]"
shard_0009.parquet,11258,"Bán đất tại Nguyễn Thị Định, 5,14 tỷ, 290,52 m2, P1, TP Bạc Liêu","Đất bán tại Đường Nguyễn Thị Định, Phường Bạc Liêu, Cà Mau - Thành phố Bạc Liêu, Bạc Liêu cũ với diện tích 290,52 m2, giá 5,14 tỷ VND. Đất có mặt tiền 12m, ngõ trước rộng 15m, phù hợp cho việc xây dựng nhà ở hoặc kinh doanh. Pháp lý đầy đủ, hướng cửa chính Tây Bắc, mang lại phong thủy tốt cho gia chủ. Địa điểm xung quanh: + Bệnh viện đa khoa Thanh Vũ Medic Bạc Liêu. + Siêu thị Bách Hóa Xanh. + Siêu thị Winmart Trần Huỳnh. + Nhóm trẻ Anvi. Liên hệ để biết thêm thông tin chi tiết qua số điện thoại [phone_number]",Bạc Liêu,Đất,5140000000,290.52,5140000000.0,0.0,matched_2pct,"[{""source"": ""title"", ""text"": ""5,14 tỷ, 290,52 m2, P1"", ""parsed_value_vnd"": 5140000000.0, ""basis"": ""total"", ""total_equivalent_vnd"": 5140000000.0}, {""source"": ""description"", ""text"": ""5,14 tỷ VND. Đất có mặ"", ""parsed_value_vnd"": 5140000000.0, ""basis"": ""total"", ""total_equivalent_vnd"": 5140000000.0}]"
shard_0007.parquet,218803,"NGỢP BANK BÁN GẤP BIỆT THỰ GÓC 2 MT SÔNG GIỒNG HẦM 4 TẦNG, ĐƠN GIÁ CHỈ 190 TRIỆU/M2 RẺ NHẤT KHU","NGỢP BANK BÁN GẤP BIỆT THỰ GÓC 2 MẶT TIỀN SÔNG GIỒNG HẦM Ô TÔ RIÊNG GIÁ ĐẦU TƯ RẺ HƠN KHU VỰC 30% MUA VÀO Ở NGAY - Pháp Lý: Sổ Hồng Riêng, Hoàn Công Đầy Đủ - Diện Tích: 7 X 24m - Diện Tích Công Nhận: 172 m2 - Kết Cấu: Hầm + 4 Tầng, Biệt Thự Góc 2 Mặt Tiền, Có Hầm Ô Tô Riêng Duy Nhất Trong Khu - Hiện Trạng: Nhà Mới, Thiết Kế Hiện Đại, Mua Vào Ở Ngay Hoặc Khai Thác Lâu Dài - Lợi Thế: Vị Trí Kdc Cao Cấp Sông Giồng, Khu Dân Trí Cao, An Ninh, Rất Hiếm Sản Phẩm Góc Có Hầm - Giá Bán: 33 Tỷ HƠN 10.000 BẤT ĐỘNG SẢN VỚI RẤT NHIỀU VỊ TRÍ SIÊU ĐẸP - ĐƠN GIÁ ĐẦU TƯ CỰC KỲ TỐT TẠI THỜI ĐIỂM HIỆN TẠI QUÝ ANH CHỊ KHÁCH HÀNG ĐỪNG NGỪNG NGẠI LIÊN HỆ VỚI EM NGAY ĐỂ ĐƯỢC TƯ VẤN VÀ THAM KHẢO MIỄN PHÍ zalo/sdt:",Hồ Chí Minh,Biệt thự/Nhà liền kề,33000000000,172.0,32680000000.0,0.009791921664626682,matched_2pct,"[{""source"": ""title"", ""text"": ""190 TRIỆU/M2 RẺ NHẤT KHU"", ""parsed_value_vnd"": 190000000.0, ""basis"": ""per_m2"", ""total_equivalent_vnd"": 32680000000.0}, {""source"": ""description"", ""text"": ""33 Tỷ HƠN 10.000 BẤT"", ""parsed_value_vnd"": 33000000000.0, ""basis"": ""total"", ""total_equivalent_vnd"": 33000000000.0}]"
shard_0001.parquet,62287,"Bán gấp đất thổ cư 1236m2, Định Quán, Đồng Nai, gần QL20 và KCN","Chính chủ cần bán gấp lô đất diện tích 20m x 60m, tổng 1236m2, đã chuyển đổi toàn bộ sang đất thổ cư. Đất cao ráo, bằng phẳng, rất phù hợp cho nhà đầu tư. Vị trí: xã La Ngà, huyện Định Quán, tỉnh Đồng Nai, cách quốc lộ 20 và khu công nghiệp 600m, đường nhựa liên huyện. Liên hệ: [phone_number] gặp Cường để biết thêm thông tin chi tiết.",Đồng Nai,Đất,,1200.0,,,no_supported_price,[]
shard_0006.parquet,20135,Chào bán chung cư 3 phòng ngủ view biển tại Blooming Tower Đà Nẵng,"Chào bán chung cư 3 phòng ngủ Blooming Tower Đà Nẵng, đường Xuân Diệu, phường Hải Châu, thành phố Đà Nẵng. + Diện tích 129m², thiết kế gồm có 1 phòng khách, 1 phòng bếp, 3 phòng ngủ, 2 phòng vệ sinh. Tầng cao có view biển tuyệt đẹp. Tòa nhà chung cư được thiết kế và thi công theo tiêu chuẩn Hàn Quốc, hiện đại và trẻ trung. Vị trí đẹp, gần biển, gần sông thoáng mát. Giá bán tốt: 5.5 tỷ VNĐ Thông tin liên hệ: Công ty TNHH Toàn Huy Hoàng Realty. Địa chỉ: Tầng 7 Toà nhà Camelia 773 Ngô Quyền, An Hải Bắc, Sơn Trà, Đà Nẵng. Hotline: Phone -Zalo -WhatsApp).",Đà Nẵng,Căn hộ chung cư,5500000000,129.0,5500000000.0,0.0,matched_2pct,"[{""source"": ""description"", ""text"": ""5.5 tỷ VNĐ Thông tin "", ""parsed_value_vnd"": 5500000000.0, ""basis"": ""total"", ""total_equivalent_vnd"": 5500000000.0}]"
shard_0002.parquet,109470,"Bán nhà shophouse, Hà Huy Tập, Buôn Ma Thuột, Đăk Lăk, chỉ 5,7 tỷ, DT 5x20.","Bán nhà shophouse, Hà Huy Tập, Buôn Ma Thuột, Đăk Lăk, chỉ 5,7 tỷ, DT 5x20. Nhà mê 3 tầng đẹp phong cách Châu Âu, hoàn thiện ngoài, trong giao thô tùy ý chủ nhà hoàn thiện, trước nhà vĩa hè 7m đường Hà Huy Tập 30m, có công viên phía trước, Rất phù hợp để ở và kinh doanh. Nhà xây trên lô đất vuông vắng đẹp theo phong thủy là trời tròn đất vuông, gia chủ sẽ gặp nhiều may mắn và tài lộc. Chỉ còn ngôi nhà duy nhất 5x20m giá 5,7 tỷ tại vị trí đẹp; gọi ngay cho tôi để đi xem nhà. Vị trí : Nhà nằm mặt tiền đường Hà Huy Tập, dễ kết nối với đường 10/03, đường quốc lộ 14, di chuyển rất thuận lợi Hướng: Tây Tiện ích: Trường học, bệnh viện, sân bay, chợ, quán ăn uống. Diện tích: DT 100m²; MT 5m Giá bán: 5,7 tỷ; còn thương lượng. Pháp lý: Có sổ Gọi cho em ngay 24/24 Thuận Cam kết thông tin thật 100%",Đắk Lắk,Shophouse,5700000000,100.0,5700000000.0,0.0,matched_2pct,"[{""source"": ""title"", ""text"": ""5,7 tỷ, DT 5x20."", ""parsed_value_vnd"": 5700000000.0, ""basis"": ""total"", ""total_equivalent_vnd"": 5700000000.0}, {""source"": ""description"", ""text"": ""5,7 tỷ, DT 5x20. Nhà "", ""parsed_value_vnd"": 5700000000.0, ""basis"": ""total"", ""total_equivalent_vnd"": 5700000000.0}, {""source"": ""description"", ""text"": ""5,7 tỷ tại vị trí đẹp"", ""parsed_value_vnd"": 5700000000.0, ""basis"": ""total"", ""total_equivalent_vnd"": 5700000000.0}, {""source"": ""description"", ""text"": ""5,7 tỷ; còn thương lư"", ""parsed_value_vnd"": 5700000000.0, ""basis"": ""total"", ""total_equivalent_vnd"": 5700000000.0}]"
shard_0005.parquet,137486,"Chủ nhà kẹt kế hoạch bán gấp LK Hải Âu 2 72m², hướng ĐN, giá tốt 9 tỷ - Liên hệ ngay","Tôi là chủ sở hữu căn liền kề thuộc khu Hải Âu tại Vinhomes Ocean Park 2. Căn nhà có diện tích 72m² thông thủy, hướng Đông Nam rất thoáng và mát, đón nắng nhẹ cả ngày nhưng không bị nóng. Tôi mua căn này để chuẩn bị về ở lâu dài cho gia đình nên chọn rất kỹ: - Vị trí trung tâm, đường rộng - Hàng xóm văn minh, an ninh tốt - Không gian sạch sẽ, thoáng đãng - Gần Vincom, Công viên nước, các công viên nội khu to, sông sát nhà. Tuy nhiên, do thay đổi công việc và kế hoạch sinh sống, gia đình tôi không còn nhu cầu sử dụng nữa nên muốn chuyển nhượng lại cho anh chị nào thực sự cần. Nhà được giữ gìn rất cẩn thận mới nguyên chưa dùng, pháp lý đầy đủ, sang tên nhanh chóng. Khu Hải Âu 2 đã có nhiều cư dân về ở,nhiều tiện ích xung quanh: gần biển hồ, công viên, VinBus, trường học, khu thương mại rất thuận tiện cho sinh hoạt, nghỉ dưỡng và đầu tư dài hạn. Căn liền kề này phù hợp cho: - Gia đình trẻ m",Hưng Yên,Biệt thự/Nhà liền kề,9000000000,72.0,9000000000.0,0.0,matched_2pct,"[{""source"": ""title"", ""text"": ""9 tỷ - Liên hệ ngay"", ""parsed_value_vnd"": 9000000000.0, ""basis"": ""total"", ""total_equivalent_vnd"": 9000000000.0}, {""source"": ""description"", ""text"": ""9,9 tỷ (Có thương lượ"", ""parsed_value_vnd"": 9900000000.0, ""basis"": ""total"", ""total_equivalent_vnd"": 9900000000.0}]"
shard_0003.parquet,14937,BÁN NHÀ PHÂN LÔ XUÂN LA - Ô TÔ ĐỖ CỬA - DÂN XÂY - HÀNG XÓM KOSMO - NGOẠI GIAO ĐOÀN - STARLAKE,"BÁN NHÀ PHÂN LÔ XUÂN LA - Ô TÔ ĐỖ CỬA - DÂN XÂY - HÀNG XÓM KOSMO - NGOẠI GIAO ĐOÀN - STARLAKE - Nhà nằm trong khu phân lô dân trí cao, ô tô chạy quanh nhà, hàng xóm Kosmo, Ngoại Giao Đoàn, Starlake, gần trường học các cấp, bệnh viện, chợ... - Diện tích: 33M, 5 tầng, đủ công năng. - Giá chào: 12.8 tỷ, chủ thiện chí - Liên hệ: zalo) Thúy Hồng để xem nhà và gặp chính chủ.",Hà Nội,Nhà,12800000000,33.0,12800000000.0,0.0,matched_2pct,"[{""source"": ""description"", ""text"": ""12.8 tỷ, chủ thiện chí"", ""parsed_value_vnd"": 12800000000.0, ""basis"": ""total"", ""total_equivalent_vnd"": 12800000000.0}]"
shard_0004.parquet,84056,Bán gấp biệt thự lô góc siêu vip Tên Lửa 21x22m mặt tiền đường 10m 48.4 tỷ,"Biệt thự chuẩn thượng lưu, kết cấu 4 tầng (1 hầm, 3 tầng nổi), 5PN, 5WC, đầy đủ công năng cao cấp. Đường trước nhà rộng 10m, có lề 3m, xe hơi quay đầu dễ dàng. Khu vực dân trí cao, sát Aeon Mall, BV Quốc tế City, nhiều tiện ích xung quanh. Gọi ngay cho Hân Hân Nhà Phố SG xem nhà 24/7 - gặp chủ thương lượng trực tiếp",Hồ Chí Minh,Biệt thự/Nhà liền kề,48400000000,462.0,48400000000.0,0.0,matched_2pct,"[{""source"": ""title"", ""text"": ""48.4 tỷ"", ""parsed_value_vnd"": 48400000000.0, ""basis"": ""total"", ""total_equivalent_vnd"": 48400000000.0}]"
shard_0004.parquet,124822,"Bán Nhà riêng 1PN, 1WC, 9m2, Nơ Trang Long, p 13, Q.Bình Thạnh, HCM, 1,7 tỷ","Nhà riêng Nơ Trang Long, Phường 13, Bình Thạnh, HCM, giá 1,7 tỷ , diện tích 9m2 - Nhỉnh 1 tỷ có hộ khẩu HCM - Hẻm 2 xẹc Nơ Trang Long. - Diện tích: 6,5 - 9 m2 ( ngang 2,5m x dài 4,5m ) - Nhà 2 tầng : + 1 phòng ngủ rộng rãi, thoáng mát. + 1 nhà vệ sinh hiện đại. + Ngõ vào rộng 3m, thông thoáng, chỉ 10m ra hẻm ô tô, thuận tiện cho việc di chuyển. + Pháp lý đầy đủ với sổ đỏ, sổ hồng. Căn nhà có phong thủy tốt, mang lại tài lộc cho gia chủ. Khu vực yên tĩnh, không khí trong lành, phù hợp cho những ai yêu thích sự riêng tư. - Tiện ích xung quanh + Siêu thị Mẹ Bầu & Em Bé - Con Cưng gần đó. + Trường mầm non 3 Ngọn Nến, cơ sở 1 phục vụ cho gia đình có trẻ nhỏ. + Bệnh viện Ung Bướu TP.HCM và Bệnh viện Đa Khoa Gia Định đảm bảo sự an tâm về sức khỏe. + Công viên 69/4 Đặng Thùy Trâm cho những buổi chiều thư giãn. Liên hệ ngay để được tư vấn miễn phí qua [phone_number] hoặc gặp Trần Thị Bích Hồng.",Hồ Chí Minh,Nhà,1700000000,9.0,1700000000.0,0.0,matched_2pct,"[{""source"": ""title"", ""text"": ""1,7 tỷ"", ""parsed_value_vnd"": 1700000000.0, ""basis"": ""total"", ""total_equivalent_vnd"": 1700000000.0}, {""source"": ""description"", ""text"": ""1,7 tỷ , diện tích 9m"", ""parsed_value_vnd"": 1700000000.0, ""basis"": ""total"", ""total_equivalent_vnd"": 1700000000.0}, {""source"": ""description"", ""text"": ""1 tỷ có hộ khẩu HCM"", ""parsed_value_vnd"": 1000000000.0, ""basis"": ""total"", ""total_equivalent_vnd"": 1000000000.0}]"
shard_0006.parquet,241966,"Chính chủ bán gấp căn hộ Sài Gòn 2PN 2WC - 60m², nhận nhà ngay tết chỉ với 300 triệu","1. Chính sách siêu hấp dẫn: - Chỉ cần vào 15% nhận nhà. - Nhận chiết khấu lên tới 8.5%. - Hỗ trợ vay lên tới 70%. Miễn lãi và gốc 0% trong vòng 18 tháng. - Cam kết hỗ trợ thuê 2 năm đầu lên tới 10% giá trị căn hộ. - Cam kết mua lại sau 2 năm. 2. Quà tặng hấp dẫn: - Tặng gói nội thất tủ bếp 20 triệu đồng. - Tặng xe vision (38 triệu) cho căn 2PN, sh mode (65 triệu) cho căn 3pn. - Miễn phí 1 năm phí quản lý vận hành. - Cơ hội trúng lớn: Xe Vinfast VF3, xe máy điện Evo, tủ lạnh LG. - Giá gốc chủ đầu tư ký trực tiếp không qua trung gian. 3: Vị trí vàng trung tâm phường Thuận Giao, TP. Hồ Chí Minh: - Chung cư Benhill tọa lạc tại đường Thuận Giao 25, phường Thuận Giao, TP. Hồ Chí Minh vị trí chiến lược kết nối trực tiếp với Bình Dương, Thủ Dầu Một, Dĩ An qua Quốc Lộ 13 và Đại lộ Mỹ Phước Tân Vạn. - Thuận tiện đầu tư cho thuê hoặc an cư lâu dài, sinh lời bền vững theo đà phát triển đô thị mở rộn",Bình Dương,Căn hộ chung cư,2200000000,60.0,300000000.0,6.333333333333333,mismatch,"[{""source"": ""title"", ""text"": ""300 triệu"", ""parsed_value_vnd"": 300000000.0, ""basis"": ""total"", ""total_equivalent_vnd"": 300000000.0}, {""source"": ""description"", ""text"": ""20 triệu đồng. - Tặng x"", ""parsed_value_vnd"": 20000000.0, ""basis"": ""total"", ""total_equivalent_vnd"": 20000000.0}, {""source"": ""description"", ""text"": ""38 triệu) cho căn 2PN, "", ""parsed_value_vnd"": 38000000.0, ""basis"": ""total"", ""total_equivalent_vnd"": 38000000.0}, {""source"": ""description"", ""text"": ""65 triệu) cho căn 3pn. "", ""parsed_value_vnd"": 65000000.0, ""basis"": ""total"", ""total_equivalent_vnd"": 65000000.0}]"
shard_0007.parquet,290528,Bán gấp lô đất ngộp - giá rẻ siêu rẻ TP Bảo Lộc,"Đất gần Phường 2, Bảo Lộc. Đất gần nút giao cao tốc. Giá thấp nhất thị trường hiện tại. Hỗ trợ sang tên công chứng. Ib xem sổ.",Lâm Đồng,Đất,579000000,507.0,,,no_supported_price,[]
shard_0009.parquet,182853,"Bán nhà riêng tại Bùi Văn Ngữ, 1,38 tỷ, 33m2, 2PN, 2WC, chính chủ, giá cực chất","Nhà riêng tại Bùi Văn Ngữ, Quận 12, TP.HCM là một lựa chọn tuyệt vời cho những ai đang tìm kiếm không gian sống tiện nghi và gần gũi. Với diện tích 33 m2, nhà có 1 tầng với 2 phòng ngủ và 2 phòng tắm, phù hợp cho gia đình nhỏ hoặc những ai yêu thích sự tiện lợi. - 2PN, 2WC, thiết kế thông thoáng. - Mặt tiền rộng 3m, ngõ vào 5m, thuận tiện cho việc di chuyển. - Pháp lý đầy đủ, đảm bảo an tâm cho người mua. - Giá bán: 1,38 tỷ VND, rất hợp lý cho khu vực này. - Phong thủy tốt, mang lại may mắn cho gia chủ. - Đường vào rộng rãi, dễ dàng tiếp cận cho ô tô. - Mặt tiền phù hợp cho việc kinh doanh nhỏ hoặc cho thuê. - Gần trường mầm non Úc Châu - Hiệp Thành. - Siêu thị Bách Hóa Xanh Hiệp Thành 13 và Nguyễn Ảnh Thủ gần đó. - Công viên Ao Đôi, lý tưởng cho những buổi đi dạo và thư giãn. Để biết thêm thông tin chi tiết và sắp xếp xem nhà, vui lòng liên hệ Ngân Khánh qua số điện thoại [phone_number]",Hồ Chí Minh,Nhà,1380000000,33.0,1380000000.0,0.0,matched_2pct,"[{""source"": ""title"", ""text"": ""1,38 tỷ, 33m2, 2PN, 2W"", ""parsed_value_vnd"": 1380000000.0, ""basis"": ""total"", ""total_equivalent_vnd"": 1380000000.0}, {""source"": ""description"", ""text"": ""1,38 tỷ VND, rất hợp l"", ""parsed_value_vnd"": 1380000000.0, ""basis"": ""total"", ""total_equivalent_vnd"": 1380000000.0}]"
shard_0000.parquet,136723,"Vị trí cực đẹp, chủ bán gấp! Nhà đường láng, ô tô đỗ cửa, gần bệnh viện. DT 25m2 * 6T, giá 7,35 tỷ","Vị trí: Đường Láng, quận Đống Đa, khu vực trung tâm, mặt ngõ kinh sầm uất kinh doanh nhiều mô hình, thuận tiện di chuyển ra Cầu Giấy, Nguyễn Trãi, Tây Sơn, Láng Hạ, Chùa Bộc, Ngã Tư Sở... * Thiết kế: Nhà dân xây khung cột chắc chắn. Diện tích: 25m2 - xây 6 tầng - 3 ngủ. Mặt tiền: ~3m. * Sổ đỏ chính chủ sẵn sàng giao dịch, sổ đỏ siêu nét. Giá bán: 7,35tỷ (thương lượng mạnh). Liên hệ: Em Thắng để xem nhà trực tiếp và làm việc chính chủ.",Hà Nội,Nhà,7350000000,25.0,7350000000.0,0.0,matched_2pct,"[{""source"": ""title"", ""text"": ""7,35 tỷ"", ""parsed_value_vnd"": 7350000000.0, ""basis"": ""total"", ""total_equivalent_vnd"": 7350000000.0}, {""source"": ""description"", ""text"": ""7,35tỷ (thương lượng "", ""parsed_value_vnd"": 7350000000.0, ""basis"": ""total"", ""total_equivalent_vnd"": 7350000000.0}]"
shard_0006.parquet,291022,"Bán căn hộ chung cư Long Phụng Apartment, 2,5 tỷ, 79m2 tại Quốc Lộ 1A, Tân Tạo A, Bình Tân, TP.HCM","Căn hộ chung cư Long Phụng Apartment tọa lạc tại Quốc Lộ 1A, Tân Tạo A, Bình Tân, TP.HCM, với diện tích 79m2, 2PN + 2WC, hướng cửa chính Tây, ban công Đông. Giá bán 2,5 tỷ VND, căn hộ được trang bị đầy đủ nội thất như điều hòa, tủ lạnh, giường, mang đến sự tiện nghi và thoải mái cho cư dân. Ưu điểm nổi bật của căn hộ bao gồm thiết kế hiện đại, không gian sống thoáng đãng cùng với pháp lý đầy đủ. Căn hộ thích hợp cho các gia đình trẻ tìm kiếm một nơi an cư lý tưởng, gần gũi với thiên nhiên và không gian sống lý tưởng. Khu vực xung quanh có nhiều tiện ích như bệnh viện Gia An 115, bệnh viện Đa Khoa Quốc Ánh, và công viên Phường Tân Tạo, giúp cư dân dễ dàng tiếp cận các dịch vụ y tế và giải trí. Liên hệ để được tư vấn miễn phí qua số điện thoại , gặp Nguyễn Minh Tín.",Hồ Chí Minh,Căn hộ chung cư,2500000000,79.0,2500000000.0,0.0,matched_2pct,"[{""source"": ""title"", ""text"": ""2,5 tỷ, 79m2 tại Quốc"", ""parsed_value_vnd"": 2500000000.0, ""basis"": ""total"", ""total_equivalent_vnd"": 2500000000.0}, {""source"": ""description"", ""text"": ""2,5 tỷ VND, căn hộ đư"", ""parsed_value_vnd"": 2500000000.0, ""basis"": ""total"", ""total_equivalent_vnd"": 2500000000.0}]"
shard_0003.parquet,101960,"Bán nhà mới xây lô góc 2 mặt tiền thoáng mát An Phú Thuận An Bình Dương giá chỉ 6,8 tỷ","Nhà phố sổ hồng riêng 1 trệt 2 lầu đổ 3 tấm hoàn công 3 tấm. Phường An Phú TP Hồ Chí Minh. Cách DT 743 chỉ 400m cách vòng xoay An Phú chỉ 1km, đi Thủ Đức HCM chỉ cần 20p đi xe. DT 73m2 thổ cư 100%. Thiết kế bao gồm 3 tấm bao gồm, phòng khách sang trọng. Phòng bếp. Phòng thờ. 4 phòng ngủ. 4 phòng wc khép kín. Sân phơi. Sân thượng trồng rau sạch lầu 3. Ban công. Trang trí nội thất hiện đại sofa. Bàn ăn. Full nội thất tủ quần áo. Giường. Bàn trang điểm. Bàn làm việc. Cơ sở hạ tầng hoàn chỉnh. Đường nhựa cả vỉa hè là 14m. Nội thất gồm bàn ghế sofa, bàn ăn. Tủ quần áo. Giường ngủ, bàn trang điểm... Tivi 65in. Tủ lạnh 4 cánh. Máy lộc nước, máy lạnh, bếp điện., máy hút mùi... Hỗ trợ vay ngân hàng tối đa. Giá chính chủ 6ty800 thương lượng. LH [phone_number] [phone_number] gặp Vinh xem nhà và trao đổi trực tiếp.",Bình Dương,Nhà,6800000000,73.0,6800000000.0,0.0,matched_2pct,"[{""source"": ""title"", ""text"": ""6,8 tỷ"", ""parsed_value_vnd"": 6800000000.0, ""basis"": ""total"", ""total_equivalent_vnd"": 6800000000.0}, {""source"": ""description"", ""text"": ""6ty800 thương lượn"", ""parsed_value_vnd"": 6800000000.0, ""basis"": ""total"", ""total_equivalent_vnd"": 6800000000.0}]"
shard_0002.parquet,140192,"Bán đất 1,48 tỷ, 108m2, mặt tiền 5m, pháp lý đầy đủ, Trung Lập Hạ nhanh tay","Bans gap Xã Trung Lập Hạ, Củ Chi, Hồ Chí Minh, lô đất này có diện tích 108m2 với mặt tiền rộng 5m, cực kỳ phù hợp cho việc kinh doanh hoặc xây dựng nhà ở. Ngõ vào rộng 8m, rất tiện cho xe hơi ra vào thoải mái. Pháp lý đầy đủ, giúp mọi thủ tục trở nên dễ dàng hơn. Địa điểm xung quanh. Gần trường tiểu học Trung Lập Hạ, thuận tiện cho gia đình có con nhỏ đi học. Liên hệ ngay để biết thêm chi tiết: [phone_number]",Hồ Chí Minh,Đất,1480000000,108.0,1480000000.0,0.0,matched_2pct,"[{""source"": ""title"", ""text"": ""1,48 tỷ, 108m2, mặt ti"", ""parsed_value_vnd"": 1480000000.0, ""basis"": ""total"", ""total_equivalent_vnd"": 1480000000.0}]"
shard_0002.parquet,335198,"Chính chủ bán nhà Điểm, Hóc Môn, HCM, 4,75 tỷ, 90m2, 2 tầng, đường ôtô","Nhà riêng 2 tầng tại xã Bà Điểm, Hóc Môn, TP. HCM với diện tích 90m2, thiết kế 3PN + 3WC + bếp. Giá bán 4,75 tỷ VND. Nội thất đầy đủ bao gồm điều hòa, giường, tủ lạnh. Đường vào 10m, mặt tiền 5m, thuận lợi cho việc kinh doanh. Pháp lý đầy đủ. Địa điểm tiện ích xung quanh: - Gần mẫu giáo Ngôi Nhà Trẻ Thơ Montessori, Tập đoàn Giáo dục Quốc tế Nam Việt, Trường THCS - THPT Nam Việt - Cơ sở II. - Siêu thị Bách Hóa Xanh 23/2 Phan Văn Hớn, Winmart + . - Siêu thị Bách Hóa Xanh 2/2 Phan Văn Hớn. Không tiếp cò lái làm phiền thank! Liên hệ ngay Tống Đức Thuận qua số điện thoại để biết thêm chi tiết.",Hồ Chí Minh,Nhà,4750000000,90.0,4750000000.0,0.0,matched_2pct,"[{""source"": ""title"", ""text"": ""4,75 tỷ, 90m2, 2 tầng,"", ""parsed_value_vnd"": 4750000000.0, ""basis"": ""total"", ""total_equivalent_vnd"": 4750000000.0}, {""source"": ""description"", ""text"": ""4,75 tỷ VND. Nội thất "", ""parsed_value_vnd"": 4750000000.0, ""basis"": ""total"", ""total_equivalent_vnd"": 4750000000.0}]"
shard_0006.parquet,137336,"Bán nhà mặt tiền liên khu 89 vị trí kinh doanh ngay trường học - diện tích: 4 x 19,3m - giá: 8,2 tỷ","BÁN NHÀ MẶT TIỀN LIÊN KHU 8-9 VỊ TRÍ KINH DOANH NGAY TRƯỜNG HỌC Diện tích: 4 x 19,3m TDT: 77,2m² Kết cấu: Trệt + 1 lầu, nhà kiên cố, vào ở hoặc kinh doanh ngay Hướng: Đông Nam phong thủy tốt, đón gió mát Lộ giới: Đường 10m, mặt tiền lớn, xe tải ra vào thoải mái Vị trí: Ngay khu trường học cực kỳ thuận lợi mở quán ăn, văn phòng, cửa hàng, trung tâm dạy học Khu dân cư đông đúc, kinh doanh buôn bán sầm uất cả ngày Pháp lý: Sổ hồng riêng, công chứng ngay Giá bán: 8,2 tỷ (thương lượng chính chủ) // Công ty BĐS TanPhuland 229 Lê Văn Quới, P. Bình Trị Đông [phone_number] Hữu Thành Tanphuland Xem thêm sản phẩm tại: https://tanphuland.vn/user/184/",Hồ Chí Minh,Nhà,8200000000,77.0,8199999999.999999,1.1630174590320123e-16,matched_2pct,"[{""source"": ""title"", ""text"": ""8,2 tỷ"", ""parsed_value_vnd"": 8199999999.999999, ""basis"": ""total"", ""total_equivalent_vnd"": 8199999999.999999}, {""source"": ""description"", ""text"": ""8,2 tỷ (thương lượng "", ""parsed_value_vnd"": 8199999999.999999, ""basis"": ""total"", ""total_equivalent_vnd"": 8199999999.999999}]"
shard_0001.parquet,268289,"CẦN BÁN DÃY TRỌ Ở BÌNH DƯƠNG, 8 PHÒNG ĐANG CHO THUÊ FULL, THU NHẬP TỐT - GIÁ 2TỶ770. SHR","Nhà Trọ ở Tân Định - Bến Cát - Bình Dương - Gần khu Du Lịch Đại Nam, xung quanh nhiều cty công nhân đông , tiện ích đầy đủ, phù hợp để đầu tư, cho thuê hoặc ở - Nối ra các tuyến đường lớn, các KCN - Đường ôtô cách nhựa chỉ 150m - 1 kiot + 8 phòng trọ, đang cho thuê full thu nhập bình quân 11tr - 15tr/tháng - Sổ hồng riêng, pháp lý đầy đủ, sang tên công chứng trong ngày - Hỗ trợ ngân hàng vay vốn lên tới 70% - Giá : 2 tỷ 770 - Liên Hệ : Thiên Đường)",Bình Dương,Nhà,2770000000,192.0,2000000000.0,0.385,mismatch,"[{""source"": ""description"", ""text"": ""2 tỷ 770 - Liên Hệ "", ""parsed_value_vnd"": 2000000000.0, ""basis"": ""total"", ""total_equivalent_vnd"": 2000000000.0}]"
shard_0008.parquet,69418,"Bán nhà 35m2 - gần Quốc Lộ 6 - Mặt ngõ ôtô đỗ 10m, hoàn thiện đẹp đầy đủ nội thất, thoáng trước sau","Nhà xây mới 35m². Ô tô đỗ sát cửa. Di chuyển QL6 cầu Mai Linh khoảng 10p. Giá bán 2.8 tỷ. * Vị trí, tiện ích: - Ô tô đỗ tận cửa nhà. 20m ra trục đường nhựa Aphan trục chính liên xã đi quốc lộ 6. - Bán kính 500m đầy đủ điện đường trường trạm. Tiện ích xung quanh ngập tràn. - Di chuyển QL6 khoảng 10p. Thuận tiện cho quý khách hàng đi làm ở Chương Mỹ, Chúc Sơn, Hà Đông, Nguyễn Trãi, Quốc Oai, ĐL Thăng Long, Mỹ Đình.. - Khu vực nhà ở thoáng mát, sạch sẽ, dân cư đông đúc, tiềm năng kinh tế đang phát triển mạnh mẽ, an ninh đảm bảo. * Thiết kế, nội thất: - Nhà xây mới gồm 3PN, 3wc, 1 sân phơi, 1 phòng khách và 1 bếp. - Bàn giao nhà nội thất cơ bản + Vách ốp đá ti vi, đèn chiếu sáng sang trọng, tủ bếp kịch trần hiện đại, cửa cuốn, cửa chính, tay vịn cầu thang,.. * Giá bán 2.8 tỷ (Có thương lượng, bao sổ sách thuế phí sang tên, có hỗ trợ vay ngân hàng). * Sổ đỏ chính chủ sẵn sàng sang tên trong n",Hà Nội,Nhà,2800000000,35.0,2800000000.0,0.0,matched_2pct,"[{""source"": ""description"", ""text"": ""2.8 tỷ. * Vị trí, tiệ"", ""parsed_value_vnd"": 2800000000.0, ""basis"": ""total"", ""total_equivalent_vnd"": 2800000000.0}, {""source"": ""description"", ""text"": ""2.8 tỷ (Có thương lượ"", ""parsed_value_vnd"": 2800000000.0, ""basis"": ""total"", ""total_equivalent_vnd"": 2800000000.0}]"
shard_0007.parquet,174999,Bán gấp căn hộ cc the zei lê đức thọ 2ngủ giá tốt nhất thị trường chỉ 10.x tỷlh [phone_number],"BÁN CĂN 2PN THE ZEI FULL NỘI THẤT DIỆN TÍCH 91.5M Dự án: The Zei Mỹ Đình Diện tích: 91.5m² Thiết kế: 2 phòng ngủ 2 WC Nội thất: Full nội thất giữ nhà kỹ khách mua chỉ việc vào ở Tầng: đẹp view thoáng (phù hợp khách ở thực) Giá bán: 10.5 tỷ ( rẻ nhất dự án ) Tiện ích nội khu: TTTM, bể bơi, gym, rạp chiếu phim, siêu thị, nhà trẻ Tòa cao cấp an ninh 24/7 lễ tân chuyên nghiệp Cộng đồng cư dân văn minh nhiều chuyên gia nước ngoài Vị trí trung tâm & kết nối giao thông cực thuận: 23 phút ra Lê Đức Thọ Phạm Hùng Hồ Tùng Mậu 5 phút ra Mỹ Đình Keangnam The Manor Vinhomes Gardenia 10 phút kết nối Vành đai 3 Cầu Giấy Trần Duy Hưng Gần hệ thống trường học: Đoàn Thị Điểm, Marie Curie, Việt Úc, Newton, Lê Quý Đôn Gần Vincom, Big C, sân vận động Mỹ Đình, chợ + ngân hàng + tiện ích đầy đủ Liên hệ xem nhà: [phone_number]",Hà Nội,Căn hộ chung cư,10500000000,91.5,10500000000.0,0.0,matched_2pct,"[{""source"": ""description"", ""text"": ""10.5 tỷ ( rẻ nhất dự á"", ""parsed_value_vnd"": 10500000000.0, ""basis"": ""total"", ""total_equivalent_vnd"": 10500000000.0}]"
shard_0007.parquet,226154,"Cập nhật bảng hàng chuyển nhượng liền kề, biệt thự, Vinhomes Gardenia, Mỹ Đình 1/12/2025","Cập nhật bảng hàng Vinhomes Gardenia - Hàm Nghi: 1/12/2025. Shophouse: Shophouse nội khu TMDV, diện tích 100m2, mặt tiền 5,5 m bán giá 30 tỷ. Shophouse mặt đường Nguyễn Văn Giáp 120m2, mặt tiền 6,5 m, bán giá 36 tỷ. Shophouse 93 m2, thô bán 36 tỷ. Shophouse đã hoàn thiện mặt đường hoa bán 40 tỷ. Shophouse mặt Hàm Nghi cho thuê dòng tiền 1tỷ/ năm bán 5x tỷ. Liền kề: LK B11 - 1X. MT 8m. DT 152m2. Đường 20m. Sân cổng, hoàn thiện đẹp. Nội thất xịn. Thang máy. Giá 6x tỷ. LK B12A mặt trục chính High Coffee thẳng vào. Đường 20m. Hè 4m. Giá 6x tỷ. Căn góc liền kề 178 m2 bán giá 7x tỷ. II. Biệt thự cập nhật mới nhất: 1. Biệt thự đơn lập - song lập vườn hoa: - Biệt thự Dãy B8. Mặt tiền 14m. Diện tích 280m2. Giá 89 tỷ bao sổ đỏ. - Biệt thự mặt vườn hoa dãy B9, Mặt tiền 14m. Diện tích 283m2. Vị trí vip hiếm có. Hoàn thiện đẹp rồi. Giá 94 tỷ bao sổ. Pháp lý hoàn chỉnh, giao dịch ngay trong 1 nốt nhạc",Hà Nội,Biệt thự/Nhà liền kề,30000000000,100.0,,,multiple_text_prices,"[{""source"": ""description"", ""text"": ""30 tỷ. Shophouse mặt"", ""parsed_value_vnd"": 30000000000.0, ""basis"": ""total"", ""total_equivalent_vnd"": 30000000000.0}, {""source"": ""description"", ""text"": ""36 tỷ. Shophouse 93 "", ""parsed_value_vnd"": 36000000000.0, ""basis"": ""total"", ""total_equivalent_vnd"": 36000000000.0}, {""source"": ""description"", ""text"": ""36 tỷ. Shophouse đã "", ""parsed_value_vnd"": 36000000000.0, ""basis"": ""total"", ""total_equivalent_vnd"": 36000000000.0}, {""source"": ""description"", ""text"": ""40 tỷ. Shophouse mặt"", ""parsed_value_vnd"": 40000000000.0, ""basis"": ""total"", ""total_equivalent_vnd"": 40000000000.0}, {""source"": ""description"", ""text"": ""89 tỷ bao sổ đỏ. - B"", ""parsed_value_vnd"": 89000000000.0, ""basis"": ""total"", ""total_equivalent_vnd"": 89000000000.0}, {""source"": ""description"", ""text"": ""94 tỷ bao sổ. Pháp l"", ""parsed_value_vnd"": 94000000000.0, ""basis"": ""total"", ""total_equivalent_vnd"": 94000000000.0}]"
shard_0003.parquet,230881,Bán biệt thự mini góc 2 mặt tiền ngay gần BV Q12,"Bán biệt thự mini, căn góc 2 mặt tiền kế bên Bệnh Viện Q12 - Vị trí cực đẹp 1/ ngắn Dương Thị Mười, Tân Chánh Hiệp ngay trung tâm Q12 ( Trung Mỹ Tây mới ) - Tiện ích xung quanh, chợ, trường học, công an quận, uỷ ban phường, toà án , bệnh viện Q12, khu dân trí, an ninh - DT: 6 x 9 - Thiết kế: 1 trệt 2 lầu, 4pn, 5wc, 2 phòng thờ, phòng bếp, phòng khách, 2 ban công, tường bao xung quanh nhà - Pháp lý: Sổ hồng chính chủ - Tặng 1 máy lọc nước, 1 máy nước nóng năng lượng mặt trời, 5 máy lạnh Daikin - Hẻm thông ô tô - Giá: 6 tỷ 790tr ( thương lượng ) - Hỗ trợ vay ngân hàng",Hồ Chí Minh,Biệt thự/Nhà liền kề,6790000000,52.3,6790000000.0,0.0,matched_2pct,"[{""source"": ""description"", ""text"": ""6 tỷ 790tr ( thương"", ""parsed_value_vnd"": 6790000000.0, ""basis"": ""total"", ""total_equivalent_vnd"": 6790000000.0}]"
shard_0008.parquet,270009,"Bán đất tặng nhà TĐC Hòn Xện, gần biển","Bán đất tặng nhà TĐC Hòn Xện, gần biển. Gần bến du thuyền 5 sao, khu biệt thự cao cấp. Cách biển 700m. DT 94m² (ngang 4m). Đường 7m, dân cư hiện hữu. TĐC sở hữu lâu dài, xây tự do. Giá: 4,39 tỷ. Liên hệ:",Khánh Hòa,Đất,4390000000,94.0,4390000000.0,0.0,matched_2pct,"[{""source"": ""description"", ""text"": ""4,39 tỷ. Liên hệ:"", ""parsed_value_vnd"": 4390000000.0, ""basis"": ""total"", ""total_equivalent_vnd"": 4390000000.0}]"
shard_0006.parquet,195615,"Bán đất Xuân Mai Hà Nội, cách bến xe Yên Nghĩa Hà Đông 18km, 80m2 giá 1,5x tỷ, LH [phone_number]","Bán đất Xuân Mai Hà Nội, cách bến xe Yên Nghĩa Hà Đông 18km, 80m2 giá 1,5x tỷ, LH [phone_number] Đất ngay ngã tư Xuân Mai, gần khu CN Nhuận Trạch Lương Sơn. Đường thảm nhựa, ô tô tránh. Dân cư tập trung đông, kinh doanh sầm uất. Xây nhà trọ cho thuê. Đất cách bến xe Yên Nghĩa Hà đông 18km, có thể xây nhà ở thay cho việc mua nhà Hà Đông.",Hà Nội,Đất,1590000000,80.0,,,no_supported_price,[]
shard_0002.parquet,245009,"Bán nhà phố Nguyễn Khang, Cầu Giấy, DT 130m2, mặt bằng kinh doanh hoặc tòa văn phòng","Chính chủ bán nhà phố Nguyễn Khang, Cầu Giấy, DT 130m2, mặt bằng kinh doanh hoặc tòa văn phòng. + Nằm tại 1 trong những con phố sầm uất quận Cầu Giấy, khu vực hiếm nhà bán. + Gần khu ĐTM Yên Hòa, khu Trung Yên, cách không xa phố Chùa Láng, đường Nguyễn Chí Thanh, thuận tiện kết nối vào trung tâm. + Giao thông thuận tiện, kết nối nhiều tuyến phố: Trần Kim Xuyến Trung Kính, Vũ Phạm Hàm, Láng, Chùa Láng, Nguyễn Chí Thanh, Trần Duy Hưng. + Hiện tại đang cho thuê làm vp. Chủ thiện chí bán. + Phù hợp để xây Văn phòng công ty, Mặt bằng Kinh doanh đều được. + Sổ đỏ đẹp, pháp lý rõ ràng, sẵn sàng giao dịch. + Giá (có thương lượng). * LH ngay để được tư vấn và hỗ trợ: Mr. Thao [phone_number]miễn trung gian, môi giới).",Hà Nội,Nhà,,130.0,,,no_supported_price,[]
shard_0007.parquet,328759,Cần bán gấp biệt thự đảo Ecopark Grand Island 300m2. Hải,Căn biệt thự nằm trong phân khu cao cấp nhất của CĐT Ecopark. Gia chủ cần tiền nên bán gấp với giá 80 tỷ. Quý vị có nhu cầu liên hệ em Hải: để xem nhà.,Hưng Yên,Biệt thự/Nhà liền kề,82000000000,300.0,80000000000.0,0.025,mismatch,"[{""source"": ""description"", ""text"": ""80 tỷ. Quý vị có nhu"", ""parsed_value_vnd"": 80000000000.0, ""basis"": ""total"", ""total_equivalent_vnd"": 80000000000.0}]"
shard_0002.parquet,75297,"Bán nhà đẹp mặt tiền : Lê Quang Sung , Thanh Khê - Nội thất mới 100% - Giá 6,5 tỷ","Bán nhà mặt tiền đường 7m5, lề 2m vị trí siêu trung tâm Gần Lê Độ, Aeon Mall, cách sân bay quốc tế 5 phút Diện tích: 4,5m x 14m Hướng Bắc Giá bán : 6,5 tỷ ( có thương lượng ) Liên hệ: [phone_number] #Hải ( NCC )",Đà Nẵng,Nhà,6500000000,63.0,6500000000.0,0.0,matched_2pct,"[{""source"": ""title"", ""text"": ""6,5 tỷ"", ""parsed_value_vnd"": 6500000000.0, ""basis"": ""total"", ""total_equivalent_vnd"": 6500000000.0}, {""source"": ""description"", ""text"": ""6,5 tỷ ( có thương lư"", ""parsed_value_vnd"": 6500000000.0, ""basis"": ""total"", ""total_equivalent_vnd"": 6500000000.0}]"
shard_0000.parquet,220890,"Bán đất góc Lưu Văn Lang và Thuỷ Sơn 3 - 16,5 tỷ, 220m2, Ngũ Hành Sơn, Đà Nẵng, hot","Đất nền tại Lưu Văn Lang và Thuỷ Sơn 3, Ngũ Hành Sơn là cơ hội tuyệt vời cho những ai đang tìm kiếm một vị trí đắc địa để đầu tư hoặc xây dựng. Với diện tích 220m2, đất có pháp lý đầy đủ, sổ đỏ/sổ hồng, đảm bảo quyền lợi cho chủ sở hữu. - Giá hấp dẫn: 16,5 tỷ VND. - Chiều ngang mặt tiền: 9m, thích hợp cho việc xây dựng nhà ở hoặc kinh doanh. - Chiều rộng ngõ vào: 7.5m, thuận tiện cho việc di chuyển của xe hơi. - Hướng cửa chính: Đông Bắc, mang lại phong thủy tốt cho gia chủ. Đất nền này không chỉ có vị trí thuận lợi mà còn có nhiều điểm nổi bật khác: - Mặt tiền rộng rãi, phù hợp cho các hoạt động kinh doanh. - Pháp lý đầy đủ, giúp đảm bảo an toàn cho việc đầu tư. Khu vực xung quanh có nhiều tiện ích như bệnh viện phụ sản - nhi Đà Nẵng, bệnh viện đa khoa Ngũ Hành Sơn, bệnh viện mắt Sài Gòn Sông Hàn, và công viên Đầm Sen, tạo điều kiện sống thuận lợi cho cư dân. Liên hệ để biết thêm thông ",Đà Nẵng,Đất,16500000000,220.0,16500000000.0,0.0,matched_2pct,"[{""source"": ""title"", ""text"": ""16,5 tỷ, 220m2, Ngũ Hà"", ""parsed_value_vnd"": 16500000000.0, ""basis"": ""total"", ""total_equivalent_vnd"": 16500000000.0}, {""source"": ""description"", ""text"": ""16,5 tỷ VND. - Chiều n"", ""parsed_value_vnd"": 16500000000.0, ""basis"": ""total"", ""total_equivalent_vnd"": 16500000000.0}]"
shard_0006.parquet,295975,"Giỏ hàng độc quyền dự án Paris Hoàng Kim | giá bán tốt nhất, mua bán trực tiếp với Chủ đầu tư","Căn hộ Paris Hoàng Kim sở hữu vị trí vô cùng đắc địa, liền kề trung tâm tài chính Quốc tế Thủ Thiêm, chỉ 1,5 km đến khu đô thị Sala và 5 phút di chuyển vào Quận 1. Paris Hoàng Kim đã hoàn thiện và bàn giao trong năm 2023, hiện cư dân về ở và khai thác cho thuê đạt hơn 80%. Pháp lý minh bạch, chủ đầu tư đã thông báo cư dân chuẩn bị hồ sơ để tiến hành cấp sổ hồng. Địa chỉ: 31 Đường số 1, Phường Bình Khánh, An Khánh mới, TP. HCM - ngay vòng xoay đường Trần Não & Lương Đình Của Quận 2. Paris Hoàng Kim cung cấp ra thị trường 417 căn hộ chung cư cao cấp và officetel, được thiết kế từ 2 3 phòng ngủ. Quy mô: Bao gồm 2 Block căn hộ cao 26 tầng và 3 tầng hầm. - Tầng 01 - 05 là các shophouse thương mại, Dịch Vụ, Nhà trẻ, Nhà hàng, Gym, Sinh hoạt cộng đồng. - Tầng 06 - 24: Căn hộ để ở. - Tầng 25 - 26: Hồ bơi và kỹ thuật tòa nhà. Block A: 222 căn hộ + 5 Penthouse (tầng 24). Block B: 190 căn hộ. Gồm c",Hồ Chí Minh,Căn hộ chung cư,6479000000,68.68,,,multiple_text_prices,"[{""source"": ""description"", ""text"": ""6,2 tỷ. - 2 phòng ngủ"", ""parsed_value_vnd"": 6200000000.0, ""basis"": ""total"", ""total_equivalent_vnd"": 6200000000.0}, {""source"": ""description"", ""text"": ""7,2 tỷ. Bàn giao: Hoà"", ""parsed_value_vnd"": 7200000000.0, ""basis"": ""total"", ""total_equivalent_vnd"": 7200000000.0}, {""source"": ""description"", ""text"": ""50 triệu đồng/ Miễn phí"", ""parsed_value_vnd"": 50000000.0, ""basis"": ""total"", ""total_equivalent_vnd"": 50000000.0}]"
shard_0001.parquet,113008,"Bán căn hộ CC Gemek Tower, giá thỏa thuận, 79m2, 2PN, 2WC tại Lê Trọng Tấn, Hoài Đức, Hà Nội","Căn hộ chung cư Gemek Tower nằm tại Lê Trọng Tấn, An Khánh, Hoài Đức, Hà Nội, là lựa chọn lý tưởng cho những ai tìm kiếm không gian sống tiện nghi và hiện đại. - Diện tích 79m2, thiết kế 2 phòng ngủ và 2 phòng tắm, phù hợp với gia đình nhỏ. - Nội thất đầy đủ, bao gồm điều hòa, giường, tủ lạnh, mang đến sự tiện nghi ngay khi chuyển vào. - Hướng ban công Đông Nam, đón gió mát và ánh sáng tự nhiên. - Pháp lý đầy đủ, giúp khách hàng yên tâm khi giao dịch. - Phong thủy tốt, mang lại tài lộc và sức khỏe cho gia đình. Khu vực xung quanh: + Gần bệnh viện đa khoa quốc tế Vinmec Smart City. + Công viên Thiên Đường Bảo Sơn, nơi lý tưởng cho các hoạt động vui chơi giải trí. + Siêu thị T-Mart và Winmart, thuận tiện cho việc mua sắm hàng ngày. Liên hệ ngay để được tư vấn miễn phí qua số điện thoại hoặc gặp Tú Phạm.",Hà Nội,Căn hộ chung cư,,79.0,,,no_supported_price,[]
shard_0003.parquet,44917,"Bán đất Tây Hồ, Quế Võ, Bắc Ninh","Chính chủ cần bán nhanh lô đất khu đô thị Tây Hồ làn đg 3 đường 18 Diện tích 113.92 Mặt tiền 6m Hướng Đông Bắc Giá chỉ 5.1 tỷ Vị trí nằm ở trung tâm huyện quế võ nơi tập trung các loại hình dịch vụ phát triển sầm uất, Là nơi sinh sống tập chung của những người dân trí cao Là khu đô thị đáng sống bậc nhất huyện quế võ hiện nay. Lh [phone_number] Công Ty Bđs Đất Vàng 1988 420 Nguyễn Trãi, Võ Cường, Bắc Ninh",Bắc Ninh,Đất,5100000000,113.9,5100000000.0,0.0,matched_2pct,"[{""source"": ""description"", ""text"": ""5.1 tỷ Vị trí nằm ở t"", ""parsed_value_vnd"": 5100000000.0, ""basis"": ""total"", ""total_equivalent_vnd"": 5100000000.0}]"
shard_0008.parquet,175919,"Cắt lỗ bán gấp! Biệt thự đơn lập Ocean Park 3 CĂN GÓC VIEW TRỰC DIỆN BIỂN dt 258m2, mt 30m","Giá quá hời! Bán gấp biệt thự đơn lập căn góc đẳng cấp nhất Ocean Park 3 - View thẳng vịnh biển 13ha - Diện tích 260m², xây 470m² sàn - Mặt tiền 30m - Giá cắt lỗ sâu - Nhanh tay liên hệ. Gọi: [phone_number] - Biệt thự đon lập căn góc cực đẹp, chỉ dành cho giới thượng lưu. - Vị trí đắc địa đối diện thẳng vịnh biển 13ha, vị trí đắc địa đẹp nhất Ocean Park 3, gần Vincom, tòa tháp văn phòng, vành đai 3.5..... - Diện tích sàn lên tới 470m², mặt tiền 30m siêu rộng. - Thích hợp để ở hoặc kinh doanh nhà hàng, spa, ngân hàng, trung tâm đào tạo, văn phòng.... - Thừa hưởng trọn vẹn hệ sinh thái tiện ích All - In - One của đại đô thị Ocean City. - Chủ đầu tư Vinhomes uy tín, vận hành bài bản. - Tiềm năng tăng giá bất động sản rất lớn tại Ocean Park 3 khi Vành đai 3,5 và vành đai 4 dự kiến hoàn thành năm 2028 + Sổ đỏ lâu dài, ngân hàng hỗ trợ vay 70%, miễn lãi trong 24 tháng. - Quý anh chị nhanh tay ",Hưng Yên,Biệt thự/Nhà liền kề,54200000000,258.0,,,no_supported_price,[]
shard_0008.parquet,211802,Cần Bán Nhà Mới 100% Có Thang Máy Nằm Trong Gói 3 KĐT Mỹ Gia Giá Tốt,"GÓI 3 MỸ GIA THÁI XUÂN | NHÀ CÓ THANG MÁY Nhà phố xây mới 100%, thiết kế hiện đại, nằm trên trục đường số 47, kết nối nhanh ra Đại lộ Võ Nguyên Giáp. Khu vực dân cư văn minh, gần trường học, Bệnh viện Đa khoa Yersin, thuận tiện sinh hoạt và đầu tư. Diện tích: 100m2 (5m 20m) Hướng: Bắc lệch Đông thoáng mát Kết cấu: 3 tầng + tum Công năng tối ưu: 3 Phòng ngủ 4 WC Phòng khách, bếp Phòng thờ Sân đậu ô tô Thang máy hiện đại bố trí sẵn Bàn giao FULL nội thất cao cấp: Máy lạnh âm trần phòng khách Sàn gỗ sang trọng Trang bị chăn nệm đầy đủ Chỉ việc xách vali vào ở ngay Giá bán: 9,85 tỷ Pháp lý: HĐMB bao sang nhượng Liên hệ xem nhà: Mr. Long SCC: KH - 01556",Khánh Hòa,Biệt thự/Nhà liền kề,9850000000,100.0,9850000000.0,0.0,matched_2pct,"[{""source"": ""description"", ""text"": ""9,85 tỷ Pháp lý: HĐMB "", ""parsed_value_vnd"": 9850000000.0, ""basis"": ""total"", ""total_equivalent_vnd"": 9850000000.0}]"
shard_0005.parquet,63478,Bán căn hộ Studio rẻ nhất Zenpark Vinhomes Ocean Park,"Căn hộ studio Zenpark view Đông Nam, cảnh quan công viên thoáng mát. Diện tích 30,9m2 tim tường, 26,9m2 sử dụng. Nội thất mới 100%. Nếu căn hộ cho thuê lâu dài, 7tr/m2 cho dòng tiền ổn định. Nếu để ở, tiện ích trong toà nhà: Gym, phòng game gia đình, phòng xem phim, bể bơi bốn mùa. Tất cả miễn phí.",Hà Nội,Căn hộ chung cư,2650000000,26.9,,,no_supported_price,[]
shard_0001.parquet,287575,"Bán đất mặt tiền chợ Bửu Long, tặng kiot và nhà cấp 4, kinh doanh tốt","Bán đất mặt tiền chợ, tặng kèm kiot và nhà cấp 4 ngay đường Bờ Kè Bửu Long, thành phố Biên Hòa. Đường nhựa rộng 10m, thuận tiện kinh doanh. Diện tích đất 6m x 32m, nở hậu. Vị trí ngay đường Bờ Kè Bửu Long, view sông thoáng mát. Đất thổ cư 100%, đã có sổ hồng riêng và hoàn công. Giá bán: 5,2 tỷ (có thương lượng). Liên hệ: [phone_number] để làm việc trực tiếp.",Đồng Nai,Đất,5200000000,192.0,5200000000.0,0.0,matched_2pct,"[{""source"": ""description"", ""text"": ""5,2 tỷ (có thương lượ"", ""parsed_value_vnd"": 5200000000.0, ""basis"": ""total"", ""total_equivalent_vnd"": 5200000000.0}]"
shard_0004.parquet,196285,"Bán đất mặt tiền (7m5) bàu vàng 5 trung tâm hòa khánh, giá chỉ 4 tỷ 350 tl","BÁN ĐẤT BÀU VÀNG 5 TRUNG TÂM HÒA KHÁNH, LIÊN CHIỂU Vị trí trung tâm phường Hòa Khánh, khu dân cư đông đúc, hạ tầng hoàn thiện, ở hay đầu tư đều thuận tiện. Đường trước nhà 7,5m, giao thông thông thoáng. Diện tích: 100m² Hướng: Đông Bắc Pháp lý: Sổ hồng sẵn, công chứng ngay Giá: 4 tỷ 350 (thương lượng nhẹ) Lô đất đẹp, vị trí trung tâm Hòa Khánh tiềm năng tăng giá cao. ---- Liên hệ để xem và làm việc Call/Zalo : O96716O99O Lê Ân DANALAND #Sàn giao dịch BĐS Thiên Ân Holdings chuyên nhận ký gởi mua bán, cho thuê nhà, đất, căn hộ và khách sạn TP Đà Nẵng. Hỗ trợ thủ tục pháp lý",Đà Nẵng,Đất,4350000000,100.0,4000000000.0,0.0875,mismatch,"[{""source"": ""title"", ""text"": ""4 tỷ 350 tl"", ""parsed_value_vnd"": 4000000000.0, ""basis"": ""total"", ""total_equivalent_vnd"": 4000000000.0}, {""source"": ""description"", ""text"": ""4 tỷ 350 (thương lư"", ""parsed_value_vnd"": 4000000000.0, ""basis"": ""total"", ""total_equivalent_vnd"": 4000000000.0}]"
shard_0007.parquet,59784,"Bán căn hộ tòa B số 6 Đội Nhân, 99m2, 9tỷ, 3ngủ, 2vs, Sổ đỏ CC, full nội thất, Lh Zalo 09'82,642377","Bán căn hộ tòa B số 6 Đội Nhân, Ba Đình. Căn hộ 99m2, 3ngủ, 2vs, P. Khách, bếp, ban công thoáng sáng. Sổ đỏ CC, full nội thất, giá 9 tỷ hơn. Lh chị Nhân xem nhà trực tiếp, ĐT Zalo 09'82,642377 hoặc [phone_number]",Hà Nội,Căn hộ chung cư,9000000000,99.0,9000000000.0,0.0,matched_2pct,"[{""source"": ""title"", ""text"": ""9tỷ, 3ngủ, 2vs, Sổ"", ""parsed_value_vnd"": 9000000000.0, ""basis"": ""total"", ""total_equivalent_vnd"": 9000000000.0}, {""source"": ""description"", ""text"": ""9 tỷ hơn. Lh chị Nh"", ""parsed_value_vnd"": 9000000000.0, ""basis"": ""total"", ""total_equivalent_vnd"": 9000000000.0}]"
shard_0009.parquet,12908,"Bán nhà chúc đồng, thụy hương, chương mỹ - 32,6m2 - 4 tầng - giá 3,55 tỷ - lh [phone_number]","BÁN NHÀ CHÚC ĐỒNG, THỤY HƯƠNG, CHƯƠNG MỸ - 32,6M2 - 4 TẦNG - GIÁ 3,55 TỶ - LH [phone_number] Vị trí: Thôn Chúc Đồng, xã Thụy Hương, Chương Mỹ. Vị trí đẹp, khu dân cư đông đúc, dân trí cao. Giao thông thuận tiện, gần các trục đường chính của khu vực. Ưu điểm: Siêu phẩm giá rẻ với thiết kế hiện đại, công năng tối ưu trên nền tảng 4 tầng kiên cố. Nhà xây mới, thoáng sáng, đầy đủ tiện ích xung quanh như trường học, chợ dân sinh. Thông số: Diện tích 32,6m, xây dựng 4 tầng chắc chắn, mặt tiền rộng, sổ đỏ vuông vắn. Phù hợp: Gia đình trẻ mua để ở, đầu tư giữ tiền an toàn hoặc cho thuê sinh lời bền vững tại khu vực đang phát triển mạnh của Chương Mỹ. Pháp lý: Sổ đỏ chính chủ, pháp lý sạch, sẵn sàng giao dịch ngay. BĐS Minh Khôi - Thiết kế và xây dựng Hỗ trợ bán nhanh nhà - đất - căn hộ Hà Nội. 1 Sẵn nguồn khách hàng tiềm năng. 2 Bán nhanh nhất, giá cao nhất. 3 Bảo mật sự riêng tư tuyệt đối. 4 ",Hà Nội,Nhà,3550000000,32.6,3550000000.0,0.0,matched_2pct,"[{""source"": ""title"", ""text"": ""3,55 tỷ - lh [phone_nu"", ""parsed_value_vnd"": 3550000000.0, ""basis"": ""total"", ""total_equivalent_vnd"": 3550000000.0}, {""source"": ""description"", ""text"": ""3,55 TỶ - LH [phone_nu"", ""parsed_value_vnd"": 3550000000.0, ""basis"": ""total"", ""total_equivalent_vnd"": 3550000000.0}]"
shard_0006.parquet,42318,"Thanh khoản nhanh, cần bán gấp, nhà 4.5 tỷ tại Bình Tân","""Thanh khoản nhanh, cần bán gấp"", ""giá không thể tốt hơn"", nhà 4.5 tỷ tại Bình Tân, Thành Phố Hồ Chí Minh. Giá: 4.5 tỷ(sổ hồng riêng). Diện tích: 4x16 (64m2 hỗ trợ trả góp 5 - 6tr/1 tháng, trả trước 400tr. Kết cấu: 1 trệt, 1 lầu, 3 phòng ngủ, 3WC. Mặt tiền trước nhà 15m đường thông, khu dân cư sầm uất đông đúc, kinh doanh buôn bán, cho thuê, mở tiệm tóc, nha khoa, gần chợ, uỷ ban, trường học cấp 1,2,3, siêu thị cách 100m. LH: Bé Minh (xem nhà trực tiếp). Zalo: Thu Minh.",Hồ Chí Minh,Nhà,4500000000,64.0,4500000000.0,0.0,matched_2pct,"[{""source"": ""title"", ""text"": ""4.5 tỷ tại Bình Tân"", ""parsed_value_vnd"": 4500000000.0, ""basis"": ""total"", ""total_equivalent_vnd"": 4500000000.0}, {""source"": ""description"", ""text"": ""4.5 tỷ tại Bình Tân, "", ""parsed_value_vnd"": 4500000000.0, ""basis"": ""total"", ""total_equivalent_vnd"": 4500000000.0}, {""source"": ""description"", ""text"": ""4.5 tỷ(sổ hồng riêng)"", ""parsed_value_vnd"": 4500000000.0, ""basis"": ""total"", ""total_equivalent_vnd"": 4500000000.0}]"
shard_0001.parquet,308388,Bán gấp căn hộ chung cư Đặng Xá 60m2 2pn 2vs nhà đẹp xã Gia Lâm HN,"Chính chủ nhờ bán căn chung cư Đặng Xá, xã Thuận An mới: - S 60m2 thiết kế 2pn 2vs. - Tầng giữa đẹp hướng thoáng mát quanh năm. - Vị trí xung quanh đủ cả, từ trường học, siêu thị, chợ, bến xe bus. - Nhà mới thiết kế lại đủ nội thất cơ bản. Giá cả thoả thuận. - LH e Long sđt [phone_number] để xem nhà miễn phí 24/7.",Hà Nội,Căn hộ chung cư,,60.0,,,no_supported_price,[]
shard_0006.parquet,253227,Bán căn hộ 2 phòng ngủ 1 VS view biển chung cư The Sapphire Hạ Long. Dt 50m2,"Bán căn hộ 2 phòng ngủ, 1 vệ sinh view biene Full nội thất Chung cư The Sapphire Hạ Long. Diện tích: 50m2. Full nội thất. Pháp lý: Sổ hồng lâu dài. Thông tin chi tiết liên hệ:",Quảng Ninh,Căn hộ chung cư,,50.0,,,no_supported_price,[]
shard_0003.parquet,304082,"Bán đất 1000m² mặt tiền nhựa 10m, Lê Thị Riêng - Quận 12. Giá bán 12 tỷ; LH [phone_number]","Bán gấp đất 1000m² đẹp vuông vức, mặt tiền nhựa 10m Lê Thị Riêng, Quận 12. - Đường nhựa 10m, xe tải container ra vào thoải mái. - Thích hợp đầu tư hoặc khai thác ngay: + Làm bãi xe, quán ăn, café sân vườn. + Kinh doanh sân thể thao, trung tâm giáo dục. + Xây nhà vườn nghỉ dưỡng hoặc kho xưởng. - Giá bán: 12 tỷ (thương lượng). Liên hệ chính chủ: [phone_number]",Hồ Chí Minh,Đất,12000000000,1000.0,12000000000.0,0.0,matched_2pct,"[{""source"": ""title"", ""text"": ""12 tỷ; LH [phone_num"", ""parsed_value_vnd"": 12000000000.0, ""basis"": ""total"", ""total_equivalent_vnd"": 12000000000.0}, {""source"": ""description"", ""text"": ""12 tỷ (thương lượng)"", ""parsed_value_vnd"": 12000000000.0, ""basis"": ""total"", ""total_equivalent_vnd"": 12000000000.0}]"
shard_0009.parquet,53523,"Bán nhà Mặt tiền đường Nguyễn Văn Phú, Trung Tâm Thị Trấn Hậu Nghĩa , Đức Hòa (Long An cũ)","Bán nhà 1 trệt 1 lầu, xây kiên cố. DT đất 130,6m2 (5m x 26m), diện tích nhà: 200m2. Mặt tiền đường Nguyễn Văn Phú rộng 8m, cách chợ Bàu Trai 500m. Trong tương lai gần, Hậu Nghĩa được quy hoạch là trung tâm hành chánh của tỉnh Tây Ninh. Hàng loạt dự án BDS và giao thông kết nối đang đượ triển khai: VinGroup 3 dự án (190ha, 900ha và 68ha), Suối tiên 1 dự án 1.600ha, về giao thông: Vành Đai 4 đang triển khai. Thích hợp mua ở hoặc đầu tư. Ngân hàng định giá 3,3 tỷ đồng. Giá bán 3,5 tỷ đồng (có thương lượng)",Long An,Nhà,3500000000,130.0,,,multiple_text_prices,"[{""source"": ""description"", ""text"": ""3,3 tỷ đồng. Giá bán "", ""parsed_value_vnd"": 3300000000.0, ""basis"": ""total"", ""total_equivalent_vnd"": 3300000000.0}, {""source"": ""description"", ""text"": ""3,5 tỷ đồng (có thươn"", ""parsed_value_vnd"": 3500000000.0, ""basis"": ""total"", ""total_equivalent_vnd"": 3500000000.0}]"
shard_0001.parquet,350011,"Bán đất thổ cư 78m2 tại xã Ô Diên, Đan Phượng, Hà Nội, ô tô vào đất","Bán đất thổ cư diện tích 78m2 tại xã Ô Diên, huyện Đan Phượng, thành phố Hà Nội. Đường ô tô vào đất. Liên hệ [phone_number] để xem đất và làm việc trực tiếp với chủ nhà.",Hà Nội,Đất,,78.0,,,no_supported_price,[]
shard_0002.parquet,154480,"Bán biệt thự 5PN, 4WC, 100m2 tại Đường Yên Xá, Xã Tân Triều, Thanh Trì, Hà Nội, 30,8 tỷ","Nhà biệt thự tại Đường Yên Xá, xã Tân Triều, huyện Thanh Trì, TP Hà Nội, tọa lạc trong dự án Tổng cục 5 Tân Triều, mang đến không gian sống hiện đại và tiện nghi. Căn biệt thự được thiết kế với 5 phòng ngủ + 4 WC/PT + bếp, diện tích 100m2, mặt tiền 5m, ngõ vào rộng 25m, phù hợp cho xe ô tô, tạo điều kiện thuận lợi cho việc di chuyển. Ưu điểm:+ Thiết kế hiện đại, chú trọng chi tiết với nội thất đầy đủ.+ Gần các tiện ích như trường học, bệnh viện, công viên, đảm bảo cuộc sống tiện nghi cho cả gia đình.+ Pháp lý đầy đủ, tạo sự an tâm cho người mua. --- Tiện ích xung quanh:+ Siêu thị Winmart, Winmart+ và Siêu thị thiết bị vệ sinh Seabig.+ Công viên Chu Văn An cho không gian thư giãn.+ Gần các trường học như Trường Mầm non Thần Đồng, Trường THCS&THPT Lương Thế Vinh - cơ sở Tân Triều.+ Bệnh viện 09, Bệnh viện Bỏng Quốc gia Lê Hữu Trác, Bệnh viện Đa khoa Quốc tế Thiên Đức. --- Giới thiệu tổng q",Hà Nội,Biệt thự/Nhà liền kề,30800000000,100.0,30800000000.0,0.0,matched_2pct,"[{""source"": ""title"", ""text"": ""30,8 tỷ"", ""parsed_value_vnd"": 30800000000.0, ""basis"": ""total"", ""total_equivalent_vnd"": 30800000000.0}]"
shard_0009.parquet,156255,"Bán nhà một trục HXH 6m Nơ Trang Long, Phường 13 nằm cạnh Rạch Xuyên Tâm, 5 tầng (4x15m) giá 10 tỷ","Bán nhà Bình Thạnh. Cực hiếm! Nhà HXH 6m Nơ Trang Long, Phường 13 nằm cạnh Rạch Xuyên Tâm, 5 tầng (4x15m) giá chỉ 10 tỷ. - Diện tích: 4x15m DTCN: 62m2. Vuông vức - Chuẩn chỉnh. - Kết cấu: Trệt lửng 2 lầu sân thượng. Nhà mới cứng 4PN 4WC. Chỉ việc dọn vào ở. - Vị trí đắc địa cách Rạch Xuyên Tâm chỉ vài căn nhà, xung quanh bán kính 1 km có đầy đủ tiện ích: Trường học, bệnh viện, chợ, trung tâm thương mại... - Đường trước nhà 6m trải nhựa, xe hơi đậu đỗ quay đầu thoải mái. - Khu vực an ninh, dân trí cao, nhà đồng bộ cao tầng. - Sổ hồng riêng - Pháp lí chuẩn chỉnh - Mua bán ngay. Liên hệ: Em Kiên [phone_number] để đi xem nhà và cảm nhận độ tốt của sản phẩm này ạ.",Hồ Chí Minh,Nhà,10000000000,62.0,10000000000.0,0.0,matched_2pct,"[{""source"": ""title"", ""text"": ""10 tỷ"", ""parsed_value_vnd"": 10000000000.0, ""basis"": ""total"", ""total_equivalent_vnd"": 10000000000.0}, {""source"": ""description"", ""text"": ""10 tỷ. - Diện tích: "", ""parsed_value_vnd"": 10000000000.0, ""basis"": ""total"", ""total_equivalent_vnd"": 10000000000.0}]"
shard_0002.parquet,117855,"Bán nhà đường Nguyễn Văn Lộc, Mỗ lao, Plo vỉa hè KD, 85m2*5T mặt tiền 5m, vị trí đắc địa, giá 24 tỷ","Cần bán gấp nhà đường Nguyễn Văn Lộc, Mỗ Lao, Hà Đông: - Vị trí đắc địa kinh doanh sầm uất, nhà ngay mặt đường Nguyễn Văn Lộc, kết nối giao thông rất thuận tiện gần Trần Phú, Vũ Trọng Khánh, Tố Hữu. Khu vực nhiều tiện ích, gần nhiều trường đại học lớn của Hà Nội. - Sổ đỏ chính chủ sẵn giao dịch. - Diện tích 85m2, nhà xây 5 tầng, mặt tiền 5m. - T1 thông sàn kinh doanh. - Tổng 6 ngủ full nội thất về ở luôn. - Giá bàn rẻ nhất khu vực chỉ 24 tỷ. Liên hệ ngay Hưng BĐS Hà Đông sđt [phone_number] để xem nhà và mua giá tốt.",Hà Nội,Biệt thự/Nhà liền kề,24000000000,85.0,24000000000.0,0.0,matched_2pct,"[{""source"": ""title"", ""text"": ""24 tỷ"", ""parsed_value_vnd"": 24000000000.0, ""basis"": ""total"", ""total_equivalent_vnd"": 24000000000.0}, {""source"": ""description"", ""text"": ""24 tỷ. Liên hệ ngay "", ""parsed_value_vnd"": 24000000000.0, ""basis"": ""total"", ""total_equivalent_vnd"": 24000000000.0}]"
shard_0005.parquet,67903,"BÁN NHÀ HẺM XE HƠI 1/ ĐƯỜNG LÊ VĂN QUỚI- GẦN BỐN XÃ- 4x12- VUÔNG VỨC- 3 TẦNG ỐP KÍNH- GIÁ 4,35 TỶ","Diện tích: 4x 12 vuông vắn Kết cấu: 2 Tầng , nhà còn rất mới ở ngay. Pháp lý: Sổ hồng riêng, vuông vức A4, công chứng sang tên ngay. Chủ nhà cần bán gấp, cam kết giá tốt nhất khu vực Chỉ: 4 35 Tỷ (Còn thương lượng cho khách thiện chí!) LH: Kim Ngân",Hồ Chí Minh,Nhà,4350000000,48.0,4350000000.0,0.0,matched_2pct,"[{""source"": ""title"", ""text"": ""4,35 TỶ"", ""parsed_value_vnd"": 4350000000.0, ""basis"": ""total"", ""total_equivalent_vnd"": 4350000000.0}, {""source"": ""description"", ""text"": ""35 Tỷ (Còn thương lư"", ""parsed_value_vnd"": 35000000000.0, ""basis"": ""total"", ""total_equivalent_vnd"": 35000000000.0}]"
shard_0004.parquet,122556,"Bán nhà Hoàng Văn Thái DT 25m2 7T 4,5m MT, oto đỗ cửa, TT Thanh Xuân, kinh doanh, 10,6tỷ","Bán nhà Hoàng Văn Thái DT 25m2 7tầng 4,5m MT - siêu ngon - trung tâm quận Thanh Xuân - Kinh doanh đỉnh - ô tô đỗ cửa - ngõ oto tránh - vỉa hè - 2 thoáng vĩnh viễn. - Giá 10,6 tỷ. Mô tả: + Vị trí: + Oto đỗ cửa, xung quanh tiện ích vô vàn. Trung tâm quận Thanh Xuân, giao thông đi lại thuận tiện. Gần trường học, TTTM, chợ, bệnh viện. + Nhà thiết kế hiện đại, mới đẹp, 7 tầng đầy đủ công năng. - T1: Kinh doanh, vệ sinh. - T2: Phòng khách, bếp, vệ sinh. Ở giữa. - T 3,4,5, 1 phòng ngủ, wc. - T6,7 phòng uống cafe, trà, sân phơi. Cây cảnh. + Sổ đỏ chính chủ cất két. Mr linh",Hà Nội,Nhà,10600000000,25.0,10600000000.0,0.0,matched_2pct,"[{""source"": ""title"", ""text"": ""10,6tỷ"", ""parsed_value_vnd"": 10600000000.0, ""basis"": ""total"", ""total_equivalent_vnd"": 10600000000.0}, {""source"": ""description"", ""text"": ""10,6 tỷ. Mô tả: + Vị t"", ""parsed_value_vnd"": 10600000000.0, ""basis"": ""total"", ""total_equivalent_vnd"": 10600000000.0}]"
shard_0001.parquet,325650,"Bán nhà MT Phạm Viết Chánh P.19 Q.Bình Thạnh,(5,7m x12m) 5 tầng. Gía 22.5 tỷ","Chính chủ bán MT Phạm Viết Chánh P19 Quận Bình Thạnh - Diện tích: 5,7mx12m. - Kết cấu: Trệt, lững, 2 lầu, ST. - Vị trí: Mặt tiền đắc địa. Khu người Nhật đối diện Bason, cách Q1 1km di chuyển. - Gía bán: 22.5 tỷ TL - Liên hệ xem nhà: [phone_number] Kim Long",Hồ Chí Minh,Nhà,22500000000,67.0,22500000000.0,0.0,matched_2pct,"[{""source"": ""title"", ""text"": ""22.5 tỷ"", ""parsed_value_vnd"": 22500000000.0, ""basis"": ""total"", ""total_equivalent_vnd"": 22500000000.0}, {""source"": ""description"", ""text"": ""22.5 tỷ TL - Liên hệ x"", ""parsed_value_vnd"": 22500000000.0, ""basis"": ""total"", ""total_equivalent_vnd"": 22500000000.0}]"
shard_0005.parquet,248144,"Bán nhanh 2pn 86m2 -View sông tuyệt đẹp, Sang trọng, Tiện nghi, Giá rẻ bất ngờ, Gọi ngay kẻo lỡ ALO","Nằm tại Vinhomes Central Park, Điện Biên Phủ, 22, Bình Thạnh, HCM, căn hộ CC này có diện tích 86m2 với 2PN và 2WC. Nội thất đầy đủ, sẵn sàng cho cuộc sống mới. Pháp lý đầy đủ, không lo về giấy tờ. Căn hộ này có phong thủy tốt, giúp gia chủ luôn gặp may mắn và thuận lợi trong cuộc sống. Với giá chỉ 6,8 tỷ, đây là cơ hội không thể bỏ lỡ cho những ai đang tìm kiếm một không gian sống hiện đại và tiện nghi. - Tiện ích xung quanh: + Bệnh viện Bình Thạnh cơ sở 2. + Siêu thị Bách Hóa Xanh. + Công viên Vinhomes Central Park. Liên hệ ngay để biết thêm chi tiết qua số hoặc liên hệ với Trần Trí Dũng.",Hồ Chí Minh,Căn hộ chung cư,6800000000,86.0,6800000000.0,0.0,matched_2pct,"[{""source"": ""description"", ""text"": ""6,8 tỷ, đây là cơ hội"", ""parsed_value_vnd"": 6800000000.0, ""basis"": ""total"", ""total_equivalent_vnd"": 6800000000.0}]"
shard_0000.parquet,39692,"Bán nhà kiến trúc biệt thự ngay Bến Nghé, Quận 1 (12x16m) 3 tầng, an ninh sang trọng, bán giá 51 tỷ","Bán nhà kiến trúc biệt thự ngay Bến Nghé, Quận 1 (12x16m) 3 tầng, an ninh sang trọng, bán giá 51 tỷ. Biệt thự khu Phường Đa Kao, Quận 1. - Diện tích: 12x16m. - Kết cấu: 3 tầng. - Nhà nằm trong hẻm nội bộ an ninh, sang trọng. - Giá bán: 51 tỷ.",Hồ Chí Minh,Nhà,51000000000,192.0,51000000000.0,0.0,matched_2pct,"[{""source"": ""title"", ""text"": ""51 tỷ"", ""parsed_value_vnd"": 51000000000.0, ""basis"": ""total"", ""total_equivalent_vnd"": 51000000000.0}, {""source"": ""description"", ""text"": ""51 tỷ. Biệt thự khu "", ""parsed_value_vnd"": 51000000000.0, ""basis"": ""total"", ""total_equivalent_vnd"": 51000000000.0}, {""source"": ""description"", ""text"": ""51 tỷ."", ""parsed_value_vnd"": 51000000000.0, ""basis"": ""total"", ""total_equivalent_vnd"": 51000000000.0}]"
shard_0004.parquet,251203,"Cần bán gấp CC Moonlight Park View 70m2 2PN full NT 3,5 tỷ, LH [phone_number] Hùng","Căn hộ tọa lạc mặt tiền đường Số 7, khu Tên Lửa nhộn nhịp sầm uất, gần Aeon Mall Bình Tân, Bệnh viện CIH, tiện di chuyển Q6, Q11, Tân Phú. Diện tích: 70m2 tim tường (2PN 1WC). Giá bán: 3.5 tỷ (TL khách thiện chí). Nội thất: Tủ giày, sofa, tv, kệ tv, bàn ăn, 3 máy lạnh, 1 máy nước nóng, 1 tủ, bộ tủ bếp, rèm... Căn hộ có 2 ban công hướng Nam thoáng mát, vào ở ngay ạ. Tiện ích đầy đủ: - Hồ bơi rộng rãi ngay nội khu. - Công viên, sân chơi trẻ em, phòng sinh hoạt cộng đồng. - Gym, spa, shophouse, nhà thuốc, siêu thị ngay bên dưới cc. - Hệ thống camera, thẻ từ thang máy, bảo vệ 24/7. Sổ hồng riêng, sang tên ngay, có hỗ trợ vay bank nếu cần. Liên hệ [phone_number] Hùng.",Hồ Chí Minh,Căn hộ chung cư,3500000000,70.0,3500000000.0,0.0,matched_2pct,"[{""source"": ""title"", ""text"": ""3,5 tỷ, LH [phone_num"", ""parsed_value_vnd"": 3500000000.0, ""basis"": ""total"", ""total_equivalent_vnd"": 3500000000.0}, {""source"": ""description"", ""text"": ""3.5 tỷ (TL khách thiệ"", ""parsed_value_vnd"": 3500000000.0, ""basis"": ""total"", ""total_equivalent_vnd"": 3500000000.0}]"
shard_0002.parquet,23606,"Bán căn hộ chung cư 16,5 tỷ, 140m2 ở Lê Trọng Tấn, Sơn Kỳ, Tân Phú, HCM giá tốt, đẹp","Căn hộ chung cư này tọa lạc tại đường Lê Trọng Tấn, phường Sơn Kỳ, quận Tân Phú, TP. HCM, mang đến không gian sống lý tưởng cho gia đình. - Diện tích rộng rãi 140 m2, phù hợp với nhu cầu sinh hoạt của gia đình lớn. - Giá bán hấp dẫn chỉ 16,5 tỷ VND, phù hợp với giá trị đầu tư. - Căn hộ được thiết kế với 25 phòng ngủ và 25 phòng tắm, đáp ứng nhu cầu về không gian riêng tư cho mọi thành viên trong gia đình. - Nội thất đầy đủ với điều hòa, giường, tủ lạnh, sẵn sàng để sử dụng. Căn hộ này nổi bật với pháp lý đầy đủ, mang lại sự an tâm cho người mua. Không chỉ là nơi ở, mà còn là một phong cách sống với tiện nghi hiện đại và không gian sống thoải mái. Khu vực xung quanh: - Gần công viên chung cư Bình Phú, công viên Celadon, công viên Gia Phú, nơi lý tưởng để thư giãn và vui chơi. - Siêu thị Bách Hóa Xanh 216 Kênh 19 tháng 5 và 146 Đường số 5, thuận tiện cho việc mua sắm hàng ngày. - Trạm y tế",Hồ Chí Minh,Nhà,16500000000,140.0,16500000000.0,0.0,matched_2pct,"[{""source"": ""title"", ""text"": ""16,5 tỷ, 140m2 ở Lê Tr"", ""parsed_value_vnd"": 16500000000.0, ""basis"": ""total"", ""total_equivalent_vnd"": 16500000000.0}, {""source"": ""description"", ""text"": ""16,5 tỷ VND, phù hợp v"", ""parsed_value_vnd"": 16500000000.0, ""basis"": ""total"", ""total_equivalent_vnd"": 16500000000.0}]"
shard_0001.parquet,334466,"Cần bán lô đất Long Nguyên 83 đường nhựa 9 mét. Dân cư đông. Sổ hồng riêng, Bình Dương","Đất mặt tiền đường, sổ hồng riêng, thổ cư. Xây dựng tự do, gần chợ, trường học, khu công nghiệp, đường thông, dân rất đông kinh doanh mua bán tốt, cách SG 40km.",Bình Dương,Đất,400000000,250.0,,,no_supported_price,[]
shard_0008.parquet,248966,Bán Căn Hộ Thủ Thiêm Sky 1PN.1WC.44M.Giá 3.7ty. Sổ hồng sang tên,"- Cần bán gấp căn hộ chung cư Thủ Thiêm Sky, đường Nguyễn văn Hưởng, Thảo Điền Q2. - 1PN, 1WC, 44m2. Không NT. - Giá: 3.7ty (sổ hồng). - Chung cư có nhiều tiện ích xung quanh, bv an ninh 24/24 có công viên cây xanh mát mẽ, là nơi lí tưởng đáng sống. - LH: [phone_number]zalo) xem nhà trực tiếp.",Hồ Chí Minh,Căn hộ chung cư,3700000000,44.0,3700000000.0,0.0,matched_2pct,"[{""source"": ""title"", ""text"": ""3.7ty. Sổ hồng sang "", ""parsed_value_vnd"": 3700000000.0, ""basis"": ""total"", ""total_equivalent_vnd"": 3700000000.0}, {""source"": ""description"", ""text"": ""3.7ty (sổ hồng). - C"", ""parsed_value_vnd"": 3700000000.0, ""basis"": ""total"", ""total_equivalent_vnd"": 3700000000.0}]"
shard_0006.parquet,216040,"Chính chủ cần bán lô đất thổ cư 168m2 xã Tân An Hội-Củ Chi, cách cầu vượt Củ Chi 5km","Cần bán lô đất thổ cư xã Tân An Hội-Củ Chi DT: 168m2(5 x 34) full thổ cư , xây dựng tự do Giá: 1tỷ550 còn bớt, sổ sẵn tại nhà Đường 5m xe hơi ra vào thoải mái, cách cầu vượt Củ Chi 5km Thích hợp đầu tư hoặc xây dựng để ở",Hồ Chí Minh,Đất,1550000000,168.0,1550000000.0,0.0,matched_2pct,"[{""source"": ""description"", ""text"": ""1tỷ550 còn bớt, sổ"", ""parsed_value_vnd"": 1550000000.0, ""basis"": ""total"", ""total_equivalent_vnd"": 1550000000.0}]"
shard_0004.parquet,158198,Bán nhà 7 tầng thang máy - ô tô cách nhà 30m- lô góc - 11 phòng khép kín - dòng tiền 60tr/ tháng,"NHÀ ĐẸP XÂY MỚI- THANG MÁY- 11 PHÒNG CHO THUÊ- SÂN CHUNG RỘNG 40M- NHỈNH 12 TỶ Thiết kế: - Tầng 1: để xe, wc. - Tầng 2,3,4,5: mỗi tầng 2 phòng khép kín. - Tầng 6: 1 phòng khép kín . - tầng 7 : Sân thượng - Sổ đỏ chính chủ, giao dịch ngay. - Ngõ sạch đẹp, dân trí cao, yên tĩnh. Chủ thiện chí bán, đang mót, giá nào cũng bán ạ Lh em Ngọc [phone_number]",Hà Nội,Nhà,12000000000,55.0,,,no_supported_price,[]
shard_0002.parquet,286811,Bán đất mặt tiền kinh doanh Võ Chí Công khu TĐC Tây Nam Làng Nghề 100m2 chỉ 6 tỷ,"Bán đất mặt tiền Võ Chí Công khu TĐC Tây Nam Non Nước 100m2 giá chỉ 6tỷ! Vị trí vàng - đường lớn - Khu dân cư sầm uất - Sổ đỏ chính chủ. Thông tin chi tiết: Vị trí: Lô số 59, mặt tiền đường Võ Chí Công, khu Tái định cư Tây Nam làng đá mỹ nghệ Non Nước, phường Hòa Hải, Ngũ Hành Sơn, Đà Nẵng. Diện tích: 100m2 (ngang chuẩn, đất vuông vức). Mặt tiền Võ Chí Công tuyến đường lớn bậc nhất khu vực, tiềm năng tăng giá mạnh. Nằm trong khu TĐC Tây Nam Làng Nghề Non Nước. Gần làng đá mỹ nghệ Non Nước, danh thắng Ngũ Hành Sơn, biển Non Nước khu vực thu hút du lịch quanh năm. Thích hợp xây ở, mở showroom, kinh doanh dịch vụ, đầu tư giữ tiền. Giá bán cực tốt so với các lô mặt tiền cùng khu Cơ hội sinh lời nhanh. Pháp lý: Sổ đỏ chính chủ, sang tên nhanh chóng. Giá bán: Chỉ 6tỷ cực kỳ cạnh tranh so với khu vực.",Đà Nẵng,Đất,6000000000,100.0,6000000000.0,0.0,matched_2pct,"[{""source"": ""title"", ""text"": ""6 tỷ"", ""parsed_value_vnd"": 6000000000.0, ""basis"": ""total"", ""total_equivalent_vnd"": 6000000000.0}, {""source"": ""description"", ""text"": ""6tỷ! Vị trí vàng -"", ""parsed_value_vnd"": 6000000000.0, ""basis"": ""total"", ""total_equivalent_vnd"": 6000000000.0}, {""source"": ""description"", ""text"": ""6tỷ cực kỳ cạnh tr"", ""parsed_value_vnd"": 6000000000.0, ""basis"": ""total"", ""total_equivalent_vnd"": 6000000000.0}]"
shard_0004.parquet,268020,"Bán nhà riêng 8,6 tỷ, 31m2 tại Phan Đăng Lưu, Phường 1, Phú Nhuận, HCM Hot!","Nhà riêng 4 tầng tại Phan Đăng Lưu, Phường 1, Phú Nhuận, HCM, với diện tích 31m2, giá 8,6 tỷ VND. - Mặt tiền rộng 8,6m, thuận lợi cho việc kinh doanh hoặc cho thuê. - Nội thất đầy đủ, sẵn sàng vào ở ngay. - Pháp lý đầy đủ, đảm bảo an tâm cho khách hàng. - Phong thủy tốt, mang lại tài lộc cho chủ nhân. Khu vực xung quanh - Gần bệnh viện đa khoa Hoàn Mỹ Sài Gòn, bệnh viện Ung Bướu TP.HCM, bệnh viện An Sinh. - Siêu thị Winmart+, siêu thị trực tuyến Chiaki tiện lợi cho việc mua sắm. - Trường mầm non quốc tế Thiên Thần Nhỏ, Toán tư duy Mathnasium Cù Lao, Piano Nhất Tâm (CN Hoa Huệ). Liên hệ ngay để biết thêm chi tiết: Lê Hoàng Anh [phone_number] #92119",Hồ Chí Minh,Nhà,8600000000,31.0,8600000000.0,0.0,matched_2pct,"[{""source"": ""title"", ""text"": ""8,6 tỷ, 31m2 tại Phan"", ""parsed_value_vnd"": 8600000000.0, ""basis"": ""total"", ""total_equivalent_vnd"": 8600000000.0}, {""source"": ""description"", ""text"": ""8,6 tỷ VND. - Mặt tiề"", ""parsed_value_vnd"": 8600000000.0, ""basis"": ""total"", ""total_equivalent_vnd"": 8600000000.0}]"
shard_0009.parquet,12008,"Bán nhà cấp 4 đương thông ô tô 85m2 2pn giá 7,5ty","Giá bán 7,5 ty Bán nhà mới xây Gần bệnh viện trường học Vị trí đường ô tô thông thoáng Nhà cấp 4 gồm 2 pn bếp tole Dân cư đông đúc an ninh Diện tích 85 m Giá 7 tỷ 5",Hồ Chí Minh,Nhà,7500000000,85.0,7500000000.0,0.0,matched_2pct,"[{""source"": ""title"", ""text"": ""7,5ty"", ""parsed_value_vnd"": 7500000000.0, ""basis"": ""total"", ""total_equivalent_vnd"": 7500000000.0}, {""source"": ""description"", ""text"": ""7,5 ty Bán nhà mới xâ"", ""parsed_value_vnd"": 7500000000.0, ""basis"": ""total"", ""total_equivalent_vnd"": 7500000000.0}, {""source"": ""description"", ""text"": ""7 tỷ 5"", ""parsed_value_vnd"": 7000000000.0, ""basis"": ""total"", ""total_equivalent_vnd"": 7000000000.0}]"
shard_0009.parquet,228974,"Bán nhà 2 mặt tiền hẻm ô tô phường 9 Đà Lạt - 13,7 tỷ","Đường Chi Lăng, Phường Lâm Viên - Đà Lạt, Lâm Đồng (Thành phố Đà Lạt, Lâm Đồng cũ) là một ngôi nhà riêng nổi bật với nhiều tiện ích hấp dẫn. Với diện tích 92,3 m2, ngôi nhà này có 2 tầng, 3 phòng ngủ, 2 phòng tắm, và phòng khách rộng rãi. Được trang bị nội thất cơ bản như điều hòa, tủ lạnh, và giường ngủ, ngôi nhà này rất phù hợp cho gia đình. - Diện tích: 92,3 m2. - Giá: 13,7 tỷ VND. - Số phòng ngủ: 3PN. - Số phòng tắm: 2WC. - Mặt tiền rộng: 5,5m. - Ngõ vào rộng: 5m. - Nội thất cơ bản: Điều hòa, tủ lạnh, giường... Ngôi nhà có mặt tiền rộng, thuận lợi cho việc kinh doanh nếu cần thiết. Pháp lý đầy đủ, đảm bảo an toàn cho giao dịch. Xung quanh có nhiều tiện ích như bệnh viện Y học cổ truyền Phạm Ngọc Thạch Lâm Đồng, trung tâm âm nhạc Mimosa, và siêu thị Bách Hóa Xanh Mê Linh, trường học thứ bậc cấp,... Mang đến sự thuận tiện cho cuộc sống hàng ngày. Liên hệ ngay để được tư vấn miễn phí qu",Lâm Đồng,Nhà,13700000000,92.3,13700000000.0,0.0,matched_2pct,"[{""source"": ""title"", ""text"": ""13,7 tỷ"", ""parsed_value_vnd"": 13700000000.0, ""basis"": ""total"", ""total_equivalent_vnd"": 13700000000.0}, {""source"": ""description"", ""text"": ""13,7 tỷ VND. - Số phòn"", ""parsed_value_vnd"": 13700000000.0, ""basis"": ""total"", ""total_equivalent_vnd"": 13700000000.0}]"
shard_0008.parquet,281706,"Cần bán gấp căn 3PN, ban công Bắc view sông Hồng tại dự án Aqua Central. Giá 21 tỷ. LH: [phone_number]","Bán căn hộ chung cư Hà Nội Aqua Central. - Vị trí: Tọa lạc tại số 44 Yên Phụ, Phường Trúc Bạch, Quận Ba Đình, vị trí đi lại vô cùng thuận tiện, 5 phút đến bờ Hồ Hoàn Kiếm, 3 Phút đến Hồ Trúc Bạch,... + Căn hộ có thiết kế: 3 phòng ngủ, 2 vệ sinh, 1 ban công và 1 logia. + Cửa vào: Hướng Nam, ban công hướng Bắc view sông Hồng thoáng. + Nội thất bàn giao nguyên bản CĐT gồm: Đèn điện, trần thạch cao, sàn gạch, gỗ, khoá cửa, thiết bị vệ sinh, bếp từ, bàn bếp,... + Sổ đỏ chính chủ sẵn sàng giao dịch. Giá bán 21 tỷ có thương lượng với khách thiện chí. Liên hệ để xem nhà trực tiếp: Sơn [phone_number]MTG).",Hà Nội,Căn hộ chung cư,21000000000,120.0,21000000000.0,0.0,matched_2pct,"[{""source"": ""title"", ""text"": ""21 tỷ. LH: [phone_nu"", ""parsed_value_vnd"": 21000000000.0, ""basis"": ""total"", ""total_equivalent_vnd"": 21000000000.0}, {""source"": ""description"", ""text"": ""21 tỷ có thương lượn"", ""parsed_value_vnd"": 21000000000.0, ""basis"": ""total"", ""total_equivalent_vnd"": 21000000000.0}]"
shard_0003.parquet,151896,"Bán đất phía đầm Cam Hoà khu an toàn 45m mặt tiền, phù hợp tách thửa",Cần bán nhanh lô đất Cam Hoà gần đầm Tổng diện tích 1480m2 Mặt tiền lên tới 45m ngang Đường bê tông hiện trạng hơn 6m ô tô tránh nhau Đường mở rộng 13m Gần phân khu 1 sắp triển khai cùa Vin Giá bán 9.5 tỷ Liên hệ Ngọc Trang [phone_number] để biết thêm thông tin lô đất,Khánh Hòa,Đất,9500000000,1480.0,9500000000.0,0.0,matched_2pct,"[{""source"": ""description"", ""text"": ""9.5 tỷ Liên hệ Ngọc T"", ""parsed_value_vnd"": 9500000000.0, ""basis"": ""total"", ""total_equivalent_vnd"": 9500000000.0}]"
shard_0001.parquet,299341,"Bán nhà Yên Lạc Kim Ngưu Hai BàTrưng phân lô Ôto kinh doanh 35m2 4 tang 11,9 tỷ","BÁN NHÀ MẶT PHỐ YÊN LẠC HAI BÀ TRƯNG Vị trí đắc địa Ô TÔ VÀO NHÀ KINH DOANH VĂN PHÒNG Diện tích 35m², xây 4 tầng chắc chắn, gồm 4 phòng ngủ, 2 vệ sinh Thiết kế hiện đại, công năng tối ưu cho gia đình đông người Mặt phố trung tâm Hai Bà Trưng, giao thông thuận tiện, ngõ thông, ô tô đỗ cửa Phù hợp để ở, cho thuê cao cấp, hoặc đầu tư giữ tài sản sinh lời Pháp lý chuẩn: Sổ đỏ chính chủ Giao dịch nhanh gọn Liên hệ: Phạm Xuân Diếu",Hà Nội,Nhà,11900000000,35.0,11900000000.0,0.0,matched_2pct,"[{""source"": ""title"", ""text"": ""11,9 tỷ"", ""parsed_value_vnd"": 11900000000.0, ""basis"": ""total"", ""total_equivalent_vnd"": 11900000000.0}]"
shard_0002.parquet,346003,Bán nhà ngõ chợ Khâm Thiên 16m2 5 tầng 4 p ngủ lô góc 3 mặt thoáng,"Diện tích: 16m2. Mặt tiền: 3m. Nhà dân tự xây mới, nội thất hiện đại, gọn gàng lô góc 3 mặt thoáng không gian sáng chỉ việc xách vali về ở. Khu dân trí cao yên tĩnh. Sổ đỏ chính chủ, sẵn sàng giao dịch. Vị trí trung tâm, ngõ chợ Khâm Thiên, tiện ích đủ đầy, giao thông thuận lợi. Liên hệ: Mr. Tuấn.",Hà Nội,Nhà,4190000000,16.0,,,no_supported_price,[]
shard_0008.parquet,290154,"Bán căn hộ cao cấp The Win City 2PN - 1WC, mặt tiền Tỉnh Lộ 10 Trần Văn Giàu, Bình Chánh, Đức Hoà","The Win City căn hộ mặt tiền Tỉnh Lộ 10 | trung tâm phát triển Tây Sài Gòn. The Win City sở hữu vị trí đắc địa ngay mặt tiền Tỉnh Lộ 10, trục giao thông huyết mạch kết nối trực tiếp Bình Tân, Bình Chánh, Đức Hòa Long An, nơi tập trung hàng loạt khu công nghiệp và khu dân cư đông đúc. Kết nối nhanh chóng: 5 phút đến KCN Tân Đức Hải Sơn. 20 phút đến Aeon Mall Bình Tân. 25 phút vào trung tâm TP. HCM. Đại đô thị Compound quy mô lớn. The Win City được quy hoạch theo mô hình compound khép kín, mang đến không gian sống an ninh, hiện đại, tiện nghi cho cư dân. Chuỗi tiện ích nội khu đẳng cấp: Hồ bơi, công viên cây xanh. Khu thể thao gym yoga. Trung tâm thương mại. Khu vui chơi trẻ em. Trường học và shophouse thương mại. Tiềm năng tăng giá mạnh. Nhờ vị trí mặt tiền Tỉnh Lộ 10, tuyến đường đang được mở rộng và phát triển hạ tầng mạnh mẽ, The Win City không chỉ là nơi an cư lý tưởng mà còn là kênh ",Long An,Căn hộ chung cư,1700000000,51.0,,,no_supported_price,[]
shard_0005.parquet,137710,"Bán Căn Hộ Mặt Biển Trần Phú đẹp nhất tại TP Nha Trang Cạnh Nhà Hát Đó, Quảng Trường Trống Đồng,","Lần đầu thấy căn hộ CC tại Paramount Signature, Vĩnh Hòa, Nha Trang mà không mê thì thật sự tiếc! Với diện tích 45m2, 1PN, 1WC, căn hộ này có nội thất đầy đủ, chỉ việc dọn vào ở ngay. Cạnh Nhà Hát Đó, Quảng Trường Trống Đồng, mặt đường trần Phú Nha Trang Giá chỉ 75 triệu/m2, căn hộ này không chỉ hợp lý mà còn cực kỳ tiện lợi cho cuộc sống của giới trẻ. Đường xá dễ đi, không gian sống thoải mái với các tiện ích xung quanh sẽ khiến cuộc sống trở nên thú vị hơn. Pháp lý đầy đủ, nên hoàn toàn yên tâm khi quyết định. Gần đó có bệnh viện y học cổ truyền và phục hồi chức năng tỉnh Khánh Hòa, công viên biển Hòn Chồng cho những buổi chiều thư giãn, và các siêu thị như Winmart+ hay Bách Hóa Xanh để dễ dàng mua sắm. Liên hệ ngay để được tư vấn",Khánh Hòa,Căn hộ chung cư,3375000000,45.0,3375000000.0,0.0,matched_2pct,"[{""source"": ""description"", ""text"": ""75 triệu/m2, căn hộ này"", ""parsed_value_vnd"": 75000000.0, ""basis"": ""per_m2"", ""total_equivalent_vnd"": 3375000000.0}]"
shard_0006.parquet,68791,"Bán đất Cổ Bi, 7.2 tỷ, 70m2, mặt tiền 5m, ngõ 4m, Gia Lâm, Hà Nội","Đất nền tại Cổ Bi, Gia Lâm, Hà Nội, diện tích 70m2, giá 7,2 tỷ. Mặt tiền rộng 5m, ngõ vào 4m, rất thích hợp cho việc xây dựng nhà ở hoặc đầu tư. Pháp lý đầy đủ, sổ đỏ/ sổ hồng sẵn sàng. - Mặt tiền rộng, phù hợp cho việc kinh doanh hoặc xây nhà. - Ngõ vào thoáng, dễ dàng di chuyển. - Pháp lý rõ ràng, sẵn sàng giao dịch. Địa điểm tiện ích xung quanh: - Siêu thị L - mart II. - Siêu thị Lộc Vừng. - Siêu thị Hapromart Trâu Quỳ. - Trường mầm non Little Ants. - Trường mầm non Peter Garden Đặng Xá - Gia Lâm. Liên hệ ngay để được tư vấn miễn phí qua số - Nguyễn Trung Kiên.",Hà Nội,Đất,7200000000,70.0,7200000000.0,0.0,matched_2pct,"[{""source"": ""title"", ""text"": ""7.2 tỷ, 70m2, mặt tiề"", ""parsed_value_vnd"": 7200000000.0, ""basis"": ""total"", ""total_equivalent_vnd"": 7200000000.0}, {""source"": ""description"", ""text"": ""7,2 tỷ. Mặt tiền rộng"", ""parsed_value_vnd"": 7200000000.0, ""basis"": ""total"", ""total_equivalent_vnd"": 7200000000.0}]"
shard_0005.parquet,224174,"Bán đất nghĩa lộ - ô tô vào đất - 3 bước ra chợ - 105m, mặt tiền rộng, giá chỉ hơn 10 tỷ.","#ĐẤT ĐẸP NGHĨA LỘ - Ô TÔ VÀO ĐẤT 3 BƯỚC RA CHỢ - 105M, GI.Á CHỈ HƠN 10 TỶ. + Vị trí cực đẹp, gần chợ, ô tô vào tận đất, đường trước nhà rộng, vị trí cực tiềm năng, khu vực đang phát triển mạnh, gần Đại học Phenikaa, Viện Nhi, Viện Thận, đường Vành đai 4, Công viên Âm nhạc, bến xe Yên Nghĩa, ga tàu điện... tiện ích bạt ngàn. + Sổ đ.ỏ chính chủ sẵn sàng giao dịch. + Giá 10, 7 tỷ có TL Liên hệ: Động [phone_number] để xem đất thực tế và chốt giá tốt nhất!",Hà Nội,Đất,10700000000,105.0,10000000000.0,0.07,mismatch,"[{""source"": ""title"", ""text"": ""10 tỷ."", ""parsed_value_vnd"": 10000000000.0, ""basis"": ""total"", ""total_equivalent_vnd"": 10000000000.0}, {""source"": ""description"", ""text"": ""10 TỶ. + Vị trí cực "", ""parsed_value_vnd"": 10000000000.0, ""basis"": ""total"", ""total_equivalent_vnd"": 10000000000.0}, {""source"": ""description"", ""text"": ""7 tỷ có TL Liên hệ:"", ""parsed_value_vnd"": 7000000000.0, ""basis"": ""total"", ""total_equivalent_vnd"": 7000000000.0}]"
shard_0009.parquet,321860,"Bán nhà cấp 4 - tiện xây mới - Quận 10 - 337m2 - Hòa Hưng P.12, 13,5x25m - giá tốt 6x tỷ","Địa chỉ: 91/ Hòa Hưng, phường 12, quận 10. Khu vực trung tâm quỹ đất lớn ngày càng khan hiếm. Diện tích: 13,5 x 25m. Diện tích công nhận: ~337m². Hiện trạng: Đất trống vuông vức, dễ xây dựng. Pháp lý: Sổ riêng, công chứng nhanh. Giá bán: 65 tỷ Thương lượng trực tiếp chủ. Vị trí & tiện ích nổi bật. Cách Cách Mạng Tháng 8 Thành Thái Lý Thường Kiệt chỉ vài phút. Gần Vạn Hạnh Mall, BV 115. Khu dân cư hiện hữu, an ninh, hẻm lớn xe tải/xe hơi vào thoải mái. Kết nối nhanh Quận 1 Quận 3 Tân Bình. Phù hợp: Xây building văn phòng. Căn hộ dịch vụ khách sạn spa phòng khám. Giữ đất đầu tư trung & dài hạn cực tốt tại lõi Quận 10. Liên hệ [phone_number] - Tuấn để xem & làm việc chính chủ hỗ trợ pháp lý từ AZ. Hàng thật giá thật vị trí hiếm.",Hồ Chí Minh,Nhà,65000000000,337.0,65000000000.0,0.0,matched_2pct,"[{""source"": ""description"", ""text"": ""65 tỷ Thương lượng t"", ""parsed_value_vnd"": 65000000000.0, ""basis"": ""total"", ""total_equivalent_vnd"": 65000000000.0}]"
shard_0003.parquet,96035,"Chính chủ bán căn hộ everrch đường 3/2 110m 2 phòng ngủ view q1 sổ hồng giá 7,5 tỷ tuấn [phone_number]","Chính chủ bán căn hộ chung cư cao cấp The EverRich I, địa chỉ: ngay góc 3/2 và Lê Đại Hành, phường 15, quận 11, TPHCM Diện tích 110m2, nhà thiết kế 2 phòng ngủ, 2wc. lô gia phơi đồ rộng, phòng khách rộng rãi, ban công thoáng mát hướng Đông nhìn về Quận 1, sổ hồng lâu dài, giá: 7,5 tỷ Chủ đầu tư Công ty Cổ phần Phát triển Bất động sản Phát Đạt uy tín và chất lượng Tiện ích: Siêu thị Lotte Mark lớn tầng trệt, hồ bơi, gym tầng 7 Vị trí đắc địa, khu dân trí cao Liên hệ Dương Tuấn [phone_number]",Hồ Chí Minh,Căn hộ chung cư,7500000000,110.0,7500000000.0,0.0,matched_2pct,"[{""source"": ""title"", ""text"": ""7,5 tỷ tuấn [phone_nu"", ""parsed_value_vnd"": 7500000000.0, ""basis"": ""total"", ""total_equivalent_vnd"": 7500000000.0}, {""source"": ""description"", ""text"": ""7,5 tỷ Chủ đầu tư Côn"", ""parsed_value_vnd"": 7500000000.0, ""basis"": ""total"", ""total_equivalent_vnd"": 7500000000.0}]"
shard_0007.parquet,193567,Bán nhanh căn 2PN giá từ đợt 1 siêu ưu đãi Sun Feliza Suites Cầu Giấy. LH ngay,"Duy nhất 1 căn suất nội bộ 2PN Sun Feliza Suites Cầu Giấy giá siêu ưu đãi trước 15.01.2026. Căn hộ 50m2 thiết kế gồm 2 phòng, 1PN + 1 phòng đa năng, 1WC. Giá 6,95 tỷ. Căn này view ngoại khu, công viên hồ điều hòa, thông thoáng. Giá siêu ưu đãi liên hệ hotline * Vị trí: Ngã tư Phạm Hùng - Xuân Thủy, trung tâm quận Cầu Giấy gần các khu hành chính và giáo dục, giáp tuyến Metro số 3, giao thông thuận tiện, thông minh. * Tiện ích: Bể bơi vô cực, gym spa, sauna, sky lounge, khu vui chơi trẻ em, vườn xanh nội khu 11.500m, an ninh 3 lớp. * Thiết kế: Căn hộ bàn giao thô đã ngăn phòng và trát tường, quý khách hàng có thể thoải mái sáng tạo về không gian sống và đồ nội thất, sảnh đón cao 14m. * Thang máy: Thang máy riêng từng khoảng tầng, tốc độ 6m/s nhanh nhất Việt Nam. * Thiết kế bên ngoài đều sử dụng kính full Douple Low - E cao cấp nhất đảm bảo chống tia UV, chống nóng, chống ồn... * Sảnh đón k",Hà Nội,Căn hộ chung cư,6950000000,50.0,6950000000.0,0.0,matched_2pct,"[{""source"": ""description"", ""text"": ""6,95 tỷ. Căn này view "", ""parsed_value_vnd"": 6950000000.0, ""basis"": ""total"", ""total_equivalent_vnd"": 6950000000.0}]"
shard_0003.parquet,314439,"Chủ về quê bán nhà tại đường Bành Văn Trân, Tân Bình, 73,5m2 sổ sẵn, có hỗ trợ vay NH","Nhà riêng nằm trên đường Bành Văn Trân, P 6, Q. Tân Bình, HCM. - Với diện tích 73,5m2 (4 x 18,3). - Thiết kế 3 tầng 1 trệt, 2 lầu, 3 phòng ngủ, 3 toilet, nhà gọn đẹp, hiện đại. - Nội thất đầy đủ, chỉ việc xách vali vào ở. - Gía bán rẻ nhất thị trường. - Ngõ rộng 6m, xe hơi thoải mái vào tận nơi, thuận tiện cho việc đi lại. - Pháp lý đầy đủ, sổ đỏ sẵn sàng cho giao dịch. Cuộc sống thoải mái với không gian sống tiện nghi. Phù hợp cho gia đình trẻ muốn tìm một chốn an cư lý tưởng. Liên hệ ngay để không bỏ lỡ cơ hội này! - Ngân hàng có hỗ trợ vay 80 %. Cách bệnh viện đa khoa bưu điện khoảng 1km, gần các siêu thị như Nhân Văn và Con Cưng chỉ 1,5km. Công viên Nguyễn Đình Khơi cách nhà chỉ 2km, lý tưởng cho những buổi chiều thư giãn. Trường học gần đó cũng rất thuận tiện cho việc học hành của các bé. Liên hệ ngay để biết thêm thông tin chi tiết qua số với Thanh Tú.",Hồ Chí Minh,Nhà,,73.5,,,no_supported_price,[]
shard_0006.parquet,268537,"Bán nhà HXH 7m Lý Thường Kiệt Q10, ngang lớn 5m, CN 30m2, 5T BTCT, lô góc chỉ 7,3 tỷ TL","Nhà riêng 5 tầng tại Lý Thường Kiệt, Quận 10, TP. HCM với diện tích 30 m2, 3PN + 4WC/PT + bếp. Pháp lý đầy đủ. Giá bán: 7,3 tỷ VND. Nội thất cơ bản gồm điều hòa, tủ lạnh, giường. Ngõ vào rộng 7m, mặt tiền 5m thuận lợi cho kinh doanh. Ưu điểm: Căn nhà thiết kế hiện đại, không gian thoáng mát, phù hợp cho gia đình. Khu vực yên tĩnh, an ninh tốt. Gần công viên Dương Đình Nghệ và Lãnh Binh Thăng, siêu thị thực phẩm sạch Lekhamart, trường mầm non Sóc Nâu, bệnh viện Nhi Đồng 1 và Chợ Rẫy tiện lợi cho cuộc sống hàng ngày. Liên hệ để biết thêm chi tiết Ngọc Bích Hà qua số điện thoại",Hồ Chí Minh,Nhà,7300000000,30.0,7300000000.0,0.0,matched_2pct,"[{""source"": ""title"", ""text"": ""7,3 tỷ TL"", ""parsed_value_vnd"": 7300000000.0, ""basis"": ""total"", ""total_equivalent_vnd"": 7300000000.0}, {""source"": ""description"", ""text"": ""7,3 tỷ VND. Nội thất "", ""parsed_value_vnd"": 7300000000.0, ""basis"": ""total"", ""total_equivalent_vnd"": 7300000000.0}]"
shard_0003.parquet,216998,"Bán nhà phố Nguyễn Cơ Thạch. Phân Lô vỉa hè, ô tô dừng đỗ, Dt 65m. Hơn 19 tỷ","Bán nhà phố Nguyễn Cơ Thạch. Phân Lô vỉa hè, ô tô dừng đỗ, Dt 65m. Hơn 19 tỷ SIÊU TRUNG TÂM QUẬN - PHÂN LÔ - Ô TÔ TRÁNH - VỈA HÈ - THANG MÁY - KINH DOANH - TIỆN ÍCH BẠT NGÀN - HIẾM . Mô tả:. + Vị trí nhà rất đẹp thuộc khu phân lô , Khu vực cực hiếm nhà bán . + Đường trước nhà ô tô tránh nhau, vỉa hè rộng, Dân trí cực cao kết hợp làm văn phòng. .+ Thiết kế:- 6 phòng ngủ Tầng 5: phòng thờ + sân phơi. + Cả khu vực chỉ có duy nhất 1 căn bán. + Sổ đỏ phân lô chính chủ. Lh; Em Trang để biết thêm thông tin [phone_number]",Hà Nội,Nhà,19000000000,65.0,19000000000.0,0.0,matched_2pct,"[{""source"": ""title"", ""text"": ""19 tỷ"", ""parsed_value_vnd"": 19000000000.0, ""basis"": ""total"", ""total_equivalent_vnd"": 19000000000.0}, {""source"": ""description"", ""text"": ""19 tỷ SIÊU TRUNG TÂM"", ""parsed_value_vnd"": 19000000000.0, ""basis"": ""total"", ""total_equivalent_vnd"": 19000000000.0}]"
shard_0005.parquet,300452,"(6,x tỷ) 2PN-2WC HD MON, DUY NHẤT 1 CĂN BÁN TẦNG TRUNG ĐẸP.","Chủ nhà chuyển định cư Úc, nhượng căn hộ trước lúc bay để làm thủ tục sang tên cho khách thuận tiện. Thông tin chi tiết: Diện tích: 67m Thiết kế: 2 phòng ngủ 2 vệ sinh Nội thất full cao cấp, chỉ việc xách vali vào ở Sổ đỏ: sẵn sổ Giá bán: 6,x tỷ ( thương lượng cho khách thực sự thiện trí Liên hệ: để xem nhà thực tế",Hà Nội,Căn hộ chung cư,,67.0,,,no_supported_price,[]
shard_0004.parquet,32892,"Cần Bán 40 m2 đất Đặng Xá - Gia Lâm, giá 3.4 tỷ- LH","Bán gấp mảnh đất Hoàng Long - Đặng Xá - Gia Lâm Diện tích: 40 m² Mặt tiền: 3.8 m vuông vắn Đường trước đất: 2.5 m, ngõ rộng, thoáng sáng Vị trí: Trung tâm Đặng Xá, khu dân trí cao, hạ tầng đồng bộ Tiện ích vượt trội: Gần khu đô thị Đặng Xá, trường học các cấp, chợ dân sinh Liền kề trục đường lớn, di chuyển nhanh nội thành chỉ 20p di chuyển Khu vực dân cư đông, an ninh đảm bảo, phù hợp để ở, cho thuê hoặc đầu tư sinh lời Giá chào: 3.4 tỷ (có thương lượng) Liên hệ ngay: để sở hữu lô đất tiềm năng này!",Hà Nội,Đất,3400000000,40.0,3400000000.0,0.0,matched_2pct,"[{""source"": ""title"", ""text"": ""3.4 tỷ- LH"", ""parsed_value_vnd"": 3400000000.0, ""basis"": ""total"", ""total_equivalent_vnd"": 3400000000.0}]"
shard_0000.parquet,246446,"Bán đất Hồ Bá Phấn, Phước Long A, Q9, TP.HCM, 6,1 tỷ, 71 m2, hàng hiếm tại giá ưu đãi","Đất thổ cư có vị trí thuận lợi tại đường Hồ Bá Phấn, Phường Phước Long A, Quận 9, TP.HCM, với diện tích 71 m2, giá 6,1 tỷ VND. - Pháp lý đầy đủ, đảm bảo an toàn cho giao dịch. - Ngõ vào rộng 6m, phù hợp cho xe ô tô. - Hướng cửa chính Tây, mang lại không gian thoáng đãng. - Khu vực dân cư đông đúc, an ninh tốt. Khu vực xung quanh: + Gần bệnh viện Y Dược Sài Gòn - JSC, thuận tiện cho việc chăm sóc sức khỏe. + Trường tư thục Ngô Thời Nhiệm, lý tưởng cho gia đình có con nhỏ. + Công viên chung cư 9 View, công viên Phước Bình, nơi lý tưởng để thư giãn. + Siêu thị Bách Hóa Xanh 182 Đỗ Xuân Hợp và 22 Đường 339, dễ dàng mua sắm hàng ngày. Liên hệ ngay để được tư vấn miễn phí! Hồ Văn Đông [phone_number]",Hồ Chí Minh,Đất,6100000000,71.0,6100000000.0,0.0,matched_2pct,"[{""source"": ""title"", ""text"": ""6,1 tỷ, 71 m2, hàng h"", ""parsed_value_vnd"": 6100000000.0, ""basis"": ""total"", ""total_equivalent_vnd"": 6100000000.0}, {""source"": ""description"", ""text"": ""6,1 tỷ VND. - Pháp lý"", ""parsed_value_vnd"": 6100000000.0, ""basis"": ""total"", ""total_equivalent_vnd"": 6100000000.0}]"
shard_0004.parquet,250802,"Bán đất thổ cư 2,100m đường Thạnh Lộc 41, phường Thạnh Lộc, Q12, Dt(50x40). Hẻm 8m, giá 90tỷ","Bán đất thổ cư 2,100m đường Thạnh Lộc 41, phường Thạnh Lộc, Q12, Dt(50x40). Hẻm 8m, giá 90tỷ. Đat Sổ hồng riêng, không bị quy hoạch, công chứng sang tên trong ngày. Phần 1 gồm 5 thửa: 306,314,583,584,595. DT: 990m2, có 842m2 thổ cư. Giá 37 tỷ - Phần 2 gồm 4 thửa: DT: 987m2, có 703m2 thổ cư. Giá: 53 tỷ, bán hết hoặc bán lẻ từng lô. Vị trí Hẻm 8m thông đường Thạnh Lộc 41, gần đường Hà Huy Giáp, Thạnh Lộc 42, TL42, Thạnh Lộc 40 TL40, gần Trường CĐ Điện Lực, gần Trường THPT Thạnh Lộc, Trường THCS Trần Hưng Đạo, Cầu Võ Tây. Tiện ích đầy đủ. Liên hệ ngay làm việc trực tiếp với chính chủ. Cam kết thông tin chuẩn.",Hồ Chí Minh,Đất,90000000000,2100.0,90000000000.0,0.0,matched_2pct,"[{""source"": ""title"", ""text"": ""90tỷ"", ""parsed_value_vnd"": 90000000000.0, ""basis"": ""total"", ""total_equivalent_vnd"": 90000000000.0}, {""source"": ""description"", ""text"": ""90tỷ. Đat Sổ hồng r"", ""parsed_value_vnd"": 90000000000.0, ""basis"": ""total"", ""total_equivalent_vnd"": 90000000000.0}, {""source"": ""description"", ""text"": ""37 tỷ - Phần 2 gồm 4"", ""parsed_value_vnd"": 37000000000.0, ""basis"": ""total"", ""total_equivalent_vnd"": 37000000000.0}, {""source"": ""description"", ""text"": ""53 tỷ, bán hết hoặc "", ""parsed_value_vnd"": 53000000000.0, ""basis"": ""total"", ""total_equivalent_vnd"": 53000000000.0}]"
shard_0004.parquet,56639,Bán đất mặt tiền trần khánh dư trung tâm phố tây an thượng 2 phút ra biển mỹ khê,"BÁN ĐẤT MẶT TIỀN TRẦN KHÁNH DƯ TRUNG TÂM PHỐ TÂY AN THƯỢNG 2 PHÚT RA BIỂN MỸ KHÊ NGAY NGUYỄN VĂN THOẠI Diện tích: 110m (ngang 6,4m nở hậu tài lộc ) Vị trí siêu VIP: Mặt tiền Trần Khánh Dư, sát Nguyễn Văn Thoại Kinh doanh mọi loại hình: căn hộ, khách sạn, nhà hàng, spa Liên hệ ngay: [phone_number]Mr Tài)",Đà Nẵng,Đất,16800000000,110.0,,,no_supported_price,[]
shard_0005.parquet,151654,"Bán nhà Võ Văn Hát, 3 tầng, hẻm xe hơi thông, giá 5 tỷ/51m2","Bán nhà 3 tầng đường Võ Văn Hát, hẻm nhựa thông, 2 xe hơi tránh nhau - Vị trí: gần chợ Lò Lu, đường Võ Chí Công, trường cấp 1,2,3 và trường đại học Tài Chính Marketing - Diện tích: 51m2, đường trước nhà 7m trải nhựa - Kết cấu : 1 Trệt 2 Lầu, 3PN, 3WC, PK, Bếp, sân để xe. Thiết kế hiện đại, sang trọng - Pháp lý: sổ hồng riêng, hoàn công - Giá bán: 5 tỷ (còn thương lượng) Liên hệ: Tel/Zalo [phone_number]Lê Thắm)",Hồ Chí Minh,Nhà,5000000000,51.0,5000000000.0,0.0,matched_2pct,"[{""source"": ""title"", ""text"": ""5 tỷ/51m2"", ""parsed_value_vnd"": 5000000000.0, ""basis"": ""total"", ""total_equivalent_vnd"": 5000000000.0}, {""source"": ""description"", ""text"": ""5 tỷ (còn thương lư"", ""parsed_value_vnd"": 5000000000.0, ""basis"": ""total"", ""total_equivalent_vnd"": 5000000000.0}]"
shard_0002.parquet,169326,"Bán gấp CH The Prince Residence, Phú Nhuận, 95m2, 3PN, 2WC, giá 8.4 tỷ LH [phone_number]","Cần bán gấp căn hộ The Prince Residence, Phú Nhuận. - Đẳng cấp bậc nhất Phú Nhuận, do CBRE vận hành chuyên nghiệp. - Căn hộ sổ hồng, diện tích 95m2, 3PN, 2WC, giá bán thiện chí 8.4 tỷ bớt lộc. - Đầy đủ tiện ích, an ninh 2 lớp, vị trí cực đắc địa. - Tư vấn và hỗ trợ tìm nhà ưng ý, vui lòng gọi [phone_number]",Hồ Chí Minh,Căn hộ chung cư,8400000000,95.0,8400000000.0,0.0,matched_2pct,"[{""source"": ""title"", ""text"": ""8.4 tỷ LH [phone_numb"", ""parsed_value_vnd"": 8400000000.0, ""basis"": ""total"", ""total_equivalent_vnd"": 8400000000.0}, {""source"": ""description"", ""text"": ""8.4 tỷ bớt lộc. - Đầy"", ""parsed_value_vnd"": 8400000000.0, ""basis"": ""total"", ""total_equivalent_vnd"": 8400000000.0}]"
shard_0002.parquet,134234,"Cô Tâm cần tiền bán gấp nhà giá ngộp 69,4m2 đang cho thuê 21tr, Trần Não - An Khánh - Q. 2","Cô Tâm bán nhà gấp trên đường Trần Não - An Khánh - Quận 2, cách bùng binh Lương Định Của 200m. - đang cho thuê 21triệu/1 tháng. - Diện tích: 69,4m2 (5m x 13,88m). - 1 trệt - 1 lầu - có sân thượng, 4 phòng ngủ - 4 nhà vệ sinh - có sân đậu ô tô. - Gọi: Sinh) xem nhà ngay.",Hồ Chí Minh,Nhà,,69.4,,,no_supported_price,[]
shard_0009.parquet,34159,"Bán Shophouse Royal Mansion, 18 tỷ, 84m2, Tân Tiến, Bắc Giang, Chính chủ, giá cực chất","Royal Mansion tọa lạc tại Đường Hùng Vương, Xã Tân Tiến, Bắc Giang, là một trong những dự án nổi bật với nhiều ưu điểm đáng chú ý. + Diện tích 84m2, thiết kế hợp lý cho không gian kinh doanh và sinh hoạt. + Giá bán hấp dẫn chỉ 18 tỷ VND. + Mặt tiền rộng 6m, lý tưởng cho các hoạt động thương mại. + Đường vào rộng 15m, thuận tiện cho xe ô tô di chuyển. + Pháp lý đầy đủ, đảm bảo an tâm cho khách hàng. Chi tiết dự án: Royal Mansion là một khu phức hợp hiện đại với tổng diện tích 9,45 ha, bao gồm 171 căn shophouse, 04 tòa chung cư cao 29 tầng, khách sạn quốc tế 5 sao, văn phòng và trung tâm thương mại. Dự án được đầu tư bởi Tập đoàn Tuta, mang đến cho cư dân không gian sống và làm việc chất lượng cao với nhiều tiện ích như quảng trường đa năng, công viên cây xanh, bể bơi ngoài trời, khu tập luyện thể dục thể thao và nhiều dịch vụ tiện ích khác. Hãy liên hệ ngay để được tư vấn miễn phí! Liên h",Bắc Giang,Shophouse,18000000000,84.0,18000000000.0,0.0,matched_2pct,"[{""source"": ""title"", ""text"": ""18 tỷ, 84m2, Tân Tiế"", ""parsed_value_vnd"": 18000000000.0, ""basis"": ""total"", ""total_equivalent_vnd"": 18000000000.0}, {""source"": ""description"", ""text"": ""18 tỷ VND. + Mặt tiề"", ""parsed_value_vnd"": 18000000000.0, ""basis"": ""total"", ""total_equivalent_vnd"": 18000000000.0}]"
shard_0006.parquet,238103,Chuyên chuyển nhượng Masteri Thảo Điền giá rẻ hơn thị trường 300 triệu-hỗ trợ vay 80%-LH,"Thông tin: - Căn hộ có 2 phòng ngủ, 2 toilet. Diện tích: 70m2. - Nội thất được đầu tư mới và đầy đủ tiện nghi. (Đảm bảo đẹp hơn trong hình). - Tiện ích đáp ứng đầy đủ nhu cầu sống cao cấp như: Phòng gym, bể bơi, công viên, sân tenis, sân bóng rổ, khu vực BBQ, cách TTTM chỉ vài bước chân. - 159 Võ Nguyên Giáp (XLHN cũ), Phường Thảo Điền, TP. Thủ Đức. - Liên hệ ngay hotline: Vy Vy (zalo/viber) để biết thêm thông tin về căn hộ. ----------------------- * Hỗ trợ xem nhà và tư vấn kỹ lưỡng - 24/24 cho đến khi quý anh/chị chọn được nơi mình sống tốt nhất ở khu vực quận 2 (Thảo Điền). * Sau khi quý anh/chị chọn được căn yêu thích. Công ty chúng tôi cam kết thương lượng giá tốt nhất thị trường. * Tư vấn, hỗ trợ và theo sát việc vay ngân hàng đến 80% giá trị căn hộ. (công ty chúng tôi cam kết xin được lãi suất thấp nhất thị trường). Lưu ý: Giá dưới đây là giá 100% căn hộ, đã bao gồm tất cả các loạ",Hồ Chí Minh,Căn hộ chung cư,,70.0,300000000.0,,missing_structured_price,"[{""source"": ""title"", ""text"": ""300 triệu-hỗ trợ vay 80%"", ""parsed_value_vnd"": 300000000.0, ""basis"": ""total"", ""total_equivalent_vnd"": 300000000.0}, {""source"": ""description"", ""text"": ""6 tỷ - 7.5 tỷ. + Di"", ""parsed_value_vnd"": 6000000000.0, ""basis"": ""total"", ""total_equivalent_vnd"": 6000000000.0}, {""source"": ""description"", ""text"": ""7.5 tỷ. + Diện tích: "", ""parsed_value_vnd"": 7500000000.0, ""basis"": ""total"", ""total_equivalent_vnd"": 7500000000.0}]"
shard_0002.parquet,253995,Bán lô đất đường Số 1 (Đường Oto 7 chỗ vào tới đất) nằm sát chân Cầu Lon,- Chính chủ gửi: Bán lô đất đường Số 1 (đường oto 7 chỗ vào tới đất) nằm sát chân cầu Long Đại P. Long Phước Quận 9. - Diện tích: 2.800m2 (28m x 100m) - giá bán: 10 triệu/m2 còn thương lượng. Quy hoạch đất ở kết hợp kinh tế vườn - được phép chuyển đỗi mục đích lên thành đất ở (8 - 10% trên tổng diện tích). Anh/chị có nhu cầu mua bán/ cho thuê BĐS TP. Thủ Đức và các quận lân cận liên hệ thành. Zalo: [phone_number] Di động: [phone_number],Hồ Chí Minh,Đất,28000000000,2800.0,28000000000.0,0.0,matched_2pct,"[{""source"": ""description"", ""text"": ""10 triệu/m2 còn thương "", ""parsed_value_vnd"": 10000000.0, ""basis"": ""per_m2"", ""total_equivalent_vnd"": 28000000000.0}]"
shard_0005.parquet,316260,"Bán nhà đường Tiền Lân hẻm 12m xe tải thông, ngang 12m giá chỉ 4.5 tỷ","- Nhà đẹp xe tải đậu trước nhà. - DTS 87m2. - Kết cấu: 1 trệt, 1 lầu, phòng khách, bếp, 3 PN 2 WC, không gian rộng rãi, thoáng mát. - Thông tứ tung ra các trục đường lớn, gần Quốc Lộ 1A thuận tiện giao thông. - Chủ bán gấp tặng full nội thất, hướng Tây Bắc phong thủy đẹp. - SHR, hoàn công đủ, công chứng nhanh, gọn, lẹ.",Hồ Chí Minh,Nhà,4500000000,87.0,4500000000.0,0.0,matched_2pct,"[{""source"": ""title"", ""text"": ""4.5 tỷ"", ""parsed_value_vnd"": 4500000000.0, ""basis"": ""total"", ""total_equivalent_vnd"": 4500000000.0}]"
shard_0000.parquet,311067,"Bán đất tại siêu phẩm phân lô, Đông Sơn, Chương Mỹ, Hà Nội, 15,5 triệu / m2, 1061 m2","Khu đất nằm tại siêu phẩm phân lô, Đông Sơn, Chương Mỹ, Hà Nội, với diện tích rộng 1061 m2, là một cơ hội lý tưởng cho những ai đang tìm kiếm một mảnh đất đẹp để phát triển. - Diện tích: 1061 m2. - Giá: 15,5 triệu / m2. - Pháp lý đầy đủ, sổ đỏ, sổ hồng. - Mặt tiền rộng 17.6m, thuận lợi cho việc kinh doanh và xây dựng. - Ngõ vào rộng 4.5m, dễ dàng tiếp cận bằng xe ô tô. - Khu vực dân cư đông đúc, an ninh tốt, phù hợp cho gia đình hoặc đầu tư. Điểm nổi bật: - Khu đất có mặt tiền đẹp, thuận tiện cho việc buôn bán hoặc xây dựng nhà ở. - Pháp lý đầy đủ, đảm bảo quyền lợi cho chủ sở hữu. - Vị trí đắc địa, dễ dàng kết nối với các khu vực lân cận. Liên hệ để biết thêm thông tin chi tiết về mảnh đất này qua số điện thoại [phone_number] và người liên hệ E tuấn.",Hà Nội,Đất,16450000000,1061.0,16445500000.0,0.0002736310844911982,matched_2pct,"[{""source"": ""title"", ""text"": ""15,5 triệu / m2, 1061 m2"", ""parsed_value_vnd"": 15500000.0, ""basis"": ""per_m2"", ""total_equivalent_vnd"": 16445500000.0}, {""source"": ""description"", ""text"": ""15,5 triệu / m2. - Pháp l"", ""parsed_value_vnd"": 15500000.0, ""basis"": ""per_m2"", ""total_equivalent_vnd"": 16445500000.0}]"
shard_0009.parquet,259505,"Mở bán căn hộ 3PN Mizuki Park, ck 13.5%, tặng 2 chỉ vàng. Tặng 2 năm PQL. Hỗ trợ vay ngân hàng","* Mở bán căn hộ trong Mizuki Park, Nguyễn Văn Linh, Bình Chánh. - Tổng quy mô: 26ha. - Mật độ xây dựng: 29%. - Chủ đầu tư: Nam Long Group và Nishi Nippon Railroad (NNR) và Hankyu Hanshin Propertiies Corp. - Vị trí: Thuộc trục đại lộ Nguyễn Văn Linh giao QL50. Cách Phú Mỹ Hưng chỉ 5km. Di chuyển thuận tiện về quận 1, quận 4,5,6,7,8... - Tiện ích toàn khu đã chỉnh chu: Kênh đào 17.000m2, đảo Nhật, quảng trường sự kiện và quảng trường bến du thuyền, trường học, shophouse, siêu thị, quán ăn, cafe... - Pháp lý chuẩn chỉnh: Sổ hồng sở hữu lâu dài. ---------------------------------------------- * Phân khu Trellia Cove - phân khu compound cuối cùng của KDT Mizuki Park, tọa lạc như ốc đảo khi tiếp giáp trực tiếp với kênh đào và rạch Ba Lào. - Tổng quy mô 3 tháp cao 20 tầng với 817 căn hộ. - Đa dạng diện tích 2PN - 3PN: 59m2 - 97m2. - Tiện ích đa dạng và hấp dẫn: Hồ bơi, gym, công viên kênh đào, c",Hồ Chí Minh,Căn hộ chung cư,6984000000,97.0,34000000.0,204.41176470588235,mismatch,"[{""source"": ""description"", ""text"": ""34 Triệu trừ vào giá bá"", ""parsed_value_vnd"": 34000000.0, ""basis"": ""total"", ""total_equivalent_vnd"": 34000000.0}]"
shard_0007.parquet,111599,"Bán đất đường Dũng Sỹ Điện Ngọc, DT 100m2, giá 3.x tỷ (x bé nhỏ), sát sông Cổ Cò, cách biển 1.5 km","- Bán lô đất LK 15 khu Green City kề sát lô góc sạch đẹp 10 điểm. - Cạnh trung tâm thương mại, cách ngã tư 2 lô, thoáng đãng, cách Dũng Sỹ 50 m. - Trục LK 15 đẹp nhất dự án Green, vị trí thoáng đãng, thích hợp làm nhà ở, xây căn hộ cho thuê. - Hạ tầng điện nước đủ, hướng đông nam mát mẻ quanh năm. LH Hạnh văn phòng tại LK 15 để xem lô đất và làm việc chính chủ.",Quảng Nam,Đất,,100.0,,,no_supported_price,[]
shard_0001.parquet,115217,Bán gấp nhà hẻm 8m xe hơi đậu cửa - Khu Bộ Nội Vụ - An ninh cực cao - Giá rẻ,"Bán nhà hẻm 8m Nguyễn Cảnh Chân, p Nguyễn Cư Trinh, quận 1. - Dt 3,6x15m, CN 54,7m2. - Kết cấu: Hẻm 8m, xe hơi vào tận nhà, 1 trệt 3 lầu, 2 mặt hẻm trước và sau nhà, ngay bộ nội vụ, an ninh tốt, quận 1, kinh doanh tốt. Lh [phone_number] Minh Nhà Phố.",Hồ Chí Minh,Nhà,14800000000,54.7,,,no_supported_price,[]
shard_0005.parquet,81287,Kẹt tiền cần bán căn nhà cấp 4 154.5m2 mặt tiền nhựa kinh doanh mua bán được. Giá 600tr,"Bán nhà cấp 4 2 mặt tiền đường nhựa lớn trung tâm dân cư đông đúc. Địa chỉ: Phường Hưng Chiến, Thị xã Bình Long, Tỉnh Bình Phước. Thông tin chi tiết: Diện tích: 6m x 25m (thổ cư 50m2). Nhà cấp 4 thoáng mát, sạch sẽ. 2 mặt tiền đường nhựa lớn xe hơi ra vào thoải mái. Khu dân cư đông, an ninh tốt, hàng xóm thân thiện. Vị trí cực đẹp, thuận tiện mở quán tạp hóa, cà phê, tiệm làm tóc, quán ăn nhỏ hoặc cho thuê lâu dài. Hiện đang cho thuê 1,5 triệu/tháng. Giá bán chỉ: 600 triệu sổ hồng riêng, sang tên ngay! Gần chợ, trường học, khu công nghiệp tiềm năng tăng giá cực cao. Liên hệ ngay: [phone_number] gặp Ngà để xem nhà trực tiếp. Hình thật 100% xem là thích liền.",Bình Phước,Nhà,600000000,154.5,600000000.0,0.0,matched_2pct,"[{""source"": ""title"", ""text"": ""600tr"", ""parsed_value_vnd"": 600000000.0, ""basis"": ""total"", ""total_equivalent_vnd"": 600000000.0}, {""source"": ""description"", ""text"": ""600 triệu sổ hồng riêng,"", ""parsed_value_vnd"": 600000000.0, ""basis"": ""total"", ""total_equivalent_vnd"": 600000000.0}]"
shard_0005.parquet,323296,"Bán nhà phố Miếu Đầm 35m2, ngõ nông gần ô tô tránh, phố kd sầm uất, hàng xóm Marriott","- Vị trí đẹp, hiếm! 1 bước ra trường đại lộ, ks Marriott, TT Hội nghị quốc gia và chợ. DT 35m2. - Tiện ích bạt ngàn. An sinh, an ninh tốt, sạch sẽ. - Sát chợ, bệnh viện, bến xe, Mỹ Đình, ĐH Sư phạm, Quốc Gia, Ngoại Ngữ. - Sổ đẹp hậu nở, nhà đẹp thoáng mát. - Nhanh tay kẻo hết - nhà đẹp bay rất nhanh. - Liên hệ: Xem nhà chính chủ - Em Tuấn.",Hà Nội,Nhà,6600000000,35.0,,,no_supported_price,[]
shard_0000.parquet,171437,"Bán lô đất nền đối diện công viên, gần sông Quán Trường, hướng Bắc, sạch đẹp gói 5 KĐT Mỹ Gia","Cần bán lô đất nền vị trí rất đẹp gói 5 KĐT Mỹ Gia Diện tích 100m2 (5x20m) Đối diện công viên lớn nhất gói 5, hướng Bắc Lô đất nằm trên trục đường thông 12m gần sông Quán Trường rất mát mẻ Lô sạch đẹp không tủ điện/ hố nước mưa Chưa phải xây ngay rất phù hợp mua để ở hoặc đầu tư Liên hệ em: [phone_number] - Em Hoa",Khánh Hòa,Đất,4000000000,100.0,,,no_supported_price,[]
shard_0006.parquet,61519,"Bán đất đẹp 68m2 giáp khu biệt thự Hồ Sen, gần công viên và siêu thị Aone Mall","Cần bán lô đất rất đẹp, nằm ngay giáp khu nhà biệt thự liền kề mặt bằng Hồ Sen. Vị trí thuận tiện di chuyển đến bến xe bus Hoa Dũng cũ, gần công viên Quảng Xá, công viên Bố Vệ và siêu thị Aone Mall Nhật Bản đang xây dựng. Lô đất nằm cạnh đường đôi Trịnh Kiểm, rất đắc địa. Diện tích đất là 68m2, toàn bộ là thổ cư và có sổ riêng, sẵn sàng giao dịch. Đường vào đất rộng rãi, ô tô thông thoáng các phía, rất thuận tiện cho việc đi lại và sinh hoạt. Giá bán: 2.x tỷ. Liên hệ: [phone_number].",Thanh Hóa,Đất,2000000000,68.0,,,no_supported_price,[]
shard_0003.parquet,12664,"Bán đất Lạc Sơn view hồ cạnh QL12B, diện tích: 124,5m2, full thổ cư. Giá 3xxtr. LH:","- Diện tích đất: 124,5m2, full thổ cư. - View hồ Đa Gắmk - Vũ Bình - Lạc Sơn, đường bê tông 2 xe ô tô tránh nhau. - Mỗi lô 5,01m mặt đường bê tông rộng 7,5m, đất bằng phẳng đã xây ranh giới rõ ràng. - Cách Ql12b 3,5km, đối diện nhà văn hóa, cách ủy ban trường trạm khoảng hơn 1km, khu dân cư đông đúc. - Thế đất cao hơn đường 70 - 80cm view trực diện hồ lớn. Phù hợp: Kinh doanh buôn bán thuận lợi, làm biệt thự nhà vườn, đầu tư lâu dài để sinh lời,. Công chứng được luôn trong ngày. Lh:",Hòa Bình,Đất,380000000,124.5,,,no_supported_price,[]
shard_0006.parquet,257889,"Bán nhà mặt tiền 51 m2 3 tầng DT sử dụng 173 m2 full nội thất đường Số 45, Phường Tân Quy","Bán nhà phố full nội thất Đường Số 45, Phường Tân Quy, Quận 7. Vị trí đẹp Trung tâm Quận 7, ngay khu dân cư hiện hữu, gần chợ, trường học, Lotte Mart, giao thông thuận tiện ra Nguyễn Thị Thập, khu Phú Mỹ Hưng... --- Thông tin chi tiết: Nhà phố kết cấu kiên cố. Sân thượng đúc bê tông, có thang lên thuận tiện. Full nội thất dọn vào ở ngay. --- Nội thất bao gồm: 1. Phòng khách: 1 bộ sofa. 1 kệ TV, 2 tủ. 1 TV. 1 máy lạnh. 2. Bếp: 1 tủ lạnh 2 cửa. 1 bếp từ. Hệ tủ bếp trên dưới, đầy đủ không gian để chén, bát, ly. Bồn rửa chén. 3. Nhà vệ sinh (4 phòng): Đầy đủ lavabo, bồn cầu, gương. 4. Máy lạnh: Tổng cộng 4 cái. 5. Phòng ngủ (4 phòng): 2 giường lớn. 2 tủ lớn, 2 tủ nhỏ. 6. Sân thượng: Sàn bê tông chắc chắn. Có cầu thang lên, tiện trồng cây, phơi đồ hoặc làm sân thư giãn. Sổ hồng riêng pháp lý rõ ràng. Giá: 13 tỷ. Liên hệ em Bình (sdt/zl)",Hồ Chí Minh,Nhà,13000000000,51.0,13000000000.0,0.0,matched_2pct,"[{""source"": ""description"", ""text"": ""13 tỷ. Liên hệ em Bì"", ""parsed_value_vnd"": 13000000000.0, ""basis"": ""total"", ""total_equivalent_vnd"": 13000000000.0}]"
shard_0006.parquet,135421,Bán gấp biệt thự khu c khu đô thị geleximco hà đông 120m phố kinh doanh tốt giá chỉ hơn 23 tỷ,chỉ nhỉnh 23 tỷ xíu có ngay biệt thự 120m mt 6m tại khu đô thị geleximco đường lê trọng tấn hà đông giáp cổng 3 khu c lối đi ra aeon mail sổ đỏ sẵn biệt thự thuộc tuyến phố đông dân nhất và kinh doanh sầm uất khu đô thị ac có nhu cầu đầu tư sinh lời lh e [phone_number] để xem nhà,Hà Nội,Biệt thự/Nhà liền kề,23000000000,120.0,23000000000.0,0.0,matched_2pct,"[{""source"": ""title"", ""text"": ""23 tỷ"", ""parsed_value_vnd"": 23000000000.0, ""basis"": ""total"", ""total_equivalent_vnd"": 23000000000.0}, {""source"": ""description"", ""text"": ""23 tỷ xíu có ngay bi"", ""parsed_value_vnd"": 23000000000.0, ""basis"": ""total"", ""total_equivalent_vnd"": 23000000000.0}]"
shard_0008.parquet,86972,Chính chủ bán nhà riêng Thái Hà - 6 tầng - 33M- 4 Phòng ngủ- Mặt tiền rộng 7m,"Thông số chi tiết Diện tích: 32.5m² (sổ 39m²) Kết cấu: 6 tầng nhà mới xây cực chắc chắn Mặt tiền rộng ngõ thông, thoáng, phù hợp kinh doanh online Trang bị thang máy xịn sò di chuyển nhẹ nhàng Thiết kế siêu hợp lý: 4 phòng ngủ khép kín, đầy đủ công năng ở sướng cho gia đình Ưu điểm nổi bật Cách mặt phố vài bước chân Khu dân trí cao an ninh tốt tiện ích ngập tràn Sổ vuông đẹp pháp lý chuẩn Giá: 12.78 TỶ Sổ đỏ chính chủ sẵn sàng giao dịch",Hà Nội,Nhà,12780000000,33.0,12780000000.0,0.0,matched_2pct,"[{""source"": ""description"", ""text"": ""12.78 TỶ Sổ đỏ chính ch"", ""parsed_value_vnd"": 12780000000.0, ""basis"": ""total"", ""total_equivalent_vnd"": 12780000000.0}]"
shard_0009.parquet,48590,Bán căn hộ 116m2 - 3pn chung cư Golden Park Tower. Full nội thất đẹp. Giá 11.5 tỷ. LH [phone_number],"Do không có nhu cầu để ở hay cho thuê nữa, nên chủ nhà tại chung cư Golden Park Tower đã gửi căn hộ qua ban quản lý để gửi bán. Để biết thêm thông tin chi tiết về căn hộ và giá bán vui lòng liên hệ hotline & zalo: [phone_number]Anh Đoàn). + Căn hộ 116m2, thiết kế 3PN 2VS. Tầng trung khoảng tầng 10 - 15. + Full nội thất đẹp + Sổ đỏ sẵn sàng giao dịch + Có slot ô tô. + Giá có thương lượng. - Đến với Golden Palace quý KH sẽ được sử dụng các tiện ích đầy đủ của tòa nhà như bể bơi bốn mùa, phòng gym, spa, yoga, siêu thị, nhà hàng, quán cafe và khu vui chơi trẻ em... - Quý khách sẽ được xem căn hộ thực tế và làm việc trực tiếp với chủ nhà về giá cả, nội thất. - Hỗ trợ các thủ tục liên quan đến pháp lý và ngân hàng. - Hỗ trợ sang tên sổ hồng.",Hà Nội,Căn hộ chung cư,11500000000,116.0,11500000000.0,0.0,matched_2pct,"[{""source"": ""title"", ""text"": ""11.5 tỷ. LH [phone_num"", ""parsed_value_vnd"": 11500000000.0, ""basis"": ""total"", ""total_equivalent_vnd"": 11500000000.0}]"
shard_0005.parquet,146463,"Bán nhà kinh dương vương. q6, 46m2. 6,6 tỷ - 3 tầng btct, 4pn, 3wc","- NHÀ MỚI KINH DƯƠNG VƯƠNG. Q6, 46M2. 6,6 TỶ - 3 TẦNG BTCT, 4PN, 3WC - Hẻm 5m, an ninh, dân trí cao. - Pháp lý: Sổ hồng - Liên hệ [phone_number] ĐOÀN THỌ",Hồ Chí Minh,Nhà,6600000000,46.0,6600000000.0,0.0,matched_2pct,"[{""source"": ""title"", ""text"": ""6,6 tỷ - 3 tầng btct,"", ""parsed_value_vnd"": 6600000000.0, ""basis"": ""total"", ""total_equivalent_vnd"": 6600000000.0}, {""source"": ""description"", ""text"": ""6,6 TỶ - 3 TẦNG BTCT,"", ""parsed_value_vnd"": 6600000000.0, ""basis"": ""total"", ""total_equivalent_vnd"": 6600000000.0}]"
shard_0009.parquet,142765,"Bán lô góc 2MT đường Nước Mặn 3 - Ngay khu Nam Việt Á sát sông Hàn, đối diện công viên rất đẹp","Bán góc 2MT Nước Mặn 3 - Nguyễn Thế Kỷ Sát sông Hàn - ngay khu Nam Việt Á. - DT: 170m2 (7x25m). Hướng Tây Bắc - Tây Nam. - Đường 7m5 lề 4m. - Vị trí sát sông Hàn, đi bộ ra sông chỉ vài bước chân. Đối diện công viên rất thoáng, xung quanh nhiều biệt thự nhà đẹp. Khu dân trí cao văn minh, phù hợp xây villa, biệt thự, tòa căn hộ... - Gía bán đến công chứng: 18,5 tỷ. Liên hệ: Ms Thái, [phone_number]",Đà Nẵng,Đất,18500000000,170.0,18500000000.0,0.0,matched_2pct,"[{""source"": ""description"", ""text"": ""18,5 tỷ. Liên hệ: Ms T"", ""parsed_value_vnd"": 18500000000.0, ""basis"": ""total"", ""total_equivalent_vnd"": 18500000000.0}]"
shard_0003.parquet,16661,"Bán nhà 45m2 Nơ Trang Long, HXH, nhỉnh 8 tỷ","Nhà 1 trệt 3 lầu BTCT, thiết kế hiện đại Gồm 3Pn, 4Wc, Pk, bếp. Đầy đủ công năng Hẻm xe hơi vô nhà, cách mặt tiền 50m Khu vực đồng bộ, dân trí cao. SHR, vuông đẹp. Hoàn công đủ. Công chứng ngay",Hồ Chí Minh,Nhà,8300000000,45.0,8000000000.0,0.0375,mismatch,"[{""source"": ""title"", ""text"": ""8 tỷ"", ""parsed_value_vnd"": 8000000000.0, ""basis"": ""total"", ""total_equivalent_vnd"": 8000000000.0}]"
shard_0007.parquet,303247,"ĐẦU TƯ CHIA LÔ. CẦN BÁN ĐẤT TÂN DÂN KHOÁI CHÂU HƯNG YÊN. 7 CHỖ VÀO ĐẤT. Dt: 485m2, CHỈ 17.5tr/m","- Chính chủ cần bán 484,7 m full thổ cư tại Tân Dân Khoái Châu Hưng Yên - Đường ô tô 7 chỗ vào tận đất ,cách 30m ra trục chính apphan 2tránh nhau - Nằm áp sát khu công nghiệp Tân dân , vành đai 4 , bao quanh là các dự án lớn , gần trường chợ tiện ích siêu đỉnh Giá 1x triệu/m - Lh e ngay để xem đất và chốt cọc",Hưng Yên,Đất,8487500000,485.0,17500000.0,484.0,mismatch,"[{""source"": ""title"", ""text"": ""17.5tr/m"", ""parsed_value_vnd"": 17500000.0, ""basis"": ""total"", ""total_equivalent_vnd"": 17500000.0}]"
shard_0001.parquet,231221,"Bán nhà 1 tầng, 75m2, nở hậu tại Đông Thọ, Thanh Hóa. Giá 1.xx tỷ","Bán nhà một tầng tại phường Đông Thọ, thành phố Thanh Hóa. Vị trí trung tâm, thuận tiện di chuyển. Diện tích 75m2, mặt tiền nở hậu. Đường ô tô gần các tuyến đường Bà Triệu, Trần Xuân Soạn, Lý Nhân Tông. Giá bán: 1.xx tỷ (có ra lộc cho khách thiện chí). Liên hệ: [phone_number] để xem nhà.",Thanh Hóa,Nhà,1000000000,75.0,,,no_supported_price,[]
shard_0009.parquet,208733,Bán nhà phố Thái Thịnh-Ô tô tránh-KD nhộn nhịp-DT:60m 4 tầng-MT4.2m-15m ra mặt phố-Ngõ thông,"SIÊU PHẨM THÁI THỊNH -ĐỐNG ĐA Ô TÔ TRÁNH KINH DOANH ĐỈNH NGÕ THÔNG TỨ PHÍA -Vị trí vàng hiếm có khó tìm Tọa lạc ngay trung tâm phố Thái Thịnh, sát Bệnh viện Châm cứu Trung ương khu vực kinh doanh sầm uất bậc nhất quận Đống Đa. Ngõ thông thẳng sang Nguyễn Văn Tuyết Thái Hà Yên Lãng, giao thông cực kỳ thuận tiện, đi đâu cũng dễ. - Kinh doanh siêu đỉnh dòng tiền ổn định Đường trước nhà ô tô tránh, lưu lượng người qua lại ngày đêm tấp nập. Phù hợp mọi mô hình: Phòng khám Nhà thuốc Spa Salon Văn phòng mở là có khách. - Thông số cực đẹp dễ khai thác Diện tích: 60m² Mặt tiền: 4.2m (thoáng, dễ nhận diện thương hiệu) Hình thửa vuông vắn cực kỳ đẹp -Thiết kế 4 tầng tối ưu công năng Tầng 1: Thông sàn kinh doanh rộng + WC Tầng 2, 3: Mỗi tầng 1 phòng ngủ lớn, ban công thoáng, WC khép kín Tầng 4: Bếp + phòng thờ + sân phơi thoáng sáng - Pháp lý chuẩn chỉnh Sổ đỏ chính chủ, vuông đẹp, sẵn sàng giao dịc",Hà Nội,Nhà,21300000000,60.0,,,no_supported_price,[]
shard_0006.parquet,223039,"Bán nhà riêng tại Calmette, p Nguyễn Thái Bình, Q1, HCM, giá cực chất chỉ với 9,5 tỷ, 52m2","Nhà riêng nằm tại vị trí đắc địa trong khu vực Quận 1, Hồ Chí Minh, với diện tích 52m2 và thiết kế 3 tầng hiện đại. + 3 tầng rộng rãi, không gian sống thoải mái. + Pháp lý đầy đủ với sổ đỏ, đảm bảo an toàn cho giao dịch. + Thiết kế thông minh, phù hợp cho gia đình hoặc đầu tư. Đặc điểm nổi bật của căn nhà là phong thủy tốt, tạo không gian sống hài hòa, an lạc. Khu vực này còn thuận tiện cho sinh hoạt hàng ngày, gần gũi với cuộc sống năng động của thành phố. Tiện ích xung quanh: + Bệnh viện Da Liễu TP. HCM, Bệnh viện Răng Hàm Mặt TP. HCM, Bệnh viện Nhi Đồng 2. + Siêu thị Trang Trí Nội Thất, Winmart + . + Công viên Chi Lăng, Công viên 23 Tháng 9, Công viên Khánh Hội. + Trường Mầm Non Cô Giang. Liên hệ để biết thêm chi tiết qua số điện thoại , người liên hệ: Lâm Phong.",Hồ Chí Minh,Nhà,9500000000,52.0,9500000000.0,0.0,matched_2pct,"[{""source"": ""title"", ""text"": ""9,5 tỷ, 52m2"", ""parsed_value_vnd"": 9500000000.0, ""basis"": ""total"", ""total_equivalent_vnd"": 9500000000.0}]"
shard_0005.parquet,99523,"Bán đất vuông vắn 90m2, mặt tiền 5,5m tại ngã tư Đại Thượng, Bắc Ninh","Cơ hội sở hữu mảnh đất vàng tại Ngã tư Đại Thượng, Đại Đồng, Bắc Ninh! Với diện tích 90m2 và mặt tiền rộng rãi 5.5m, thửa đất vuông vắn này là lựa chọn lý tưởng cho tổ ấm tương lai hoặc kênh đầu tư sinh lời bền vững. Vị trí đắc địa tại khu vực dân cư đông đúc, tấp nập, giao thông thuận tiện, mang đến cuộc sống tiện nghi và cơ hội kinh doanh phát triển. Sổ hồng lâu dài, chính chủ, pháp lý minh bạch, đảm bảo an toàn tuyệt đối cho giao dịch. Giá bán hấp dẫn chỉ từ 4 tỷ x, một mức giá khó tìm cho bất động sản tiềm năng tại khu vực. Liên hệ ngay Mr. Quân để được tư vấn chi tiết và xem đất trực tiếp: [phone_number]",Bắc Ninh,Đất,4000000000,90.0,4000000000.0,0.0,matched_2pct,"[{""source"": ""description"", ""text"": ""4 tỷ x, một mức giá"", ""parsed_value_vnd"": 4000000000.0, ""basis"": ""total"", ""total_equivalent_vnd"": 4000000000.0}]"
shard_0009.parquet,227131,"Bán căn hộ Midtown, Phú Mỹ Hưng. DT 130 m2, 3PN - 3 WC, Full nội thất, view sông. Giá đầu tư","Bán căn hộ Midtown M5, Phú Mỹ Hưng, Quận7. Diện tích: 130 m, thiết kế 3PN - 3WC. View sông lớn. Vị trí rất đẹp. Nhà đầy đủ nội thất. Nhà có 1 ô xe hầm. Giá bán: 14 tỷ Liên hệ xem nhà: [phone_number] Quyết Thắng. Trân trọng cảm ơn Quý Khách!",Hồ Chí Minh,Căn hộ chung cư,14000000000,130.0,14000000000.0,0.0,matched_2pct,"[{""source"": ""description"", ""text"": ""14 tỷ Liên hệ xem nh"", ""parsed_value_vnd"": 14000000000.0, ""basis"": ""total"", ""total_equivalent_vnd"": 14000000000.0}]"
shard_0002.parquet,270192,"Chính chủ cần bán căn 3N2VS 103,2m2 tại Việt Đức Complex giá 7.3 tỷ","Gia đình chuyển chỗ ở xuống mặt đất cần bán căn hộ 103,2m² tại Việt Đức Complex. Căn hộ gồm 3PN 2VS. Nhà full nội thất đẹp. Giá 7.3 tỷ. Xem nhà gọi số:",Hà Nội,Căn hộ chung cư,7300000000,103.0,7300000000.0,0.0,matched_2pct,"[{""source"": ""title"", ""text"": ""7.3 tỷ"", ""parsed_value_vnd"": 7300000000.0, ""basis"": ""total"", ""total_equivalent_vnd"": 7300000000.0}, {""source"": ""description"", ""text"": ""7.3 tỷ. Xem nhà gọi s"", ""parsed_value_vnd"": 7300000000.0, ""basis"": ""total"", ""total_equivalent_vnd"": 7300000000.0}]"
shard_0003.parquet,241147,Chủ cần bán gấp đất nghỉ dưỡng tại Tiến Xuân thạch thất view triệu đô diện tích 1700m2 có 150m2 TC,"+ Chính chủ cần bán gấp đất nghỉ dưỡng Tiến xuân thạch thất view triệu đô như đà Lạt. + Diện tích 1700m2 có 150m2 đất thổ cư, thế đất cao thoáng thoải nhẹ. + Đất Tiến Xuân Thạch Thất Hà Nội với vị trí đắc địa nằm trong vùng lõi thành phố vệ tinh Hòa Lạc. + Lô đất nằm trong khu quần thể nghỉ dưỡng siêu vip, như du lịch Suối Ngọc Vua Bà, khu biệt thự nhà vườn Homestay nghỉ dưỡng cao cấp. + Cách hồ Cố Đụng 300m cách du lịch Suối Ngọc Vua Bà 500m. + Cách đường cao tốc Láng Hòa Lạc mở rộng 2km. + Cách đại học Quốc Gia Hòa Lạc 3km. + Chỉ với 30p lái xe từ TT Hà Nội. + Giá thương lượng, A/C quan tâm liên hệ e đi xem đất ạ. + Hotline để nhận thông tin ạ.",Hà Nội,Đất,10200000000,1700.0,,,no_supported_price,[]
shard_0005.parquet,162780,Bán nhà cấp 4 Thới An 11 - 88.7m2 - hẻm xe hơi sát mặt tiền Q12 - pháp lý rõ ràng,"Cấp 4 Thới An 11 - 88.7m2 - - hẻm xe hơi sát mặt tiền Q12 - Vài hước chân ra Lê Thị Riêng. Diện tích: 88.7m2 (ngang 5m dài 17,5). Kết cấu: Nhà cấp 4 kiên cố, sạch đẹp, tiện ở ngay hoặc xây mới. Hẻm xe hơi sát mặt tiền, khu dân cư an ninh, yên tĩnh, gần chợ trường học tiện ích đầy đủ. Giá bán: 4.8 tỷ TL.",Hồ Chí Minh,Nhà,4800000000,88.7,4800000000.0,0.0,matched_2pct,"[{""source"": ""description"", ""text"": ""4.8 tỷ TL."", ""parsed_value_vnd"": 4800000000.0, ""basis"": ""total"", ""total_equivalent_vnd"": 4800000000.0}]"
shard_0004.parquet,142263,"Bán căn hộ chung cư tại Zenity, giá siêu hời chỉ 13 tỷ, diện tích 116,87 m2, view đông nam mát","Căn hộ chung cư tại Zenity, Võ Văn Kiệt, Cầu Kho, Quận 1, Hồ Chí Minh mang đến không gian sống lý tưởng cho những ai tìm kiếm sự sang trọng và tiện nghi. Với diện tích 116,87m2, căn hộ này sở hữu 3 PN, 2 WC, nội thất full và hướng cửa chính Tây Bắc, ban công Đông Nam, tạo cảm giác thoáng mát và dễ chịu. - Diện tích rộng rãi 116,87m2. - 3 PN và 2 WC, phù hợp cho gia đình lớn, nhiều thế hệ. - Nội thất đầy đủ, chỉ cần dọn vào ở hoặc cho thuê ngay. - Hướng cửa chính Tây Bắc, ban công Đông Nam, đón gió mát và ánh sáng tự nhiên. Điểm đặc biệt: - Pháp lý đầy đủ, đảm bảo quyền lợi cho khách hàng, công chứng làm sổ cho Anh Chị. - Vị trí đắc địa tại Quận 1, gần các tiện ích như siêu thị, trường học và bệnh viện. Đừng bỏ lỡ cơ hội sở hữu căn hộ lý tưởng này. Liên hệ ngay để được tư vấn miễn phí và tham quan trực tiếp qua số - Hồng Nhất.",Hồ Chí Minh,Căn hộ chung cư,13000000000,116.87,13000000000.0,0.0,matched_2pct,"[{""source"": ""title"", ""text"": ""13 tỷ, diện tích 116"", ""parsed_value_vnd"": 13000000000.0, ""basis"": ""total"", ""total_equivalent_vnd"": 13000000000.0}]"
shard_0008.parquet,164729,"Chính chủ gửi bán lô đất đẹp thị trấn nhà bè, 5m x 18,34m, SHR","Chính chủ gửi bán lô đất đẹp thị trấn Nhà Bè, 5m x 18,34m, SHR. Vị trí: Khu Phố..., Thị Trấn Nhà Bè, Huyện Nhà Bè. Diện tích: 91,7 m2 (ngang 5m x dài 18,34m), full thổ cư, sổ riêng. Hẻm nhựa rộng, ô tô vào tận nơi khu dân cư đông đúc, an ninh tốt. Giá, thích hợp xây nhà rộng rãi, thoáng mát. Giao thông thuận tiện giáp ranh Quận 7, chỉ vài phút là tới khu đô thị Phú Mỹ Hưng. Tiện ích xung quanh đầy đủ: + Gần chợ Phú Xuân, trường học, UBND xã, ngân hàng. + Chỉ 5-10 phút tới các trường: RMIT, Tôn Đức Thắng, Nguyễn Tất Thành. Giá bán chính chủ (thương lượng). Liên hệ: [phone_number] Minh Thư.",Hồ Chí Minh,Đất,0,91.7,,,no_supported_price,[]
shard_0001.parquet,307691,"Bán đất khu TĐC 26ha Phú Xuân, Thái Bình","Bán đất khu TĐC 26ha Phú Xuân, Thái Bình. Khu đất cách trung tâm thành phố Thái Bình khoản 2 km, nằm hướng Đông Nam mát mẻ. Diện tích: 63m2, mặt tiền 4.2m vuông vắn. Đường trước đất 5.5m vỉa hè 3m. Dân cư ở đông đúc, sầm uất tiện đưa con đến trường học và đi chợ. Pháp lý: Sổ hồng cất két. Giá: 2 tỷ 150 triệu. Lh: Thắng Land",Thái Bình,Đất,2150000000,63.0,2150000000.0,0.0,matched_2pct,"[{""source"": ""description"", ""text"": ""2 tỷ 150 triệu. Lh:"", ""parsed_value_vnd"": 2150000000.0, ""basis"": ""total"", ""total_equivalent_vnd"": 2150000000.0}]"
shard_0009.parquet,194789,"View Núi ! Bán đất đường Nguyễn Tuấn Thiện - 300m2 - Ngang 15m , Cách biển 500m - Giá chỉ 29ty9","Bán đất biệt thự đường Nguyễn Tuấn Thiện 300m - Đường 7,5m - View Núi Thông số : Diện tích đất : 300m ( 15x20 ) - Xây 5 Tầng 18 Phòng - Tặng bản vẽ thiết kế _Vị trí: sát núi, cạnh biển, xung quanh nhiều căn villa đón đầu của viên chức ở hưởng không khi tự nhiên, thể dục tắm biển..... Giá bán 29ty9 TL",Đà Nẵng,Đất,29900000000,300.0,29900000000.0,0.0,matched_2pct,"[{""source"": ""title"", ""text"": ""29ty9"", ""parsed_value_vnd"": 29900000000.0, ""basis"": ""total"", ""total_equivalent_vnd"": 29900000000.0}, {""source"": ""description"", ""text"": ""29ty9 TL"", ""parsed_value_vnd"": 29900000000.0, ""basis"": ""total"", ""total_equivalent_vnd"": 29900000000.0}]"
shard_0009.parquet,300895,"Bán Căn hộ CC Goldmark City, 6,4 tỷ, 74m2, đẹp, nhiều tiện ích","Căn hộ chung cư tọa lạc tại Goldmark City, Đường Hồ Tùng Mậu, Phường Phú Diễn, Hà Nội (Bắc Từ Liêm, Hà Nội cũ), với diện tích 74m2, gồm 2 phòng ngủ và 2 toilet, phù hợp cho gia đình nhỏ hoặc những người đang tìm kiếm không gian sống thoải mái và hiện đại. Căn hộ được trang bị đầy đủ nội thất, bao gồm điều hòa, tủ lạnh, giường và nhiều tiện ích khác. - Giá bán: 6,4 tỷ VND. - Diện tích: 74m2. - Số phòng ngủ: 2PN. - Số toilet: 2WC. - Nội thất: đầy đủ. Điểm đặc sắc: Căn hộ sở hữu phong thủy tốt, không gian sống thoáng đãng và tiện nghi hiện đại, mang lại cảm giác thoải mái cho cư dân. Dự án Goldmark City được thiết kế thông minh với nhiều tiện ích như hồ bơi, trung tâm thương mại, khu vui chơi trẻ em và người cao tuổi. Pháp lý đầy đủ, đảm bảo an tâm cho người mua. Gần các tiện ích: - Cách trường mầm non Mai Dịch 1km. - Cách chợ Thành Đô 1,5km. - Cách công viên Hồ An Bình 2km. Giới thiệu thêm",Hà Nội,Căn hộ chung cư,6660000000,74.0,6400000000.0,0.040625,mismatch,"[{""source"": ""title"", ""text"": ""6,4 tỷ, 74m2, đẹp, nh"", ""parsed_value_vnd"": 6400000000.0, ""basis"": ""total"", ""total_equivalent_vnd"": 6400000000.0}, {""source"": ""description"", ""text"": ""6,4 tỷ VND. - Diện tí"", ""parsed_value_vnd"": 6400000000.0, ""basis"": ""total"", ""total_equivalent_vnd"": 6400000000.0}]"
shard_0003.parquet,333173,"Bán đất phân lô X2 Đông Trù tại Đông Hội, Đông Anh, Hà Nội, 17,6 tỷ, 80 m2, giá ưu đãi","Đất nền có diện tích 80m2, tọa lạc tại đường Đông Hội, xã Đông Hội, Đông Anh, Hà Nội. Mặt tiền rộng 6.66m, phù hợp cho việc xây dựng hoặc đầu tư. Giá bán 17,6 tỷ VND, pháp lý đầy đủ. + Đường vào rộng 7m, vỉa hè 5m kinh doanh bất chấp. + Đất có mặt tiền đẹp, thích hợp cho kinh doanh. + Khu vực an ninh tốt, thuận tiện sinh hoạt. Gần chân cầu Đông Trù, Eurowindow,cách trường học và chợ trong vòng 200m. Liên hệ ngay để biết thêm thông tin chi tiết: Hà Văn Thuận.",Hà Nội,Đất,17600000000,80.0,17600000000.0,0.0,matched_2pct,"[{""source"": ""title"", ""text"": ""17,6 tỷ, 80 m2, giá ưu"", ""parsed_value_vnd"": 17600000000.0, ""basis"": ""total"", ""total_equivalent_vnd"": 17600000000.0}, {""source"": ""description"", ""text"": ""17,6 tỷ VND, pháp lý đ"", ""parsed_value_vnd"": 17600000000.0, ""basis"": ""total"", ""total_equivalent_vnd"": 17600000000.0}]"
shard_0003.parquet,78159,"Bán đất lõi trung tâm Ngọc Lặc Thanh Hóa, nằm giữa KCN Ngọc Lặc và CCN Quang Trung giá 245 triệu/lô","Long Hưng - Quang Trung 1: Tận hưởng vị trí chiến lược cùng đà tăng trưởng mạnh mẽ từ hai KCN trọng điểm. Ngay tại cửa ngõ phía Tây Thanh Hóa, Long Hưng - Quang Trung 1 nổi bật như một tâm điểm sáng trên bản đồ đầu tư đất nền khi sở hữu tọa độ hiếm hoi, nằm sát cạnh hai khu công nghiệp quy mô lớn nhất Ngọc Lặc. Khu vực đang ở giai đoạn bứt tốc và vươn mình mạnh mẽ, cùng hệ thống hạ tầng ngày càng được hoàn thiện, sản phẩm là cơ hội VÀNG cho các nhà đầu tư nhạy bén, tiên phong đi trước đón đầu làn sóng công nghiệp bùng nổ. Tọa độ chiến lược sẵn sàng bứt phá tăng trưởng. Nằm trong quy hoạch vùng kinh tế trọng điểm Bắc - Trung - Nam. Tọa lạc tại vị trí lõi trung tâm hành chính mới của huyện Ngọc Lặc. Nút giao chiến lược trên huyết mạch Đông Tây và tuyến đường Hồ Chí Minh. Nằm giữa và hưởng lợi trực tiếp từ 2 đại công nghiệp lớn: KCN Ngọc Lặc, cụm CN Quang Trung đã đi vào vận hành. Quỹ đất t",Thanh Hóa,Đất,245000000,100.0,245000000.0,0.0,matched_2pct,"[{""source"": ""title"", ""text"": ""245 triệu/lô"", ""parsed_value_vnd"": 245000000.0, ""basis"": ""total"", ""total_equivalent_vnd"": 245000000.0}]"
shard_0006.parquet,224469,"Chính chủ cần bấn gấp lô đất vị trí đẹp Nhuận Trạch, Lương Sơn, Hòa Bình. Giá siêu rẻ","Cần chuyển nhượng đất thổ cư, tại Xã Nhuận Trạch. - Tổng diện tích: 91m2 trong đó có 50m2 đất ở, còn lại là đất vườn. - Sổ đỏ pháp lý rõ ràng, chính chủ. - Khu đất có vị trí đẹp, Phù hợp với việc đầu tư phân khúc nhỏ. - Hiện lô đất đã đã được xây tường bao kiên cố, mốc giới rõ ràng. - Đặc biệt khu đất cách khu đô thị Sông Bùi 100m. Đầu tư sinh lời cao... Là nơi đang. - Vị trí lô đất cách trung tâm Hà Nội khoảng 30km giao thông thuận tiện. - Giá bán: Thỏa thuận. - Địa chỉ: Xóm Đầm Rải - xã Nhuận Trạch - Lương Sơn - Hoà Bình. Đơn vị phân phối: Văn phòng nhà đất Hoà Bình. Địa chỉ: 17 Lê Lợi, phường Phương Lâm, TP Hoà Bình, tỉnh Hoà Bình. Hotline:",Hòa Bình,Đất,,91.0,,,no_supported_price,[]
shard_0001.parquet,88033,"Bán nhà phân lô Tam Trinh, Hoàng Mai nhà dân xây chắc chắn đẹp","Tam Trinh - phân lô ô tô tránh - vỉa hè kinh doanh - ngõ thông nhà đẹp - gần phố. Dt: 48m2 giá 15 tỷ. + Vị trí mặt ngõ rộng ô tô tránh vỉa hè kinh doanh rất gần phố. + Thiết kế 4 + tum, tầng mỗi tầng 2 phòng cầu thang giữa, nhà 3 giếng giời thoáng mát quanh năm. Có ô chờ thang máy. + Sổ đỏ phân lô 48m2, vuông như bánh chưng. + Thiết kế: - Tầng 1: P. Khách + Bếp + WC. - Tầng 2,3: Mỗi tầng 02 P. Ngủ + WC. - Tầng 4: P. Thờ + Sân phơi. Pháp lý: Sổ đỏ chính chủ, sẵn sàng giao dịch. Lh:",Hà Nội,Nhà,15000000000,48.0,15000000000.0,0.0,matched_2pct,"[{""source"": ""description"", ""text"": ""15 tỷ. + Vị trí mặt "", ""parsed_value_vnd"": 15000000000.0, ""basis"": ""total"", ""total_equivalent_vnd"": 15000000000.0}]"
shard_0000.parquet,304438,"Ngộp bank giảm sâu 40 tỷ bán biệt thự khu Compound Thảo Điền, Quận 2","Ngộp bank giảm sâu 40 tỷ bán biệt thự khu Compound Thảo Điền, Quận 2 Vị trí: Biệt thự nằm khu Compound bảo vệ 24/24. khu an ninh với đầy đủ tiện ích hồ bơi riêng, chung, sân Tenis, gần các trường Quốc tế, cộng đồng người nước ngoài thuê chung. Diện tích: 1053 m2 full thổ cư sân vườn rộng, cây xanh cổ thụ mát mẻ. Nhà thiết kế mở, không gian thoáng mát với nội thất cao cấp. Sổ hồng cá nhân, hoàn công đầy đủ, pháp lý rõ ràng Giá bán : 200 tỷ ( có thương lượng ) Vui lòng liên hệ : [phone_number] ( Đức Long ) để biết thêm chi tiết và xem nhà thực tế. Ngoài ra bên em còn rất nhiều sản phẩm đất nền, biệt thự, villa, nhà phố, mặt bằng kinh doanh bán và cho thuê. Hotline : [phone_number]",Hồ Chí Minh,Biệt thự/Nhà liền kề,200000000000,1053.0,40000000000.0,4.0,mismatch,"[{""source"": ""title"", ""text"": ""40 tỷ bán biệt thự k"", ""parsed_value_vnd"": 40000000000.0, ""basis"": ""total"", ""total_equivalent_vnd"": 40000000000.0}, {""source"": ""description"", ""text"": ""40 tỷ bán biệt thự k"", ""parsed_value_vnd"": 40000000000.0, ""basis"": ""total"", ""total_equivalent_vnd"": 40000000000.0}, {""source"": ""description"", ""text"": ""200 tỷ ( có thương lư"", ""parsed_value_vnd"": 200000000000.0, ""basis"": ""total"", ""total_equivalent_vnd"": 200000000000.0}]"
shard_0001.parquet,193546,"Chính chủ bán đất trung tâm, p.4, tp. tân an, 110m2, shr, 1tỷ2","Vị trí đẹp - Giao thông thuận tiện - Cách TP.HCM chỉ 30-40 phút Giá chỉ: 1.2 TỶ, FULL Thổ Cư Diện tích: 110m² Pháp lý: Sổ Hồng Riêng Chính Chủ. Ưu điểm nổi bật: Vị trí trung tâm TP. Tân An gần chợ, trường học, bệnh viện, ngân hàng Đường trước đất rộng rãi, xe hơi ra vào thoải mái Thích hợp kinh doanh, buôn bán hoặc cho thuê Giao thông thuận lợi, di chuyển nhanh về TP. Hồ Chí Minh (qua cao tốc Trung Lương TP.HCM) Pháp lý rõ ràng sổ hồng riêng sang tên nhanh chóng!",Long An,Đất,1200000000,110.0,1200000000.0,0.0,matched_2pct,"[{""source"": ""title"", ""text"": ""1tỷ2"", ""parsed_value_vnd"": 1200000000.0, ""basis"": ""total"", ""total_equivalent_vnd"": 1200000000.0}, {""source"": ""description"", ""text"": ""1.2 TỶ, FULL Thổ Cư D"", ""parsed_value_vnd"": 1200000000.0, ""basis"": ""total"", ""total_equivalent_vnd"": 1200000000.0}]"
shard_0007.parquet,309890,"Chào bán lô mặt tiền đường Ngô Quyền 10 làn phù hợp ở kết hợp kinh doanh, mở công ty","Chào bán lô mặt tiền đường Ngô Quyền 10 làn phù hợp ở kết hợp kinh doanh, mở công ty. Thông tin nhà đất: - Diện tích: 5*23.75m vuông vắn rất đẹp. - Hướng Đông Nam view biển. - Giá: 9.3 tỷ. * Ưu điểm: - Vị trí gần bán đảo Sơn Trà, gần biển Mân Thái lại nằm trên trục giao thông chính của thành phố Đà Nẵng. - Khả năng khai thác: Phù hợp ở kết hợp kinh doanh, làm trụ sở văn phòng công ty. - Tài sản tích luỹ tương lai: Trục Ngô Quyền là trục chính của Đà Nẵng, sắp tới cảng biển dời về Liên Chiểu, Ngô Quyền sẽ thành tuyến chính du lịch, nên sỡ hữu mặt tiền Ngô Quyền mở ra triển vọng rất lớn. Quý khách hàng cần xem nhà đất thực tế hoặc liên hệ chủ thương lượng giá vui lòng liên hệ: - Mr Cần.",Đà Nẵng,Đất,9300000000,118.75,9300000000.0,0.0,matched_2pct,"[{""source"": ""description"", ""text"": ""9.3 tỷ. * Ưu điểm: - "", ""parsed_value_vnd"": 9300000000.0, ""basis"": ""total"", ""total_equivalent_vnd"": 9300000000.0}]"
shard_0004.parquet,24593,Mở bán biệt thự nhà phố liền kề khu đô thị Xuân Lâm Hồng Hạc Bắc Ninh giá gốc CĐT mở bán đợt đầu,"Hồng Hạc Xuân Lâm Bắc Ninh là dự án đánh dấu bước tiến lớn của chủ đầu tư Phú Mỹ Hưng ra thị trường bất động sản phía Bắc. Khách hàng mua tiên phong đợt đầu tiên sẽ luôn có mức giá tốt nhất tại phân khu đẹp nhất. - Chủ đầu tư: Công ty TNHH Phú Mỹ Hưng. - Đơn vị phát triển: Phú Mỹ Hưng. - Diện tích quy hoạch: 198 ha. - Xây hoàn thiện bên ngoài, giao thô bên trong. - Pháp lý: Sổ hồng sở hữu lâu dài có sẵn bàn giao ngay. - Quy mô dự án: 2844 căn gồm nhà phố liền kề, biệt thự. Giá trung bình 130 triệu /m2. * Mở bán phân khu đầu tiên: Hồng Phát (323 căn). Cơ cấu diện tích lô đất đa dạng: 6x18, 10x18, 14x18. Giá tham khảo trong giỏ hàng lần này bao gồm: - Shophouse vị trí đẹp 18 - 19 tỷ, căn góc khoảng 30 tỷ (160 tr /m2). - Nhà phố liên kế 16 - 17 tỷ (145 - 150tr /m2). - Biệt thự song lập 23 - 24 tỷ, căn góc 35 - 40 tỷ. - Biệt thự đơn lập 39 - 60 tỷ. * Tiện ích và hạ tầng: Dự án Hồng Hạc Phú M",Bắc Ninh,Biệt thự/Nhà liền kề,15900000000,111.0,,,multiple_text_prices,"[{""source"": ""description"", ""text"": ""130 triệu /m2. * Mở bán "", ""parsed_value_vnd"": 130000000.0, ""basis"": ""per_m2"", ""total_equivalent_vnd"": 14430000000.0}, {""source"": ""description"", ""text"": ""19 tỷ, căn góc khoản"", ""parsed_value_vnd"": 19000000000.0, ""basis"": ""total"", ""total_equivalent_vnd"": 19000000000.0}, {""source"": ""description"", ""text"": ""30 tỷ (160 tr /m2). "", ""parsed_value_vnd"": 30000000000.0, ""basis"": ""total"", ""total_equivalent_vnd"": 30000000000.0}, {""source"": ""description"", ""text"": ""160 tr /m2). - Nhà ph"", ""parsed_value_vnd"": 160000000.0, ""basis"": ""per_m2"", ""total_equivalent_vnd"": 17760000000.0}, {""source"": ""description"", ""text"": ""17 tỷ (145 - 150tr /"", ""parsed_value_vnd"": 17000000000.0, ""basis"": ""total"", ""total_equivalent_vnd"": 17000000000.0}, {""source"": ""description"", ""text"": ""150tr /m2). - Biệt t"", ""parsed_value_vnd"": 150000000.0, ""basis"": ""per_m2"", ""total_equivalent_vnd"": 16650000000.0}, {""source"": ""description"", ""text"": ""24 tỷ, căn góc 35 - "", ""parsed_value_vnd"": 24000000000.0, ""basis"": ""total"", ""total_equivalent_vnd"": 24000000000.0}, {""source"": ""description"", ""text"": ""40 tỷ. - Biệt thự đơ"", ""parsed_value_vnd"": 40000000000.0, ""basis"": ""total"", ""total_equivalent_vnd"": 40000000000.0}, {""source"": ""description"", ""text"": ""60 tỷ. * Tiện ích và"", ""parsed_value_vnd"": 60000000000.0, ""basis"": ""total"", ""total_equivalent_vnd"": 60000000000.0}]"
shard_0002.parquet,34496,"Bán nhà phân lô, vỉa hè, ô tô dừng đỗ, Đầm Trấu, HBT 50m x 5T x MT 4m, giá 22.9 tỷ. LH: [phone_number]","Bán nhà phân lô, vỉa hè, ô tô dừng đỗ, Đầm Trấu, HBT 50m x 5T x MT 4m, giá 22.9 tỷ. LH: [phone_number] Vị trí đắc địa: Nằm trong khu phân lô dân trí cao Đầm Trấu , Hai Bà Trưng. Ngay Trần Khát Chân, Trần Hưng Đạo, Nguyễn Khoái. Đường trước nhà rộng, có vỉa hè, ô tô vào tận cửa, dừng đỗ ngày đêm. Gần trường học, bệnh viện, trung tâm hành chính, tiện ích đầy đủ trong bán kính 1km. Thiết kế hiện đại: Xây full DT 50m2 Mặt tiền: 4m có vỉa hè để xe thoải mái 5 tầng chắc chắn, công năng tối ưu Tổng 6 phòng ngủ, phù hợp vừa ở vừa cho thuê/kinh doanh online/văn phòng Nội thất cơ bản, cầu thang thoải dễ đi, ánh sáng tự nhiên tràn ngập Pháp lý chuẩn chỉnh: Sổ đỏ vuông A4 đep, giao dịch nhanh gọn Không quy hoạch, không tranh chấp Phù hợp cho gia đình đông người, kết hợp vừa ở vừa cho thuê, hoặc đầu tư giữ tiền trong khu vực trung tâm thủ đô đang ngày càng khan hiếm nhà đẹp. Giá: 22.9 tỷ (có thương l",Hà Nội,Nhà,22900000000,50.0,22900000000.0,0.0,matched_2pct,"[{""source"": ""title"", ""text"": ""22.9 tỷ. LH: [phone_nu"", ""parsed_value_vnd"": 22900000000.0, ""basis"": ""total"", ""total_equivalent_vnd"": 22900000000.0}, {""source"": ""description"", ""text"": ""22.9 tỷ. LH: [phone_nu"", ""parsed_value_vnd"": 22900000000.0, ""basis"": ""total"", ""total_equivalent_vnd"": 22900000000.0}, {""source"": ""description"", ""text"": ""22.9 tỷ (có thương lượ"", ""parsed_value_vnd"": 22900000000.0, ""basis"": ""total"", ""total_equivalent_vnd"": 22900000000.0}]"
shard_0004.parquet,269754,Bán gấp căn nhà 2 tầng mái Nhật thiết kế hiện đại tại tdc Tân tiến p.bách quang sông công thái nguy,"Bán gấp căn nhà 2 tầng mái Nhật với thiết kế hiện đại nằm trên mảnh đất Dt 300m2 full tc tại tdc Tân tiến phường bách quang tp sông công tỉnh thái nguyên Vị trí cách trục đường ql3,chợ cây số 11 chỉ 200m giao thông đi lại thuận tiện dễ dàng,dân cư ở đông đúc Nhà thiết kế 5p ngủ,vệ sinh khép kín sân rộng để xe thoải mái Ai có nhu cầu Lh",Thái Nguyên,Nhà,,300.0,,,no_supported_price,[]
shard_0003.parquet,92779,"Bán nhà riêng đẹp tại Xuân Đỉnh, 10 tỷ VND, 35 m2, 4PN + 5WC","Nhanh tay sở hữu nhà riêng tại Xuân Đỉnh, Bắc Từ Liêm, Hà Nội với diện tích 35 m2. Nhà 7 tầng thiết kế hiện đại, gồm 4 phòng ngủ và 5 toilet, phù hợp cho gia đình lớn. Giá bán 10 tỷ VND, nội thất cơ bản đầy đủ với điều hòa, tủ lạnh, giường... Ngõ vào rộng 2.5m, thuận tiện cho việc di chuyển, mặt tiền 4m thích hợp cho kinh doanh. Tiện ích xung quanh: - Bệnh viện Nam Thăng Long - Bệnh viện Mặt Trời - Sun Group International Hospital - Công viên Hòa Bình - Trường Quốc tế Liên Hợp Quốc Hà Nội - Tata English - Tài chính Liên hệ ngay để được tư vấn miễn phí: [phone_number], Nguyễn Quốc Huy.",Hà Nội,Nhà,10000000000,35.0,10000000000.0,0.0,matched_2pct,"[{""source"": ""title"", ""text"": ""10 tỷ VND, 35 m2, 4P"", ""parsed_value_vnd"": 10000000000.0, ""basis"": ""total"", ""total_equivalent_vnd"": 10000000000.0}, {""source"": ""description"", ""text"": ""10 tỷ VND, nội thất "", ""parsed_value_vnd"": 10000000000.0, ""basis"": ""total"", ""total_equivalent_vnd"": 10000000000.0}]"
shard_0000.parquet,280215,"Bán đất vườn ruộng, giá rẻ, sổ hồng riêng",Đất xã phước khánh. Lô đất vườn sổ hồng riêng giá chỉ 725tr chọn sổ 1000m2. Lh. Zalo,Đồng Nai,Đất,725000000,1000.0,725000000.0,0.0,matched_2pct,"[{""source"": ""description"", ""text"": ""725tr chọn sổ 1000m2"", ""parsed_value_vnd"": 725000000.0, ""basis"": ""total"", ""total_equivalent_vnd"": 725000000.0}]"
shard_0006.parquet,42706,Chính chủ cần tiền bán gấp Biệt thự đảo song lập ECO RETREAT LONG AN,Chính chủ ( không phải môi giới )cần tiền bán gấp Biệt thự đảo song lập ECO RETREAT LONG AN - Diện tích: 197m - Căn xẻ khe mặt sông rộng - Giá 16.5tr Liên hệ: [phone_number] Hoài,Long An,Biệt thự/Nhà liền kề,16000000000,197.0,16500000.0,968.6969696969697,mismatch,"[{""source"": ""description"", ""text"": ""16.5tr Liên hệ: [phon"", ""parsed_value_vnd"": 16500000.0, ""basis"": ""total"", ""total_equivalent_vnd"": 16500000.0}]"
shard_0004.parquet,150592,"Bán nhà HXH 10m đường Sư Vạn Hạnh Phường 12,Quận 10 DT:8x16m CN:125m2. 3 lầu giá 30 tỷ","Chính chủ bán gấp khu vip đường Sư Vạn Hạnh, P12, Quận 10. Diện tích: 8x16m vuông vức Kết cấu: 1 trệt,2 lầu kiêng cố Nhà nằm trong khu vip, hẻm xe hơi thoải mái ra vào. Nhà chính chủ ở lâu năm không qua đầu tư. Nhà mới vào ở liền, thuận tiện đi lại giao thương. Gía bán: 30 tỷ thương lượng. -Liên hệ xem nhà:[phone_number] Hồ Chí Công.",Hồ Chí Minh,Nhà,30000000000,125.0,30000000000.0,0.0,matched_2pct,"[{""source"": ""title"", ""text"": ""30 tỷ"", ""parsed_value_vnd"": 30000000000.0, ""basis"": ""total"", ""total_equivalent_vnd"": 30000000000.0}, {""source"": ""description"", ""text"": ""30 tỷ thương lượng. "", ""parsed_value_vnd"": 30000000000.0, ""basis"": ""total"", ""total_equivalent_vnd"": 30000000000.0}]"
shard_0002.parquet,34202,"Bán lô đất mặt đường 362 lô góc - Diện tích 90m2 - Vị trí rất gần cty nông sản sạch, kinh doanh","- Bán lô đất mặt đường 362 lô góc. - Diện tích 90m2. - Vị trí rất gần Cty Nông Sản Sạch, kinh doanh buôn bán tốt, đất đẹp. - Giá đầu tư cực tốt chỉ hơn 2 tỷ chút thôi. LH:",Hải Phòng,Đất,2050000000,90.0,2000000000.0,0.025,mismatch,"[{""source"": ""description"", ""text"": ""2 tỷ chút thôi. LH:"", ""parsed_value_vnd"": 2000000000.0, ""basis"": ""total"", ""total_equivalent_vnd"": 2000000000.0}]"
shard_0007.parquet,26744,BÁN GẤP ĐẤT NỀN 2000m² TRUNG TÂM TP. TUY HÒA MẶT TIỀN NGUYỄN CÔNG TRỨ,"# Vị trí đắc địa Mặt tiền đường Nguyễn Công Trứ, Phường 6 lõi trung tâm TP. Tuy Hòa, Phú Yên. Cách cầu Hùng Vương chỉ 30m, giao thông thuận tiện, kết nối nhanh đến các trục chính. Khu vực dân cư đông đúc, hạ tầng đồng bộ, tiềm năng tăng giá mạnh. # Thông tin chi tiết Tổng diện tích: 2000m² (trong đó 750m² đất ở còn lại). Lối đi vào riêng thuộc sở hữu: ngang 4m, dài 30m đảm bảo thuận tiện cho việc di chuyển và khai thác. Pháp lý: Sổ đỏ chính chủ, minh bạch sang tên công chứng ngay. Mặt tiền rộng, vuông vức, phù hợp nhiều loại hình phát triển. # Tiềm năng khai thác Xây dựng biệt thự vườn, resort mini. Phát triển khách sạn, nhà hàng, khu phức hợp thương mại giải trí phục vụ cư dân và khách du lịch. Đây là cơ hội đầu tư vàng hiếm có ngay trung tâm thành phố biển Tuy Hòa. # Tiện ích xung quanh Công viên, siêu thị, trường học các cấp chỉ vài phút đi bộ. Khu dân cư hiện hữu, an ninh đảm bảo, mô",Phú Yên,Đất,45000000000,2000.0,45000000000.0,0.0,matched_2pct,"[{""source"": ""description"", ""text"": ""45 tỷ VNĐ (còn thươn"", ""parsed_value_vnd"": 45000000000.0, ""basis"": ""total"", ""total_equivalent_vnd"": 45000000000.0}]"
shard_0005.parquet,203428,"Bán nhà riêng tại đường Tư Đình, Phường Bồ Đề, Long Biên, Hà Nội, 20 tỷ, 116 m2, view đẹp","Nhà riêng tọa lạc tại Đường Tư Đình, Phường Bồ Đề, Long Biên, Hà Nội với diện tích 116m2, giá bán 20 tỷ VND. - Thiết kế hiện đại, không gian sống thoáng đãng. - Khu vực an ninh tốt, phù hợp cho gia đình. - Có phong thủy tốt, mang lại tài lộc cho gia chủ. - Gần các tiện ích như bệnh viện đa khoa tâm anh, siêu thị Winmart + và Intimex. - Nằm gần trường mầm non Wonderland, thuận lợi cho gia đình có trẻ nhỏ. Khu vực này còn có nhiều công viên và chỗ vui chơi giải trí, tạo điều kiện sống lý tưởng cho cư dân. Liên hệ ngay để biết thêm chi tiết và sắp xếp lịch xem nhà: Kim Anh [phone_number]",Hà Nội,Nhà,20000000000,116.0,20000000000.0,0.0,matched_2pct,"[{""source"": ""title"", ""text"": ""20 tỷ, 116 m2, view "", ""parsed_value_vnd"": 20000000000.0, ""basis"": ""total"", ""total_equivalent_vnd"": 20000000000.0}, {""source"": ""description"", ""text"": ""20 tỷ VND. - Thiết k"", ""parsed_value_vnd"": 20000000000.0, ""basis"": ""total"", ""total_equivalent_vnd"": 20000000000.0}]"
shard_0005.parquet,263058,"Bán đất mặt tiền đường số 35 ô tô di chuyển 2 chiều p. Bình Trưng Tây, q2","Bán đất mặt tiền đường số 35 ô tô di chuyển 2 chiều P. Bình Trưng Tây, Quận 2 gần chợ Giồng. - Diện tích: 188m². (6,4m x 27m nở hậu đẹp 7,6m). - Giá bán: 13.5 tỷ còn thương lượng. - Đường ô tô thông thoáng khu dân cư hiện hữu. Phù hợp: Xây căn hộ dịch vụ, nhà trọ, nhà vườn, đầu tư giữ tiền. Anh/Chị Có Nhu Cầu Mua Bán/ Cho Thuê BĐS TP. Thủ Đức Và Các Quận Lân Cận Liên Hệ Thành. Zalo: [phone_number] Di động: [phone_number]",Hồ Chí Minh,Đất,13500000000,188.0,13500000000.0,0.0,matched_2pct,"[{""source"": ""description"", ""text"": ""13.5 tỷ còn thương lượ"", ""parsed_value_vnd"": 13500000000.0, ""basis"": ""total"", ""total_equivalent_vnd"": 13500000000.0}]"
shard_0002.parquet,121196,"Biệt thự 3PN, 4WC, 100m2 tại Sun Casa Central, Tân Uyên, Bình Dương, giá tốt bán gấp","+ Địa chỉ: Sun Casa Central, Xã Vĩnh Tân, Tân Uyên, Bình Dương. + Tổng diện tích: 100m2, 3 tầng. + Số phòng ngủ: 3PN, 4WC, nội thất đầy đủ. + Ngõ vào rộng 12m, phù hợp cho xe hơi. + Pháp lý đầy đủ. - Dự án Sun Casa Central nằm trong khu đô thị VSIP 2, thiết kế hiện đại với 30ha, bao gồm 879 sản phẩm như nhà phố thương mại, biệt thự đơn lập và song lập. Giai đoạn 1 đã hoàn thành 426 căn với mật độ phủ xanh 40%, đem lại không gian sống thoải mái và gần gũi với thiên nhiên. Tiện ích nội khu gồm công viên, Club House 400m2 với phòng Gym và café, bảo vệ 24/7, hồ bơi, đảm bảo cuộc sống tiện nghi cho cư dân. Thông tin thêm về dự án. - Gần KCN VSIP II, trung tâm TP mới Bình Dương, chỉ 3km đến trung tâm hành chính tỉnh, 5km đến sân golf Phú Mỹ, 7km đến bệnh viện Đa khoa Tỉnh Bình Dương, 16km đến Aeon Mall Bình Dương. Liên hệ ngay để được tư vấn miễn phí qua số - Ánh Ngô.",Bình Dương,Biệt thự/Nhà liền kề,3900000000,100.0,,,no_supported_price,[]
shard_0009.parquet,143497,"Bán nhà ngọc khánh 35m 5 tầng mặt tiền 3,5m 10 tỷ","BÁN NHÀ NGỌC KHÁNH 35M 5 TẦNG MẶT TIỀN 3,5M 10 TỶ Cần bán nhà phố Ngọc Khánh, Ba Đình lô góc thoáng sáng, trước cửa rộng 3m chủ tự xây tâm huyết diện tích 35m tổng 4 ngủ đầy đủ công năng mặt tiền tiêu chuẩn 3,5m khu vực Ngọc Khánh trung tâm Ba Đình giáp Đống Đa hàng xóm Vin Giảng Võ cực hiếm nhà bán, giá chào 10 tỷ có thương lượng, sổ đỏ chính chủ sẵn sàng giao dịch. Liên hệ để được tư vấn và đi xem nhà miễn phí: Ms. Doanhdoanh [phone_number]",Hà Nội,Nhà,10000000000,35.0,10000000000.0,0.0,matched_2pct,"[{""source"": ""title"", ""text"": ""10 tỷ"", ""parsed_value_vnd"": 10000000000.0, ""basis"": ""total"", ""total_equivalent_vnd"": 10000000000.0}, {""source"": ""description"", ""text"": ""10 TỶ Cần bán nhà ph"", ""parsed_value_vnd"": 10000000000.0, ""basis"": ""total"", ""total_equivalent_vnd"": 10000000000.0}, {""source"": ""description"", ""text"": ""10 tỷ có thương lượn"", ""parsed_value_vnd"": 10000000000.0, ""basis"": ""total"", ""total_equivalent_vnd"": 10000000000.0}]"
shard_0008.parquet,155570,"Bán nhà vị trí đẹp nhất đường Lạch Tray, nhà xây mới 5,5 tầng có thang máy, giá chỉ 15 tỷ","Nhà mặt đường vị trí đẹp nhất đường Lạch Tray, đối diện công viên, vỉa hè rộng 7m, nhà mới xây 5,5 tầng có thang máy, thiết kế và hoàn thiện trang thiết bị hiện đại. Bìa đỏ chính chủ, đất vuông vắn, mặt tiền 3,6m. Địa điểm kinh doanh có dòng tiền tốt, hợp đồng cho thuê nguyên căn sẵn có. Phù hợp để ở kết hợp cho thuê lâu dài.",Hải Phòng,Nhà,15000000000,33.0,15000000000.0,0.0,matched_2pct,"[{""source"": ""title"", ""text"": ""15 tỷ"", ""parsed_value_vnd"": 15000000000.0, ""basis"": ""total"", ""total_equivalent_vnd"": 15000000000.0}]"
shard_0002.parquet,182160,"Bán nhà Đống Đa - Huỳnh Thúc Kháng, dân xây, vỉa hè, ô tô, nhà phân lô, sổ đỏ, giao dịch ngay","Bán nhà Đống Đa - Huỳnh Thúc Kháng, vỉa hè, ô tô, dân xây, sổ đỏ chính chủ, giao dịch ngay, chủ cần bán. Thông tin cơ bản: - Diện tích: 70m2 - Mặt tiền: 6m, Sổ đỏ vuông đẹp. - Kết cấu: Nhà 4 tầng, thiết kế thông sàn, cầu thang cuối phù hợp xây mới tòa văn phòng, thang máy, thiết kế hiện đại. - Pháp lý: Sổ đỏ chính chủ, sang tên ngay. Ưu điểm nổi bật: - Vị trí đắc địa: Nằm trên trục Huỳnh Thúc Kháng, trung tâm quận Đống Đa, vỉa hè rộng, ô tô đỗ ngày đêm. - Kết nối tới các tuyến phố trọng điểm: Nguyễn Chí Thanh, Trúc Khê, Láng Hạ, Giảng Võ. - Khu phân lô dân trí cao, an ninh tốt, môi trường sống văn minh. Tiện ích xung quanh: - Gần các bệnh viện lớn (Bệnh viện Nhi TW, BV Nội Tiết). - Sát các trường uy tín: Tiểu học Nam Thành Công, ĐH Luật, ĐH Văn hóa Nghệ thuật Quân đội. - Hệ thống hạ tầng đồng bộ, giao thông thuận lợi đi khắp thành phố. Giá trị khai thác: - Lý tưởng để ở kết hợp kinh doan",Hà Nội,Nhà,24990000000,70.0,,,no_supported_price,[]
shard_0004.parquet,297785,Bán nhà 2 tầng trong chợ Phước Thái Bình Tân Phước Long Nam Nha Trang tỉnh Khánh Hòa 690tr,"Bán nhà 2 tầng bên trong chợ Phước Thái Bình Tân phường Nam Nha Trang (Phước Long cũ) tỉnh Khánh Hòa. Diện tích 30m2. Pháp lí hợp đồng mua bán vi bằng. Nhà nằm trong chợ nên mua bán mở shop, cửa hàng kinh doanh rất tốt. Gần trường học Võ Thị Sáu, gần bệnh viện Tâm Trí, đường oto vào được. Tiện ích xung quanh đầy đủ không thiếu gì... Giá bán chốt không thương lượng 690tr. Liên hệ làm việc trực tiếp. Công ty Thành Gia Land: Nhận hỗ trợ tư vấn miễn phí các thủ tục pháp lý và thắc mắc về bất động sản. Chuyên nhận kí gửi giao dịch các loại hình bất động sản, nhà phố, khách sạn, sang quán, sang cho thuê mặt bằng, cửa hàng kinh doanh... Hỗ trợ thủ tục chuyển nhượng, thừa kế, cho thuê, mua bán, tặng cho và kiểm tra quy hoạch, làm sổ... Nhận thi công xây dựng, san lấp mặt bằng, phá dỡ nhà cũ, dọn dẹp vận chuyển xà bần các công trình... Hotline .",Khánh Hòa,Nhà,690000000,30.0,690000000.0,0.0,matched_2pct,"[{""source"": ""title"", ""text"": ""690tr"", ""parsed_value_vnd"": 690000000.0, ""basis"": ""total"", ""total_equivalent_vnd"": 690000000.0}, {""source"": ""description"", ""text"": ""690tr. Liên hệ làm v"", ""parsed_value_vnd"": 690000000.0, ""basis"": ""total"", ""total_equivalent_vnd"": 690000000.0}]"
shard_0006.parquet,254573,Bán đất ngõ 24 ngọc lâm - 150m2 -mặt tiền 7m -ngõ thông bàn cờ - phù hợp xây cc mini làm văn phòng,"BÁN ĐẤT NGỌC LÂM VỊ TRÍ TRUNG TÂM, HIẾM NHÀ BÁN Diện tích 150m, mặt tiền 7m, thửa đất vuông vắn, thông số đẹp, thuận lợi xây dựng. Giá chào 24,85 tỷ, có thương lượng. Vị trí nằm trên trục Ngọc Lâm Nguyễn Văn Cừ, đường ô tô tránh, giao thông thuận tiện, chỉ khoảng 5 phút di chuyển sang Phố Cổ. Khu vực trung tâm, dân trí cao, nguồn cung khan hiếm. Phù hợp xây dựng tòa nhà 78 tầng có thang máy làm văn phòng, căn hộ dịch vụ hoặc khai thác cho thuê, vừa tạo dòng tiền ổn định vừa gia tăng giá trị lâu dài. Sổ đỏ chính chủ, pháp lý rõ ràng, sẵn sàng giao dịch.",Hà Nội,Đất,24850000000,150.0,24850000000.0,0.0,matched_2pct,"[{""source"": ""description"", ""text"": ""24,85 tỷ, có thương lượ"", ""parsed_value_vnd"": 24850000000.0, ""basis"": ""total"", ""total_equivalent_vnd"": 24850000000.0}]"
shard_0001.parquet,124568,"Bán gấp nhà mới xây hẻm 2 Chi Lăng, thông Võ Nguyên Giáp, giá từ 1.05 tỷ","Cần bán gấp 2 căn nhà mới xây mặt tiền hẻm 2 Chi Lăng, Phường 12. Nhà gần ẹo Ông Từ, thông ra đường Võ Nguyên Giáp chỉ hơn 100m. Diện tích căn 1: 45m2, ngang 5m, 2 phòng ngủ. Diện tích căn 2: 54m2, ngang 6m, 3 phòng ngủ. Nhà đẹp đầy đủ công năng, chỉ cần dọn vào ở ngay. Giá căn 1: 1.050 tỷ, giá căn 2: 1.150 tỷ (còn bớt lộc). Chủ đang cần bán gấp nên giá rất tốt cho đầu tư. Khách thanh toán 70% nhận nhà, còn 30% chờ ra sổ đồng sở hữu sẽ thanh toán hết. Ngoài ra, khách muốn mua đất trống để xây nhà thì giá 10 triệu/m2 có thổ cư, xây nhà thoải mái. Sổ đồng sở hữu đứng tên trên bìa.",Bà Rịa - Vũng Tàu,Nhà,1050000000,45.0,1050000000.0,0.0,matched_2pct,"[{""source"": ""title"", ""text"": ""1.05 tỷ"", ""parsed_value_vnd"": 1050000000.0, ""basis"": ""total"", ""total_equivalent_vnd"": 1050000000.0}, {""source"": ""description"", ""text"": ""1.050 tỷ, giá căn 2: 1."", ""parsed_value_vnd"": 1050000000000.0, ""basis"": ""total"", ""total_equivalent_vnd"": 1050000000000.0}, {""source"": ""description"", ""text"": ""1.150 tỷ (còn bớt lộc)."", ""parsed_value_vnd"": 1150000000000.0, ""basis"": ""total"", ""total_equivalent_vnd"": 1150000000000.0}, {""source"": ""description"", ""text"": ""10 triệu/m2 có thổ cư, "", ""parsed_value_vnd"": 10000000.0, ""basis"": ""per_m2"", ""total_equivalent_vnd"": 450000000.0}]"
shard_0009.parquet,135660,"Bán Đất Góc 2 mặt tiền hẻm 47 vườn lài , Diện tích: 127m2 (5,3 x 22), thổ cư 121,7m2 Giá: 8.9 tỷ","Bán Đất Góc 2 mặt tiền hẻm 47 đường Vườn Lài, P.An Phú Đông, Tp.Hcm. Diện tích: 127m2 (5,3 x 22), thổ cư 121,7m2 Giá: 8.9 tỷ Hướng bắc, Đường 6m Sổ riêng , pháp lí chuẩn chỉnh Liên hệ: [phone_number] e Hoa chủ gửi",Hồ Chí Minh,Đất,8900000000,121.0,8900000000.0,0.0,matched_2pct,"[{""source"": ""title"", ""text"": ""8.9 tỷ"", ""parsed_value_vnd"": 8900000000.0, ""basis"": ""total"", ""total_equivalent_vnd"": 8900000000.0}, {""source"": ""description"", ""text"": ""8.9 tỷ Hướng bắc, Đườ"", ""parsed_value_vnd"": 8900000000.0, ""basis"": ""total"", ""total_equivalent_vnd"": 8900000000.0}]"
shard_0003.parquet,224499,"""Bán nhà hẻm xe hơi Huỳnh Văn Bánh, Phú Nhuận, 2 Tầng, 48m2, sổ vuông, Ở/CHDV, 9.05 Tỷ","""Bán nhà hẻm xe hơi Huỳnh Văn Bánh, Phú Nhuận, 2 Tầng, 48m2, sổ vuông, Ở/CHDV, 9.05 Tỷ + Ngay trung tâm, đi đâu cũng tiện, giáp Q1, Q3, liền kề Trường Sa, Lê Văn Sỹ + Hẻm xe hơi, khu hiếm nhà bán. Th_ích hợp xây mới ở/chdv Lhe e Trúc Mai [phone_number] xem nhà (738)""",Hồ Chí Minh,Nhà,9050000000,48.0,9050000000.0,0.0,matched_2pct,"[{""source"": ""title"", ""text"": ""9.05 Tỷ"", ""parsed_value_vnd"": 9050000000.0, ""basis"": ""total"", ""total_equivalent_vnd"": 9050000000.0}, {""source"": ""description"", ""text"": ""9.05 Tỷ + Ngay trung t"", ""parsed_value_vnd"": 9050000000.0, ""basis"": ""total"", ""total_equivalent_vnd"": 9050000000.0}]"
shard_0009.parquet,77594,"Bán nhà BHHB Bình Tân, 4x14 55m, hoàn công 112m, hẻm 8m xe hơi ngủ trong nhà gần Lê Trọng Tấn","Bán nhà BHHB Bình Tân, 4x14 55m, hoàn công 112m, hẻm 8m xe hơi ngủ trong nhà gần Lê Trọng Tấn Giá: 4.6 tỷ Vị trí: Bình Hưng Hòa B Bình Tân Gần Lê Trọng Tấn Nguyễn Thị Tú, di chuyển Tân Phú Tân Bình sân bay T3 rất thuận tiện. Thông tin căn nhà Diện tích: 4 x 14m 55m đất Hoàn công đủ 112m sàn Kết cấu: 1 trệt 1 lầu + sân thượng Công năng: 2 phòng ngủ 2 WC phòng khách rộng Xe hơi ngủ trong nhà Hẻm & khu vực Hẻm 8m ô bàn cờ, xe hơi tránh nhau Khu dân cư hiện hữu, an ninh, yên tĩnh Gần chợ Bình Thành chợ Liên Khu 5-6 Gần trường học các cấp, siêu thị, tiện ích đầy đủ Giá trị nổi bật Diện tích thật hoàn công đầy đủ Nhà trong khu hiếm căn so sánh cùng tầm giá Phù hợp ở lâu dài hoặc đầu tư giữ tài sản Pháp lý: Sổ hồng riêng hoàn công đầy đủ công chứng nhanh Liên hệ: Nguyễn Văn Độ",Hồ Chí Minh,Nhà,4850000000,55.0,4600000000.0,0.05434782608695652,mismatch,"[{""source"": ""description"", ""text"": ""4.6 tỷ Vị trí: Bình H"", ""parsed_value_vnd"": 4600000000.0, ""basis"": ""total"", ""total_equivalent_vnd"": 4600000000.0}]"
shard_0009.parquet,147658,"Bán gấp nhà hẻm xe hơi Hoàng Văn Thụ, đang cho thuê 30tr/ tháng","Gia đình cần bán gấp căn nhà 3 tầng đường Hoàng Văn Thụ, nhà chính chủ xây - Nhà gồm trệt 2 lầu, có 4 phòng ngủ, 5 toilet - Đang cho thuê 30tr/ tháng - Nhà khu dân trí, an ninh, gần ngã tư Phú Nhuận, gần sân bay Tân Sơn Nhất. - Giá 10.5 tỷ",Hồ Chí Minh,Nhà,10500000000,51.0,10500000000.0,0.0,matched_2pct,"[{""source"": ""description"", ""text"": ""10.5 tỷ"", ""parsed_value_vnd"": 10500000000.0, ""basis"": ""total"", ""total_equivalent_vnd"": 10500000000.0}]"
shard_0006.parquet,313806,"Bán căn hộ độc bản tại 19T6 Kiến Hưng 3PN 2WC 70m2 + 7m2, sân vườn riêng","Thông tin căn hộ. Diện tích: 70 m² sử dụng + 7 m² sân vườn riêng biệt. Thiết kế: 3 phòng ngủ 2 WC, layout cực kỳ tối ưu. Không gian vuông vắn, thoáng sáng, dễ decor. Phù hợp gia đình 35 người. Sân vườn lý tưởng cho: Góc chill đọc sách. Trồng cây rau sạch. Khu vui chơi mini cho trẻ. Góc studio nhỏ để sáng tạo. Giá cả LH ngay: [phone_number]",Hà Nội,Căn hộ chung cư,,77.0,,,no_supported_price,[]
shard_0001.parquet,134221,"Bán lô đất rộng 112m² dương quang, thuận an, gia lâm giá chỉ 43 triệu/m²","- BÁN LÔ ĐẤT RỘNG 112m² DƯƠNG QUANG, THUẬN AN, GIA LÂM GIÁ CHỈ 43 TRIỆU/m² - Diện tích 112m², mặt tiền & hậu rộng 6m, vuông vắn - Đường ô tô thông, đi lại thuận tiện thích hợp xây ở hoặc đầu tư - Hướng Đông Bắc hợp phong thủy cho người mệnh Đông tứ trạch - Khu dân cư hiện hữu, tiềm năng tăng giá mạnh - Sổ đỏ chính chủ Pháp lý rõ ràng - Giá bán: 43 triệu/m² Tổng: 4 tỷ 816 triệu - Liên hệ ngay: [phone_number] để xem đất & thương lượng trực tiếp!",Hà Nội,Đất,4820000000,112.0,4816000000.0,0.0008305647840531562,matched_2pct,"[{""source"": ""title"", ""text"": ""43 triệu/m²"", ""parsed_value_vnd"": 43000000.0, ""basis"": ""per_m2"", ""total_equivalent_vnd"": 4816000000.0}, {""source"": ""description"", ""text"": ""43 TRIỆU/m² - Diện tích"", ""parsed_value_vnd"": 43000000.0, ""basis"": ""per_m2"", ""total_equivalent_vnd"": 4816000000.0}, {""source"": ""description"", ""text"": ""43 triệu/m² Tổng: 4 tỷ "", ""parsed_value_vnd"": 43000000.0, ""basis"": ""per_m2"", ""total_equivalent_vnd"": 4816000000.0}, {""source"": ""description"", ""text"": ""4 tỷ 816 triệu - Li"", ""parsed_value_vnd"": 4816000000.0, ""basis"": ""total"", ""total_equivalent_vnd"": 4816000000.0}]"
shard_0004.parquet,177973,Bán đất Đất Khái Tây 6 - TĐC Bá Tùng mở rộng - Ngũ Hành Sơn - song song Mai Đăng Chơn 100m2,"Bán đất Khái Tây 6 - TĐC Bá Tùng mở rộng, Hòa Quý, Ngũ Hành Sơn - Đường 7m5, DT 100m, giá chỉ 4.1 tỷ - Gần trung tâm thương mại & bệnh viện Quốc Tế Thông tin mô tả Chính chủ cần bán nhanh lô đất đẹp tại khu dân cư Khái Tây 5, thuộc dự án TĐC Bá Tùng mở rộng, phường Hòa Quý, quận Ngũ Hành Sơn, TP. Đà Nẵng. Diện tích: 100m Đường trước nhà: 7.5m rộng rãi, có vỉa hè Vị trí tiềm năng - Liền kề các khu trọng điểm: - Đấu lưng đường Mai Đăng Chơn trục đường lớn kết nối Võ Chí Công và Lê Văn Hiến - Cách Nam Kỳ Khởi Nghĩa, Mai Đăng Chơn chỉ vài bước chân - Gần quỹ đất quy hoạch Trung tâm Thương mại, Bệnh viện Quốc Tế tiềm năng tăng giá cực mạnh - Thuộc khu vực phát triển nhanh của Hòa Quý, Ngũ Hành Sơn - Gần chợ Hòa Quý, trường học các cấp, UBND phường, khu đô thị FPT City, Làng Đại Học Đà Nẵng - Khu dân cư hiện hữu, hạ tầng đồng bộ, dân trí cao - Thích hợp để an cư, xây dựng cho thuê, hoặc đầu tư",Đà Nẵng,Đất,4100000000,100.0,4099999999.9999995,1.1630174590320123e-16,matched_2pct,"[{""source"": ""description"", ""text"": ""4.1 tỷ - Gần trung tâ"", ""parsed_value_vnd"": 4099999999.9999995, ""basis"": ""total"", ""total_equivalent_vnd"": 4099999999.9999995}, {""source"": ""description"", ""text"": ""4.1 tỷ Liên hệ nhanh "", ""parsed_value_vnd"": 4099999999.9999995, ""basis"": ""total"", ""total_equivalent_vnd"": 4099999999.9999995}]"
shard_0007.parquet,8366,BÁN NHÀ RIÊNG 47M2 HXT HOÀNG HOA THÁM - 5 TẦNG - 4X11.5M - GIÁ TỐT NHẤT KHU VỰC,"9,2 tỷ TL BÁN NHÀ CHÍNH CHỦ 5 TẦNG HẺM XE HƠI PHÚ NHUẬN - Hoàng Hoa Thám - Hẻm xe hơi vào tận nhà, gần Ngã Tư Phú Nhuận, chợ Cây Quéo, hẻm xe tải thông tứ tung ra Phan Đăng Lưu, Nguyễn Văn Đậu, Lê Quang Định. - DT: 4 x 11.5m Công nhận : 46.3m - Kết cấu: Trệt Lửng 2 Lầu Sân thượng 5 phòng ngủ Nhà đang cho thuê 25 triệu/tháng dòng tiền tốt. Liên hệ ngay: Trang Hữu [Call/Zalo] để được hỗ trợ xem nhà và thương lượng chính chủ.",Hồ Chí Minh,Nhà,9180000000,47.0,9200000000.0,0.002173913043478261,matched_2pct,"[{""source"": ""description"", ""text"": ""9,2 tỷ TL BÁN NHÀ CHÍ"", ""parsed_value_vnd"": 9200000000.0, ""basis"": ""total"", ""total_equivalent_vnd"": 9200000000.0}]"
shard_0000.parquet,159708,Bán khách sạn khu Hiệp Bình Chánh Thủ Đức,"Hàng hiếm khách sạn 6 tầng - khu bên sông hbc. - dòng tiền gần 200 triệu/tháng - trung tâm thành phố thủ đức. 165m2 giá chỉ hơn 22 tỷ. Khách sạn VIP hiếm bán. Dòng tiền gần 200 triệu/tháng. Chủ tự xây tâm huyết. Đang khai thác 26 phòng, trang bị đầy đủ. Thang máy, quầy bar. + Diện tích 5.5 x 30m = 165m2. Sổ vuông vức, hoàn công đầy đủ.",Hồ Chí Minh,Nhà,22500000000,165.0,22000000000.0,0.022727272727272728,mismatch,"[{""source"": ""description"", ""text"": ""22 tỷ. Khách sạn VIP"", ""parsed_value_vnd"": 22000000000.0, ""basis"": ""total"", ""total_equivalent_vnd"": 22000000000.0}]"
shard_0009.parquet,47562,"Bán đất xã Hồ Tràm ngang 15mx45m có 100m2 thổ cư, cách TL328 vào 100m, cách ngã tư Hồ Tràm 4km","- Bán lô đất xã Hồ Tràm DT: 652m2 ngang 15mx45m có 100m2 thổ cư, đường nhựa to, cách TL328 vào 100m. - Cách ngã tư Hồ Tràm và phố đi bộ Hồ Tràm 4km. - Vị trí đẹp thích hợp làm khu nghỉ dưỡng, nhà vườn. - Giá 4 tỷ 800tr. - Lh: [phone_number] zalo Lộc. Nhận mua bán kí gửi BDS. Hỗ trợ pháp lý BDS.",Bà Rịa - Vũng Tàu,Đất,4800000000,652.0,4800000000.0,0.0,matched_2pct,"[{""source"": ""description"", ""text"": ""4 tỷ 800tr. - Lh: ["", ""parsed_value_vnd"": 4800000000.0, ""basis"": ""total"", ""total_equivalent_vnd"": 4800000000.0}]"
shard_0004.parquet,196014,Chủ cần bán nhanh gọn lô đất vườn giáp suối view hồ trị an giá rẻ tại La Ngà Đồng Nai,"Chủ cần bán nhanh gọn lô đất vườn giáp suối view hồ trị an giá rẻ tại La Ngà Đồng Nai. Giá bán 425tr/1000m2 (ngân hàng đã hỗ trợ 50%). Sổ riêng cầm tay, sang tên trong ngày. Đường bê tông vào tận đất, ô tô ra vào thoải mái. Điện nước đầy đủ, đã rào và có cổng riêng, ngắm view và tận hưởng làn gió siêu mát mẻ, Gần khu dân cư, gần chợ, trường học. Gần khu du lịch nổi tiếng: Paronama, Lưng Chừng Mây, Tropical eGlamping, Vịnh 4 mùa. Mặt tiền đường bê tông rộng Siêu phù hợp để làm homestay, nhà vườn nghĩ dưỡng, camping cuối tuần, đầu tư đầy tiềm năng.",Đồng Nai,Đất,,1000.0,425000000.0,,missing_structured_price,"[{""source"": ""description"", ""text"": ""425tr/1000m2 (ngân h"", ""parsed_value_vnd"": 425000000.0, ""basis"": ""total"", ""total_equivalent_vnd"": 425000000.0}]"
shard_0003.parquet,62677,"Chính chủ cần bán gấp lô đất MTĐ QL1A, Châu Hưng, Vĩnh Lợi, Bạc Liêu, gần tượng đài, 120m2 SHR","Cần bán gấp đất mặt tiền đường QL1A, Châu Hưng, Vĩnh Lợi, Bạc Liêu. Diện tích: 120m2 (ngang 6 dài 20). SHR 100%, đất sạch không dính quy hoạch, sang tên công chứng ngay. Tiện ích: Gần bệnh viện đa khoa, trường liên cấp 123, gần chợ, dân cư đông đúc, đầy đủ tiện ích đáp ứng mọi nhu cầu. LH: gặp Trung Hiếu xem trực tiếp.",Bạc Liêu,Đất,,120.0,,,no_supported_price,[]
shard_0002.parquet,336909,"Bán đất xã Bát Tràng - thôn Đông Dư Hà Nội diện tích : 40m2 * 4,4m * 4,850 tỷ ôtô 9C vào đất","Bán đất Xã Bát Tràng thôn Đông Dư trong đê đường ôtô 9C vào đất ngay trung tâm trường chợ hồ đi bộ đi học . diện tích vừa phải mặt tiền hiếm nằm trong khu dân cư đông đúc nhiều tiện ích giao thông thuận tiện đi sang nội đô qua cầu Thanh Trì hay Vĩnh Tuy chỉ 3 - 7 phút ngay cao tốc Hà Nội Hải Phòng đường Cổ Linh Eon Long Biên đường 379 hàng xóm Ecopark và Vinocenpark... S : 40m2 * 4,4m * 4,850 tỷ SDCC hỗ trợ tư vấn",Hà Nội,Đất,4850000000,40.0,4850000000000.0,0.999,mismatch,"[{""source"": ""title"", ""text"": ""4,850 tỷ ôtô 9C vào đất"", ""parsed_value_vnd"": 4850000000000.0, ""basis"": ""total"", ""total_equivalent_vnd"": 4850000000000.0}, {""source"": ""description"", ""text"": ""4,850 tỷ SDCC hỗ trợ tư"", ""parsed_value_vnd"": 4850000000000.0, ""basis"": ""total"", ""total_equivalent_vnd"": 4850000000000.0}]"
shard_0002.parquet,167701,Bán căn hộ dịch vụ 6 tầng có thang máy - dương quảng hàm p5 - 5x28 - 135m - 8m thông - tn 100tr,"BÁN SIÊU CĂN HỘ DỊCH VỤ 6 TẦNG - DƯƠNG QUẢNG HÀM P5 GV - 5x28 - 135m2 - HẺM 8M THÔNG - TN 100Tr - CHỈ 26 TỶ 5 - Diện tích: 5x28 cn 137m2, sổ vuông vức - Trệt lửng 3 lầu sân thượng, hiện tại đang cho thuê Full phòng. Tn 100 tr/ tháng. CÓ THANG MÁY. Có đầy đủ hệ thống PCCC - Đường nhựa 8m thông, sát mặt tiền đường Dương Quảng Hàm. Khu dân cư VIP hàng xóm toàn nhà cao tầng - Ngay trung tâm GV thuận tiện di chuyển sang các quận trung tâm. Khu vực lúc nào cũng kín phòng",Hồ Chí Minh,Nhà,26500000000,138.0,100000000.0,264.0,mismatch,"[{""source"": ""title"", ""text"": ""100tr"", ""parsed_value_vnd"": 100000000.0, ""basis"": ""total"", ""total_equivalent_vnd"": 100000000.0}, {""source"": ""description"", ""text"": ""100Tr - CHỈ 26 TỶ 5 "", ""parsed_value_vnd"": 100000000.0, ""basis"": ""total"", ""total_equivalent_vnd"": 100000000.0}, {""source"": ""description"", ""text"": ""26 TỶ 5 - Diện tích:"", ""parsed_value_vnd"": 26000000000.0, ""basis"": ""total"", ""total_equivalent_vnd"": 26000000000.0}]"
shard_0000.parquet,146146,"Bán đất phố Bắc Biên Ngọc Thụy, 90m2, mặt tiền 5m, lô góc, 10m ô tô tránh, gần cầu Long Biên","Bán đất phố Bắc Biên Ngọc Thụy, 90m2, mặt tiền 5m, lô góc, 10m ô tô tránh, gần cầu Long Biên Vị trí: đất bán thuộc Phố Bắc Biên phường Ngọc Thụy phía ngoài đê, không khí thoáng mát, trong lành. Rất gần cầu Chương Dương, Long Biên. Khu vực bảo tồn không quy hoạch, khu dân cư đông đúc, đan trí cao. Đối diện bên kia đê là UBND Phường Ngọc Thụy, Chợ Ngọc Thụy, Trường tiểu học Lý Thường Kiệt, trường quốc tế Việt Pháp, rất tiện lợi cho việc sinh hoạt cũng như học hành của rất nhiều gia đình khách hàng đang tìm nhà đất ở nơi đây. Chỉ 10 phút sang phố cổ Hà Nội Sổ đỏ chính chủ, vuông đẹp, pháp lý đầy đủ Liên hệ ngay em Thuý Long Biên [phone_number] để biết thêm chi tiết và qua xem đất! Chuyên BĐS khu vực quận Long Biên. #thuylongbien, #nhadat, #bandat, #nhadep, #ngocthuy, #bode, #thuongthanh, #ngoclam, #ducgiang, #phucdong",Hà Nội,Đất,8350000000,90.0,,,no_supported_price,[]
shard_0001.parquet,240152,Bán nhà 3 tầng phố Minh Khai gần Time City ở ngay giá chỉ 150 triệu/m2,"Cần bán gấp căn nhà 3 tầng nằm tại vị trí cực đẹp ngay phố Minh Khai, cách Time City chỉ vài phút đi bộ. Khu vực trung tâm, giao thông thuận tiện, đầy đủ tiện ích xung quanh. Diện tích: 52m². Kết cấu: Nhà 3 tầng, thiết kế hiện đại, đầy đủ công năng. Tình trạng: Nhà còn mới, sạch sẽ, có thể dọn vào ở ngay. Vị trí: Gần Times City, bệnh viện Vinmec, trường học, chợ, siêu thị, thuận tiện di chuyển ra Trần Khát Chân, Đại La, cầu Vĩnh Tuy, đường Vành đai 2. Ngõ trước nhà rộng, xe máy tránh xe ba gác thoải mái. Phù hợp: Ở lâu dài, cho thuê, đầu tư giữ tiền, Căn nhà rất phù hợp đầu tư xây chung cư mini cho thuê dòng tiền. Giá bán chỉ: 150 triệu/m² (tổng giá: 7.8 tỷ cho 52m²). Pháp lý đầy đủ, sổ đỏ chính chủ sẵn sàng giao dịch. Liên hệ: Ms Hòa để xem nhà và thương lượng với chủ. [phone_number]",Hà Nội,Nhà,7800000000,52.0,7800000000.0,0.0,matched_2pct,"[{""source"": ""title"", ""text"": ""150 triệu/m2"", ""parsed_value_vnd"": 150000000.0, ""basis"": ""per_m2"", ""total_equivalent_vnd"": 7800000000.0}, {""source"": ""description"", ""text"": ""150 triệu/m² (tổng giá: "", ""parsed_value_vnd"": 150000000.0, ""basis"": ""per_m2"", ""total_equivalent_vnd"": 7800000000.0}, {""source"": ""description"", ""text"": ""7.8 tỷ cho 52m²). Phá"", ""parsed_value_vnd"": 7800000000.0, ""basis"": ""total"", ""total_equivalent_vnd"": 7800000000.0}]"
shard_0006.parquet,196312,Bán đất Thế Dương Đạ Ròn (Đơn Dương mới) 216m² Gần QL27 Giá 750 triệu,"Đất đẹp khu Thế Dương, xã Đạ Ròn cũ (nay thuộc xã Đơn Dương mới). Đất bằng cao, thoáng, đường bê tông rộng, gần QL27, tiện ích đầy đủ trong bán kính 1km. Phù hợp xây nhà ở hoặc nghỉ dưỡng. Thông tin chi tiết: Vị trí: Khu Thế Dương, xã Đạ Ròn cũ (xã Đơn Dương mới), Lâm Đồng Diện tích: 6m x 36m (216m²) Pháp lý: Sổ hồng riêng, có sẵn 75m² thổ cư Đường bê tông rộng, 2 ô tô tránh nhau Đất bằng, cao ráo, khu vực thoáng mát Gần Quốc lộ 27, tiện ích xung quanh đầy đủ Giá bán: 750 triệu Liên hệ: Chính chủ [phone_number] chị Vân (gọi trực tiếp để xem đất thực tế)",Lâm Đồng,Đất,750000000,216.0,750000000.0,0.0,matched_2pct,"[{""source"": ""title"", ""text"": ""750 triệu"", ""parsed_value_vnd"": 750000000.0, ""basis"": ""total"", ""total_equivalent_vnd"": 750000000.0}, {""source"": ""description"", ""text"": ""750 triệu Liên hệ: Chính"", ""parsed_value_vnd"": 750000000.0, ""basis"": ""total"", ""total_equivalent_vnd"": 750000000.0}]"
shard_0005.parquet,337159,"Bán đất mặt tiền 2.496m2 Thổ 300, SHR, Tân Vĩnh Hiệp Tân Uyên, Gần Chợ, Trường, UBND","Bán Đất Tân Vĩnh Hiệp - Tp Tân Uyên (cũ) DT: 2.496 m2, (13,8 x 113, nở hậu 24m) có thổ cư 300m2 . trên đất có nhà cấp 4 cũ. - Cách đường DT746 300m, gần chợ mới Tân Vĩnh Hiệp - Vị trí đẹp kinh doanh được nhiều nghành nghề - Phù hợp xây dựng Kho/xưởng, nhà trọ, làng ẩm thực, hầm rượu, v,v.. - Giá bán tốt ib e LH: [phone_number] GC",Bình Dương,Đất,15800000000,2496.0,,,no_supported_price,[]
shard_0000.parquet,136901,Bán nhà siêu hiếm giảm liền chỉ 14.5 tỷ phố Vĩnh phúc 14.5 tỷ 50m 3 tầng mặt tiền 5m ba đình,Gấp bán nhà cực chất giá giành giật chỉ 14.5 tỷ sở hữu ngay nhà tại phố vĩnh phúc ba đình Diện tích 50m 3 tầng Mặt tiền quyền lực 5m vài bước ra ô tô tránh giá bay nhanh Khu vực tiện ích dân trí cao Gần bệnh viện 354 Công viên bách thú không gian rộng thoáng mát Siêu thị lotter Giao thông thuận tiện các hướng Sổ hoa hậu sẵn sàng giao dịch Liên hệ ngay: Cườngnhàphố để dc tư vấn tốt nhất,Hà Nội,Nhà,14500000000,50.0,14500000000.0,0.0,matched_2pct,"[{""source"": ""title"", ""text"": ""14.5 tỷ phố Vĩnh phúc "", ""parsed_value_vnd"": 14500000000.0, ""basis"": ""total"", ""total_equivalent_vnd"": 14500000000.0}, {""source"": ""title"", ""text"": ""14.5 tỷ 50m 3 tầng mặt"", ""parsed_value_vnd"": 14500000000.0, ""basis"": ""total"", ""total_equivalent_vnd"": 14500000000.0}, {""source"": ""description"", ""text"": ""14.5 tỷ sở hữu ngay nh"", ""parsed_value_vnd"": 14500000000.0, ""basis"": ""total"", ""total_equivalent_vnd"": 14500000000.0}]"
shard_0004.parquet,327412,"Bán đất đường Dương Hiến Quyền (rộng 7m),Vĩnh Hoà,dt 106 m2,ngang 6,59,hướng tây- giá 7,79 tỷ","LÔ ĐẤT GẦN BIỂN CỰC ĐẸP - ĐƯỜNG DƯƠNG HIẾN QUYỀN ( RỘNG 7M )- 106M2 NGANG 6,59 - GIÁ CHỈ 7,79 TỶ Cần bán lô đất đường Dương Hiến Quyền(cũ), Vĩnh Hoà, Nha Trang - Diện tích: 106m2 ngang rộng 6,59m, có 9,5m2 quy hoạch giao thông còn lại 96,5m2 - Hướng: Tây - Pháp lý: Sổ hồng - Vị trí: Đường Dương Hiến Quyền cũ rộng 7m, cách đường Điện Biên Phủ 30m, cách biển Phạm Văn Đồng 100m, khu vực dân cư đông đúc, nhiều khách sạn, căn hộ cao tầng. Thích hợp xây nhà ở nghỉ dưỡng hoặc xây căn hộ cho thuê + Trên đất hiện có căn nhà cấp 4 có thể sử dụng được - Giá bán: 7,79 tỷ thương lượng Liên hệ: Huyền Nhung",Khánh Hòa,Đất,7790000000,106.0,7790000000.0,0.0,matched_2pct,"[{""source"": ""title"", ""text"": ""7,79 tỷ"", ""parsed_value_vnd"": 7790000000.0, ""basis"": ""total"", ""total_equivalent_vnd"": 7790000000.0}, {""source"": ""description"", ""text"": ""7,79 TỶ Cần bán lô đất"", ""parsed_value_vnd"": 7790000000.0, ""basis"": ""total"", ""total_equivalent_vnd"": 7790000000.0}, {""source"": ""description"", ""text"": ""7,79 tỷ thương lượng L"", ""parsed_value_vnd"": 7790000000.0, ""basis"": ""total"", ""total_equivalent_vnd"": 7790000000.0}]"
shard_0008.parquet,51325,"Ms8844 - bán đất đầu cổng kdc tân bình, dĩ an gần đường lê hồng phong - kinh doanh hoặc mở vp cty","Cần bán lô đất vị trí đẹp đầu cổng KDC, gần đường Lê Hồng Phong chỉ 200m, khu dân cư đông đúc, thuận tiện ở đầu tư kinh doanh. Vị trí: P. Tân Bình (nay thuộc P. Tân Đông Hiệp, TP. Hồ Chí Minh) khu vực phát triển mạnh, hạ tầng hoàn chỉnh. Diện tích: 65,2m (4,5m x 14,2m) Thổ cư: 100% xây dựng tự do Đường: 13m, vỉa hè 3m, đường thông 2 đầu Vị trí đầu cổng KDC, rất phù hợp mở spa, tạp hóa, văn phòng, cho thuê Cách ngã tư Chiêu Liêu & chợ Đông Thành ~1,5km Kết nối nhanh ra các trục đường lớn, thuận tiện đi Dĩ An Thủ Đức TP.HCM Pháp lý: Sổ hồng riêng, sang tên ngay Hỗ trợ ngân hàng: lên đến 70% Giá bán: 4,35 tỷ (thương lượng) Liên hệ: [phone_number] để xem đất và làm việc chính chủ",Bình Dương,Đất,4350000000,65.0,4350000000.0,0.0,matched_2pct,"[{""source"": ""description"", ""text"": ""4,35 tỷ (thương lượng)"", ""parsed_value_vnd"": 4350000000.0, ""basis"": ""total"", ""total_equivalent_vnd"": 4350000000.0}]"
shard_0007.parquet,64168,Mở bán shophouse An Cựu Galleria trong tuần cuối kết thúc ưu đãi đặc biệt từ chủ đầu tư,"Cơ hội hiếm để sở hữu shophouse mặt tiền Võ Nguyên Giáp đối diện Aeon Mall Huế với chính sách tài chính tốt nhất giai đoạn này: * Căn shophouses Block 72. - Mã căn: O - SH7 - 3. + Vị trí: Mặt tiền Võ Nguyên Giáp đối diện với AEON Mall Huế. + Diện tích: 93m2 (Mặt tiền ngang 6m). + Kết cấu 5 tầng và 1 tum. + Đã hoàn thiện, bàn giao thô để khách hàng dễ dàng thiết kế theo nhu cầu. + Giá: 15,187,128,000. * Chính sách ưu đãi từ thanh toán: - Thanh toán nhanh 95% giá trị căn. + Giảm 500 triệu thẳng vào giá bán nhận từ hỗ trợ cho thuê 1 năm đầu tiên từ Chủ Đầu Tư. + Giảm thêm 1 tỷ 398 triệu vào giá bán từ gói quà tặng tiền mặt của công ty phân phối sản phẩm. == Tổng Anh Chị sẽ nhận được 1 tỷ 898 triệu trừ thẳng vào giá bán ngay thời điểm mua. Giá chỉ còn: 13 tỷ 288 triệu. - Thanh toán vay - hỗ trợ tài chính Ngân hàng BIDV: + Giảm 500 triệu thẳng vào giá bán nhận từ hỗ trợ cho thuê 1 năm đầu tiê",Huế,Shophouse,15187000000,93.0,,,multiple_text_prices,"[{""source"": ""description"", ""text"": ""500 triệu thẳng vào giá "", ""parsed_value_vnd"": 500000000.0, ""basis"": ""total"", ""total_equivalent_vnd"": 500000000.0}, {""source"": ""description"", ""text"": ""1 tỷ 398 triệu vào "", ""parsed_value_vnd"": 1398000000.0, ""basis"": ""total"", ""total_equivalent_vnd"": 1398000000.0}, {""source"": ""description"", ""text"": ""1 tỷ 898 triệu trừ "", ""parsed_value_vnd"": 1898000000.0, ""basis"": ""total"", ""total_equivalent_vnd"": 1898000000.0}, {""source"": ""description"", ""text"": ""13 tỷ 288 triệu. - T"", ""parsed_value_vnd"": 13288000000.0, ""basis"": ""total"", ""total_equivalent_vnd"": 13288000000.0}, {""source"": ""description"", ""text"": ""500 triệu thẳng vào giá "", ""parsed_value_vnd"": 500000000.0, ""basis"": ""total"", ""total_equivalent_vnd"": 500000000.0}]"
shard_0002.parquet,257353,"Bán căn hộ trung tâm Nha Trang, view Lam Sơn Phật Ngọc","Bán căn hộ trung tâm Nha Trang, view Lam Sơn Phật ngọc! Vị trí: Cách biển và tháp Trầm Hương 5 phút chạy xe. Diện tích: 61.8m2, ban công Đông Bắc tài lộc, phòng khách thênh thang, 2 ngủ rộng, 1wc. Phong thuỷ, thoáng mát. Pháp lý: Sổ hồng cầm tay, xem ngay khi cọc. Giá bán: 2tỷ86. Giá bao phí. Liên hệ Xem nhà từ 9g sáng đến 8g tối tất cả các ngày trong tuần.",Khánh Hòa,Căn hộ chung cư,2860000000,61.8,2860000000.0,0.0,matched_2pct,"[{""source"": ""description"", ""text"": ""2tỷ86. Giá bao phí"", ""parsed_value_vnd"": 2860000000.0, ""basis"": ""total"", ""total_equivalent_vnd"": 2860000000.0}]"
shard_0009.parquet,228401,Chính chủ bán gấp căn 1PN Bcons Plaza mặt tiền Thồng Nhất Quốc Lộ 1K giá 1 tỷ770 LH: [phone_number],"NGỘP BANK BÁN GẤP CĂN HỘ BCONS PLAZA - MT THỐNG NHẤT - QL1K - GẦN LÀNG ĐẠI HỌC GA METRO SUÔI TIÊN CĂN HỘ ĐANG CHO THUÊ 4,5TR/ THÁNG Căn hộ 1PN-1WC Diện tích: 34m2 Tầng Trung Nội Thất cơ bản ĐÃ CÓ SỔ HỒNG Giá Bán: 1,770,000,000 ( đã bao gồm thuế phí) Liên hệ: [phone_number] ( Phan Nhi)",Bình Dương,Căn hộ chung cư,1770000000,34.0,1770000000.0,0.0,matched_2pct,"[{""source"": ""title"", ""text"": ""1 tỷ770 LH: [phone_"", ""parsed_value_vnd"": 1770000000.0, ""basis"": ""total"", ""total_equivalent_vnd"": 1770000000.0}]"
shard_0007.parquet,63613,"Nhà cấp 4, DT 80m2, 2Phòng ngủ, Sau lưng Đường Nguyễn Khuyến. Giá bán 2,2 tỷ","BÁN NHÀ SỔ RIÊNG SAU ĐƯỜNG NGUYỄN KHUYẾN, KP5 TRẢNG DÀI Nhà cấp 4 sạch sẽ, vào ở ngay Sân trước thoáng mát Phòng khách 2 phòng ngủ Bếp + toilet Có lối đi bên hông riêng vào bếp rất tiện sinh hoạt Diện tích: 5 16m (80m) đất màu hồng, hướng Bắc Vị trí: Sau đường Nguyễn Khuyến Cách ĐH Công Nghệ ~300m Khu dân cư an ninh, đường thông thoáng Pháp lý: Sổ riêng công chứng sang tên nhanh Giá bán: 2 tỷ 199 triệu (thương lượng) Liên hệ: [phone_number] xem nhà thực tế",Đồng Nai,Nhà,2200000000,80.0,2200000000.0,0.0,matched_2pct,"[{""source"": ""title"", ""text"": ""2,2 tỷ"", ""parsed_value_vnd"": 2200000000.0, ""basis"": ""total"", ""total_equivalent_vnd"": 2200000000.0}, {""source"": ""description"", ""text"": ""2 tỷ 199 triệu (thư"", ""parsed_value_vnd"": 2199000000.0, ""basis"": ""total"", ""total_equivalent_vnd"": 2199000000.0}]"
shard_0005.parquet,100594,"Bán đất nền dự án tại Becamex VSIP Bình Định, 1,295 tỷ, 200m2, nhiều tiện ích","Nhanh tay sở hữu đất nền dự án tại Becamex VSIP Bình Định, Xã Canh Vinh, Vân Canh, Bình Định. Diện tích 200m2 với giá 1,295 tỷ VND. Đất nền có ngõ vào rộng 16m, mặt tiền 5m, phù hợp cho các hoạt động kinh doanh. Pháp lý đang chờ sổ, tạo cơ hội đầu tư hấp dẫn. Liên hệ để biết thêm thông tin chi tiết: Đương Vsip Bình Định [phone_number]",Bình Định,Đất,1300000000,200.0,1295000000000.0,0.998996138996139,mismatch,"[{""source"": ""title"", ""text"": ""1,295 tỷ, 200m2, nhiều "", ""parsed_value_vnd"": 1295000000000.0, ""basis"": ""total"", ""total_equivalent_vnd"": 1295000000000.0}, {""source"": ""description"", ""text"": ""1,295 tỷ VND. Đất nền c"", ""parsed_value_vnd"": 1295000000000.0, ""basis"": ""total"", ""total_equivalent_vnd"": 1295000000000.0}]"
shard_0005.parquet,336165,"Bán nhà hẻm Lũy Bán Bích 2 tầng, DTSD 65m2, 2 phòng ngủ 2WC, giá 4.3 tỷ TL!","Bán nhà đẹp hẻm Lũy Bán Bích Q. Tân Phú. Kết cấu: 27m2, 1 trệt + 1 lầu, nhà kiên cố, sạch sẽ, dọn vào ở ngay. Vị trí: Hẻm thông thoáng, dân cư an ninh, gần Nguyễn Sơn, Thạch Lam, Hòa Bình, giao thông thuận tiện về mọi hướng. Tiện ích: Gần chợ, trường học, siêu thị, ngân hàng, thuận tiện sinh hoạt hằng ngày. Pháp lý: Sổ hồng riêng chính chủ, công chứng sang tên nhanh. Giá bán: 4.3 tỷ TL. Liên hệ em ngay để xem nhà trực tiếp! SĐT: [phone_number]",Hồ Chí Minh,Nhà,4300000000,27.0,4300000000.0,0.0,matched_2pct,"[{""source"": ""title"", ""text"": ""4.3 tỷ TL!"", ""parsed_value_vnd"": 4300000000.0, ""basis"": ""total"", ""total_equivalent_vnd"": 4300000000.0}, {""source"": ""description"", ""text"": ""4.3 tỷ TL. Liên hệ em"", ""parsed_value_vnd"": 4300000000.0, ""basis"": ""total"", ""total_equivalent_vnd"": 4300000000.0}]"
shard_0005.parquet,215752,1/ HƯƠNG LỘ 2 nhà 3Tầng BTCT gần MT cần bán GẤP,"khu HƯƠNG LỘ 2, P. BÌNH TRỊ ĐÔNG, BÌNH TÂN - 3 TẦNG BTCT - 40M2 - 4 TỶ - Kết cấu : 1 trệt 2 lầu , 2 PN 2WC ( có thể cải tại thành 4 PN ) , nhà chủ xây để ở tâm huyết , nhà còn đẹp , xây BTCT chắc chắn- Hẻm trước nhà 3 , khu vực không ngập- DT 4 x 10 , cn đủ 40.1m2- Pháp lý chuẩn , sổ hồng riêng hoàn công đầy đủ , công chứng ngay",Hồ Chí Minh,Nhà,4000000000,40.0,4000000000.0,0.0,matched_2pct,"[{""source"": ""description"", ""text"": ""4 TỶ - Kết cấu : 1 "", ""parsed_value_vnd"": 4000000000.0, ""basis"": ""total"", ""total_equivalent_vnd"": 4000000000.0}]"
shard_0001.parquet,141763,"Bán căn hộ chung cư Vimeco Phạm Hùng, Cầu Giấy","Hiếm chung cư Vimeco Phạm Hùng - 2 ngủ, 2 vệ sinh, nội thất cơ bản. Diện tích 88m2. - Thiết kế gồm 1 phòng khách, 1 bếp và 2 phòng ngủ, 2 phòng vệ sinh. - Ban công hướng Đông Nam rất thoáng mát. Vị trí: Toà nhà nằm biệt lập một mình cạnh đường Phạm Hùng, mỗi tầng chỉ 8 căn hộ, rất yên tĩnh, thoáng đãng có khuôn viên cây xanh rộng thoáng mát bên dưới chân tòa nhà để đi dạo và có khu vui chơi cho trẻ em ở tầng 1 toà nhà. - Nhà mình có 2 suất gửi ôtô với giá 1,1 triệu/tháng, xe máy 80k và xe đạp 20k/tháng, phí dịch vụ 4k/m2. Tiện ích ngập tràn: Trường học: Cách 100 - 500m là rất nhiều trường học điểm của thành phố như: Chuyên Amsterdam, THCS Cầu Giấy, Lương Thế Vinh, cấp 1,2 Trung Yên thuận tiện con cái đi học. Siêu thị: Ngay sát là siêu thị BigC, Vincom, rạp phim Lotte, CGV, chợ Trung Yên, Trung Kính(200m), Sổ đỏ chính chủ, pháp lý chuẩn chỉnh, sẵn sàng giao dịch ngay.",Hà Nội,Căn hộ chung cư,6780000000,88.0,,,no_supported_price,[]
shard_0006.parquet,334933,Siêu phẩm: Căn hộ cao trần CitiGrand Quận 2 - Mua ngay chiết khấu 150 triệu vào giá bán,"Căn hộ Citi Grand ở Nguyễn Thị Định, Cát Lái, Quận 2, TP. HCM đang chờ đón chủ mới. Nội thất cơ bản, hoàn hảo cho những ai thích không gian thoải mái mà vẫn đầy đủ tiện nghi. Toạ lạc ngay Q2 đắt đỏ mà chỉ có 4,1 tỷ/căn - đây là cơ hội không thể bỏ lỡ cho các bạn trẻ đang tìm kiếm một nơi an cư lý tưởng. Căn hộ này có thiết kế hiện đại, không gian sống thoáng đãng, đáp ứng nhu cầu sống hiện đại và tiện nghi. Dự án là tổ hợp căn hộ - căn hộ thương mại - shophouse, đáp ứng mọi nhu cầu an cư và đầu tư của khách hàng, đa dạng tiện ích. Thiết kế thông thoáng tối ưu: 8 giếng trời thông gió đối lưu phân bố đều trong tòa nhà, phòng khách, phòng ngủ đều có cửa sổ hướng ra mặt ngoài đón ánh sáng và gió tươi, cửa sổ kịt trần. Tiện ích xung quanh. - Cách Thủ Thiêm chỉ 5km. - Bệnh viện Lê Văn Thịnh gần đó giúp bạn yên tâm hơn về sức khỏe. - Siêu thị Bách Hóa Xanh tại 60 Đường 39 và 419 Nguyễn Thị Định",Hồ Chí Minh,Căn hộ chung cư,5000000000,80.0,150000000.0,32.333333333333336,mismatch,"[{""source"": ""title"", ""text"": ""150 triệu vào giá bán"", ""parsed_value_vnd"": 150000000.0, ""basis"": ""total"", ""total_equivalent_vnd"": 150000000.0}, {""source"": ""description"", ""text"": ""4,1 tỷ/căn - đây là c"", ""parsed_value_vnd"": 4099999999.9999995, ""basis"": ""total"", ""total_equivalent_vnd"": 4099999999.9999995}]"
shard_0004.parquet,302681,"Duy nhất 1 căn shophouse tại Embassy Garden, vị trí cực hiếm, kinh doanh đẳng cấp, giá tốt cần bán","Cực hiếm! Duy nhất 1 căn shophouse tại Embassy Garden, Phường Xuân Tảo, Bắc Từ Liêm, Hà Nội kinh doanh đẳng cấp, giá tốt cần nhượng lại mang đến cơ hội đầu tư hấp dẫn với vị trí đắc địa và thiết kế hiện đại cho khách hàng sở hữu. + Diện tích: 120m2. + Số tầng: 4 tầng. + Hướng cửa chính: Tây bắc. + Mặt tiền: 6m, gần mặt đường Hoàng Minh Thảo rộng 60.5m. + Pháp lý đầy đủ. + Giá bán: Thỏa thuận phù hợp với thị trường có thương lượng cho khách thiện chí nhận nhượng. Shophouse Embassy vị trí cực đắc địa mặt đường lớn Hoàng Minh Thảo, mặt tiền 6m cực lý tưởng cho các hoạt động kinh doanh. Gần vị trí giao cắt với đường Nguyễn Văn Huyên kéo dài, thuận tiện cho việc di chuyển và giao thương. Khách hàng có thể yên tâm về pháp lý với đầy đủ giấy tờ. Với không gian thiết kế mở, gần gũi với thiên nhiên, mỗi căn shophouse Embassy Garden đều có 2 mặt thoáng. Shophouse Embassy Garden được thiết kế với ý",Hà Nội,Shophouse,70000000000,120.0,,,no_supported_price,[]
shard_0007.parquet,16709,"Bán đất lô góc 2 mặt tiền (DT: 73m2) sổ riêng thổ cư 100% đường oto P. Bửu Hoà. Giá chỉ 1,950 tỷ","Chủ gởi bán đất lô góc 2 mặt tiền (DT: 73m2) sổ riêng thổ cư 100% P. Bửu Hoà. Nay sát nhập là - Phường Biên Hoà. - Diện tích: 73m2 = (ngang 4,1m x 16,3m). - Sổ hồng riêng, thổ cư 100%. Hướng Tây Bắc. - Đường oto chạy thoải mái. Vị trí ngay cổng sau công ty Pouchen, cách Nguyễn Thị Tồn 500m. - Đất góc 2 mặt tiền thoáng mát, phù hợp khách mua xây nhà ở an cư lập nghiệp hoặc đầu tư dài hạn. - Giá chỉ: 1 tỷ 950 triệu (bớt lộc). Alo em: [phone_number] xem đất LVCC. Em nhận mua bán ký gởi nhà đất.",Đồng Nai,Đất,1950000000,73.0,1950000000000.0,0.999,mismatch,"[{""source"": ""title"", ""text"": ""1,950 tỷ"", ""parsed_value_vnd"": 1950000000000.0, ""basis"": ""total"", ""total_equivalent_vnd"": 1950000000000.0}, {""source"": ""description"", ""text"": ""1 tỷ 950 triệu (bớt"", ""parsed_value_vnd"": 1950000000.0, ""basis"": ""total"", ""total_equivalent_vnd"": 1950000000.0}]"
shard_0009.parquet,109078,"Bán đất Hoà Phú, Hoà Vang, Đà Nẵng. Diện tích 120m2, giá chỉ 1,2 tỷ, sổ sẵn. LH My [phone_number]","- HIỆN THỰC HÓA GIẤC MƠ AN CƯ ĐẤT NỀN VEN ĐÀ NẴNG - Bạn đang tìm một nơi an cư yên bình, gần thiên nhiên nhưng vẫn kết nối trung tâm Đà Nẵng? - Đất nền khu vực Hòa Vang - Đà Nẵng - Giá chỉ từ 1,2 tỷ - Lợi thế nổi bật: + Không gian sống thoáng đãng, gần sông, gần núi, phong thủy tốt + Khu dân cư hiện hữu, tiềm năng phát triển mạnh + Đường giao thông thuận tiện, dễ dàng di chuyển vào trung tâm + Phù hợp xây nhà ở, nghỉ dưỡng hoặc đầu tư lâu dài. - Liên hệ My [phone_number]( Zalo) xem đất trực tiếp. - Sở hữu ngay hôm nay. Đón đầu tiềm năng tăng giá trong tương lai!",Đà Nẵng,Đất,1200000000,120.0,1200000000.0,0.0,matched_2pct,"[{""source"": ""title"", ""text"": ""1,2 tỷ, sổ sẵn. LH My"", ""parsed_value_vnd"": 1200000000.0, ""basis"": ""total"", ""total_equivalent_vnd"": 1200000000.0}, {""source"": ""description"", ""text"": ""1,2 tỷ - Lợi thế nổi "", ""parsed_value_vnd"": 1200000000.0, ""basis"": ""total"", ""total_equivalent_vnd"": 1200000000.0}]"
shard_0007.parquet,54412,Bán nhà MT đường số P.An Phú. Quận 2. DT 4x20m. 4 Tầng. Chỉ 16.5 tỷ. LH [phone_number],Bán nhà MT đường số P.An Phú. Quận 2. DT 4x20m. 4 Tầng. Chỉ 16.5 tỷ. LH [phone_number] . Diện tích: 80m2 (4m x 20m) . Kết cấu: trệt + 3 tầng . Hướng: Tây Nam . Pháp lý: Sổ Hồng Cá nhân . Giá bán: 16.5 TỶ LH: [phone_number] Mr. Dũng,Hồ Chí Minh,Nhà,16500000000,80.0,16500000000.0,0.0,matched_2pct,"[{""source"": ""title"", ""text"": ""16.5 tỷ. LH [phone_num"", ""parsed_value_vnd"": 16500000000.0, ""basis"": ""total"", ""total_equivalent_vnd"": 16500000000.0}, {""source"": ""description"", ""text"": ""16.5 tỷ. LH [phone_num"", ""parsed_value_vnd"": 16500000000.0, ""basis"": ""total"", ""total_equivalent_vnd"": 16500000000.0}, {""source"": ""description"", ""text"": ""16.5 TỶ LH: [phone_num"", ""parsed_value_vnd"": 16500000000.0, ""basis"": ""total"", ""total_equivalent_vnd"": 16500000000.0}]"
shard_0002.parquet,117363,"Bán gấp toà nhà 6 tầng + 1 hầm, 95m2 cho Tây thuê ở Võng Thị, Tây Hồ, dòng tiền đều hàng tháng","Bán gấp toà nhà 6 tầng + 1 hầm, 95m2 cho Tây thuê ở Võng Thị, Tây Hồ, dòng tiền đều hàng tháng. 7 tầng thang máy - ngõ rộng kinh doanh - kinh doanh văn phòng - 11 căn hộ siêu cao cấp - vừa ở vừa kết hợp cho thuê - 60m ra mặt võng thị - sổ hoa hậu. - Thiết kế, 6 tầng 1 hầm. - Tầng 1: Để xe. - T2,3,4,5,6,7: 11 phòng siêu rộng, ở hoặc kinh doanh văn phòng. LH xem nhà zalo e Yến.",Hà Nội,Nhà,29500000000,95.0,,,no_supported_price,[]
shard_0003.parquet,120490,CHỦ CẦN BÁN LÔ ĐẤT KHU DÂN CƯ TRUNG SƠN BÌNH HƯNG BÌNH CHÁNH VUÔNG VỨC ĐẸP DT: 10x20m2.GIÁ 24 TỶ,Bán lô góc 2MT KDC Trung Sơn bình hưng bình chánh. DT :10x20m vạt góc còn 188m2 Vị trí đối diện Công Viên Giá 142tr/m2.giá rẻ nhất khu vực.,Hồ Chí Minh,Đất,24000000000,189.0,24000000000.0,0.0,matched_2pct,"[{""source"": ""title"", ""text"": ""24 TỶ"", ""parsed_value_vnd"": 24000000000.0, ""basis"": ""total"", ""total_equivalent_vnd"": 24000000000.0}, {""source"": ""description"", ""text"": ""142tr/m2.giá rẻ nhất"", ""parsed_value_vnd"": 142000000.0, ""basis"": ""per_m2"", ""total_equivalent_vnd"": 26838000000.0}]"
shard_0005.parquet,327743,Chính chủ bán căn 3N2WC chung cư 789 Mỹ Đình tầng trung giá rẻ,"Chuyển địa điểm sinh sống nên gia đình muốn bán lại căn hộ chung cư 789 Mỹ Đình. Diện tích 99m2 thiết kế 3 phòng ngủ 2 vệ sinh. Căn góc tầng trung view đẹp. Nhà đang ở nên nội thất làm rất cẩn thận, chủ mới mua về không cần sửa chữa gì nhiều. Sổ đỏ đầy đủ. Giá bán 6,5 tỷ. Liên hệ [phone_number]",Hà Nội,Căn hộ chung cư,6500000000,99.0,6500000000.0,0.0,matched_2pct,"[{""source"": ""description"", ""text"": ""6,5 tỷ. Liên hệ [phon"", ""parsed_value_vnd"": 6500000000.0, ""basis"": ""total"", ""total_equivalent_vnd"": 6500000000.0}]"
shard_0009.parquet,45305,"Chính chủ bán đất khu dân cư Tam Bình, Ngay Coopmart Chung cư Sài Gòn Avenue - mặt tiền vành đai 2","Bán lô đất mặt đối diện khu biệt thự - Khu dân cư Tam Bình, ngay khu dân cư CoopMart chung cư Sài Gòn Avenue và chung cư Navita Tam Bình, Thủ Đức. - Cách mặt tiền đường Vành Đai 2 chỉ 100m. - Khu dân cư văn minh, nhà lầu biệt thự, có khuôn công viên tập thể dục - Tiện ích nội khu trong khu dân cư: CoopMart Tam Bình, ngân hàng BIDV, trường Quốc tế Việt Anh, Công viên nội khu, sân Pickleball. - Diện tích: 118m² (4,5m x 26,41m). Giá bán: 9,5 tỷ Liên hệ: [phone_number]",Hồ Chí Minh,Đất,9500000000,119.0,9500000000.0,0.0,matched_2pct,"[{""source"": ""description"", ""text"": ""9,5 tỷ Liên hệ: [phon"", ""parsed_value_vnd"": 9500000000.0, ""basis"": ""total"", ""total_equivalent_vnd"": 9500000000.0}]"
shard_0006.parquet,171620,"CHÍNH CHỦ cần bán căn 3PN, 2WC diện tích 73m2 bàn giao FULL NỘI THẤT giá tốt nhất Anland","GĐ cần chuyển nhượng gấp căn hộ tại dự án Anland Premium - KĐT Dương Nội - Hà Đông: - Diện tích 73m² thiết kế 3 ngủ 2 vệ sinh. - Tầng trung, hướng mát, căn hộ được thiết kế đầy đủ nội thất. - KĐT đầy đủ tiện ích, bể bơi 4 mùa, bể bơi ngoài trời, gam, khu vui chơi trẻ em... - CĐT uy tín, phí dịch vụ 8K. - Sẵn sổ sang tên ngay cho chủ mới. - Giá tốt nhất ANLAND hiện tại LH xem nhà : ( CHÍNH CHỦ, MIỄN TRUNG GIAN)",Hà Nội,Căn hộ chung cư,,73.0,,,no_supported_price,[]
shard_0006.parquet,38931,"Chính chủ cần bán nhà HXH 7m Huỳnh Văn Nghệ, P15, TB [8 x 12m CN: 94m] giá chỉ: 10.8 tỷ TL","Cần giải quyết việc GĐ nên cần bán gấp nhà HXH 7m đường Huỳnh Văn Nghệ, P. 15, Tân Bình. Vị trí hẻm 7m thông xe tải, di chuyển về các quận trung tâm cũng gần. DT: 8 x 12m, CN: 94m2. KC: C4 tiện xây mới theo ý gia chủ. GPXD: Khu vực cho xây dựng cao tầng: 1 trệt 1 lững 3 lầu ST. Nhà đang cho thuê. Giá cần bán: 10.8 tỷ còn thương lượng cho khách thiện chí. LH: [phone_number] em Phát để xem nhà.",Hồ Chí Minh,Nhà,10800000000,94.0,10800000000.0,0.0,matched_2pct,"[{""source"": ""title"", ""text"": ""10.8 tỷ TL"", ""parsed_value_vnd"": 10800000000.0, ""basis"": ""total"", ""total_equivalent_vnd"": 10800000000.0}, {""source"": ""description"", ""text"": ""10.8 tỷ còn thương lượ"", ""parsed_value_vnd"": 10800000000.0, ""basis"": ""total"", ""total_equivalent_vnd"": 10800000000.0}]"
shard_0001.parquet,231584,Chính chủ bán nhà 5 tầng Vũ Ngọc Phan 90m giá 23.5 tỷ Đống Đa ô tô đỗ cửa,"- Nhà view thẳng UBND phường Láng Hạ, view thoáng vĩnh viễn, cách ủy ban là ra đường lớn. - Bãi đỗ oto cách 3 nhà, 200m ra trường tiểu học Nam Thành Công, xung quanh rất nhiều trường từ nầm non đến đại học. Vị trí trung tâm nên không thiếu thứ gì từ chợ lớn cho đến bệnh viện, rạp chiếu phim, lotte, vincom, bigc.. _ Nhà mình được xây rất tâm huyết, thiết kế lệch tầng. Nhà xây phong cách biệt thự Pháp cổ. Nhà hoàn toàn có thể lắp thêm thang máy mà không động chạm gì kết cấu của nhà. - Hàng xóm xung quanh là cán bộ về hưu văn minh lịch sự. - Thiết kế: + Tầng 1: Khách, bếp, để xe + Tầng 2,3: Mỗi tầng 2 phòng ngủ, 2 Wc + Tầng 4: Phòng thờ, phòng làm việc, khu để máy giặt, phơi đồ. + Tầng 5 tum - Pháp lý: Sổ đỏ chính chủ, sẵn sàng giao dịch",Hà Nội,Nhà,23500000000,90.0,23500000000.0,0.0,matched_2pct,"[{""source"": ""title"", ""text"": ""23.5 tỷ Đống Đa ô tô đ"", ""parsed_value_vnd"": 23500000000.0, ""basis"": ""total"", ""total_equivalent_vnd"": 23500000000.0}]"
shard_0007.parquet,147714,"Bán đất dự án Huy Hoàng đường 20m đường Nguyễn Thanh Sơn ngay TTHC TP. HCM, DT 8x20m giá 450tr/m2","Dự án Huy Hoàng, nằm tại đường Nguyễn Thanh Sơn Phường Cát Lái (cũ là P. Thạnh Mỹ Lợi, Quận 2, ) TP. HCM. Vị trí đắc địa cách trung tâm hành chính công 50m, sông Sài Gòn 300m. + DT: 8x20m giá 450tr/m2. + Xây dựng 8 tầng phù hợp làm toà nhà văn phòng. + Pháp lý: Sổ hồng. Liên hệ ngay để được tư vấn miễn phí qua SDT: [phone_number] và Trần Khánh Duy.",Hồ Chí Minh,Đất,72000000000,160.0,72000000000.0,0.0,matched_2pct,"[{""source"": ""title"", ""text"": ""450tr/m2"", ""parsed_value_vnd"": 450000000.0, ""basis"": ""per_m2"", ""total_equivalent_vnd"": 72000000000.0}, {""source"": ""description"", ""text"": ""450tr/m2. + Xây dựng"", ""parsed_value_vnd"": 450000000.0, ""basis"": ""per_m2"", ""total_equivalent_vnd"": 72000000000.0}]"
shard_0007.parquet,53672,"BÁN CĂN HỘ CHUNG CƯ HAPULICO VŨ TRỌNG PHỤNG ,THANH XUÂN","CHUNG CƯ HAPULICO -VŨ TRỌNG PHỤNG TRUNG TÂM THANH XUÂN 86m 2PN 2WC 2 Ban Công Nội Thất Liền Tường Có Slot Ô Tô Tòa nhà Hapulico 17 tầng, 3 tầng TMDV, 2 tầng hầm, 3 thang máy tốc độ cao. Tiện ích đầy đủ: hầm xe rộng, điều hòa trung tâm Daikin, PCCC chuẩn, điện dự phòng, quản lý chuyên nghiệp. Xung quanh có VPBank, nhà hàng Hapu, gym yoga bể bơi, đường nội khu thoáng xanh, môi trường sạch đẹp. Pháp lý Sổ đỏ sẵn sàng giao dịch",Hà Nội,Căn hộ chung cư,8860000000,86.0,,,no_supported_price,[]
shard_0003.parquet,272041,"Bán lô đất tại Tản Lĩnh Ba Vì (nay là Suối Hai), 224m2 có 150m2 đất ở, mặt tiền 10m nở hậu, 2,x tỷ","- Diện tích 224M có 150M đất ở, còn lại đất vườn. - Mặt tiền 10M nở hậu. - Vị trí đắc địa nằm đúng trung tâm thị trấn Tản Viên. - Cách sân bóng Tản Lĩnh, trường học chỉ vài bước chân. - Đất đẹp bằng phẳng. - Phù hợp xây nhà vườn nghỉ dưỡng, đầu tư sinh lời. - Sẵn sổ đỏ chính chủ sang tên ngay. Liên hệ Ngọc Anh: / zalo",Hà Nội,Đất,,224.0,,,no_supported_price,[]
shard_0004.parquet,79746,"Bán Nhà Riêng 10,5 tỷ, 62m2, 3PN + 3WC tại Hoàng Hoa Thám, p12, Tân Bình, HCM, giá cực chất -","Nhanh tay sở hữu căn nhà riêng tuyệt đẹp tại đường Hoàng Hoa Thám, phường 12, Tân Bình, Hồ Chí Minh. Căn nhà 3 tầng với thiết kế hiện đại, bao gồm: + 3PN + 3WC + bếp + Mặt tiền 4.4m, ngõ vào 10m, thuận tiện cho việc đi lại và đỗ xe Giá bán chỉ 10,7 tỷ VND, pháp lý đầy đủ. Tiện ích xung quanh: + Gần winmart+, siêu thị trực tuyến chiaki, siêu thị bách hoá xanh 234 Hoàng Hoa Thám + Bệnh viện đa khoa hoàn mỹ Sài Gòn, bệnh viện ung bướu TP. HCM, bệnh viện quận Bình Thạnh + Trường học IELTS Đình Long. + DT 4,4 X14, 5 Liên hệ ngay để biết thêm thông tin chi tiết: - Nhà đẹp.",Hồ Chí Minh,Nhà,10500000000,62.0,10500000000.0,0.0,matched_2pct,"[{""source"": ""title"", ""text"": ""10,5 tỷ, 62m2, 3PN + 3"", ""parsed_value_vnd"": 10500000000.0, ""basis"": ""total"", ""total_equivalent_vnd"": 10500000000.0}, {""source"": ""description"", ""text"": ""10,7 tỷ VND, pháp lý đ"", ""parsed_value_vnd"": 10700000000.0, ""basis"": ""total"", ""total_equivalent_vnd"": 10700000000.0}]"
shard_0007.parquet,204765,"Bán đất dịch vụ Tân Tây Đô Đan Phượng | lô đẹp, mặt tiền rộng","Cần bán lô đất dịch vụ Tân Tây Đô, thuộc khu đô thị đã hình thành, dân cư đông đúc, hạ tầng hoàn thiện, rất phù hợp mua ở hoặc đầu tư giữ tài sản. Diện tích: 55,2m2. Mặt tiền: 4,6m vuông vắn, dễ thiết kế xây dựng. Phân lô rõ ràng, đường thông thoáng, ô tô vào tận nơi. Vị trí đẹp, gần khu dân cư hiện hữu, tiện ích đầy đủ xung quanh. Khu vực Tân Tây Đô có mật độ dân cư cao, nhu cầu ở thực lớn, thanh khoản tốt. Lô đất phù hợp xây nhà ở lâu dài, cho thuê hoặc đầu tư trung dài hạn. Liên hệ xem đất & làm việc trực tiếp:",Hà Nội,Đất,,55.2,,,no_supported_price,[]
shard_0000.parquet,269905,"CHÍNH CHỦ GỬI BÁN LÔ ĐẤT 200M SIÊU ĐẸP TẠI ĐÔNG HẠ, PHÚ CÁT, QUỐC OAI","CHÍNH CHỦ GỬI BÁN LÔ ĐẤT 200M SIÊU ĐẸP TẠI ĐÔNG HẠ, PHÚ CÁT, QUỐC OAI, HÀ NỘI Vị trí đẹp: Cách mặt đường tỉnh lộ 421B chỉ vài bước chân, ngõ rộng ô tô tránh nhau, giao thông cực kỳ thuận tiện. Mặt tiền 5m = hậu vuông vắn pháp lý rõ ràng, sang tên nhanh chóng Đường trước đất thông thoáng, ô tô vào tận nơi, kết nối dễ dàng ra Đại lộ Thăng Long trung tâm Hà Nội. Giá : chỉ nhỉnh 3 tỷ Thích hợp đầu tư sinh lời, xây nhà vườn nghỉ dưỡng hoặc giữ đất dài hạn đều đẹp! Liên hệ xem đất : e Ngoan",Hà Nội,Đất,,200.0,3000000000.0,,missing_structured_price,"[{""source"": ""description"", ""text"": ""3 tỷ Thích hợp đầu "", ""parsed_value_vnd"": 3000000000.0, ""basis"": ""total"", ""total_equivalent_vnd"": 3000000000.0}]"
shard_0003.parquet,151461,BÁN ĐẤT TT HỒ Ô TÔ GẦN TRUNG TÂM TIỆN ÍCH BẠT NGÀN DT70M2 NHỈNH 1 TỶ,"+ Bán gấp mảnh đất hiếm TT Hồ, Thuận Thành, tài chính phù hợp với nhiều khách hàng; + Hình thửa đẹp, gần trung tâm, tiện ích bạt ngàn; + Đường ô tô, gần đường 120m kết nối sân bay Gia Bình- Hà Nội, QL17, QL38...; + Sổ đỏ chính chủ trao tay trong ngày! * LH: Mr Chẩn ( Uy Tín- Tận Tâm- Hiệu Quả) * P/S: MIỄN MG VÀ TRUNG GIAN....",Bắc Ninh,Đất,1550000000,70.0,1000000000.0,0.55,mismatch,"[{""source"": ""title"", ""text"": ""1 TỶ"", ""parsed_value_vnd"": 1000000000.0, ""basis"": ""total"", ""total_equivalent_vnd"": 1000000000.0}]"
shard_0007.parquet,184746,"Bán nhà riêng tại đường Vườn Lài, 1,59 tỷ, 35m2, Q12, HCM","Bán nhà đường Vườn Lài, phường An Phú Đông, Quận 12, Hồ Chí Minh. - Diện tích 35m2, 2 tầng, 2PN, 2WC, nhà mới sạch sẽ thoáng mát, hẻm xe hơi. Nhà ngày gần chợ, trường đại học Nguyễn Tất Thành và các trường cấp 1.2.3. Giá 1.59 tỷ còn thương lượng. Liên hệ ngay Huy Trần qua số [phone_number] để biết thêm chi tiết!",Hồ Chí Minh,Nhà,1590000000,35.0,1590000000.0,0.0,matched_2pct,"[{""source"": ""title"", ""text"": ""1,59 tỷ, 35m2, Q12, HC"", ""parsed_value_vnd"": 1590000000.0, ""basis"": ""total"", ""total_equivalent_vnd"": 1590000000.0}, {""source"": ""description"", ""text"": ""1.59 tỷ còn thương lượ"", ""parsed_value_vnd"": 1590000000.0, ""basis"": ""total"", ""total_equivalent_vnd"": 1590000000.0}]"
shard_0008.parquet,303401,VĨNH HƯNG BÁN TOÀ NHÀ VĂN PHÒNG 230m 9 tầng 2 thang máy giá quá rẻ 86 tỷ một siêu tòa nhà,"Cần bán toà nhà văn phòng tại phố Vĩnh Hưng diện tích 230m nhà xây 8 nổi 1 tầng hầm mặt tiền 9m 2 thang máy ,đầy đủ hệ thống pccc ,các loại giấy phép bản thiết kế ,gia chủ cần tiền nên bán căn tự xây tâm huyết giá 86 tỷ có thương lượng cho khách thiện chí ,giá quá rẻ so với khu vực chưa đến 377tr/m anh chị có nhu cầu tìm mặt bằng kinh doanh liên hệ em Toàn nhanh [phone_number]",Hà Nội,Nhà,85000000000,230.0,86000000000.0,0.011627906976744186,matched_2pct,"[{""source"": ""title"", ""text"": ""86 tỷ một siêu tòa n"", ""parsed_value_vnd"": 86000000000.0, ""basis"": ""total"", ""total_equivalent_vnd"": 86000000000.0}, {""source"": ""description"", ""text"": ""86 tỷ có thương lượn"", ""parsed_value_vnd"": 86000000000.0, ""basis"": ""total"", ""total_equivalent_vnd"": 86000000000.0}, {""source"": ""description"", ""text"": ""377tr/m anh chị có n"", ""parsed_value_vnd"": 377000000.0, ""basis"": ""total"", ""total_equivalent_vnd"": 377000000.0}]"
shard_0002.parquet,266156,"Bán nhà 33m2 x 5 tầng, 5,6 tỷ tại Phố Viên, Đức Thắng, Bắc Từ Liêm, Hà Nội, gần ĐH Mỏ, HV Tài Chính","Nhà dân xây 5 tầng tọa lạc ở vị trí thuận tiện tại đường Phố Viên, Phường Đức Thắng, Bắc Từ Liêm, Hà Nội. Diện tích 33m2, giá bán 5,6 tỷ VND, nhà có thiết kế hiện đại với 3 phòng ngủ và đầy đủ nội thất như điều hòa, giường, tủ lạnh. Ô tô nhỏ đỗ cửa. Ngõ vào rộng 3m, thuận lợi cho việc di chuyển. Pháp lý đầy đủ, đảm bảo an toàn cho giao dịch. Địa điểm xung quanh: Học Viện Tài Chính, ĐH Mỏ, Học Viện CS,... + Gần bệnh viện Nam Thăng Long, bệnh viện Mặt Trời - Sun Group International Hospital, Bệnh viện Đa khoa Phương Đông. + Tiện ích công viên Hòa Bình gần kề. + Gần trường Tiểu học - THCS Pascal, Tata English và WBS Training Vietnam Company Limited. Liên hệ ngay để biết thêm chi tiết về bất động sản này qua số điện thoại hoặc gặp Đỗ Văn Thanh.",Hà Nội,Nhà,5600000000,33.0,5600000000.0,0.0,matched_2pct,"[{""source"": ""title"", ""text"": ""5,6 tỷ tại Phố Viên, "", ""parsed_value_vnd"": 5600000000.0, ""basis"": ""total"", ""total_equivalent_vnd"": 5600000000.0}, {""source"": ""description"", ""text"": ""5,6 tỷ VND, nhà có th"", ""parsed_value_vnd"": 5600000000.0, ""basis"": ""total"", ""total_equivalent_vnd"": 5600000000.0}]"
shard_0003.parquet,231677,Bán gấp căn hộ chung cư N03T5 Ngoại Giao Đoàn – Diện tích 185m2 – Tầng 20,"Thông tin mô tả. Bán gấp căn hộ tại chung cư cao cấp N03T5 Ngoại Giao Đoàn quận Bắc Từ Liêm, HN. Diện tích 185m2 sử dụng. Nhà tầng 20 thoáng mát. Bàn giao nhà được ngay. Sổ đỏ lâu dài, sẵn sàng giao dịch. Vị trí tiện đi lại. Xung quanh tiện ích. Giá bán chỉ nhỉnh 15 tỷ. Liên hệ: 0978 837 119 Kiên.",Hà Nội,Căn hộ chung cư,15000000000,185.0,15000000000.0,0.0,matched_2pct,"[{""source"": ""description"", ""text"": ""15 tỷ. Liên hệ: 0978"", ""parsed_value_vnd"": 15000000000.0, ""basis"": ""total"", ""total_equivalent_vnd"": 15000000000.0}]"
shard_0009.parquet,214348,"Bán nhà xe hơi vi vu ngủ trong nhà đ.Huỳnh Tấn Phát Q.7, HCM","Nhà riêng 3 tầng tại Huỳnh Tấn Phát, Phú Thuận, Quận 7, TP. HCM với diện tích 63m2. + 3 phòng ngủ, 3 phòng tắm, 1 phòng khách. + Giá bán: 9,3 tỷ VND. + Mặt tiền rộng 4.8m, ngõ vào 5m, thuận tiện cho ô tô. + Pháp lý đầy đủ, sổ đỏ. Điểm nổi bật: + Phong thủy tốt, không gian thoáng đãng. + Thích hợp cho gia đình ở, khu dân trí cao, an ninh... + Gần Chi Cục thuế Quận 7, siêu thị Bách Hóa Xanh. Liên hệ ngay để được tư vấn và xem sổ, ĐT: , Trần Quốc Việt.",Hồ Chí Minh,Nhà,9300000000,63.0,9300000000.0,0.0,matched_2pct,"[{""source"": ""description"", ""text"": ""9,3 tỷ VND. + Mặt tiề"", ""parsed_value_vnd"": 9300000000.0, ""basis"": ""total"", ""total_equivalent_vnd"": 9300000000.0}]"
shard_0002.parquet,59603,"Bán nhà riêng tại khu nhà ở Thạch Bàn, Thạch Bàn, Long Biên, Hà Nội, giá cực chất 6,2 tỷ, 32m2","Nhanh tay sở hữu căn nhà riêng tại Khu nhà ở Thạch Bàn, Thạch Bàn, Long Biên, Hà Nội với diện tích 32m2 và giá 6,2 tỷ VND. Nhà mới full nội thất, khách chỉ việc xách valy về ở. - Diện tích: 32m2. - Mặt tiền rộng 4.2m. - Ngõ vào rộng 3m, thuận tiện cho việc di chuyển. - Nhà nằm trong khu vực dân cư an ninh, yên tĩnh. Căn nhà có mặt tiền thích hợp để kinh doanh, tạo cơ hội cho những ai muốn khởi nghiệp hoặc mở rộng hoạt động thương mại. Không gian sống thoải mái, gần gũi với thiên nhiên, giúp cư dân có được chất lượng sống tốt. Khu vực xung quanh: - Gần bệnh viện tâm thần Hà Nội. - Công viên Hoa Hồng và công viên Thạch Bàn. - Siêu thị Hằng Thuần. - Trường Cao đẳng Nghề Long Biên. Sổ đỏ vuông đét pháp lý rõ ràng sẵn sàng giao dịch.",Hà Nội,Nhà,6200000000,32.0,6200000000.0,0.0,matched_2pct,"[{""source"": ""title"", ""text"": ""6,2 tỷ, 32m2"", ""parsed_value_vnd"": 6200000000.0, ""basis"": ""total"", ""total_equivalent_vnd"": 6200000000.0}, {""source"": ""description"", ""text"": ""6,2 tỷ VND. Nhà mới f"", ""parsed_value_vnd"": 6200000000.0, ""basis"": ""total"", ""total_equivalent_vnd"": 6200000000.0}]"
shard_0009.parquet,43733,"Bán đất ở đô thị 100m2, đường Trần Đại Nghĩa 35 Tr/m2 - Xã Lê Minh Xuân - BC.","(Xã Bình Lợi - TP. HCM /Giá bán 3.5 tỷ/TL - Khoảng 35Tr/m2). Bán đất ở đô thị 100m2, đường Trần Đại Nghĩa, Xã Lê Minh Xuân - BC. Vị Trí: Đất vuông vứt, đường Trần Đại Nghĩa, Đoạn Gần Cầu Kinh C. Diện tích: 100.2m2 (5x22). (Đất ở đô thị). Hướng: ĐN, Sổ hồng: 18/02/2019. Giá bán: (35 Triệu/m2 - TL) Mua chỉ có lời. Gọi ngay 24/7: [phone_number]",Hồ Chí Minh,Đất,3500000000,100.0,3500000000.0,0.0,matched_2pct,"[{""source"": ""title"", ""text"": ""35 Tr/m2 - Xã Lê Min"", ""parsed_value_vnd"": 35000000.0, ""basis"": ""per_m2"", ""total_equivalent_vnd"": 3500000000.0}, {""source"": ""description"", ""text"": ""3.5 tỷ/TL - Khoảng 35"", ""parsed_value_vnd"": 3500000000.0, ""basis"": ""total"", ""total_equivalent_vnd"": 3500000000.0}, {""source"": ""description"", ""text"": ""35Tr/m2). Bán đất ở"", ""parsed_value_vnd"": 35000000.0, ""basis"": ""per_m2"", ""total_equivalent_vnd"": 3500000000.0}, {""source"": ""description"", ""text"": ""35 Triệu/m2 - TL) Mua c"", ""parsed_value_vnd"": 35000000.0, ""basis"": ""per_m2"", ""total_equivalent_vnd"": 3500000000.0}]"
shard_0007.parquet,287263,"Bán đất hẻm 1 sẹt đường Nguyễn Thị Trọn, giá 500 triệu","HOA HỒNG 30TR THÂN GỞI ACE BÁN GẤP LÔ ĐẤT LỌT KHE CÔNG CHỨNG VI BẰNG Vị trí: Hẻm 1 sẹt đường Nguyễn Thị Trọn, hẻm rộng 5m, xe hơi ra vào thoải mái. Diện tích: 4m X 16 (64m) Giá: 500 triệu bớt lộc nhẹ cho anh chị thiện chí. Pháp lý: Vi bằng rõ ràng, mua bán nhanh gọn. Liên hệ: [phone_number] Mr. Duy",Hồ Chí Minh,Đất,500000000,64.0,500000000.0,0.0,matched_2pct,"[{""source"": ""title"", ""text"": ""500 triệu"", ""parsed_value_vnd"": 500000000.0, ""basis"": ""total"", ""total_equivalent_vnd"": 500000000.0}, {""source"": ""description"", ""text"": ""30TR THÂN GỞI ACE B"", ""parsed_value_vnd"": 30000000.0, ""basis"": ""total"", ""total_equivalent_vnd"": 30000000.0}, {""source"": ""description"", ""text"": ""500 triệu bớt lộc nhẹ ch"", ""parsed_value_vnd"": 500000000.0, ""basis"": ""total"", ""total_equivalent_vnd"": 500000000.0}]"
shard_0006.parquet,263604,"Cần bán nhà HXH 7m Phan Văn Trị, Phường 5, Gò Vấp 56m2. Giá. TT 3,6tỷ. SHR. Thanh Trà","- Cần bán gấp nhà hẻm xe hơi Phan Văn Trị, Phường 5, Gò Vấp. Hẻm 7m, xe hơi quay đầu thoải mái. Thông ra Nguyễn Văn Nghi. - Nằm tại trung tâm quận Gò Vấp. Khu vực dân cư đông đúc, kinh doanh buôn bán sầm uất. Bán kính 500m có đầy đủ tiện ích như trạm xăng, Vincom Plaza Gò Vấp, Bách Hoá Xanh, Điện Máy Xanh, chợ, trường học đầy đủ, camera an ninh 24/24. - Diện tích: 4 x 14m. - Kết cấu: 1 trệt, 2 lầu. 3 phòng ngủ, 4 phòng vệ sinh. - Pháp lý: Sổ hồng riêng, sang tên trong ngày. - Liên hệ ngay . Thanh Trà",Hồ Chí Minh,Nhà,,56.0,3600000000.0,,missing_structured_price,"[{""source"": ""title"", ""text"": ""3,6tỷ. SHR. Thanh Tr"", ""parsed_value_vnd"": 3600000000.0, ""basis"": ""total"", ""total_equivalent_vnd"": 3600000000.0}]"
shard_0004.parquet,312132,Bán rất gấp nhà siêu khan hiếm mặt tiền Hai Bà Trưng - DT: 10 x 25m - 2 lầu - giá bán: 68 Tỷ TL,"- Bán rất gấp nhà siêu khan hiếm mặt tiền Hai Bà Trưng, P. Tân Định, Quận 1. - Diện tích: 10 x 25m. - Kết cấu: Trệt + 2 lầu. - Phù hợp xây dựng building, căn hộ dịch vụ cao cấp, khách sạn. - Giá bán: 68 Tỷ TL. - Liên hệ ngay: [phone_number] Tư Hậu.",Hồ Chí Minh,Nhà,68000000000,250.0,68000000000.0,0.0,matched_2pct,"[{""source"": ""title"", ""text"": ""68 Tỷ TL"", ""parsed_value_vnd"": 68000000000.0, ""basis"": ""total"", ""total_equivalent_vnd"": 68000000000.0}, {""source"": ""description"", ""text"": ""68 Tỷ TL. - Liên hệ "", ""parsed_value_vnd"": 68000000000.0, ""basis"": ""total"", ""total_equivalent_vnd"": 68000000000.0}]"
shard_0001.parquet,77804,"Cơ hội vàng! Chính chủ bán nhà mặt tiền đường Trương Thị Hoa, Q12 - ngang 5x15m","Vị trí: Mặt tiền đường Trương Thị Hoa, Tân Thới Hiệp, Quận 12. Tiện ích: Cách chợ 2p đi xe. Gần nhà văn hoá thể thao Tân Thới Hiệp. Cao đẳng Sài Gòn. Dân cư đông đúc hiện hữu. Kết cấu: 1 trệt 1 lầu 2 PN 3 WC. Diện tích: Ngang 5 dài 15m (75m2). Ngân hàng hỗ trợ vay lên đến 70%. Liên hệ SĐT [phone_number]Quỳnh Như để biết thêm thông tin chi tiết và hỗ trợ xem nhà.",Hồ Chí Minh,Nhà,3450000000,75.0,,,no_supported_price,[]
shard_0007.parquet,24663,"Bán nhà- lô góc 2 mặt tiền kinh doanh đỉnh- 52m -đường rộng 2 xe tải - phú thọ hòa, quận tân phú","LÔ GÓC 2 MẶT TIỀN KINH DOANH ĐỈNH 52m ĐƯỜNG RỘNG 2 XE TẢI PHÚ THỌ HÒA ĐỊA CHỈ: Phú Thọ Hoà Phường Phú Thọ Hòa Quận Tân Phú - Giá: giảm sâu chỉ còn 6.98 tỷ ( thương lượng) HẺM: Đường rộng, 2 xe tải tránh nhau khu kinh doanh sầm uất chợ vải Phú Thọ Hoà THÔNG SỐ: 52m (ngang gần 6mx10m) KẾT CẤU: 1 trệt 2 lầu. Tầng trệt: mặt bằng đẹp, khai thác kinh doanh tốt. Lầu 12: 2 phòng ngủ, 3WC, sân thượng rộng thoáng. PHÁP LÝ: Nhà chính chủ lâu năm, minh bạch, vào giao dịch nhanh.",Hồ Chí Minh,Nhà,6980000000,52.0,6980000000.0,0.0,matched_2pct,"[{""source"": ""description"", ""text"": ""6.98 tỷ ( thương lượng"", ""parsed_value_vnd"": 6980000000.0, ""basis"": ""total"", ""total_equivalent_vnd"": 6980000000.0}]"
shard_0009.parquet,176779,"Bán căn hộ The Mansion, NVL, 2PN 2WC, 83m2, 02 ban công. Tầng 11, miễn trung gian. Giá 2,35tỷ","Bán căn hộ The Mansion, Nguyễn Văn Linh, Bình Chánh, 2PN, 2WC, 83m2, 02 ban công, tầng 11, ban công lớn hướng đông bắc, hướng Phú Mỹ Hưng, ban công nhỏ hướng Đông nam, vị trí sát Đại học Văn Hiến và Đại học Kinh tế, nằm trên trục đường Nguyễn Văn Linh, xã Phong Phú Bình Chánh, gần Quốc lộ 50, xung quanh có tiện tích hồ bơi, siêu thị, công viên, không bị nắng chiều chiếu nóng, gió mát quanh năm. Nội thất cơ bản: 02 máy lạnh, máy giặt, có quạt các phòng, 03 tủ quần áo âm tường, SoFa, tủ bếp trên, dưới. Sổ hồng. Giá: 2,35 tỷ đồng. Phí quản lý; 7.700/m2, xe máy 80.000đ/xe, ô tô 600.000đ/xe. Điện, nước giá nhà nước, không tiếp môi giới. LH chính chủ để xem nhà",Hồ Chí Minh,Căn hộ chung cư,2350000000,83.0,2350000000.0,0.0,matched_2pct,"[{""source"": ""title"", ""text"": ""2,35tỷ"", ""parsed_value_vnd"": 2350000000.0, ""basis"": ""total"", ""total_equivalent_vnd"": 2350000000.0}, {""source"": ""description"", ""text"": ""2,35 tỷ đồng. Phí quản"", ""parsed_value_vnd"": 2350000000.0, ""basis"": ""total"", ""total_equivalent_vnd"": 2350000000.0}]"
shard_0004.parquet,237427,Bán nhà TL 29. Dt 4 x13. Khu Trung Nhân. Giá 4 tỷ 480,Bán nhà đi zulich ạ Nhà tl29 Khu Trung Nhân Diện tích 4x 13 Nhà 1 trệt lầu 2pn 2wc Giá 4 tỷ 480 Lh [phone_number] cg,Hồ Chí Minh,Nhà,4480000000,52.0,4000000000.0,0.12,mismatch,"[{""source"": ""title"", ""text"": ""4 tỷ 480"", ""parsed_value_vnd"": 4000000000.0, ""basis"": ""total"", ""total_equivalent_vnd"": 4000000000.0}, {""source"": ""description"", ""text"": ""4 tỷ 480 Lh [phone_"", ""parsed_value_vnd"": 4000000000.0, ""basis"": ""total"", ""total_equivalent_vnd"": 4000000000.0}]"
shard_0003.parquet,268910,"Bán nhà Vĩnh Hưng Lô góc cực hiếm 2 thoáng vĩnh viễn, gần phố cách ô tô 50m","Bán nhà Vĩnh Hưng Lô góc cực hiếm, thoáng vĩnh viễn Nhà 4 tầng chắc chắn, thiết kế hợp lý, về ở ngay Diện tích: hợp lý, công năng đầy đủ Chỉ 1 ngoặt ra phố lớn, đường ô tô gần nhà Lô góc, 2 mặt thoáng sáng tự nhiên, gió mát quanh năm Vị trí đẹp, tiện ích đầy đủ, giao thông thuận tiện Nội thất đầy đủ với điều hòa, tủ lạnh, giường ngủ... Mặt tiền 4.6m, phong thủy tốt, thích hợp cho gia đình hoặc đầu tư. Pháp lý đầy đủ. **Ưu điểm:** - Thiết kế thông minh, không gian sống thoải mái. - Gần các tiện ích như siêu thị Winmart+, T Mart Lĩnh Nam và công viên Park Hill. **Tiện ích xung quanh:** - Trường Khoa Kinh Tế - Trường Đại Học Mở Hà Nội. - Bệnh viện Dệt May, Bệnh Viện Đa Khoa Quốc Tế Vinmec Times City. Liên hệ ngay để biết thêm chi tiết: E Yến [phone_number]",Hà Nội,Nhà,4700000000,21.0,,,no_supported_price,[]
shard_0008.parquet,334707,Tôi về quê ở bán nhà Đồng Nai-P15-Quận 10 gần siêu thị GO Miền Đông. 3tỷ800 72m2 đang cho thuê 27tr,"Tôi chuyển về quê ở, cần bán nhà đường Đồng Nai - Phường 15 - Quận 10, gần siêu thị GO Miền Đông, trường THPT Nguyễn Du, khu dân trí cao. - Giá 3tỷ800. - Nhà đang cho thuê 27 triệu/tháng. - Diện tích: 5m x 14.4m (72m2). - Xây dựng: 1 trệt - 2 lầu đúc - sân thượng (bê tông cốt thép). Gồm 4 phòng ngủ - 5 nhà vệ sinh - sân thượng. - Sổ hoàn công đủ - sang tên liền. Liên hệ [phone_number] gặp Trí có giá tốt.",Hồ Chí Minh,Nhà,3800000000,72.0,3800000000.0,0.0,matched_2pct,"[{""source"": ""title"", ""text"": ""3tỷ800 72m2 đang c"", ""parsed_value_vnd"": 3800000000.0, ""basis"": ""total"", ""total_equivalent_vnd"": 3800000000.0}, {""source"": ""description"", ""text"": ""3tỷ800. - Nhà đang"", ""parsed_value_vnd"": 3800000000.0, ""basis"": ""total"", ""total_equivalent_vnd"": 3800000000.0}]"
shard_0004.parquet,92841,"Bán nhà khương trung thanh xuân dt 73m x 2t x mt 3,2m giá 10,6 tỷ có thương lượng","*Chủ xác định bán đất tặng nhà 2 tầng cũ. + Dt 73m : sử dụng 78m + Mặt tiền thực tế 3,24m *Vị trí ngõ nông thoáng, phù hợp xây ccmn SỔ ĐỎ CHÍNH CHỦ SSGD LH :E DƯƠNG [phone_number] ) TƯ VẤN",Hà Nội,Nhà,10600000000,73.0,10600000000.0,0.0,matched_2pct,"[{""source"": ""title"", ""text"": ""10,6 tỷ có thương lượn"", ""parsed_value_vnd"": 10600000000.0, ""basis"": ""total"", ""total_equivalent_vnd"": 10600000000.0}]"
shard_0002.parquet,148832,"Hiếm Tây Hồ - cho thuê dòng tiền - gần ô tô - bán đất tặng nhà 35m2 - chỉ 7,5 tỷ Xuân Diệu","Hiếm Tây Hồ - cho thuê dòng tiền - gần ô tô - bán đất tặng nhà 35m2 - chỉ 7,5 tỷ Xuân Diệu. Sổ đỏ đẹp SSGD. Zalo [phone_number] Vị trí TT quận Tây Hồ, ngõ thông, gần ô tô, khu vực hiếm nhà bán, Xuân Diệu là phố nhiều người nước ngoài chọn để làm việc và sinh sống. Đầu tư xây toà nhà 7 tầng thang máy để ở hay cho thuê siêu lợi nhuận, khu vực lúc nào cũng kín phòng. Chủ nhà đang cho thuê dòng tiền ổn định. Giá trị BĐS luôn tăng. Gọi ngay Mrs Triệu BĐS Nhà Thật. Zalo [phone_number] để có giá tốt nhất.",Hà Nội,Nhà,7500000000,35.0,,,no_supported_price,[]
shard_0001.parquet,252328,"Chính chủ cần bán gấp nhà 50m2 Phú Đô, giá 9,75 tỷ - 10m đường trung tâm, ngõ nông","Chính chủ cần bán gấp nhà 50m2 Phú Đô, giá 9,750 tỷ - 10m đường trung tâm, ngõ nông. Thông số vàng: Diện tích đất: 50m², nở hậu nhẹ. Mặt tiền rộng rãi: 5m, đón ánh sáng tự nhiên tốt. Thiết kế thông minh: 4 tầng, bố trí mỗi tầng 2 phòng ngủ, tổng cộng 4 phòng ngủ rộng rãi, đáp ứng mọi nhu cầu sinh hoạt. Nhà dân tự xây dựng chắc chắn, đảm bảo độ bền và an toàn cao. Vị trí yên tĩnh, an ninh, gần các tiện ích khu vực. Phù hợp để ở lâu dài, cho thuê nguyên căn hoặc khai thác phòng trọ. Sổ đỏ chính chủ, sẵn sàng giao dịch. - Liên hệ em Dung, chuyên thổ cư nhà phố, nhà đẹp giá tốt, xem nhà ngay. - Cô, bác, anh, chị có nhu cầu tìm nhà khu vực Mỹ Đình, Cầu Giấy. Liên hệ em Dung, nguồn nhà phong phú, tận tâm nhiệt tình.",Hà Nội,Nhà,9750000000,50.0,9750000000.0,0.0,matched_2pct,"[{""source"": ""title"", ""text"": ""9,75 tỷ - 10m đường tr"", ""parsed_value_vnd"": 9750000000.0, ""basis"": ""total"", ""total_equivalent_vnd"": 9750000000.0}, {""source"": ""description"", ""text"": ""9,750 tỷ - 10m đường tr"", ""parsed_value_vnd"": 9750000000000.0, ""basis"": ""total"", ""total_equivalent_vnd"": 9750000000000.0}]"
shard_0003.parquet,73192,"Bán căn hộ vip An Thượng 15, Sơn Trà, Đà Nẵng","Còn duy nhất 1 tòa căn hộ phố Tây An Thượng, giá chỉ 13 tỷ - sẵn dòng tiền 42 triệu/ tháng. Mô tả: + Toà căn hộ 5 tầng kiên cố, pháp lý chuẩn chỉnh, gồm 7 phòng khép kín, luôn luôn full phòng. + Sản phẩm hiếm ngay phố Tây An Thượng, biển Mỹ Khê, vừa ở vừa kinh doanh dòng tiền tốt, tiềm năng tăng giá theo các dự án. Giá bán: 13 tỷ!",Đà Nẵng,Nhà,13000000000,52.0,13000000000.0,0.0,matched_2pct,"[{""source"": ""description"", ""text"": ""13 tỷ - sẵn dòng tiề"", ""parsed_value_vnd"": 13000000000.0, ""basis"": ""total"", ""total_equivalent_vnd"": 13000000000.0}, {""source"": ""description"", ""text"": ""13 tỷ!"", ""parsed_value_vnd"": 13000000000.0, ""basis"": ""total"", ""total_equivalent_vnd"": 13000000000.0}]"
shard_0006.parquet,154797,"Bán nhanh lô đất nền khu dân cư, gần chợ Thông Dụng, gần đường DT 743 đường lớn","Bán nhanh lô đất nền nằm trong khu dân cư hiện hữu. Mặt tiền đường 22m. Lề đường 6m, tiện kinh doanh. Giáo dục y tế giải trí đều nằm gọn trong bán kính 5km quanh Phố Nhật Vượng. BĐS có vị trí kim cương: Mặt tiền đường 22m, song hành trục Lê Hồng Phong liền kề Thủ Đức, kết nối Quận 1 chỉ 30 phút. Giáo dục trong tầm tay: 5 trường mầm non 4 trường tiểu học 1 trường liên cấp. Chỉ mất 36 phút để đến: MN Việt Mỹ, THCS THPT Dĩ An, Trường Phan Chu Trinh. Y tế chuẩn quốc tế: 5 phút đến: BV Hạnh Phúc Becamex Columbia Asian. Giải trí mua sắm: 5 phút: Vincom Plaza Dĩ An. 10 phút: Aeon Mall Bình Dương. Không gian xanh du lịch cuối tuần: 3 phút đến Công viên TP Dĩ An, Hố Lang, KDL Thủy Châu. Một nơi ở đủ đầy tiện ích một tài sản liền thổ giá trị thực một cơ hội còn sót lại. Liên hệ em [phone_number] để được tư vấn rõ hơn.",Bình Dương,Đất,4620000000,75.0,,,no_supported_price,[]
shard_0000.parquet,182489,"Bán đất Đường Bát Khối, 5,5 tỷ, 50m2, mặt tiền 5m, ngõ rộng 6m bao đẹp","Đất nằm ở Đường Bát Khối, p Cự Khối, Long Biên, Hà Nội, với diện tích 50m2 và mặt tiền rộng 5m. Giá chỉ 5,5 tỷ VND, cực kỳ hợp lý cho một vị trí đắc địa như thế này. Ngõ vào rộng 6m, xe hơi ra vào thoải mái. Khu vực này rất thích hợp cho việc kinh doanh hoặc xây dựng nhà ở. Đất sạch, không vướng bận gì cả. Khu vực xung quanh . Công viên hoa hồng - Ecopark. Aeon Mall Long Biên. Oe Ecopark. Khu đô Thị bậc nhất Liên hệ ngay để biết thêm chi tiết qua [phone_number] và gặp Nguyễn Thu Hường.",Hà Nội,Đất,5500000000,50.0,5500000000.0,0.0,matched_2pct,"[{""source"": ""title"", ""text"": ""5,5 tỷ, 50m2, mặt tiề"", ""parsed_value_vnd"": 5500000000.0, ""basis"": ""total"", ""total_equivalent_vnd"": 5500000000.0}, {""source"": ""description"", ""text"": ""5,5 tỷ VND, cực kỳ hợ"", ""parsed_value_vnd"": 5500000000.0, ""basis"": ""total"", ""total_equivalent_vnd"": 5500000000.0}]"
shard_0007.parquet,160281,"Bán căn hộ Mizuki Park, block MP345 56m2/2PN. Full nội thất, sẵn sổ. Giá 3,48 tỷ. LH: [phone_number]","***Bán căn hộ Mizuki Park, đường Nguyễn Văn Linh, xã Bình Hưng, TPHCM. Căn 56m² thiết kế 2PN, 1WC, ko có ban công và 1 logia. Block MP345, view nội khu. Nhà mới, nội thất đầy đủ, khách mua dọn vào ở ngay. Pháp lý: sổ hồng sẵn. Công chứng sang tên ngay. Giá bán: 3,48 tỷ. Thương lượng cho KH thiện chí. Hỗ trợ khách vay NH. -------- Căn hộ nằm trong khu đô thị Mizuki Park, rộng 26ha. Tiện tích nội-ngoại khu đầy đủ, có gym, hồ bơi miễn phí. Bảo vệ, lễ tân 24/7. Có suất đậu xe máy, xe oto. -------- Liên hệ em thông tin chi tiết và xem nhà: [phone_number] call/zalo",Hồ Chí Minh,Căn hộ chung cư,3480000000,56.0,3480000000.0,0.0,matched_2pct,"[{""source"": ""title"", ""text"": ""3,48 tỷ. LH: [phone_nu"", ""parsed_value_vnd"": 3480000000.0, ""basis"": ""total"", ""total_equivalent_vnd"": 3480000000.0}, {""source"": ""description"", ""text"": ""3,48 tỷ. Thương lượng "", ""parsed_value_vnd"": 3480000000.0, ""basis"": ""total"", ""total_equivalent_vnd"": 3480000000.0}]"
shard_0003.parquet,184910,"Bán căn hộ 2PN The Marq - Nội thất đẹp, giá 15.2 tỷ - nắm key xem nhà 24/7. Full giỏ hàng đầu tư","Bán căn hộ hạng sang The Marq - tọa lạc tại vị trí kim cương - nơi chỉ vài bước chân là đến sứ quán các nước, khách sạn 5 sao, trung tâm mua sắm cao cấp, phố tài chính... The Marq - đẳng cấp sống sang giữa lòng Sài Gòn. ----------------------------------- Thông tin chi tiết căn hộ: + Kết cấu: 2 phòng ngủ, 2 phòng tắm - view Landmark 81. + Nội thất cao cấp - mới - đẹp. + Diện tích: 74m² - Thiết kế tinh tế. + Trần cao 3.2m - thông thoáng, mát mẻ. + Giá: 15,2 tỷ VND (bao gồm thuế, phí). + Sàn nhà, bếp, nhà vệ sinh đều được ốp bằng đá marble; hệ thống bếp nhập khẩu từ Đức... ------------------------------------ Tiện ích chuẩn resort 5 sao ở tầng thượng: Hồ bơi vô cực ngắm nhìn toàn cảnh thành phố. Gym, sauna & Jacuzzi. Phòng tiệc - BBQ - SkyBar. Phòng thư viện - Khu vui chơi trẻ em. ------------------------------------- The Marq District 1. Địa chỉ: 29B Nguyễn Đình Chiểu, phường Sài Gòn, TP.",Hồ Chí Minh,Căn hộ chung cư,15200000000,74.0,15200000000.0,0.0,matched_2pct,"[{""source"": ""title"", ""text"": ""15.2 tỷ - nắm key xem "", ""parsed_value_vnd"": 15200000000.0, ""basis"": ""total"", ""total_equivalent_vnd"": 15200000000.0}, {""source"": ""description"", ""text"": ""15,2 tỷ VND (bao gồm t"", ""parsed_value_vnd"": 15200000000.0, ""basis"": ""total"", ""total_equivalent_vnd"": 15200000000.0}]"
shard_0005.parquet,4879,"Bán nhà riêng 15 tỷ 512 m2 tại Tân Phú, Quận 9, HCM - Chính chủ, uy tín","Nhà riêng tại Tân Phú, Quận 9, TP. HCM với diện tích 512 m2, 1PN, 1WC, 1 tầng, giá 15 tỷ. + Khu vực yên tĩnh, thoáng đãng, thuận tiện cho gia đình sinh sống. + Thiết kế hiện đại, không gian rộng rãi, phù hợp với nhu cầu sinh hoạt. + Nội thất đầy đủ: Điều hòa, giường, tủ lạnh. Điểm cộng: Pháp lý đầy đủ, sổ đỏ. Địa điểm xung quanh: - Cơ sở 2 bệnh viện Ung Bướu TP. HCM. - Trường Mầm Non Công Nghệ Cao. - Công viên Văn Hóa Suối Tiên. - Siêu Thị Bách Hóa Xanh. Liên hệ để được tư vấn miễn phí qua số - Ngô Quang Lý.",Hồ Chí Minh,Nhà,15000000000,512.0,15000000000.0,0.0,matched_2pct,"[{""source"": ""title"", ""text"": ""15 tỷ 512 m2 tại Tân"", ""parsed_value_vnd"": 15000000000.0, ""basis"": ""total"", ""total_equivalent_vnd"": 15000000000.0}, {""source"": ""description"", ""text"": ""15 tỷ. + Khu vực yên"", ""parsed_value_vnd"": 15000000000.0, ""basis"": ""total"", ""total_equivalent_vnd"": 15000000000.0}]"
shard_0009.parquet,208833,"Bán Đất 108,5m2 tại Hòn Nghê, 2,29 tỷ, pháp lý đầy đủ","Nhanh tay sở hữu lô đất 108,5m2 tại Đường Hòn Nghê, Phường Tây Nha Trang, Khánh Hòa (Thành phố Nha Trang, Khánh Hòa cũ), với giá 2,29 tỷ VND. - Pháp lý đầy đủ, sổ đỏ/ sổ hồng. - Hướng cửa chính Tây Bắc, mang lại phong thủy tốt cho gia chủ. - Mặt tiền rộng 5m, thuận tiện cho việc kinh doanh. - Đường vào rộng 6,3m, phù hợp cho xe ô tô ra vào thoải mái. - Đầy đủ tiện nghi với điều hòa, tủ lạnh... - Khu vực phát triển, tiềm năng sinh lời cao. Địa điểm tiện ích xung quanh - Gần siêu thị Bách Hóa Xanh. - Bệnh viện Da liễu Khánh Hòa và Bệnh viện Ung bướu Khánh Hòa. Liên hệ ngay để biết thêm chi tiết phúc [phone_number]",Khánh Hòa,Đất,2290000000,108.5,2290000000.0,0.0,matched_2pct,"[{""source"": ""title"", ""text"": ""2,29 tỷ, pháp lý đầy đ"", ""parsed_value_vnd"": 2290000000.0, ""basis"": ""total"", ""total_equivalent_vnd"": 2290000000.0}, {""source"": ""description"", ""text"": ""2,29 tỷ VND. - Pháp lý"", ""parsed_value_vnd"": 2290000000.0, ""basis"": ""total"", ""total_equivalent_vnd"": 2290000000.0}]"
shard_0003.parquet,93267,"Bán căn hộ chung cư Melody Vũng Tàu 1 phòng ngủ giá 2,7 tỷ. LH","Bán căn hộ 1 phòng ngủ Melody Vũng Tàu. - DT 59m2(1PN, 1WC), view hồ Bàu Sen và Bãi Trước. - Cách quảng trường cột cờ Bãi Sau 500m. - Bán 2tỷ7 (đã có sổ). Thái",Bà Rịa - Vũng Tàu,Căn hộ chung cư,2700000000,59.0,2700000000.0,0.0,matched_2pct,"[{""source"": ""title"", ""text"": ""2,7 tỷ. LH"", ""parsed_value_vnd"": 2700000000.0, ""basis"": ""total"", ""total_equivalent_vnd"": 2700000000.0}, {""source"": ""description"", ""text"": ""2tỷ7 (đã có sổ). T"", ""parsed_value_vnd"": 2700000000.0, ""basis"": ""total"", ""total_equivalent_vnd"": 2700000000.0}]"
shard_0005.parquet,187804,"Bán căn hộ Moonlight Boulevard,Bình Tân Lh : [phone_number] Minh Anh","Không người quản lý cần bán lại căn hộ Moonlight Boulevard,diện tích 56m2 ,1pn (có thể thiết kế thêm 1pn ),1wc giá bán 2tỷ6.Lầu cao view đẹp.",Hồ Chí Minh,Căn hộ chung cư,2600000000,56.0,2600000000.0,0.0,matched_2pct,"[{""source"": ""description"", ""text"": ""2tỷ6.Lầu cao view "", ""parsed_value_vnd"": 2600000000.0, ""basis"": ""total"", ""total_equivalent_vnd"": 2600000000.0}]"
shard_0008.parquet,150437,"Bán nhà Tam Trinh gần cầu Mai Động, 10m ra ô tô tránh, phù hợp ở, kd online, văn phòng","- Bán nhà riêng phân lô phố Tam Trinh, sau quy hoạch cách 1 dãy là mặt phố rộng 8 làn xe, ngõ thông hai đầu đều ô tô tránh, bãi gửi xe ô tô cách nhà 30m thuận tiện di chuyển nội đô Minh Khai, Kim Ngưu, Lò Đúc, Vành đai 2,5 , Đền Lừ, Kim Đồng, Giải Phóng .... - Diện tích hơn 30m x 4 tầng, Nhà dân xây chắc chắn, khu phân lô bàn cờ, dân trí cao nói không với quy hoạch - Sổ vuông vắn - chính chủ- sẵn sàng giao dịch - Liên hệ để xem nhà và gặp chính chủ để có giá tốt nhất: [phone_number]Miễn trung gian và Môi giới)",Hà Nội,Nhà,9000000000,32.0,,,no_supported_price,[]
shard_0008.parquet,105610,Bán căn hộ Osimi 43m2 - LH xem nhà: [phone_number],Vị trí ngay Coopmart Phú Mỹ - BRVT. Diện tích: 43m2 - 1PN 1WC. Nhà trống Giá: 1.550 tỷ (bao sổ). LH xem nhà: [phone_number] Hải.,Bà Rịa - Vũng Tàu,Căn hộ chung cư,1550000000,43.0,1550000000000.0,0.999,mismatch,"[{""source"": ""description"", ""text"": ""1.550 tỷ (bao sổ). LH x"", ""parsed_value_vnd"": 1550000000000.0, ""basis"": ""total"", ""total_equivalent_vnd"": 1550000000000.0}]"
shard_0000.parquet,243731,"Bán tòa nhà siêu vị trí mặt tiền Nguyễn Công Trứ - DT 9.5x22m - Hầm 9 tầng, HĐT: 250tr - Giá 65 tỷ","Bán tòa nhà siêu vị trí mặt tiền đường Nguyễn Công Trứ, Phường Nguyễn Thái Bình, Quận 1. - Diện tích: 9,5x22m, 209m2. - Kết cấu: Hầm, 8 tầng, sân thượng. - Có thang máy + PCCC. - Hợp đồng thuê: 250 triệu/tháng. - Tuyến đường được mệnh danh là phố tài chính của TPHCM, tập trung nhiều ngân hàng, tòa nhà hạng A, khách sạn 5 sao,... Giá bán: 65 tỷ cho 1 căn. Gọi ngay em Hiệu: [phone_number] (24/7).",Hồ Chí Minh,Nhà,65000000000,209.0,,,multiple_text_prices,"[{""source"": ""title"", ""text"": ""250tr - Giá 65 tỷ"", ""parsed_value_vnd"": 250000000.0, ""basis"": ""total"", ""total_equivalent_vnd"": 250000000.0}, {""source"": ""title"", ""text"": ""65 tỷ"", ""parsed_value_vnd"": 65000000000.0, ""basis"": ""total"", ""total_equivalent_vnd"": 65000000000.0}, {""source"": ""description"", ""text"": ""65 tỷ cho 1 căn. Gọi"", ""parsed_value_vnd"": 65000000000.0, ""basis"": ""total"", ""total_equivalent_vnd"": 65000000000.0}]"
shard_0005.parquet,279334,"Bán căn hộ CC Samsora Premier, 4,98 tỷ, 60 m2, 2PN, 2WC, view đẹp","Căn hộ chung cư Samsora Premier tọa lạc tại Chu Văn An, Quang Trung, Hà Đông, Hà Nội, là sự lựa chọn hoàn hảo cho những ai đang tìm kiếm một không gian sống hiện đại và tiện nghi. - Giá bán: 4,98 tỷ VND. - Diện tích: 60m2. - 2 phòng ngủ (2PN) và 2 phòng tắm (2WC). - Thiết kế hiện đại, không gian sống thoáng đãng và đầy đủ tiện nghi. - Vị trí thuận lợi, dễ dàng di chuyển đến các khu vực lân cận. Khu vực xung quanh - Bệnh viện đa khoa 16A Hà Đông. - Siêu thị điện máy HC - Vạn Phúc. - Trường mầm non Thần Đồng. Liên hệ ngay để biết thêm thông tin chi tiết về căn hộ này qua số điện thoại [phone_number] và người phụ trách Tăng Ngọc Tiến.",Hà Nội,Căn hộ chung cư,4980000000,60.0,4980000000.0,0.0,matched_2pct,"[{""source"": ""title"", ""text"": ""4,98 tỷ, 60 m2, 2PN, 2"", ""parsed_value_vnd"": 4980000000.0, ""basis"": ""total"", ""total_equivalent_vnd"": 4980000000.0}, {""source"": ""description"", ""text"": ""4,98 tỷ VND. - Diện tí"", ""parsed_value_vnd"": 4980000000.0, ""basis"": ""total"", ""total_equivalent_vnd"": 4980000000.0}]"
shard_0009.parquet,96634,"Bán đất Bùi Xuân Phái - Hải Châu, 82m2 trục 7m5 rộng rãi, gần sông Hàn","Chào bán lô đất mặt tiền Bùi Xuân Phái, Hải Châu, Đà Nẵng. - Diện tích 82m2 ngang 4m. - Hướng Bắc. - Trục đường 7m5 rộng rãi. - Vị trí gần sông Hàn, gần chợ Đống Đa, biển Nguyễn Tất Thành. Liên hệ [phone_number]",Đà Nẵng,Đất,9200000000,82.0,,,no_supported_price,[]
shard_0002.parquet,192545,"Bán gấp lô đất 225m2 hẻm xe tải tránh, cách MT Lò Lu vài chục mét, chỉ 4x triệu/m2","Bán gấp lô đất 225m2 hẻm xe tải tránh, cách MT Lò Lu vài chục mét. Đối diện trường mầm non, tiện ích đủ đầy: Chợ, trường, siêu thị. Đường Lò Lu sắp hoàn thành tiềm năng tăng giá mạnh. Ngang chuẩn, nở hậu tài lộc. Giá 11.2 tỷ. Liên hệ Em Hường [phone_number] xem đất.",Hồ Chí Minh,Đất,11200000000,225.0,11200000000.0,0.0,matched_2pct,"[{""source"": ""description"", ""text"": ""11.2 tỷ. Liên hệ Em Hư"", ""parsed_value_vnd"": 11200000000.0, ""basis"": ""total"", ""total_equivalent_vnd"": 11200000000.0}]"
shard_0001.parquet,8383,"Tôi cần bán lô đất mặt QL 31, Thái Đào, Bắc Giang - đối diện Trường CĐ Việt Hàn giá rẻ 35 triệu/m2","Đất Thái Đào tại Quốc lộ 31, Xã Thái Đào, Lạng Giang, Bắc Giang. Lô đất diện tích 130m2, giá chỉ 35 triệu VND + Đường đôi vào rộng 52.7m, thoải mái cho xe ô tô di chuyển dễ dàng. + Mặt tiền 6.5m, lý tưởng cho việc kinh doanh hoặc xây dựng nhà ở. + Đã có sổ sang tên ngay công chứng trong ngày Liên hệ trực tiếp chính chủ. Không tiếp mô giới số điện thoại của tôi [phone_number]",Bắc Giang,Đất,35000000,130.0,4550000000.0,0.9923076923076923,mismatch,"[{""source"": ""title"", ""text"": ""35 triệu/m2"", ""parsed_value_vnd"": 35000000.0, ""basis"": ""per_m2"", ""total_equivalent_vnd"": 4550000000.0}, {""source"": ""description"", ""text"": ""35 triệu VND + Đường đô"", ""parsed_value_vnd"": 35000000.0, ""basis"": ""total"", ""total_equivalent_vnd"": 35000000.0}]"
shard_0005.parquet,146792,Cần bán bán nhanh lô đất mặt đường 2 thị trấn Cành Nàng,Cần bán lô 10x25m ngay cạnh đường 2 thị trấn Cành Nàng. Đất phẳng đét. Hướng đẹp. Đất đẹp. Sẵn sổ đỏ công chứng.,Thanh Hóa,Đất,3750000000,250.0,,,no_supported_price,[]
shard_0007.parquet,236101,"Bán nhà chính chủ Lê Lợi, Gò Vấp - DT 41,4m2 - 3PN/2WV - HXH 5m - Giá chỉ 4tỷ590 - Bao sang tên","Nhà riêng nằm tại Lê Lợi, p 4, Gò Vấp, Hồ Chí Minh, với diện tích 41,4m2. Nhà 2 tầng, 3PN, 2WC, thiết kế hiện đại và đầy đủ nội thất, tạo không gian sống thoải mái cho gia đình. + Giá bán: 4tỷ590 + Diện tích: 3,6x11,5 (41,4m2) + Số tầng: 2 + Hướng cửa chính: Đông Nam + HXH 5m + Nội thất: Điều hòa, giường, tủ lạnh... Nhà có pháp lý đầy đủ, tạo sự an tâm cho khách hàng. Mặt tiền rộng rãi, thích hợp cho việc buôn bán hoặc cho thuê. Không gian sống yên tĩnh, thoáng mát, đảm bảo sự riêng tư. Gần các tiện ích: + Cách trường học: 500m + Cách siêu thị Bách hóa xanh: 800m + Cách công viên: 1km + Gần Đại Học Công Nghiệp 4 Liên hệ ngay để làm việc với chính chủ: [phone_number], Nguyễn Trang.",Hồ Chí Minh,Nhà,4590000000,41.4,4590000000.0,0.0,matched_2pct,"[{""source"": ""title"", ""text"": ""4tỷ590 - Bao sang "", ""parsed_value_vnd"": 4590000000.0, ""basis"": ""total"", ""total_equivalent_vnd"": 4590000000.0}, {""source"": ""description"", ""text"": ""4tỷ590 + Diện tích"", ""parsed_value_vnd"": 4590000000.0, ""basis"": ""total"", ""total_equivalent_vnd"": 4590000000.0}]"
shard_0008.parquet,313300,"Cần bán lô đất hẻm 306 Y Moan, cách mặt tiền Y Moan chỉ 100m, giá 2.35 tỷ","Cần bán lô đất hẻm 306 Y Moan, cách mặt tiền Y Moan chỉ 100m - Diện tích: 5m x 22m - Thổ cư: 56m2 - Hướng: Nam - Khu dân cư, đường bê tông rộng 6m, ô tô thoải mái - Giá: 2 tỷ 350 triệu ( thương lượng ) Liên hệ [phone_number]",Đắk Lắk,Đất,2350000000,110.0,2350000000.0,0.0,matched_2pct,"[{""source"": ""title"", ""text"": ""2.35 tỷ"", ""parsed_value_vnd"": 2350000000.0, ""basis"": ""total"", ""total_equivalent_vnd"": 2350000000.0}, {""source"": ""description"", ""text"": ""2 tỷ 350 triệu ( th"", ""parsed_value_vnd"": 2350000000.0, ""basis"": ""total"", ""total_equivalent_vnd"": 2350000000.0}]"
shard_0009.parquet,312860,"Bán nhà 2 lầu đường thông kinh doanh buôn bán MT đường Số 8 ngay chợ Bình Triệu, nhà thờ Fatima","Bán nhà 2 lầu mặt tiền DS8 ngay chợ Bình Triệu, cách QL13 200m. Thông tin: + Diện tích: 4 x 12,5 = 50m2. + Kết cấu: 1 trệt 2 lầu 1 sân thượng, 4 phòng ngủ, 5 toillet riêng, bếp, sân thượng trước sau. - Hướng: Tây. Giá: 8 tỷ 200 triệu (còn TL). Tiện ích: Trường học cấp 1,2,3 bán kính 1km. Siêu thị tiện lợi, chợ, siêu thị, bách hóa xanh... - Cách Ql13 200m. LH: [phone_number] E Huy (xem nhà trực tiếp).",Hồ Chí Minh,Nhà,8200000000,50.0,8200000000.0,0.0,matched_2pct,"[{""source"": ""description"", ""text"": ""8 tỷ 200 triệu (còn"", ""parsed_value_vnd"": 8200000000.0, ""basis"": ""total"", ""total_equivalent_vnd"": 8200000000.0}]"
shard_0004.parquet,100082,"Tôi chính chủ bán nhà phố Lê Trọng Tấn 30m2, ngõ ba gác 5 tầng nhà mới. Giá nhỉnh 5 tỷ","Do nhu cầu không sử dụng đến tôi chính chủ bán căn nhà ở phố Lê Trọng Tấn Hà Đông Hà Nội. 30m2. Thiệt kế 5 tầng chắc chắn hiện đại. Nội thất đẹp mới. Tầng 1 phòng khách + bếp + wc. Tầng 2.3.4: Mỗi Tầng một ngủ + wc. Tầng 5 sân phơi + phòng thờ. View thoáng hậu bên. Tầm nhìn thoáng đãng. Xung quanh tiện ích đầy đủ. Gâng chợ gần trường. Siêu thị. Đường thông tứ phía, xuyên ra Lê Văn Lương, Vạn Phúc, Quang Trung. Không gian yên tĩnh. LH Giá có thương lượng. Chỉ nhỉnh 5 tỷ. Không tiếp môi giới.",Hà Nội,Nhà,5500000000,30.0,5000000000.0,0.1,mismatch,"[{""source"": ""title"", ""text"": ""5 tỷ"", ""parsed_value_vnd"": 5000000000.0, ""basis"": ""total"", ""total_equivalent_vnd"": 5000000000.0}, {""source"": ""description"", ""text"": ""5 tỷ. Không tiếp mô"", ""parsed_value_vnd"": 5000000000.0, ""basis"": ""total"", ""total_equivalent_vnd"": 5000000000.0}]"
shard_0003.parquet,323090,"Bán gấp đất lọt khe 4x21 ngay vòng xoay An Lạc, Quốc Lộ 1A, Võ Văn Kiệt, Bình Tân, hẻm 8m, giá 4,7","Bán gấp đất lọt khe 4x21 ngay vòng xoay An Lạc, Quốc Lộ 1A, Võ Văn Kiệt, Bình Tân, hẻm 8m, giá chỉ 4,7 tỷ. Mô tả: 346. - Bán đất lọt khe full thổ cư. Thích hợp mua xây nhà mới hoặc căn hộ dịch vụ. Diện tích khủng 82m2 ngang 4 dài 20.5. Khu toàn nhà cao tầng. Tìm không ra nền thứ 2 trong khu vực. Quá rẻ. - Hẻm xe tải hơn 6m, xe hơi vào nhà thoải mái. Hẻm cụt yên tĩnh đậu xe hơi trước nhà không làm phiền ai. Khu dân trí cao, an ninh, tiện ích bao quanh, gần Ủy Ban nhân dân phường, trường học các cấp. Tiện di chuyển các quận trung tâm,... - Sổ hồng riêng full thổ cư, lộ giới chút xíu. Sổ vuông đẹp công chứng mua bán nhanh.",Hồ Chí Minh,Đất,4700000000,82.0,4700000000.0,0.0,matched_2pct,"[{""source"": ""description"", ""text"": ""4,7 tỷ. Mô tả: 346. -"", ""parsed_value_vnd"": 4700000000.0, ""basis"": ""total"", ""total_equivalent_vnd"": 4700000000.0}]"
shard_0006.parquet,15985,Bán nhà Đường Nguyễn Bá Luật - Thủ Đức #GIÁ 1 TỶ 750,"BÁN NHÀ ĐẸP - GẦN VINCOM PLAZA THỦ ĐỨC - ĐƯỜNG NGUYỄN BÁ LUẬT #Giá bán: 1 Tỷ 750 (còn thương lượng) Vị trí cực thuận tiện: Gần trường Đại học, trường Mầm non Xung quanh đầy đủ tiện ích như chợ, bệnh viện, TTTM Vincom ... Thông tin căn nhà: Đường 6m xe hơi ra vào thoải mái, khu dân cư an ninh Diện tích: 5 x 13 (65m2 công nhận) Kết cấu: 1 trệt - 2 lầu Công năng: 3 phòng ngủ - 4 toilet, sân thượng, phòng khách rộng rãi thoáng mát, sân trước 3m Nhà mới, thiết kế hiện đại, hoàn thiện tỉ mỉ, chỉ việc xách vali vào ở ngay ! #Giá chỉ: 1 Tỷ 750 (còn thương lượng) Ngân hàng hỗ trợ vay vốn 60% Pháp lý: Sổ hồng riêng - sang tên công chứng ngay Nhà đẹp, giá siêu tốt - phù hợp để ở hoặc đầu tư sinh lời lâu dài. Liên hệ SĐT/Zalo: [phone_number]Minh Anh) tư vấn hỗ trợ xem nhà trực tiếp #Nhasaigongiare #Bds #Thủđức #Quận9 #Nhàgiárẻ #Nhadepthuduc",Hồ Chí Minh,Nhà,1750000000,65.0,1000000000.0,0.75,mismatch,"[{""source"": ""title"", ""text"": ""1 TỶ 750"", ""parsed_value_vnd"": 1000000000.0, ""basis"": ""total"", ""total_equivalent_vnd"": 1000000000.0}, {""source"": ""description"", ""text"": ""1 Tỷ 750 (còn thươn"", ""parsed_value_vnd"": 1000000000.0, ""basis"": ""total"", ""total_equivalent_vnd"": 1000000000.0}, {""source"": ""description"", ""text"": ""1 Tỷ 750 (còn thươn"", ""parsed_value_vnd"": 1000000000.0, ""basis"": ""total"", ""total_equivalent_vnd"": 1000000000.0}]"
shard_0000.parquet,51043,"Bán nhà mặt tiền 51 tỷ số 143 Mai Chí Thọ ,P.An Phú ,Q2, TP Hồ Chí Minh DT: 11.7x22m, 253.7m2","Bán nhà mặt tiền 51 tỷ số 143 Mai Chí Thọ ,P.An Phú ,Q2, TP Hồ Chí Minh DT: 11.7x22m, 253.7m2 , Full thổ cư, Giá 200 Triệu/m2 ,~51 tỷ, TÂN ĐẠI DƯƠNG REAL ESTATE chia sẻ list giỏ hàng đang cập nhật 100.000 Ts Bất động sản nhà phố Cao cấp CHÍNH CHỦ từ 30 tỷ - 2000 tỷ tại TPHCM nhé. https://www.facebook.com/share/g/16XUaQdnoF/?mibextid=wwXIfr TÀI SẢN TRỰC TIẾP CHÍNH CHỦ ĐANG RAO BÁN XIN MỜI CÁC NHÀ ĐẦU TƯ VÀ ANH CHỊ EM MÔI GIỚI QUAN TÂM FOLLOW KÊNH... TAN DAI DUONG INVESTMENT DEVELOPMENT CONSULTING JSC. Trụ sở : Rosita Khang Điền Quận 9 Thành phố Thủ Đức. Liên hệ : ([phone_number]",Hồ Chí Minh,Nhà,51000000000,253.0,51000000000.0,0.0,matched_2pct,"[{""source"": ""title"", ""text"": ""51 tỷ số 143 Mai Chí"", ""parsed_value_vnd"": 51000000000.0, ""basis"": ""total"", ""total_equivalent_vnd"": 51000000000.0}, {""source"": ""description"", ""text"": ""51 tỷ số 143 Mai Chí"", ""parsed_value_vnd"": 51000000000.0, ""basis"": ""total"", ""total_equivalent_vnd"": 51000000000.0}, {""source"": ""description"", ""text"": ""200 Triệu/m2 ,~51 tỷ, TÂ"", ""parsed_value_vnd"": 200000000.0, ""basis"": ""per_m2"", ""total_equivalent_vnd"": 50600000000.0}, {""source"": ""description"", ""text"": ""51 tỷ, TÂN ĐẠI DƯƠNG"", ""parsed_value_vnd"": 51000000000.0, ""basis"": ""total"", ""total_equivalent_vnd"": 51000000000.0}, {""source"": ""description"", ""text"": ""30 tỷ - 2000 tỷ tại "", ""parsed_value_vnd"": 30000000000.0, ""basis"": ""total"", ""total_equivalent_vnd"": 30000000000.0}, {""source"": ""description"", ""text"": ""2000 tỷ tại TPHCM nhé."", ""parsed_value_vnd"": 2000000000000.0, ""basis"": ""total"", ""total_equivalent_vnd"": 2000000000000.0}]"
shard_0008.parquet,29397,"Alluvia bán nhanh căn 3n góc - 115m2 - tầng trung - hướng mát - Giá chỉ từ 8,2 tỷ full VAT","Chính thức mở bán căn hộ cao cấp Alumi - tại Aluvia City. * Mặt bằng tầng điển hình: - 17 căn/sàn - bố trí thoáng và rộng rãi. - Cơ cấu căn linh hoạt: + 3PN: 115m2 - 125 m². + Căn Duplex: 93,8 m² - 225,9 m². --------------------------------------------------- Điểm nhấn nổi bật của. Tầng 1, 2: Shophouse & TMDV tâm điểm giao thương ngay dưới nhà. Tầng 3: Phòng SHCĐ Yoga Bể bơi hệ tiện ích giúp tái tạo năng lượng từng ngày. Tầng 4 - 19 & 22 - 37: Mỗi tầng 23 căn tối ưu gió trời & ánh sáng tự nhiên. Tầng 20 - 21: Duplex thông tầng riêng tư, đẳng cấp, giới hạn chủ nhân. Penthouse: Chỉ 11 căn/tầng (2 tầng) biểu tượng sống khác biệt, dành cho số ít. -------------------------------------------- * Các điểm nhấn nổi bật. - Cầu Ngọc Hồi đang được thi công và dự kiến bàn giao vào 2027. - Vành đai 3.5 - trí kết nối Hà Nội nhanh chóng qua các trục huyết mạch. - Con đường di sản ven Sông Hồng. - Bến du",Hưng Yên,Căn hộ chung cư,0,115.0,8199999999.999999,1.0,mismatch,"[{""source"": ""title"", ""text"": ""8,2 tỷ full VAT"", ""parsed_value_vnd"": 8199999999.999999, ""basis"": ""total"", ""total_equivalent_vnd"": 8199999999.999999}]"
shard_0006.parquet,166108,Chính chủ cần bán mặt Phố Trần Thái Tông vị trí đắc địa,"Bán nhà mặt phố Trần Thái Tông. Dt 162m2 Mt 7m xây toà Văn phòng cực đẹp, hiện đã có nhà 6 tầng cho thuê Quý khách hàng quan tâm liên hệ e Huệ để biết thông tin chi tiết: [phone_number]",Hà Nội,Nhà,137700000000,162.0,,,no_supported_price,[]
shard_0005.parquet,100402,"Hot hot bán nhanh căn hộ Luxcity 85m2 3PN 2WC full NT chỉ 4tỷ7, căn góc siêu thoáng","Cần bán chung cư cao cấp Luxcity mặt tiền, Huỳnh Tấn Phát, Phường Bình Thuận, Quận 7. - Diện tích: 85m² 3PN 2WC, view đẹp xịn sò, lầu cao thoáng mát. - Tiện ích được sử dụng tại tòa nhà: Hồ bơi, công viên, BBQ... - Tiện ích ngoại khu: Vị trí đắc địa trung tâm Quận 7 liền kề Phú Mỹ Hưng dễ dàng di chuyển đi các Quận trung tâm. Giá bán 4 tỷ 7. Liên hệ: Kiều Loan để xem căn hộ ngay và luôn ạ.",Hồ Chí Minh,Căn hộ chung cư,4700000000,85.0,4700000000.0,0.0,matched_2pct,"[{""source"": ""title"", ""text"": ""4tỷ7, căn góc siêu"", ""parsed_value_vnd"": 4700000000.0, ""basis"": ""total"", ""total_equivalent_vnd"": 4700000000.0}, {""source"": ""description"", ""text"": ""4 tỷ 7. Liên hệ: Ki"", ""parsed_value_vnd"": 4000000000.0, ""basis"": ""total"", ""total_equivalent_vnd"": 4000000000.0}]"
shard_0002.parquet,89314,Chính chủ muốn bán nhà đẹp tại Phùng Khoang,"Nhà đẹp tại phùng khoang. ACE quan tâm LH [phone_number] DT 37/40m2 T2. Nhà 4 tầng mặt tiền 3.2m. Gia 8.2 tỷ Nam Từ Liêm. - Vị trí: Vừa đẹp ở hiện tại, vừa có tương lai rộng mở. + Cách 30m ra ô tô tránh. + Gần trường mầm non Phùng Khoang. + Tương lai có quy hoạch công viên cây xanh ngay đầu ngõ. - Thiết kế: Nhà đủ công năng. Phía sau có khe thoáng. + Tầng 1: Khách, bếp, để xe. + Tầng 2, 3: Mỗi tầng 2p cầu thang giữa, Wc chung. - Pháp lý: Sổ đỏ chính chủ ss giao dịch.",Hà Nội,Nhà,8200000000,37.0,8199999999.999999,1.1630174590320123e-16,matched_2pct,"[{""source"": ""description"", ""text"": ""8.2 tỷ Nam Từ Liêm. -"", ""parsed_value_vnd"": 8199999999.999999, ""basis"": ""total"", ""total_equivalent_vnd"": 8199999999.999999}]"
shard_0003.parquet,78431,Bán biệt thự Vinpearl Phú Quốc 3PN giáp biển giá 9.2 tỷ,"Thông tin biệt thự cần bán: - DT 400m2. - Dạng 2 tầng 3 phòng ngủ. - View hồ, vị trí ngay sau dãy mặt biển. - Giá mua hồi đầu: Gần 20 tỷ. - Thu nhập 1.5 tỷ/năm (net sau thuế). - Mỗi năm có 15 đêm nghỉ miễn phí (có thể mua bán lại nếu không dùng). - Còn nửa năm nhận tiền cam kết nữa, sau đó chuyển sang giai đoạn chia sẻ theo tỷ lệ 85/15. - Giá bán hiện tại: 9.2 tỷ. Anh chị cần thêm thông tin chi tiết hơn, vui lòng LH vào SĐT: [phone_number]Lam Anh). Trân trọng, Em Lam Anh.",Kiên Giang,Biệt thự/Nhà liền kề,9200000000,400.0,9200000000.0,0.0,matched_2pct,"[{""source"": ""title"", ""text"": ""9.2 tỷ"", ""parsed_value_vnd"": 9200000000.0, ""basis"": ""total"", ""total_equivalent_vnd"": 9200000000.0}, {""source"": ""description"", ""text"": ""20 tỷ. - Thu nhập 1."", ""parsed_value_vnd"": 20000000000.0, ""basis"": ""total"", ""total_equivalent_vnd"": 20000000000.0}, {""source"": ""description"", ""text"": ""9.2 tỷ. Anh chị cần t"", ""parsed_value_vnd"": 9200000000.0, ""basis"": ""total"", ""total_equivalent_vnd"": 9200000000.0}]"
shard_0000.parquet,187122,"Chính chủ bán gấp nhà Lĩnh Nam Giá 6,1 tỷ Diện Tích 36m nhà 3 tầng cách 3 nhà ra oto tránh","Chủ nhà bán ,Hàng độc quyền khách đâu tư nhập tốt ,Giá 6,1 tỷ nhà 3 tầng diện tích 36m ,Nhà ngay đầu phố Lĩnh Nam tiện ích bạt gàn LH em Nga [phone_number] GIÁ ĐẦU TƯ",Hà Nội,Nhà,6100000000,36.0,6100000000.0,0.0,matched_2pct,"[{""source"": ""title"", ""text"": ""6,1 tỷ Diện Tích 36m "", ""parsed_value_vnd"": 6100000000.0, ""basis"": ""total"", ""total_equivalent_vnd"": 6100000000.0}, {""source"": ""description"", ""text"": ""6,1 tỷ nhà 3 tầng diệ"", ""parsed_value_vnd"": 6100000000.0, ""basis"": ""total"", ""total_equivalent_vnd"": 6100000000.0}]"
shard_0003.parquet,285697,"Bán tòa nhà tại Đường Phạm Vấn, Phú Thọ Hòa, Tân Phú, Hồ Chí Minh, 52 tỷ, 13x17m 6 tầng như hình","Nhà mặt phố tại Đường Phạm Vấn, Phường Phú Thọ Hòa, Tân Phú, Hồ Chí Minh là một cơ hội lý tưởng cho những ai đang tìm kiếm một bất động sản đắc địa. Với diện tích 226m2 và mặt tiền rộng 13m, đường vào 16m, bất động sản này rất phù hợp cho việc kinh doanh hoặc mở văn phòng. Pháp lý đầy đủ, mang lại sự an tâm cho người mua. Điểm nổi bật của căn nhà này là phong thủy tốt, tạo điều kiện thuận lợi cho việc phát triển kinh doanh. Khu vực này không chỉ nổi bật với sự sầm uất mà còn mang lại nhiều tiện ích cho cuộc sống hàng ngày. Tiện ích xung quanh: - Trường mầm non Nguyễn Thị Tú (Tân Phú), Trường mầm non Việt Mỹ, Trường mầm non Ngôi Nhà Hạnh Phúc - Happy House. - Công viên đường A khu ADC, Công viên Vườn Lài, Công viên Phan Đình Phùng. - Siêu thị Bách Hóa Xanh 220 Bình Long, Siêu thị Bách Hóa Xanh Dương Văn Dương, Japana - Siêu thị Nhật Bản. Để biết thêm thông tin chi tiết và đặt lịch xem nhà",Hồ Chí Minh,Nhà,52000000000,226.0,52000000000.0,0.0,matched_2pct,"[{""source"": ""title"", ""text"": ""52 tỷ, 13x17m 6 tầng"", ""parsed_value_vnd"": 52000000000.0, ""basis"": ""total"", ""total_equivalent_vnd"": 52000000000.0}]"
shard_0008.parquet,121173,[phường bàn cờ] bán nhà 5 tầng mặt tiền - trong chợ kinh doanh sầm uất hxh 8m - chỉ 9.5 tỷ,"* Thông tin chi tiết: Diện tích: 30m² (3m x 10m). Diện tích sàn: 120m² sử dụng hiệu quả Kết cấu: 1 trệt, lửng, 3 lầu, sân thượng. Gồm 4 phòng ngủ, 4 WC, phòng khách rộng, bếp và sân thượng thoáng mát Pháp lý: Sổ hồng riêng, hoàn công đầy đủ, công chứng ngay trong ngày * Vị trí đắc địa - Khu Chợ Bàn Cờ: Hẻm xe hơi 8m, cực kỳ thông thoáng, kinh doanh đa ngành nghề Cách mặt tiền Nguyễn Thiện Thuật chỉ vài bước chân, thông ra Bàn Cờ - Điện Biên Phủ - Nguyễn Đình Chiểu Trung tâm Phường Bàn Cờ - Quận 3 cũ, vị trí vàng hiếm có Khu vực kinh doanh sầm uất, dân cư đông đúc, dòng tiền ổn định quanh năm * Ưu điểm nổi bật: Nhà 5 tầng BTCT, thiết kế hiện đại, full nội thất cao cấp Cầu thang cuối nhà, phòng khách dài thuận tiện mở shop, văn phòng, showroom mini Hẻm xe hơi 8m, xe ra vào thoải mái rất hiếm trong trung tâm Quận 3 Tiện ích đầy đủ: gần chợ, siêu thị, trường học, bệnh viện, trung tâm thương ",Hồ Chí Minh,Nhà,9500000000,30.0,9500000000.0,0.0,matched_2pct,"[{""source"": ""title"", ""text"": ""9.5 tỷ"", ""parsed_value_vnd"": 9500000000.0, ""basis"": ""total"", ""total_equivalent_vnd"": 9500000000.0}, {""source"": ""description"", ""text"": ""9,5 Tỷ (thương lượng "", ""parsed_value_vnd"": 9500000000.0, ""basis"": ""total"", ""total_equivalent_vnd"": 9500000000.0}]"
shard_0005.parquet,166486,"Bán nhà căn góc vip Q. 10 Nguyễn Tiểu La P. 8 - 40m2 - 3 tầng - giá chỉ 5,55 tỷ còn thương lượng","Bán nhà căn góc vip Q. 10 Nguyễn Tiểu La P. 8. Giá: 5,55 tỷ TL. Diện tích: 40m² (4,4 x 9). Kết cấu: 3 Tầng Trệt Lững Lầu 2 PN 1 WC, trống suốt. Hẻm trước nhà: 3m, xe hơi thông. Vị trí: Căn góc, chỉ cách mặt tiền 10m, gần Bà Hạt 3/2 chợ Nguyễn Tri Phương. Pháp lý: Chính chủ, mua bán công chứng ngay. Ghi chú: Cô chủ dễ thương, trả giá là bán.",Hồ Chí Minh,Nhà,5550000000,40.0,5550000000.0,0.0,matched_2pct,"[{""source"": ""title"", ""text"": ""5,55 tỷ còn thương lượ"", ""parsed_value_vnd"": 5550000000.0, ""basis"": ""total"", ""total_equivalent_vnd"": 5550000000.0}, {""source"": ""description"", ""text"": ""5,55 tỷ TL. Diện tích:"", ""parsed_value_vnd"": 5550000000.0, ""basis"": ""total"", ""total_equivalent_vnd"": 5550000000.0}]"
shard_0006.parquet,141924,"Bán đất mặt tiền Trần Mai Ninh thuộc khu dân cư Cầu Suối, Phường Vĩnh Quang","Đất 95m2 thổ cư 100%, đường lộ nhựa 5m, lề mỗi bên 4m, xe hơi tới nơi, nền cao ráo thuận tiện xây nhà ở liền... Đất hướng Tây Bắc, tương lai thông ra khu tây bắc, đường 3/2 nối dài chỗ tòa án đang xây (đã cắm bảng hiệu tên đường). Giá 1.390 tỷ.",Kiên Giang,Đất,1390000000,95.0,1390000000000.0,0.999,mismatch,"[{""source"": ""description"", ""text"": ""1.390 tỷ."", ""parsed_value_vnd"": 1390000000000.0, ""basis"": ""total"", ""total_equivalent_vnd"": 1390000000000.0}]"
shard_0006.parquet,349364,BÁN NHÀ LẠC TRUNG 60M 5 TẦNG Ô TÔ TRÁNH ĐỖ NGÀY ĐÊM GIÁ HƠN 11 TỶ,NHÀ PHỐ LẠC TRUNG -KIM NGƯU -LÒ ĐÚC Phân lô ô Tô chạy vòng quanh có vỉa hè bãi đỗ xe sát nhà 5 Tầng chủ Tự xây khung cột chắc chắn diện tích rộng mặt tiền đẹp sổ đỏ riêng sang tên Trung Tâm quận Hai bà Trưng Tiện ích bạt ngàn dân trí cao 15p đạp xe lên nhà hát lớn bờ hồ công viên thống nhất Hàng xóm các trường đại học lớn như Bách khoa -xây dựng -kinh Tế -bệnh viện bạch mai Giao Thông thuận lợi Tiện ích bạt ngàn Thông tin chi tiết LH Em An nhà đẹp,Hà Nội,Nhà,11800000000,60.0,11000000000.0,0.07272727272727272,mismatch,"[{""source"": ""title"", ""text"": ""11 TỶ"", ""parsed_value_vnd"": 11000000000.0, ""basis"": ""total"", ""total_equivalent_vnd"": 11000000000.0}]"
shard_0005.parquet,5715,"Bán nhà riêng tại Cổ Điển A, 8,15 tỷ, 52m2, giá tốt, Thanh Trì, Hà Nội","Chính Chủ gửi bán căn nhà cực kì hiếm, sát khu tái định cư Tứ Hiệp, ngay cạnh chợ Tứ Hiệp... Cách 20m ra oto tránh, đường trước nhà 3m thoáng rộng. DT: 52m2, tầng: 5, full công năng. MT: 4,1m nhà mới coong. Sổ đỏ chính chủ giao dịch nhanh. Lh: [phone_number] E Tùng xem nhà luôn.",Hà Nội,Nhà,7500000000,52.0,8150000000.0,0.07975460122699386,mismatch,"[{""source"": ""title"", ""text"": ""8,15 tỷ, 52m2, giá tốt"", ""parsed_value_vnd"": 8150000000.0, ""basis"": ""total"", ""total_equivalent_vnd"": 8150000000.0}]"
shard_0000.parquet,136758,"Bán nhà mặt phố Đường 33, Tân Kiểng, Quận 7, TP. HCM, 9,9 tỷ, 70m2, giá tốt!","Nhanh tay sở hữu nhà mặt phố tại Đường 33, Phường Tân Kiểng, Quận 7, TP. HCM với diện tích 70m2. Với giá chỉ 9,9 tỷ VND, đây là cơ hội tuyệt vời cho những ai đang tìm kiếm không gian sống lý tưởng. + 7 phòng ngủ rộng rãi, thoáng mát. + 7 toilet tiện nghi. + 4 tầng kiên cố, thiết kế hiện đại. + Mặt tiền 3.5m, phù hợp cho việc kinh doanh. + Nội thất đầy đủ: Điều hòa, giường, tủ lạnh... Điểm nổi bật của căn nhà này chính là phong thủy tốt, đường vào rộng 12m, dễ dàng cho việc di chuyển và kinh doanh. Pháp lý đầy đủ, đảm bảo an toàn cho mọi giao dịch. Khu vực xung quanh rất thuận lợi với các tiện ích như công viên bờ sông Tôn Thất Thuyết và nhiều siêu thị, bệnh viện, trường học nổi tiếng, tạo điều kiện sống tiện nghi cho cả gia đình. Liên hệ ngay để được tư vấn miễn phí qua số điện thoại [phone_number] và gặp Phạm Thị Hoài Phương.",Hồ Chí Minh,Nhà,9900000000,70.0,9900000000.0,0.0,matched_2pct,"[{""source"": ""title"", ""text"": ""9,9 tỷ, 70m2, giá tốt"", ""parsed_value_vnd"": 9900000000.0, ""basis"": ""total"", ""total_equivalent_vnd"": 9900000000.0}, {""source"": ""description"", ""text"": ""9,9 tỷ VND, đây là cơ"", ""parsed_value_vnd"": 9900000000.0, ""basis"": ""total"", ""total_equivalent_vnd"": 9900000000.0}]"
shard_0004.parquet,202670,"Cần tiền, bán gấp, căn hộ Bình Thạnh Green Field DT 68m2 (2PN) XVNT, P. 25","Chính chủ cần bán căn hộ Green Field 686, Xô Viết Nghệ Tĩnh, phường 25, quận Bình Thạnh. Căn hộ 2PN diện tích từ 68m2. Chung cư mới bàn giao, mới đẹp, thoáng mát, yên tĩnh. Vị trí di chuyển đi đâu cũng tiện. * Tiện ích nội khu đầy đủ. - Hồ bơi tiêu đạt chuẩn. - Siêu thị Coop Mart ngay dưới chân căn hộ tiện lợi mua sắm, tránh đi lại mùa dịch. Vị trí thuận lợi: Gần bến xe Miền Đông, bệnh viện, trường học,... Quý anh chị có quan tâm liên hệ. Phone/Zalo: Ms. Quyên.",Hồ Chí Minh,Căn hộ chung cư,,68.0,,,no_supported_price,[]
shard_0006.parquet,116876,"Cần bán căn hộ Kiến Thành Quận 6 DT 68m2, 2 phòng ngủ , 1wc Gần chợ trường học, siêu thị Gi","Cần bán căn hộ Kiến Thành Quận 6 DT 68m2, 2 phòng ngủ , 1wc Gần chợ trường học, siêu thị Giao thông thuận tiện di chuyển các quận Giá bán 2.550 tỷ, hỗ trợ vay ngân hàng Sổ Hồng Liên hệ xem nhà [phone_number]",Hồ Chí Minh,Căn hộ chung cư,2550000000,68.0,2550000000000.0,0.999,mismatch,"[{""source"": ""description"", ""text"": ""2.550 tỷ, hỗ trợ vay ng"", ""parsed_value_vnd"": 2550000000000.0, ""basis"": ""total"", ""total_equivalent_vnd"": 2550000000000.0}]"
shard_0005.parquet,39760,Bán đất Đường 1A 1633m² - 68 tỷ - hẻm kinh doanh sầm uất Bình Chánh,"- Diện tích: 1633m², full thổ cư, vị trí cực kỳ tiềm năng trong hẻm Quốc lộ 1A. - Kết cấu: 1 tầng, hiện trạng đất trống thuận tiện xây kho, bãi, văn phòng hoặc nhà xưởng. - Tiện ích: Nở hậu phong thủy, dòng tiền cao từ cho thuê hoặc kinh doanh dài hạn. - Địa chỉ: Hẻm Quốc lộ 1A, ấp 5, xã Tân Túc, huyện Bình Chánh, TP. Hồ Chí Minh. - Giá bán: 68 tỷ. - Ưu điểm: Đất hiếm vị trí chiến lược, giáp Long An và các tỉnh miền Tây, gần chợ Đệm, Bệnh viện Bình Chánh, Coopmart Bình Tân, Đại học Kinh tế. - Mã sản phẩm: #53562.",Hồ Chí Minh,Đất,68000000000,1633.0,68000000000.0,0.0,matched_2pct,"[{""source"": ""title"", ""text"": ""68 tỷ - hẻm kinh doa"", ""parsed_value_vnd"": 68000000000.0, ""basis"": ""total"", ""total_equivalent_vnd"": 68000000000.0}, {""source"": ""description"", ""text"": ""68 tỷ. - Ưu điểm: Đấ"", ""parsed_value_vnd"": 68000000000.0, ""basis"": ""total"", ""total_equivalent_vnd"": 68000000000.0}]"
shard_0000.parquet,68941,Bán lô đường 5.5m Miếu Bông 4 - Nam Cẩm Lệ giá tốt,Miếu Bông 4 view công viên giá 3 tỷ 05 có bớt. DT: 90m2. Ngang 6m. Hướng: Đông Bắc. Liên hệ: Ánh nắm chủ.,Đà Nẵng,Đất,3050000000,90.0,3000000000.0,0.016666666666666666,matched_2pct,"[{""source"": ""description"", ""text"": ""3 tỷ 05 có bớt. DT:"", ""parsed_value_vnd"": 3000000000.0, ""basis"": ""total"", ""total_equivalent_vnd"": 3000000000.0}]"
shard_0002.parquet,258710,Bán nhà hẻm xe hơi | trung tâm Phường Bình Thạnh | 68m2 | 4 tầng | KD sầm uất | 8.3 tỷ TL,"Bán Nhà Hẻm Xe Hơi | Trung Tâm Phường Bình Thạnh | 68m2 | 4 Tầng | KD sầm uất | 8.3 Tỷ TL. Diện tích: 4 x 17m. CN: 64m2. Kết cấu: 1 trệt, 1 lửng, 2 lầu, gồm 4 phòng. Trệt rộng để xe, bố trí văn phòng thoải mái. Công năng: Vừa ở vừa làm văn phòng công ty, cho thuê giữ tiền, kinh doanh đa ngành. Pháp lý: Sổ hồng riêng, vuông vức, hoàn công đầy đủ, công chứng ngay. Zalo/Call: Dương. OM.QR.TCHH.",Hồ Chí Minh,Nhà,8300000000,68.0,8300000000.000001,1.1490052004894577e-16,matched_2pct,"[{""source"": ""title"", ""text"": ""8.3 tỷ TL"", ""parsed_value_vnd"": 8300000000.000001, ""basis"": ""total"", ""total_equivalent_vnd"": 8300000000.000001}, {""source"": ""description"", ""text"": ""8.3 Tỷ TL. Diện tích:"", ""parsed_value_vnd"": 8300000000.000001, ""basis"": ""total"", ""total_equivalent_vnd"": 8300000000.000001}]"
shard_0000.parquet,252971,"Bán tòa nhà căn hộ 5 tầng, 14 phòng ngủ, dòng tiền cho thuê 40 tr/tháng","Bán tòa căn hộ 5 tầng Sơn Trà, Đà Nẵng, 14P nhỉnh 7 tỷ xx. Dòng tiền ổn định tự vận hành giá cực tốt. Thông tin chi tiết: Diện tích đất: 100m2 | mặt tiền: 5m. Kết cấu: 5 tầng | đường 5.5m. Gồm 14 phòng thiết kế hợp lý, khai thác tối ưu. Dòng tiền: 40 triệu/tháng tự vận hành, ổn định. Vị trí đẹp: Gần công viên, khu vực quy hoạch ổn định, tiện ích xung quanh đầy đủ. Tiềm năng: Giá trị đất khu này đang tăng Sản phẩm dễ giao dịch với tầm tài chính vừa phải. Nhà xây kiên cố, kết cấu chắc chắn, không cần sửa chữa nhiều. Giá nhỉnh 7 tỷ 800. Liên hệ ngay [phone_number]Mr Hoa) để xem nhà và được tư vấn cụ thể hơn.",Đà Nẵng,Nhà,7800000000,100.0,7000000000.0,0.11428571428571428,mismatch,"[{""source"": ""description"", ""text"": ""7 tỷ xx. Dòng tiền "", ""parsed_value_vnd"": 7000000000.0, ""basis"": ""total"", ""total_equivalent_vnd"": 7000000000.0}, {""source"": ""description"", ""text"": ""7 tỷ 800. Liên hệ n"", ""parsed_value_vnd"": 7000000000.0, ""basis"": ""total"", ""total_equivalent_vnd"": 7000000000.0}]"
shard_0000.parquet,26691,"Bán nhà riêng 99m² căn góc 2 mặt đường tại Mỹ Đình, hướng Đông, đường ô tô, giá thỏa thuận","Bán nhà riêng 99m² căn góc 2 mặt đường tại Mỹ Đình, Nam Từ Liêm, Hà Nội, giá thỏa thuận. Nhà riêng 4 tầng tọa lạc tại đường Mỹ Đình, Phường Mỹ Đình 1, Nam Từ Liêm, Hà Nội. + Diện tích 99m², thiết kế 3PN, 3WC, đầy đủ tiện nghi. + Mặt tiền rộng, phù hợp cho các hoạt động kinh doanh. + Hướng cửa chính và ban công đều Đông, phong thủy tốt. + Trang bị điều hòa, tủ lạnh, giường,... + Pháp lý đầy đủ, sổ đỏ chính chủ. - Địa điểm xung quanh: + Gần bệnh viện đa khoa chữ thập xanh, bệnh viện 19 - 8 bộ công an, bệnh viện Hồng Ngọc, bệnh viện Thu Cúc. + Công viên Cầu Giấy, công viên Mễ Trì gần kề, cung văn hóa thiếu nhi Hà Nội, cung thể thao dưới nước. + Siêu thị BigC the Garden, siêu thị Kmart, siêu thị điện máy Pico, siêu thị Mediamart... + Trường mầm non Mỹ Đình 1, trường tiểu học Mỹ Đình 1 - 2, trường THCS Mỹ Đình 1 - 2, trường THPT Mỹ Đình, trường Marie Curie, trường Đại học Ngoại ngữ - ĐHQGHN, ",Hà Nội,Nhà,30000000000,99.0,,,no_supported_price,[]
shard_0008.parquet,286627,"Bán căn hộ chung cư SSH09 KĐT Hà Quang, Nha Trang | 57m2 | 2PN 2WC | View biển | Giá chỉ 2,4 tỷ","Cần bán căn hộ chung cư SSH09 KĐT Hà Quang Nha Trang, vị trí đẹp, phù hợp ở hoặc đầu tư cho thuê. Diện tích: 57m2. Thiết kế: 2 phòng ngủ 2 WC. Hướng BC: Đông mát mẻ. View biển thoáng, đón gió tự nhiên. Căn hộ bố trí hợp lý, ánh sáng tốt. Vị trí: Chung cư SSH09 KĐT Hà Quang, khu dân cư phát triển, gần trung tâm, gần trường học, chợ, siêu thị, thuận tiện di chuyển. Giá bán: 2,4 tỷ (bớt Lộc). Phù hợp: Gia đình trẻ mua ở. Đầu tư cho thuê căn hộ Nha Trang. Người muốn sở hữu căn hộ view biển giá tốt. Liên hệ: - Em Tiến Để xem nhà thực tế và làm việc chính chủ.",Khánh Hòa,Căn hộ chung cư,2400000000,57.0,2400000000.0,0.0,matched_2pct,"[{""source"": ""title"", ""text"": ""2,4 tỷ"", ""parsed_value_vnd"": 2400000000.0, ""basis"": ""total"", ""total_equivalent_vnd"": 2400000000.0}, {""source"": ""description"", ""text"": ""2,4 tỷ (bớt Lộc). Phù"", ""parsed_value_vnd"": 2400000000.0, ""basis"": ""total"", ""total_equivalent_vnd"": 2400000000.0}]"
shard_0002.parquet,172117,"Bán nhà chính chủ Hoàng Hoa Thám, Ba Đình - phân lô ô tô - 50m2 - hạ chào 1,2 tỷ","- Ngõ rộng, thông tứ tung, vừa ở vừa kinh doanh. - Gần Vườn Bách Thảo, Lăng Bác, VP Chính Phủ, Hồ Tây, hồ Gươm, - Hàng xóm toàn quan tướng lớn, dân trí văn minh. - Mặt tiền gần 5m, thoáng sáng. - Sổ đẹp sẵn sàng giao dịch. - Liên hệ ngay em Thao: [phone_number] để xem nhà miễn phí.",Hà Nội,Nhà,19000000000,50.0,1200000000.0,14.833333333333334,mismatch,"[{""source"": ""title"", ""text"": ""1,2 tỷ"", ""parsed_value_vnd"": 1200000000.0, ""basis"": ""total"", ""total_equivalent_vnd"": 1200000000.0}]"
shard_0003.parquet,137831,"Bán lô góc 2 mặt tiền 2.675m2 Minh Lập, Chơn Thành, Bình Phước giá 190 triệu","Vị trí: Xã Minh Lập, Chơn Thành gần chợ, khu dân cư hiện hữu, đường ô tô tránh nhau thoải mái. Diện tích: 2.675 m². Mặt tiền: 36m, đường trước đất rộng 18m, xe tải ra vào vô tư. Pháp lý: Sổ đỏ/sổ hồng sang tên ngay. Giá chỉ: 190 triệu/lô giá cực tốt để đầu tư hoặc xây dựng. Ưu điểm nổi bật: Mặt tiền rộng, thuận lợi mở cửa hàng, kho bãi hoặc kinh doanh dịch vụ. Khu dân cư yên tĩnh, an ninh tốt, phong thủy đẹp. Gần các tiện ích: Chợ, trường học, khu công nghiệp. Giá trị sinh lời cao khi hạ tầng và dân cư đang phát triển mạnh tại Minh Lập. Liên hệ ngay: Thiện Bình Phước. Tôi là Thiện Bình Phước Người đồng hành cùng nhà đầu tư đất Bình Phước.",Bình Phước,Đất,190000000,2675.0,190000000.0,0.0,matched_2pct,"[{""source"": ""title"", ""text"": ""190 triệu"", ""parsed_value_vnd"": 190000000.0, ""basis"": ""total"", ""total_equivalent_vnd"": 190000000.0}, {""source"": ""description"", ""text"": ""190 triệu/lô giá cực tốt"", ""parsed_value_vnd"": 190000000.0, ""basis"": ""total"", ""total_equivalent_vnd"": 190000000.0}]"
shard_0003.parquet,38164,"Bán nhà phố Marina Complex 144,6m² - 3,5 tầng - view sông Hàn, cầu Thuận Phước - giá chỉ 10,3 tỷ","* Bán nhà phố Marina Complex Sơn Trà, Đà Nẵng. - Diện tích: 144,6 m² (6*24m). - Kết cấu: 3,5 tầng, thiết kế hiện đại. - Mặt tiền đường: 7,5m, vỉa hè rộng 8m. - Vị trí: Ven sông Hàn, view cầu Thuận Phước, sau nhà là công viên lớn, không gian thoáng mát. - Pháp lý: Sổ đỏ/sổ hồng, minh bạch. - Giá bán: 10,3 tỷ (giá gốc 12 tỷ cắt lỗ). * Tiện ích & tiềm năng: - Nằm trong khu đô thị Marina Complex quy hoạch đồng bộ, an ninh. - Gần trung tâm, dễ kết nối các tuyến đường lớn. - Không gian sống xanh giá trị giữ bền vững. - Thích hợp để ở, nghỉ dưỡng hoặc đầu tư. Liên hệ: Minh Hiếu OCN [phone_number] để xem nhà và thương lượng trực tiếp.",Đà Nẵng,Nhà,10300000000,144.6,10300000000.0,0.0,matched_2pct,"[{""source"": ""title"", ""text"": ""10,3 tỷ"", ""parsed_value_vnd"": 10300000000.0, ""basis"": ""total"", ""total_equivalent_vnd"": 10300000000.0}, {""source"": ""description"", ""text"": ""10,3 tỷ (giá gốc 12 tỷ"", ""parsed_value_vnd"": 10300000000.0, ""basis"": ""total"", ""total_equivalent_vnd"": 10300000000.0}, {""source"": ""description"", ""text"": ""12 tỷ cắt lỗ). * Tiệ"", ""parsed_value_vnd"": 12000000000.0, ""basis"": ""total"", ""total_equivalent_vnd"": 12000000000.0}]"
shard_0009.parquet,102502,"Bán Shophouse, Vinhomes Grand Park, 9,8 tỷ VND, 62m2, giá siêu hời, chính chủ","Tọa lạc tại Vinhomes Grand Park, Phường Long Bình, Hồ Chí Minh (cũ: Quận 9, Hồ Chí Minh), Shophouse này mang đến không gian sống và kinh doanh lý tưởng với diện tích 62m2. - Giá bán: 9,8 tỷ VND. - Thiết kế hiện đại, thông minh với phong thủy tốt. - Nội thất bao gồm điều hòa, tủ lạnh, giường. - Pháp lý đầy đủ. Địa điểm tiện ích xung quanh: - Công viên Ánh Sáng Vinhomes Grand Park. - Trường mầm non quốc tế Global Ecokids. Chi tiết dự án: - Vị trí: Nguyễn Xiển – Phước Thiện, phường Long Thạnh Mỹ, TP. Thủ Đức, TP.HCM. - Chủ đầu tư: Vingroup. - Tiện ích: Công viên quy mô lớn, an ninh thông minh, trường học Vinschool, trung tâm thương mại Vincom Mega Mall (khai trương tháng 6/2024). - Thiết kế: Gồm 72 tòa nhà với 43.500 căn hộ hiện đại và các phân khu thấp tầng (nhà phố, biệt thự, shophouse). Liên hệ ngay Kim Chọn Vinhomes qua số điện thoại [phone_number] để biết thêm chi tiết.",Hồ Chí Minh,Shophouse,9800000000,62.0,9800000000.0,0.0,matched_2pct,"[{""source"": ""title"", ""text"": ""9,8 tỷ VND, 62m2, giá"", ""parsed_value_vnd"": 9800000000.0, ""basis"": ""total"", ""total_equivalent_vnd"": 9800000000.0}, {""source"": ""description"", ""text"": ""9,8 tỷ VND. - Thiết k"", ""parsed_value_vnd"": 9800000000.0, ""basis"": ""total"", ""total_equivalent_vnd"": 9800000000.0}]"
shard_0000.parquet,105965,"Bán nhà tây mỗ ,nam từ liêm ,chủ tự thiết kế, hàng xóm vinhomes , đại lộ thăng long ,trục đường 70","Chủ nhà là kỹ sư thiết kế, tự tay chăm chút từng không gian Bố trí mặt bằng khoa học, đầy đủ công năng: phòng khách, bếp, phòng ngủ, WC riêng từng tầng Nội thất cơ bản, tiện nghi chỉ việc xách vali về ở Ngõ vào rộng rãi, sạch sẽ hàng xóm thân thiện, an ninh đảm bảo Gần chợ, trường học, bệnh viện, giao thông thuận tiện đi Mỹ Đình, Đại Mỗ, Hà Đông Liên hệ ngay E. Lan để được xem nhà",Hà Nội,Nhà,5750000000,48.0,,,no_supported_price,[]
shard_0006.parquet,221179,Bán nhà Minh Khai (hàng xóm TimesCity) 40m2 - 4T - 5phòng - 10m ra ô tô sát phố cổng TimesCity,"Hàng xóm Timescity - Imperia Sky Garden. DTSD: 40m2 - 4tầng - 1tum (lô góc 3 thoáng). Nhà dân xây KCBT chắc chắn hàng xóm thân thiện. Gồm 5 phòng rộng thoáng, Phòng khách, Bếp, Sân phơi đầy đủ. Nhà cực đẹp và chắc chắn. Ngõ to 10m ra oto sát Phố, view thoáng nhìn TTTM TimesCity. Kèm nội thất trang nhã hiện đại khách xách valy vào ở luôn. Khu vực phát triển vượt bậc trong năm tới của TP Hà Nội kết nối nhiều tuyến đường, chung cư cao cấp tiện ích bạt ngàn với dự án trọng điểm. (Hưng kết nối thương lượng trực tiếp chủ nhà). Sổ đỏ bao diêm chính chủ - QH ổn định! Phú Hưng: [phone_number] Alo em Hưng để được hỗ trợ xem nhà trực tiếp 24h.",Hà Nội,Nhà,8350000000,40.0,,,no_supported_price,[]
shard_0008.parquet,234905,Bán nhà hẻm xe tải - dân trí cao - ngay đại học hutech - ngã tư hàng xanh,"hẻm xe tải thông khu d bình thạnh ngay ngã tư hàng xanh - cạnh trường đại học lớn - tiện di chuyển quận 1 4 tầng bê tông cốt thép - 3 phòng ngủ, 4 toilét full nội thất sang trọng dt 35m (3. 5x10. 5) sổ nở hậu tài lộc 7tỷ980 vào ở đón tết ngay khu vực dân trí cao an ninh tuyệt đôi lh : [phone_number] e. Hồng để được hỗ trợ",Hồ Chí Minh,Nhà,7980000000,35.0,7980000000.0,0.0,matched_2pct,"[{""source"": ""description"", ""text"": ""7tỷ980 vào ở đón t"", ""parsed_value_vnd"": 7980000000.0, ""basis"": ""total"", ""total_equivalent_vnd"": 7980000000.0}]"
shard_0009.parquet,16418,"Mở hàng đầu năm đón lộc nhà mới đầu năm mở lộc bán căn hộ studio xinh xắn, vào ở ngay","Mở hàng đầu năm đón lộc nhà mới. Đầu năm mở lộc bán căn hộ studio xinh xắn, vào ở ngay! Loại căn: Studio. Chung cư Greenbay Garden Hạ Long. Diện tích: 34,5m² (thiết kế tối ưu, thoáng đãng). Nội thất: Full như hình dọn vali vào ở luôn. Pháp lý: Rõ ràng mua bán nhanh gọn. Quý anh chị thiện chí liên hệ LVCC: [phone_number] Em Hương 18 tủi.",Quảng Ninh,Căn hộ chung cư,1520000000,34.5,,,no_supported_price,[]
shard_0005.parquet,290486,"Bán nhà 1T1L còn mới đẹp, gần chợ Thanh Hoá, sổ riêng, chỉ 2 tỷ 390","Bán nhà 1T1L còn mới đẹp, gần chợ Thanh Hoá, sổ riêng, chỉ 2 tỷ 390 + Nhà ngay chợ Thanh Hoá, đường 5m thông thoáng, tiện ích xung quanh nhiều, giao thông thuận lợi, dân cư đông đúc, an ninh tốt + Diện tích: 5m x 20m = 100m2 + Sổ riêng, QH đất ở. Hỗ trợ Vay ngân hàng! + Nhà 1 trệt 1 lửng còn mới, đẹp, tiện nghi đầy đủ, mua về ở ngay. Nhà có sân oto rộng, pk, bếp, phòng ăn, phòng thờ, 3pn, 2wc, sân sautha hồ rộng rãi. Đủ chỗ cho cả gia đình đông người ở thoải mái + Giá rẻ, chỉ: 2 tỷ 390tr Còn Thương lượng - Liên hệ xem ngay: *Nhận dịch vụ: - Ký gửi, cho thuê nhà, đất , chung cư - Hỗ trợ vay ngân hàng, hoàn thiện pháp lý, làm sổ - Tư vấn các thủ tục pháp lý liên quan bds & review bds miễn phí Làm việc uy tín, bảo mật tuyệt đối",Đồng Nai,Nhà,2390000000,100.0,2000000000.0,0.195,mismatch,"[{""source"": ""title"", ""text"": ""2 tỷ 390"", ""parsed_value_vnd"": 2000000000.0, ""basis"": ""total"", ""total_equivalent_vnd"": 2000000000.0}, {""source"": ""description"", ""text"": ""2 tỷ 390 + Nhà ngay"", ""parsed_value_vnd"": 2000000000.0, ""basis"": ""total"", ""total_equivalent_vnd"": 2000000000.0}, {""source"": ""description"", ""text"": ""2 tỷ 390tr Còn Thươ"", ""parsed_value_vnd"": 2390000000.0, ""basis"": ""total"", ""total_equivalent_vnd"": 2390000000.0}]"
shard_0003.parquet,205841,"Chính chủ cần Bán CC tại Vinhomes D'Capitale, giá tốt 9 tỷ, 84m2, 3PN, 2WC hàng độc Quyền!","CC tại Vinhomes D'Capitale, Trần Duy Hưng, Trung Hòa, Cầu Giấy, Hà Nội, 84m2, 3PN, 2WC, full nội thất. Hướng cửa chính Đông Bắc, ban công Tây Nam. Pháp lý đầy đủ, phong thủy tốt, đảm bảo an tâm cho cuộc sống. + Giá: 9 tỷ VND + Diện tích: 84m2 + Số phòng ngủ: 3PN + Số toilet: 2WC Địa điểm tiện ích xung quanh: + Bệnh viện thận Hà Nội + Siêu thị Hà Đăng + Công viên Gandhi hồ Thành Công Liên hệ để biết thêm thông tin: Nguyễn Tiến Cường",Hà Nội,Căn hộ chung cư,9000000000,84.0,9000000000.0,0.0,matched_2pct,"[{""source"": ""title"", ""text"": ""9 tỷ, 84m2, 3PN, 2W"", ""parsed_value_vnd"": 9000000000.0, ""basis"": ""total"", ""total_equivalent_vnd"": 9000000000.0}, {""source"": ""description"", ""text"": ""9 tỷ VND + Diện tíc"", ""parsed_value_vnd"": 9000000000.0, ""basis"": ""total"", ""total_equivalent_vnd"": 9000000000.0}]"
shard_0001.parquet,81078,"Mình cần bán căn hộ (3PN), (88m2), (Giá: 7.56 tỷ) tại Green Pearl Minh Khai, LH: [phone_number]",Mình cần bán căn hộ tại Green Pearl Minh Khai: - Thiết kế: 3PN+2VS - Diện tích 88m2 - Ban công hướng: Tây Bắc - Có slot ô tô - Sổ hồng chính chủ - Giá: 7.56 tỷ - Liên hệ: [phone_number],Hà Nội,Căn hộ chung cư,7560000000,88.0,7560000000.0,0.0,matched_2pct,"[{""source"": ""title"", ""text"": ""7.56 tỷ) tại Green Pea"", ""parsed_value_vnd"": 7560000000.0, ""basis"": ""total"", ""total_equivalent_vnd"": 7560000000.0}, {""source"": ""description"", ""text"": ""7.56 tỷ - Liên hệ: [ph"", ""parsed_value_vnd"": 7560000000.0, ""basis"": ""total"", ""total_equivalent_vnd"": 7560000000.0}]"
shard_0008.parquet,71477,Bán đất mặt tiền Nguyễn Văn Hưởng TP Bà Rịa mặt tiền đường lớn Khu Dân Cư Vip Hưng Việt,"Mặt Tiền Nguyễn Văn Hưởng P. Long Tâm TP Bà Rịa, nay là Phường Tam Long TP Hồ Chí Minh DT: 6x18 - 108m2 - 80m2 Thổ Cư. Sổ hồng riêng - Xây dựng tự do Khu dân cư đông đúc an ninh dân trí, xung quanh đầy đủ tiện ích Giá Bán: 3ty950triệu LH:",Bà Rịa - Vũng Tàu,Đất,3950000000,108.0,3950000000.0,0.0,matched_2pct,"[{""source"": ""description"", ""text"": ""3ty950triệu LH:"", ""parsed_value_vnd"": 3950000000.0, ""basis"": ""total"", ""total_equivalent_vnd"": 3950000000.0}]"
shard_0002.parquet,303876,Bán nhà cấp 4 nguyễn chích gần biển,"Tôi chính chủ cần bán nhanh nhà c4 đang cho thuê kinh doanh thu nhập 6tr/1th tại đường 5m5 nguyễn chích sát biển Nguyễn Tất Thành , Hoà Minh , Liên Chiểu , ĐN Đây là vị trí đắc địa nhất nhì khu vực Nhà sạch sẽ ko dính gì",Đà Nẵng,Nhà,5000000000,78.0,,,no_supported_price,[]
shard_0004.parquet,177148,Bán nhà 2 mặt tiền HXH An Dương Vương Q5 - 3 tầng ngang hơn 4m - thu nhập hơn 200tr: Nhỉnh 10 tỷ,"Vị trí đắc địa: Trung tâm Quận 5, nhà nằm trên đoạn An Dương Vương, hẻm rộng. Nhà 2 mặt hẻm thoáng trước sau, cực hiếm, đặc biệt: Không lộ giới, không quy hoạch, khu dân trí cao. Nhà phong thủy tốt: Ngang hơn 4m (nở hậu), Kết cấu 3 tầng kiên cố, thiết kế hiện đại. Gồm 3 phòng ngủ lớn, mỗi phòng đều có toilet riêng bên trong, phù hợp cho gia đình nhiều thế hệ hoặc người lớn tuổi. Đặc biệt đang có hợp đồng thuê sẵn hơn 200 triệu/năm mua là có dòng tiền ngay, cực phù hợp cho khách đầu tư giữ tài sản. Phù hợp để ở lâu dài, cho thuê cao cấp hoặc giữ tiền sinh lời khu vực trung tâm, di chuyển thuận tiện về Quận 1, 10, 11, 6... Giá chỉ: Nhỉnh 10 tỷ (thương lượng chính chủ). Liên hệ Mr. Hoàng Vũ: Sổ hồng riêng pháp lý chuẩn hỗ trợ vay ngân hàng nếu cần).",Hồ Chí Minh,Nhà,10200000000,43.0,10000000000.0,0.02,matched_2pct,"[{""source"": ""description"", ""text"": ""10 tỷ (thương lượng "", ""parsed_value_vnd"": 10000000000.0, ""basis"": ""total"", ""total_equivalent_vnd"": 10000000000.0}]"
shard_0001.parquet,293936,Bán căn hộ nội thất siêu đẹp tại Hoàng Huy Commerce,"Bán căn hộ nội thất siêu đẹp tại Hoàng Huy Commerce. Diện tích: 66.2m2. Hướng: Đông. Gồm 2 ngủ 2 vệ sinh, 1 ban công và 1 logia. Full nội thất cao cấp. Giá bán: 2tỷ450(giá 95%). Liên hệ xem nhà: Zalo/Call).",Hải Phòng,Căn hộ chung cư,,66.2,2450000000.0,,missing_structured_price,"[{""source"": ""description"", ""text"": ""2tỷ450(giá 95%). L"", ""parsed_value_vnd"": 2450000000.0, ""basis"": ""total"", ""total_equivalent_vnd"": 2450000000.0}]"
shard_0005.parquet,22484,"BÁN NHÀ PHỐ BẠCH MAI, Ô TÔ DỪNG ĐỖ NGÀY ĐÊM TRƯỚC NHÀ, KINH DOANH, 51M2 - 5 TẦNG","Căn nhà riêng nằm ở vị trí đắc địa tại phố Bạch Mai, Phường Bạch Mai, Quận Hai Bà Trưng, Hà Nội. Ô tô dừng đỗ ngày đêm trước cửa, vừa ở vừa kinh doanh hoặc cho thuê 51m2 x 5 tầng Mặt tiền khoảng 4m Thiết kế thông sàn, cầu thang cuối Đang cho thuê gần 30tr/tháng Nhà dân xây chắc chắn, khung cột bê tông, còn lâu mới hỏng Giá nhỉnh 16 tỷ còn thương lượng Tiếp giáp các quận Thanh Xuân, Đống Đa, Hoàn Kiếm, Hoàng Mai, dễ dàng di chuyển đến các quận Cầu Giấy, Nam Từ Liêm, Bắc Từ Liêm, Tây Hồ, Đông Anh, Hà Đông, Ba Đình, Long Biên, Gia Lâm, Hoài Đức, Thanh Trì Tiếp giáp hàng loạt tuyến phố lớn: Nguyễn Hiền, Lê Thanh Nghị, Trần Đại Nghĩa, Đại Cồ Việt, Tạ Quang Bửu, Phố Huế, Trần Khát Chân, Đại La, Phố Vọng, Minh Khai, Thanh Nhàn, Trương Định, Lê Duẩn, Lê Đại Hành, Bà Triệu, Trần Nhân Tông, Bùi Thị Xuân, Triệu Việt Vương, Mai Hắc Đế, Thể Giao, Nguyễn Đình Chiểu, Nguyễn Bỉnh Khiêm, Đoàn Trần Nghiệp",Hà Nội,Nhà,16000000000,51.0,16000000000.0,0.0,matched_2pct,"[{""source"": ""description"", ""text"": ""16 tỷ còn thương lượ"", ""parsed_value_vnd"": 16000000000.0, ""basis"": ""total"", ""total_equivalent_vnd"": 16000000000.0}]"
shard_0001.parquet,58513,"Bán Đất 277M2 Hẻm Hương Lộ 6, Xã Tân Triều, Đồng Nai","- Tên tài sản: Thửa 293, TBĐ 23 với diện tích 277m2 đất ONT, kích thước 7.49m x 30.04m. Hướng: Đông Bắc. Tài sản trên đất: Đất trống. Hồ sơ pháp lý: GCN quyền sử dụng đất đầy đủ. - Vị trí tài sản: Tài sản nằm hẻm đường Hương Lộ 6, đường trải nhựa rộng khoảng 5m tại xã Tân Triều (xã Thạnh Phú cũ), huyện Vĩnh Cửu cũ, Đồng Nai. Tài sản nằm cách đường Hương Lộ 6 khoảng 145m, cách UBND xã Thạnh Phú khoảng 500m. Tài sản nằm trong khu vực dân cư ổn định, phù hợp xây nhà để ở hoặc đầu tư kinh doanh...... Định vị: 11.01529, 106.83218 - Ngân hàng hỗ trợ vay lên tới 80% với nhiều ưu đãi. Để biết thêm thông tin và nhận tư vấn miễn phí, liên hệ ngay với Công ty TNHH MTV QLN và KTTS Ngân Hàng TMCP Quốc tế Việt Nam qua số [phone_number]",Đồng Nai,Đất,3550000000,277.0,,,no_supported_price,[]
shard_0002.parquet,338707,"Cần bán nhà 5 tầng 32m2 ngõ 1194 Chùa Láng. Giá 15 tỷ. Ngách nông rộng, cách mặt phố 50m","+Nhà mới xây vài năn nay cần tiền bán đi. Tặng toàn bộ nội thất mới. +Nhà 2 mặt thoáng gồm 4 ngủ, 4 vệ sinh +Cách mặt phố Chùa Láng chỉ vài bước chân +Nhà gần trường học cấp 2 Láng Thượng, gần các trường Đại học, siêu thị Vincom vài bước chân +Sổ đỏ phân lô vuông đẹp, không một lỗi nhỏ +Giá thiện chí bán nhanh",Hà Nội,Nhà,15000000000,32.0,15000000000.0,0.0,matched_2pct,"[{""source"": ""title"", ""text"": ""15 tỷ. Ngách nông rộ"", ""parsed_value_vnd"": 15000000000.0, ""basis"": ""total"", ""total_equivalent_vnd"": 15000000000.0}]"
shard_0004.parquet,82982,"Bán nhà riêng 15 tỷ 512 m2 tại Tân Phú, Quận 9, HCM - Chính chủ, uy tín","Nhà riêng tại Tân Phú, Quận 9, TP. HCM với diện tích 512 m2, 1PN, 1WC, 1 tầng, giá 15 tỷ. + Khu vực yên tĩnh, thoáng đãng, thuận tiện cho gia đình sinh sống. + Thiết kế hiện đại, không gian rộng rãi, phù hợp với nhu cầu sinh hoạt. + Nội thất đầy đủ: Điều hòa, giường, tủ lạnh. Điểm cộng: Pháp lý đầy đủ, sổ đỏ. Địa điểm xung quanh: - Cơ sở 2 bệnh viện Ung Bướu TP. HCM. - Trường Mầm Non Công Nghệ Cao. - Công viên Văn Hóa Suối Tiên. - Siêu Thị Bách Hóa Xanh. Liên hệ để được tư vấn miễn phí qua số [phone_number] - Ngô Quang Lý.",Hồ Chí Minh,Nhà,15000000000,512.0,15000000000.0,0.0,matched_2pct,"[{""source"": ""title"", ""text"": ""15 tỷ 512 m2 tại Tân"", ""parsed_value_vnd"": 15000000000.0, ""basis"": ""total"", ""total_equivalent_vnd"": 15000000000.0}, {""source"": ""description"", ""text"": ""15 tỷ. + Khu vực yên"", ""parsed_value_vnd"": 15000000000.0, ""basis"": ""total"", ""total_equivalent_vnd"": 15000000000.0}]"
shard_0008.parquet,60273,"Bán gấp căn Ruby 3PN - 2WC giá 4.6 tỷ đã có sổ, tầng thấp view nội khu","- Chính chủ cần bán gấp căn hộ Ruby - Celadon Tân Phú cạnh Aeon Mall. - Diện tích: 80m2 - 3PN - 2WC. - Gía: 4.6 tỷ đã có sổ. - Nhà nội thất cơ bản dính tường. - Tầng thấp, view nội khu yên tĩnh. - Ngân hàng hỗ trợ vay tối đa 70%. - Liên hệ: Phương Trinh hỗ trợ đi xem nhà ạ.",Hồ Chí Minh,Căn hộ chung cư,4600000000,80.0,4600000000.0,0.0,matched_2pct,"[{""source"": ""title"", ""text"": ""4.6 tỷ đã có sổ, tầng"", ""parsed_value_vnd"": 4600000000.0, ""basis"": ""total"", ""total_equivalent_vnd"": 4600000000.0}, {""source"": ""description"", ""text"": ""4.6 tỷ đã có sổ. - Nh"", ""parsed_value_vnd"": 4600000000.0, ""basis"": ""total"", ""total_equivalent_vnd"": 4600000000.0}]"
shard_0006.parquet,48661,"Bán Căn hộ chung cư đẹp tại FLC Complex Phạm Hùng, 7,27 tỷ, 70 m2, đầy đủ tiện ích","FLC Complex Phạm Hùng, Nam Từ Liêm, Hà Nội là một trong những dự án nổi bật với vị trí đắc địa và tiện ích hoàn hảo. Căn hộ chung cư này có diện tích 70 m2, thiết kế thông minh với 2 phòng ngủ và 2 phòng tắm, hứa hẹn mang đến không gian sống thoải mái và hiện đại. + Diện tích: 70 m2 + Giá bán: 7,27 tỷ VND + 2 phòng ngủ và 2 phòng tắm + Hướng cửa chính: Nam, hướng ban công: Bắc + Nội thất đầy đủ, sẵn sàng vào ở --- Điểm đặc sắc Căn hộ có pháp lý đầy đủ, mang lại sự yên tâm cho khách hàng. Thiết kế hiện đại với các tiện ích nội khu và ngoại khu phong phú như nhà trẻ, phòng tập gym, bể bơi, và nhiều tiện ích khác. --- Tiện ích xung quanh Căn hộ nằm gần siêu thị điện máy Pico, Winmart+, và siêu thị Hà Đăng. Các công viên như Công viên Cầu Giấy và Công viên Hồ điều hòa Cầu Giấy cũng chỉ cách đó không xa. Ngoài ra, căn hộ còn gần các bệnh viện như Bệnh viện 19 - 8 Bộ Công an và Bệnh viện Đa kh",Hà Nội,Căn hộ chung cư,7270000000,70.0,7270000000.0,0.0,matched_2pct,"[{""source"": ""title"", ""text"": ""7,27 tỷ, 70 m2, đầy đủ"", ""parsed_value_vnd"": 7270000000.0, ""basis"": ""total"", ""total_equivalent_vnd"": 7270000000.0}, {""source"": ""description"", ""text"": ""7,27 tỷ VND + 2 phòng "", ""parsed_value_vnd"": 7270000000.0, ""basis"": ""total"", ""total_equivalent_vnd"": 7270000000.0}]"
shard_0009.parquet,341900,"Bán nhanh lô 150m2 Kỳ Liên, ngay gần nhà máy Vinfast nhỉnh 1 tỷ, Liên hệ Em Anh: [phone_number]","Bán nhanh lô 150m2 Kỳ Liên ngay gần nhà máy nhỉnh 1 tỷ, Liên hệ Em Anh: [phone_number]: - Cách QL1A chỉ 200m, cổng chào Kỳ liên đi vào khoảng 200m - Ngay khu nhà ở Hàn Quốc Dream city - Cách nhà máy Vinfast, Formosa, Khu công nghiệp Vũng Áng chỉ 3p di chuyển - Đất ở đô thị, dân cư hiện hữu xunh quanh - Đường nhựa 6m, vỉa hè mỗi bên 3m, tổng đường 12m - Sẵn sổ sang tên chuyển nhượng - Call Em Anh: [phone_number]",Hà Tĩnh,Đất,0,150.0,1000000000.0,1.0,mismatch,"[{""source"": ""title"", ""text"": ""1 tỷ, Liên hệ Em An"", ""parsed_value_vnd"": 1000000000.0, ""basis"": ""total"", ""total_equivalent_vnd"": 1000000000.0}, {""source"": ""description"", ""text"": ""1 tỷ, Liên hệ Em An"", ""parsed_value_vnd"": 1000000000.0, ""basis"": ""total"", ""total_equivalent_vnd"": 1000000000.0}]"
shard_0004.parquet,240021,"Bán nhà 5 tầng hẻm xe hơi, gần Nhà hát Hòa Bình, Hà Đô Centrosa, Quận 10 - Tặng nội thất cao cấp","Bán nhà riêng 5 tầng, hẻm xe hơi tại Quận 10, vị trí gần Nhà hát Hòa Bình và Hà Đô Centrosa trên đường Ba Tháng Hai. Diện tích 4.2m x 13m, tổng 56m2. Kết cấu nhà gồm trệt, 4 lầu và sân thượng. Thiết kế 3 phòng ngủ, 4 WC, phòng khách và bếp. Tặng toàn bộ nội thất cao cấp. Sổ hồng chính chủ, công chứng ngay. Liên hệ Duẩn Nhà Phố qua số điện thoại [phone_number] để biết thêm chi tiết.",Hồ Chí Minh,Nhà,,54.6,,,no_supported_price,[]
shard_0006.parquet,11237,Chính chủ cần bán căn hộ chung cư Mandarin Garden Hoàng Minh Giám,"Căn hộ diện tích 168 m2, thiết kế 3PN lớn + 1 ngủ nhỏ, phòng khách, phòng bếp, 2 phòng tắm. Nội thất đầy đủ: Giường, sofa, tivi, tủ lạnh, máy giặt, điều hòa, bàn ăn,...,. LH: [phone_number] Mr Minh (Miễn trung gian).",Hà Nội,Căn hộ chung cư,,168.0,,,no_supported_price,[]
shard_0005.parquet,252922,"Bán nhà Homestay kiệt ô tô Nguyễn Văn Thoại, Phước Mỹ, Sơn Trà, Đà Nẵng","Bán nhà Homestay kiệt ô tô Nguyễn Văn Thoại, Phước Mỹ, Sơn Trà, Đà Nẵng. Hướng Tây Nam. Đường kiệt 5m gần đường chính. Cách biển 400m. Diện tích: 84m2 ngang 5m. Nhà C4, 2 phòng ngủ cho thuê được 14tr/tháng. Giấy tờ pháp lý rõ ràng. Giá bán: 13,7 tỷ có TL, bán đến công chứng.",Đà Nẵng,Nhà,13700000000,84.0,13700000000.0,0.0,matched_2pct,"[{""source"": ""description"", ""text"": ""13,7 tỷ có TL, bán đến"", ""parsed_value_vnd"": 13700000000.0, ""basis"": ""total"", ""total_equivalent_vnd"": 13700000000.0}]"
shard_0004.parquet,132400,"Bán nhà cấp 4 phố Đinh Liệt, Hoàn Kiếm 60m2, MT 4m, giá 27 tỷ. Kinh doanh khách sạn.","Chính chủ cần bán nhà cấp 4 phố Đinh Liệt quận Hoàn Kiếm thành phố Hà Nội 60m2, MT 4m, giá 27 tỷ. - Vị trí ngõ rộng 3m, cách 1 nhà ra mặt phố chính, vài bước chân ra mặt Hồ Hoàn Kiếm, phố cổ trung tâm du lịch của thủ đô. - Hiện trạng là nhà cấp 4 phù hợp khách mua xây khách sạn. - Sổ đỏ riêng. - Giá bán 27 tỷ. Lh ngay để sở hữu",Hà Nội,Nhà,27000000000,60.0,27000000000.0,0.0,matched_2pct,"[{""source"": ""title"", ""text"": ""27 tỷ. Kinh doanh kh"", ""parsed_value_vnd"": 27000000000.0, ""basis"": ""total"", ""total_equivalent_vnd"": 27000000000.0}, {""source"": ""description"", ""text"": ""27 tỷ. - Vị trí ngõ "", ""parsed_value_vnd"": 27000000000.0, ""basis"": ""total"", ""total_equivalent_vnd"": 27000000000.0}, {""source"": ""description"", ""text"": ""27 tỷ. Lh ngay để sở"", ""parsed_value_vnd"": 27000000000.0, ""basis"": ""total"", ""total_equivalent_vnd"": 27000000000.0}]"
shard_0000.parquet,269966,"Bán căn hộ Tản Đà Court 74.6m2, 2pn,1wc, có bancon, lầu trung,căn góc, SH lâu dài. Giá: 4.5 tỷ TL","Cần bán gấp căn hộ chung cư Tản Đà Court ( Chung cư được tập đoàn nước ngoài thiết kế theo phong cách hiện đại và tinh tế, an ninh 24h, an toàn PCCC tốt), vị trí thuận tiện kết nối giao thông giữa Q5, Q10, Q6, Q8..... + ĐC: 86 đường Tản Đà, P11, Q5. + DT: 74.6m², 2PN, 1WC, có bancon trồng hoa và logia riêng biệt, có giếng trời, bán để lại sẵn nội thất tốt thiết kê riêng theo căn hộ, căn hộ đã lót sẵn full sàn gỗ nhập khẩu.... + Kế bên ĐH Y Dược TPHCM đi bộ được và bệnh viện ĐH Y Dược, BV Hùng Vương + Vị trí thích hợp mua đầu tư để ở hay cho thuê + Giá bán: 4.5 tỷ còn thương lượng giảm + Quý Khách vui lòng liên hệ:",Hồ Chí Minh,Căn hộ chung cư,4500000000,74.6,4500000000.0,0.0,matched_2pct,"[{""source"": ""title"", ""text"": ""4.5 tỷ TL"", ""parsed_value_vnd"": 4500000000.0, ""basis"": ""total"", ""total_equivalent_vnd"": 4500000000.0}, {""source"": ""description"", ""text"": ""4.5 tỷ còn thương lượ"", ""parsed_value_vnd"": 4500000000.0, ""basis"": ""total"", ""total_equivalent_vnd"": 4500000000.0}]"
shard_0006.parquet,58642,"Bán gấp căn hộ Mandarin Garden, 125 triệu/m2, 140m, 3PN,Cầu Giấy view hồ. không thể rẻ hơn!","Căn hộ chung cư tại Mandarin Garden, Hoàng Minh Giám, Trung Hòa, Cầu Giấy, Hà Nội, có vị trí thuận lợi và thiết kế hiện đại, view hồ thoáng mát - Diện tích rộng rãi 140 m2, gồm 3 phòng ngủ và 2 phòng tắm. - Nội thất đầy đủ, sẵn sàng cho cuộc sống tiện nghi. - Hướng cửa chính Đông và ban công Đông Nam, phong thủy tốt. - Pháp lý đầy đủ, đảm bảo an tâm cho khách hàng. Gần trường mầm non lá phong đỏ, siêu thị Hà Đăng, và công viên Phùng Khoang. Liên hệ ngay để biết thêm chi tiết: Hanhtm [phone_number]",Hà Nội,Căn hộ chung cư,17500000000,140.0,17500000000.0,0.0,matched_2pct,"[{""source"": ""title"", ""text"": ""125 triệu/m2, 140m, 3PN,"", ""parsed_value_vnd"": 125000000.0, ""basis"": ""per_m2"", ""total_equivalent_vnd"": 17500000000.0}]"
shard_0009.parquet,120011,"Bán nhà đường 24A KDC Tên Lửa Bình Tân Diện tích: 4,5 x 20m Kết cấu: 3 lầu kiên cố","Bán nhà đường 24A KDC Tên Lửa Bình Tân Diện tích: 4,5 x 20m Kết cấu: 3 lầu kiên cố Diện tích sàn: 211m Đường trước nhà 20m Hướng: Tây Giá bán: 14 tỷ TL",Hồ Chí Minh,Nhà,14000000000,90.0,14000000000.0,0.0,matched_2pct,"[{""source"": ""description"", ""text"": ""14 tỷ TL"", ""parsed_value_vnd"": 14000000000.0, ""basis"": ""total"", ""total_equivalent_vnd"": 14000000000.0}]"
shard_0002.parquet,193204,"CHÍNH CHỦ BÁN LÔ ĐẤT THỔ CƯ CÁCH CHỢ BÌNH CHÁNH 15 PHÚT 5X20M, SỔ HỒNG RIÊNG GIÁ 1,1 TỶ","Chính chủ bán gấp lô đất thổ cư trung tâm Cần Đước 5x20m, sổ riêng Đầu tư đất vùng ven Giá tốt Sổ riêng công chứng ngay Diện tích 100m², thổ cư toàn bộ, xây dựng tự do Mặt tiền nhựa 6m, xe hơi ra vào thoải mái Lộ giới 22m Gần chợ, UBND, trường học chỉ vài trăm mét 15 phút đến TP.HCM, tiềm năng tăng giá khi hạ tầng hoàn thiện Gọi ngay để chốt lô đẹp số lượng có hạn!",Long An,Đất,1100000000,100.0,1100000000.0,0.0,matched_2pct,"[{""source"": ""title"", ""text"": ""1,1 TỶ"", ""parsed_value_vnd"": 1100000000.0, ""basis"": ""total"", ""total_equivalent_vnd"": 1100000000.0}]"
shard_0000.parquet,168531,"Bán nhà 2 mặt tiền khu Măng Lin, Phường 7, Đà Lạt 1 trệt 1 lầu, sân đậu 2 ô tô, sổ hồng riêng","Nhà 2 mặt tiền tại khu Măng Lin, phường 7, Đà Lạt. Nhà xây kiên cố 1 trệt 1 lầu, diện tích 101,28m2, full thổ cư, sổ hồng riêng, sân đậu ô tô, có sân vườn BBQ giá bán trọn gói. Vị trí: Khu Măng Lin, phường 7 khu vực có khí hậu trong lành, yên tĩnh, lý tưởng để sinh sống hoặc nghỉ dưỡng. Diện tích: 101,28m² diện tích vừa đủ để ở thoải mái và tiện nghi. Pháp lý: Sổ hồng riêng, full thổ cư sang tên nhanh chóng, giao dịch an toàn. Mặt tiền: Nhà có 2 mặt tiền cực kỳ thoáng, một mặt hướng Đông Bắc đón nắng sớm, một mặt hướng Tây Bắc mát mẻ buổi chiều. Lộ giới: Đường nhựa trước nhà rộng 5 mét ô tô di chuyển thuận tiện. Cấu trúc nhà: Nhà 1 trệt, 1 lầu xây dựng kiên cố thiết kế hiện đại, sạch sẽ. Gồm 3 phòng ngủ, 2 nhà vệ sinh, phòng khách, bếp, ban công tầng 1 đón gió. Sân rộng đậu được 2 ô tô, bên hông nhà có khoảng sân vườn xanh mát lý tưởng để uống trà, trồng cây hoặc tổ chức tiệc BBQ.",Lâm Đồng,Nhà,5000000000,101.28,,,no_supported_price,[]
shard_0004.parquet,296910,"Bán căn hộ richstar tân phú , dt 91m2 giá rẻ 5 tỷ, có hđmb, lh [phone_number]","BÁN CĂN HỘ RICHSTAR TÂN PHÚ , DT 91m2 GIÁ RẺ 5 TỶ, CHỦ BAO SỔ , CÓ HĐMB, LH [phone_number] 278 Đ. Hòa Bình, Phú Thạnh, Tân Phú, Thành phố Hồ Chí Minh Căn 3pn, 2wc Diện tích 91m². Nhà mới view cao đẹp tặng Full nội thất cao cấp Giá : 5 TỶ ngân hàng hỗ trợ vay 70% Tiện ích chung: Hồ bơi, phòng gym, khu vui chơi trẻ em,... KHu siêu thị, quán ăn, coffee, spa, ngân hàng,... Đầy đủ. Liên hệ xem nhà chốt nhanh: [phone_number]",Hồ Chí Minh,Căn hộ chung cư,5000000000,91.0,5000000000.0,0.0,matched_2pct,"[{""source"": ""title"", ""text"": ""5 tỷ, có hđmb, lh ["", ""parsed_value_vnd"": 5000000000.0, ""basis"": ""total"", ""total_equivalent_vnd"": 5000000000.0}, {""source"": ""description"", ""text"": ""5 TỶ, CHỦ BAO SỔ , "", ""parsed_value_vnd"": 5000000000.0, ""basis"": ""total"", ""total_equivalent_vnd"": 5000000000.0}, {""source"": ""description"", ""text"": ""5 TỶ ngân hàng hỗ t"", ""parsed_value_vnd"": 5000000000.0, ""basis"": ""total"", ""total_equivalent_vnd"": 5000000000.0}]"
shard_0006.parquet,287647,MUA BÁN CĂN HỘ HƯNG PHÚC - 2PN FULL NỘI THẤT CÓ DÒNG TIỀN ỔN ĐỊNH - DIỆN TÍCH 78M2 ƯU TIÊN GIỮ HĐT,"THÔNG TIN CĂN HỘ: Diện tích: 78m2. Kết cấu: 2 phòng ngủ, 2 WC. Nội thất: Đầy đủ nội thất tiện nghi, nhà đẹp. Thu nhập: Nhà đang có hợp đồng thuê, có dòng tiền sẵn. Giá bán: 7,7 tỷ (Giá thu về - Khách mua chịu thuế phí). Liên hệ em Huệ: để biết thêm thông tin chi tiết về căn hộ. #HungPhuc #PhuMyHung #BanCanHoQuan7 #BdsQuan7 #CanHo2PN",Hồ Chí Minh,Căn hộ chung cư,7700000000,78.0,7700000000.0,0.0,matched_2pct,"[{""source"": ""description"", ""text"": ""7,7 tỷ (Giá thu về - "", ""parsed_value_vnd"": 7700000000.0, ""basis"": ""total"", ""total_equivalent_vnd"": 7700000000.0}]"
shard_0005.parquet,57924,"Bán nhà Bà Triệu, Hà Đông 46m2 mặt tiền 4,5m, ô tô đỗ cửa cách phố chỉ 50m","Hàng hiếm giữa trung tâm Hà Đông sổ đẹp như kẻ chỉ sau trường C3 Lê Lợi ở sướng, giá ngon! Bà Triệu ô tô vào nhà ngõ thoáng rộng vị trí không có căn thứ 2. Nằm ngay lõi Hà Đông, bước chân ra là đầy đủ tiện ích: Chợ trường học bệnh viện TTTM, đi đâu cũng tiện, sống đâu cũng thích. Lợi thế nổi bật khiến khách xem là chốt ngay: Sổ vuông đẹp, vào phong thuỷ cực ổn. Ô tô vào nhà, cách ô tô tránh vài bước chân. Khu dân trí cao, an ninh siêu tốt môi trường sống cực chất. Hàng hiếm khu vực, ai săn nhà Hà Đông đều biết khu này khan cực. Phù hợp: Gia đình trẻ muốn vào trung tâm ở ngay. Người thích vị trí đỉnh, tiện đưa đón con học Lê Lợi. Nhà đầu tư giữ dòng tiền vì đất trung tâm Hà Đông chưa bao giờ giảm. LH",Hà Nội,Nhà,9600000000,46.0,,,no_supported_price,[]
shard_0000.parquet,83987,"Chính chủ cần bán căn 2PN góc Fiato Uptown, dt 86m2, giá ưu đãi 4,8 tỷ.","Căn hộ Fiato Uptown tọa lạc tại Tô Ngọc Vân, Tam Phú, Thủ Đức, Hồ Chí Minh, cách Vành Đai 2 chỉ 200m. Căn hộ nằm trong khu vực yên tĩnh, gần gũi với thiên nhiên, tạo điều kiện thuận lợi cho việc thư giãn và tận hưởng cuộc sống, là một lựa chọn lý tưởng cho những ai tìm kiếm không gian sống hiện đại và tiện nghi Xung quanh có nhiều tiện ích như: + Bệnh viện Thành phố Thủ Đức gần đó, đảm bảo an tâm về sức khỏe. + Các siêu thị Bách Hóa Xanh đáp ứng đầy đủ nhu cầu mua sắm hàng ngày. + Trường mầm non Việt Anh và Blue Sky Kindergarten - Sunview Town, thuận tiện cho gia đình có trẻ nhỏ. Tiện ích nội khu: - 2 hồ bơi trẻ em, 2 hồ bơi người lớn, khu BBQ, phòng Gym, Spa... - Công viên sky garden, khu thương mại dịch vụ - Nằm trong khu dân cư khép kín Thăng Long Home, an ninh khép kín 24/24 Căn góc với diện tích 86m2, căn hộ được thiết kế thông minh, đầy đủ nội thất, mang đến sự thoải mái và tiện lợ",Hồ Chí Minh,Căn hộ chung cư,5100000000,86.0,4800000000.0,0.0625,mismatch,"[{""source"": ""title"", ""text"": ""4,8 tỷ."", ""parsed_value_vnd"": 4800000000.0, ""basis"": ""total"", ""total_equivalent_vnd"": 4800000000.0}, {""source"": ""description"", ""text"": ""5.1 tỷ bao thuế phí, "", ""parsed_value_vnd"": 5100000000.0, ""basis"": ""total"", ""total_equivalent_vnd"": 5100000000.0}]"
shard_0005.parquet,138439,"Bán nhà riêng Ngõ 102Trường Chinh, 38m2, 6 tầng, mặt tiền 3,8m, giá 13,8 tỷ","Nhà riêng tại Trường Chinh, Phường Kim Liên, Đống Đa, Hà Nội là một lựa chọn lý tưởng cho những ai đang tìm kiếm một không gian sống tiện nghi và hiện đại. Với diện tích 38m2, nhà có 6 tầng, mặt tiền rộng 3,8m, phù hợp cho cả nhu cầu sinh sống và kinh doanh. + Giá bán 13,8 tỷ VND, phù hợp cho những ai muốn đầu tư lâu dài. + Nhà đang hoàn thiện 1 tuần nữa xong. Thiết kế hiện đại, không gian thoáng đãng, thích hợp cho gia đình hoặc làm văn phòng. + Mặt tiền rộng, có thể kinh doanh, thuận lợi cho việc buôn bán. Sổ đỏ chính chủ vuông ăn Lh: [phone_number] - Phạm Duy Bách",Hà Nội,Nhà,13800000000,38.0,13800000000.0,0.0,matched_2pct,"[{""source"": ""title"", ""text"": ""13,8 tỷ"", ""parsed_value_vnd"": 13800000000.0, ""basis"": ""total"", ""total_equivalent_vnd"": 13800000000.0}, {""source"": ""description"", ""text"": ""13,8 tỷ VND, phù hợp c"", ""parsed_value_vnd"": 13800000000.0, ""basis"": ""total"", ""total_equivalent_vnd"": 13800000000.0}]"
shard_0005.parquet,67364,"Bán đất ngay Nguyễn Hữu Trí, Tân Bửu, Bến Lức. Giá bán chỉ 6 tr/m2","Bán đất ngay Nguyễn Hữu Trí, X. Tân Bửu, H. Bến Lức. Đất nằm ngay Nguyễn Hữu Trí và gần đường Vành Đai chỉ 1,0km, đường xe tải ra vào dân cư hiện hữu. Khu vực đang phát triển gần khu đô thị Ecopark. Đất sẵn: 1383m2 thổ cư, còn lại đất vườn. Diện tích: 10.698m2 (mặt tiền: 40m, sâu vào nở hậu: 96m). Giá bán: 6 triệu/m2. Liên hệ: Kiệt",Long An,Đất,64188000000,10698.0,64188000000.0,0.0,matched_2pct,"[{""source"": ""title"", ""text"": ""6 tr/m2"", ""parsed_value_vnd"": 6000000.0, ""basis"": ""per_m2"", ""total_equivalent_vnd"": 64188000000.0}, {""source"": ""description"", ""text"": ""6 triệu/m2. Liên hệ: K"", ""parsed_value_vnd"": 6000000.0, ""basis"": ""per_m2"", ""total_equivalent_vnd"": 64188000000.0}]"
shard_0006.parquet,3261,"Bán gấp nhà đẹp Đặng Thùy Trâm, Bình Thạnh, 3 tầng, 4 PN, đi bộ 200m tới trường ĐH Văn Lang CS3","Bán nhà 3 tầng, đường Đặng Thùy Trâm, Phường 13, Bình Thạnh, hẻm xe hơi tránh nhau vô tư. ------------------ - Diện tích 4m x 15m - Hiện trạng: 1 trệt, 2 lầu, sân thượng, 4 phòng ngủ, có chỗ để xe ô tô. - Vị trí đẹp, đi bộ bán kính 500m có đầy đủ trường học từ mầm non - C1 - C2 - C3, đi bộ 200 m tới ĐH Văn Lang... Thích hợp mua để ở và cho thuê hoặc cho thuê khoán giá cao. ------------------ - Giá: 9 tỷ. Anh chị xem nhà liên hệ em Mr Cường 24/24. Cảm ơn anh chị đã xem tin!",Hồ Chí Minh,Nhà,9000000000,60.0,9000000000.0,0.0,matched_2pct,"[{""source"": ""description"", ""text"": ""9 tỷ. Anh chị xem n"", ""parsed_value_vnd"": 9000000000.0, ""basis"": ""total"", ""total_equivalent_vnd"": 9000000000.0}]"
shard_0004.parquet,280149,"Hàng Hiếm. Bán căn hộ tầng trung tòa CT2 Xa La 104m2, 3PN, Full NT đẹp, Sổ đỏ. LH [phone_number]","Gia đình chuyển xuống liền kề nên muốn bán nhanh căn hộ ở CT2 Xa La cho gia đình nào có nhu cầu. Ưu tiên khách mua nhanh và thiện chí. Căn hộ tầng đẹp, view thoáng, - Tòa CT2 là toà xây dựng kiểu mẫu đợt đầu nên chất lượng xây dựng tốt. Có 8 căn/sàn, 21 tầng nên mật độ dân cư thoáng đi lại thuận tiện, xung quanh tiện ích ngập tràn. Chi tiết căn hộ như sau: - Diện tích: 104m². - Thiết kế căn hộ: 3 phòng ngủ, 2 vệ sinh. - Nội thất để lại: Tủ bếp, sàn gỗ, tủ tường, điều hòa, nóng lạnh, sofa, bàn ăn,... Toàn bộ nội thất đều mới tinh. Khách mua chỉ việc về ở... - Giá rao: 5.85 tỷ có thương lượng sâu. - Pháp lý: Sổ đỏ chính chủ có hỗ trợ khách vay ngân hàng. - Liên hệ: Chị Thanh [phone_number] hoặc Zalo.",Hà Nội,Căn hộ chung cư,5850000000,104.0,5850000000.0,0.0,matched_2pct,"[{""source"": ""description"", ""text"": ""5.85 tỷ có thương lượn"", ""parsed_value_vnd"": 5850000000.0, ""basis"": ""total"", ""total_equivalent_vnd"": 5850000000.0}]"
shard_0008.parquet,99925,"Bán đất tại Đường Thủy Sơn 3, Hòa Hải, Ngũ Hành Sơn, Đà Nẵng, 8,1 tỷ, 115 m2","Đất thổ cư tại Đường Thủy Sơn 3, Phường Hòa Hải, Ngũ Hành Sơn, Đà Nẵng đem đến cơ hội tuyệt vời cho những ai đang tìm kiếm một vị trí thuận lợi để xây dựng tổ ấm hoặc đầu tư. Với diện tích 115 m2 và giá 8,1 tỷ VND, đất có mặt tiền 5m, đường vào rộng 7.5m, dễ dàng tiếp cận và phù hợp cho các phương tiện di chuyển. - Ưu điểm: + Pháp lý đầy đủ, đảm bảo an toàn cho mọi giao dịch. + Phong thủy tốt, hướng cửa chính Đông Bắc, thích hợp cho việc xây dựng nhà ở hoặc kinh doanh. + Mặt tiền rộng rãi, thuận lợi cho việc buôn bán, kinh doanh. Địa điểm xung quanh: - Gần bệnh viện Đa khoa Ngũ Hành Sơn, Bệnh viện Phụ sản - Nhi Đà Nẵng, Bệnh viện Mắt Sài Gòn Sông Hàn. - Các công viên như Công viên Đầm Sen, Công viên Cổ Cò gần kề, tạo không gian xanh thoáng đãng. Để biết thêm thông tin chi tiết và nhận tư vấn miễn phí, vui lòng liên hệ Phạm Thị Hoàng Vi qua số điện thoại [phone_number]làm việc chính chủ",Đà Nẵng,Đất,8100000000,115.0,8100000000.0,0.0,matched_2pct,"[{""source"": ""title"", ""text"": ""8,1 tỷ, 115 m2"", ""parsed_value_vnd"": 8100000000.0, ""basis"": ""total"", ""total_equivalent_vnd"": 8100000000.0}, {""source"": ""description"", ""text"": ""8,1 tỷ VND, đất có mặ"", ""parsed_value_vnd"": 8100000000.0, ""basis"": ""total"", ""total_equivalent_vnd"": 8100000000.0}]"
shard_0002.parquet,142588,"Bán nhà phường Bồ Đề - Long Biên - 13,9 tỷ - 48m2, ô tô vào nhà, 6 tầng thang máy","- Vị trí trung tâm phường Bồ Đề, kết nối nhanh ra phố Ái Mộ, Nguyễn Sơn, Nguyễn Văn Cừ, cầu Chương Dương, chỉ 5p ra Phố Cổ. - Thiết kế hiện đại đầy đủ, thang máy xịn, full nội thất, ô tô 7 chỗ vào nhà, an ninh tốt, khu dân trí cao. - T1: Gara ô tô. T2: Phòng khách, bếp, wc. T3,4,5: 3 Ngủ rộng rãi + wc. T6: Phòng thờ sân phơi. - Pháp lý: Sổ đỏ chính chủ, giao dịch nhanh. - Giá: 13,9 tỷ. - Liên hệ: Hà Nga [phone_number]",Hà Nội,Nhà,13900000000,48.0,13900000000.0,0.0,matched_2pct,"[{""source"": ""title"", ""text"": ""13,9 tỷ - 48m2, ô tô v"", ""parsed_value_vnd"": 13900000000.0, ""basis"": ""total"", ""total_equivalent_vnd"": 13900000000.0}, {""source"": ""description"", ""text"": ""13,9 tỷ. - Liên hệ: Hà"", ""parsed_value_vnd"": 13900000000.0, ""basis"": ""total"", ""total_equivalent_vnd"": 13900000000.0}]"
shard_0009.parquet,133843,"Bán đất đẹp - view sông - bình quới, bình thạnh, dt 17x52m, 880m2, giá siêu rẻ chỉ 50 tỷ","Địa chỉ: Bình Quới, P. Bình Quới, Bình Thạnh, TP.HCM Hẻm xe tải, gần mặt tiền đường lớn Vị trí cực hiếm sau đất là mặt sông thoáng mát quanh năm Diện tích công nhận: 879.9m² (ngang 17m x dài 52m) Có thêm ~300m² đất không công nhận sử dụng ổn định Sổ hồng riêng, thổ cư lâu dài pháp lý chuẩn Phù hợp làm biệt thự vườn, homestay nghỉ dưỡng hoặc đầu tư lâu dài Giá bán: chỉ 50 tỷ Liên hệ Nguyễn Liêm [phone_number] Thông tin chính xác - trung thực - không làm mất thời gian khách hàng. Miễn môi giới, quảng cáo - chỉ tiếp khách thiện chí, có nhu cầu mua thực sự.",Hồ Chí Minh,Nhà,50000000000,880.0,50000000000.0,0.0,matched_2pct,"[{""source"": ""title"", ""text"": ""50 tỷ"", ""parsed_value_vnd"": 50000000000.0, ""basis"": ""total"", ""total_equivalent_vnd"": 50000000000.0}, {""source"": ""description"", ""text"": ""50 tỷ Liên hệ Nguyễn"", ""parsed_value_vnd"": 50000000000.0, ""basis"": ""total"", ""total_equivalent_vnd"": 50000000000.0}]"
shard_0003.parquet,34472,"Bán gấp căn hộ 72m2, 2PN, 2WC chung cư Quân đội Thạch Bàn giá 3.9tỷ","- Diện tích 72m². - 2 Phòng ngủ sáng, 2 WC, phòng khách và bếp rộng. Tòa chung cư nằm ở vị trí đắc địa, gần sông hồng, các tiện ích xung quang đầy đủ: Trường học, siêu thị, phòng khám... Nội thất cơ bản của CĐT. Giá: 3,9 tỷ (có thương lượng). Quý khách có nhu cầu liên hệ:",Hà Nội,Căn hộ chung cư,3900000000,72.0,3900000000.0,0.0,matched_2pct,"[{""source"": ""title"", ""text"": ""3.9tỷ"", ""parsed_value_vnd"": 3900000000.0, ""basis"": ""total"", ""total_equivalent_vnd"": 3900000000.0}, {""source"": ""description"", ""text"": ""3,9 tỷ (có thương lượ"", ""parsed_value_vnd"": 3900000000.0, ""basis"": ""total"", ""total_equivalent_vnd"": 3900000000.0}]"
shard_0001.parquet,342131,"Bán gấp quỹ đất lớn khan hiếm 2MT đường Tô Vĩnh Diện, Thủ Đức: DT 4587m2(45x110m). QHXD cao tầng","Chính chủ cần bán gấp khuôn đất siêu VIP 2 mặt tiền trước sau đường Tô Vĩnh Diện, phường Linh Chiểu, Thủ Đức, TPHCM (nay là phường Thủ Đức, TPHCM): - Diện tích đất: 4587m² full thổ cư (Ngang 45m, dài 110m) có hẻm sau nhựa 12m. - Quy hoạch xây dựng cao tầng. - Phù hợp cho khách mua đầu tư xây dựng làm dự án chung cư cao tầng. - Vị trí chiến lược trung tâm phường Thủ Đức nơi mật độ dân cư đông đúc và kinh doanh thương mại thuận tiện cũng như là di chuyển thuận lợi đi về trung tâm TPHCM khoảng 30 phút, ra sân bay Long Thành khoảng 45 phút hoặc về sân bay TSN khoảng 15km. - Là tài sản rất đẹp và khan hiếm cho quý anh chị đầu tư sở hữu lâu dài hoặc làm dự án chuyển nhượng lại. - Pháp lý sạch, chính chủ giao dịch. - Giá chào bán chỉ 370 tỷ (tạm tính 80 triệu/m) còn thương lượng cho khách mua thiện chí. - Liên hệ: Mạnh Thịnh MTG) - Làm việc chính chủ!",Hồ Chí Minh,Đất,370000000000,4587.0,,,multiple_text_prices,"[{""source"": ""description"", ""text"": ""370 tỷ (tạm tính 80 t"", ""parsed_value_vnd"": 370000000000.0, ""basis"": ""total"", ""total_equivalent_vnd"": 370000000000.0}, {""source"": ""description"", ""text"": ""80 triệu/m) còn thương "", ""parsed_value_vnd"": 80000000.0, ""basis"": ""total"", ""total_equivalent_vnd"": 80000000.0}]"
shard_0004.parquet,202944,"Chính chủ cần bán nhà phân lô 5 tầng Trung Kính, Trung Yên, Trung Hòa, Cầu Giấy.","Chính chủ cần bán nhà phân lô Trung Kính, Trung Yên, Trung Hòa, Cầu Giấy. Diện tích: 92m2 xây 5 tầng. Nhà nằm vị trí trung tâm, giao thông kết nối thuận tiện. Có điều hòa, nội thất đầy đủ. Sổ đỏ sẵn sàng giao dịch. Giá bán: 35.6 tỷ. Liên hệ: Em Nguyễn Tài để xem nhà.",Hà Nội,Nhà,35600000000,92.0,35600000000.0,0.0,matched_2pct,"[{""source"": ""description"", ""text"": ""35.6 tỷ. Liên hệ: Em N"", ""parsed_value_vnd"": 35600000000.0, ""basis"": ""total"", ""total_equivalent_vnd"": 35600000000.0}]"
shard_0000.parquet,103724,"Bán đất tặng nhà vườn gần chợ Dĩ An 1, P. Dĩ An, TP. Dĩ An","Bán đất tặng nhà vườn gần chợ Dĩ An 1, P. Dĩ An, TP. Dĩ An. DT 702m2 thổ cư 271m2 (13,2x40m nở hậu 18m). Nhà cấp 4, có 3 phòng ngủ, 2WC, phòng khách, nhà ăn, phòng thờ... Khu vực trung tâm của Dĩ An tiện ích đầy đủ, ngay cụm trường cấp 1, 2, 3 chỉ 300m. Đường nhựa rộng 20m thông 2 đầu. Phù hợp làm nhà vườn, biệt thự, kinh doanh... Cách chợ Dĩ An chỉ 500m. Gần đường Nguyễn An Ninh 300m. Sổ hồng riêng. Hỗ trợ ngân hàng 70%. Giá 28 Tỷ TL.",Bình Dương,Đất,28000000000,702.0,28000000000.0,0.0,matched_2pct,"[{""source"": ""description"", ""text"": ""28 Tỷ TL."", ""parsed_value_vnd"": 28000000000.0, ""basis"": ""total"", ""total_equivalent_vnd"": 28000000000.0}]"
shard_0002.parquet,268773,Hiêm! BÁN căn hộ 2 ngủ 2vs ban công sân vườn 86m2 tại chung cư HPC Landmark,"Chuyển sang căn rộng hơn gia đình cần bán lại căn 2 ngủ 2vs 86m2 thông thủy tại chung cư HPC Landmark 105, thuộc khu đô thị Văn Khê, Hà Đông. Để lại toàn bộ nội thất đẹp, đầy đủ cả đồ điện tử. Căn hộ ban công sân vườn rộng quanh nhà, view công viên thiên văn học siêu đẹp. Đã có sổ đỏ lâu dài Giá tốt chỉ nhỉnh 5 tỷ, mức giá rất hợp lý tại thời điểm hiện tại. Liên hệ xem nhà 24/7: [phone_number]",Hà Nội,Căn hộ chung cư,5180000000,86.0,5000000000.0,0.036,mismatch,"[{""source"": ""description"", ""text"": ""5 tỷ, mức giá rất h"", ""parsed_value_vnd"": 5000000000.0, ""basis"": ""total"", ""total_equivalent_vnd"": 5000000000.0}]"
shard_0002.parquet,292870,"Bán nhà đẹp 3 tầng đường Ngô Huy Diễn, Hoà Xuân, quận Cẩm Lệ, Đà Nẵng","Bán nhà 3 tầng đường Ngô Huy Diễn, Hoà Xuân, quận Cẩm Lệ, Đà Nẵng. -------- Vị trí: Gần cầu Hoà Xuân, gần Khu vip Euro villa 2, nhiều quán ăn, coffee, chợ, sân bóng,... Đầy đủ tiện ích xung quanh. Diện tích đất: 100m2 (ngang 5m). Đường: 7,5m - Hướng: Đông Bắc. Nhà 3 tầng kiên cố, 3 phòng ngủ, bếp, phòng khách, sân để oto rộng rãi,.. Thiết kế theo kiểu hiện đại, có thể vào ở luôn. Bán để lại hết toàn bộ nội thất cao cấp, chỉ xách vali vào ở ngay. Giá bán: 8,8 tỷ (thương lượng chính chủ). ----------------- Lh: - Lý.",Đà Nẵng,Nhà,8800000000,100.0,8800000000.0,0.0,matched_2pct,"[{""source"": ""description"", ""text"": ""8,8 tỷ (thương lượng "", ""parsed_value_vnd"": 8800000000.0, ""basis"": ""total"", ""total_equivalent_vnd"": 8800000000.0}]"
shard_0003.parquet,25349,Bán đất quy hoạch 22 mét mặt tiền đường gần khu bàn cờ trung tâm Cam Lâm. Gọi ngay [phone_number],"Bán đất quy hoạch 22 mét mặt tiền đường gần khu bàn cờ trung tâm Cam Lâm. Gọi ngay [phone_number] Diện tích 670m2 (ngang 19 dài 30 mét). Hướng Tây. Đường bê tông hiện trạng 4 mét, quy hoạch mở rộng 13 mét. Đất thuộc khu dân cư giữ lại. Sổ đỏ thổ cư 200m2, quy hoạch giao thông 291m2. Giá bán 4 tỷ (10.5 triệu/m2). Gọi ngay [phone_number]",Khánh Hòa,Đất,4000000000,670.0,,,multiple_text_prices,"[{""source"": ""description"", ""text"": ""4 tỷ (10.5 triệu/m2"", ""parsed_value_vnd"": 4000000000.0, ""basis"": ""total"", ""total_equivalent_vnd"": 4000000000.0}, {""source"": ""description"", ""text"": ""10.5 triệu/m2). Gọi ngay "", ""parsed_value_vnd"": 10500000.0, ""basis"": ""per_m2"", ""total_equivalent_vnd"": 7035000000.0}]"
shard_0009.parquet,76927,"Chính chủ bán căn hộ 74m2, cửa ĐB, ban công TN, 2PN tại Mỹ Đình Pearl - Phú Đô, giá 7,29 tỷ","- Chính chủ cần bán chuyển nhượng căn hộ 2 ngủ tại Mỹ Đình Pearl. - Giá bán: 7,29 tỷ. - Diện tích: 74m2. - Thiết kế căn hộ: + 2 phòng ngủ, 2 vệ sinh. + Hướng cửa: Đông Bắc. + Ban công: Tây Bắc. + Nội thất đã hoàn thiện đầy đủ. + Sổ đỏ lâu dài. Liên hệ: [phone_number]",Hà Nội,Căn hộ chung cư,7290000000,74.0,7290000000.0,0.0,matched_2pct,"[{""source"": ""title"", ""text"": ""7,29 tỷ"", ""parsed_value_vnd"": 7290000000.0, ""basis"": ""total"", ""total_equivalent_vnd"": 7290000000.0}, {""source"": ""description"", ""text"": ""7,29 tỷ. - Diện tích: "", ""parsed_value_vnd"": 7290000000.0, ""basis"": ""total"", ""total_equivalent_vnd"": 7290000000.0}]"
shard_0009.parquet,32938,"Tống Diễn [phone_number]. Chính chủ gửi bán biệt thự đơn lập góc Ecopark, đã hoàn thiện, 165 triệu/m2","Mến chào anh chị, Chính chủ gửi bán căn biệt thự đơn lập Ecopark. Biệt thự có diện tích 319 m2 (+ ~100 m2 lưu không), giá 165 triệu/m2, với thiết kế hiện đại và đầy đủ nội thất. + 4 phòng ngủ rộng rãi. + 4 phòng tắm tiện nghi. + 3 tầng sang trọng. + 2 mặt tiền rộng rãi. + Mặt tiền 20m, đường 6m. + Pháp lý đầy đủ, sổ đỏ. Biệt thự có phong thủy tốt, hướng cửa chính Tây Nam, mang lại tài lộc cho gia chủ. Không gian sống lý tưởng với sự kết hợp giữa thiên nhiên và tiện nghi. Gần các tiện ích như bệnh viện Kusumi, siêu thị Sky Oasis, công viên mùa xuân và mùa hạ Ecopark, cùng các trường học quốc tế. Tất cả tạo nên một cuộc sống tiện nghi và dễ dàng tiếp cận. Liên hệ ngay để biết thêm thông tin chi tiết: Tống Diễn [phone_number]",Hưng Yên,Biệt thự/Nhà liền kề,52640000000,319.0,52635000000.0,9.499382540134892e-05,matched_2pct,"[{""source"": ""title"", ""text"": ""165 triệu/m2"", ""parsed_value_vnd"": 165000000.0, ""basis"": ""per_m2"", ""total_equivalent_vnd"": 52635000000.0}, {""source"": ""description"", ""text"": ""165 triệu/m2, với thiết "", ""parsed_value_vnd"": 165000000.0, ""basis"": ""per_m2"", ""total_equivalent_vnd"": 52635000000.0}]"
shard_0004.parquet,115392,Bán nhà phân lô Trần Quang Diệu Q. Đống Đa vỉa hè ô tô tránh lô góc 50m2 7T thang máy - kinh doanh,"Bán nhà Trần Quang Diệu Q. Đống Đa nhà lô góc, ô tô tránh S 50m2 - MT 6m - 7 tầng thang máy. Nhà phân lô - lô góc - ô tô tránh - 7 tầng thang máy - kinh doanh đỉnh - hàng xóm quận uỷ Đống Đa. - Diện tích 50m2, thực tế 67m2, mặt tiền 6m, sổ vuông đẹp. - Giá: 33.5 tỷ có thương lượng. + Khu vực trung tâm Đống Đa, tiện ích ngập tràn. + Gần quận uỷ Đống Đa, vườn hoa 1/6, hồ Hoàng Cầu chỉ cách nhà vài bước chân. + Chủ tặng lại full nội thất. + Thiết kế: - Tầng 1 gara ô tô. - Tầng 2: Phòng Khách. - Tầng 3.4: Mỗi tầng 2PN - WC. - Tầng 5: Phòng ngủ master. - Tầng 6: Phòng ăn, bếp. - Tầng 7: Phòng thờ, sân phơi. Quan tâm liên hệ Mr Long",Hà Nội,Nhà,33500000000,50.0,33500000000.0,0.0,matched_2pct,"[{""source"": ""description"", ""text"": ""33.5 tỷ có thương lượn"", ""parsed_value_vnd"": 33500000000.0, ""basis"": ""total"", ""total_equivalent_vnd"": 33500000000.0}]"
shard_0008.parquet,330425,"Cần bán gấp căn hộ Sun Grand City - 69B Thụy Khuê, 120m2, 3PN, tầng cao đủ đồ LH: [phone_number]","Bán căn hộ chung cư tại Sun Grand City - 69B Thụy Khuê: * Căn hộ: 120m², 3 phòng ngủ, 1 phòng khách và bếp. - Nội thất đã được trang bị đầy đủ. - Sổ đỏ chính chủ, sang tên liền tay. - Gía trên đã bao gồm chi phí sang tên. * Tòa nhà tích hợp đầy đủ tiện ích 5*. * Giá bán: Thỏa thuận. Liên hệ: [phone_number] gặp Công Minh để được xem nhà trực tiếp.",Hà Nội,Căn hộ chung cư,0,120.0,,,no_supported_price,[]
shard_0008.parquet,128181,"Bán biệt thự ven sông phố Bắc Cầu, Long Biên DT 300 m2, view sông Hồng","+ Bán biệt thự ven sông phố Bắc Cầu, quận Long Biên cũ, cây xanh, môi trường trong lành, view trực diện sông Hồng rộng mở thoáng đạt & vị trí đẹp view hướng về hướng cầu Nhật Tân, cầu Dông Trù. Giao thông kết nối tứ tung với phố Đàm Quang Trung, Lâm Du, Nguyễn Văn Cừ, cầu Chương Dương, cầu Vĩnh Tuy. Tương lai sáng gần cầu Trần Hưng Đạo, cầu Tứ Liên và đại lộ sông Hồng bên dòng sông Hồng với nhiều tiềm năng phát triển rực rỡ trong nay mai Khu vực rộng rãi, thoáng sáng, gần gũi với thiên nhiên, môi trường trong lành với dòng sông Hồng nhiều cơ hội, tiềm năng to lớn cần kề. Bãi gửi ô tô gần nhà, vừa ở vửa mở quán café ven sông tốt, gần nhiều cây cầu lớn, các khu đô thị lớn & ra vào trung tâm thành phố thuận tiện. + Móng nhà xây tốt có thể xây lên thành 5 tầng. Chủ để lại toàn bộ trang thiết bị nội thất xịn cho khách thiện trí mua. Cửa kinh cách âm, cách nhiệt, hệ thống điều hòa âm trần, dàn",Hà Nội,Biệt thự/Nhà liền kề,33500000000,300.0,33500000000.0,0.0,matched_2pct,"[{""source"": ""description"", ""text"": ""33,5 tỷ có TL. + LH Mr"", ""parsed_value_vnd"": 33500000000.0, ""basis"": ""total"", ""total_equivalent_vnd"": 33500000000.0}]"
shard_0003.parquet,338039,"Bán nhà mặt phố 4 tầng, 68m2, giá 16,9 tỷ tại Bàu Cát 2, p 12, Q.Tân Bình, HCM","Nhà mặt phố 4 tầng tại Bàu Cát 2, Phường 12, Quận Tân Bình, Hồ Chí Minh, sở hữu diện tích 68m2, giá 16,9 tỷ VND. Đây là cơ hội tuyệt vời cho những ai đang tìm kiếm một không gian kinh doanh lý tưởng hoặc nơi ở tiện nghi. Điểm đặc biệt: + Mặt tiền rộng 4m, thuận lợi cho việc kinh doanh và quảng bá thương hiệu. + Nội thất đầy đủ với điều hòa, giường, tủ lạnh,... tạo sự thoải mái cho cư dân. + Pháp lý đầy đủ, đảm bảo an toàn cho giao dịch. Khu vực xung quanh: + Gần bệnh viện 1A - chỉnh hình và phục hồi chức năng, bệnh viện quốc tế Queen, bệnh viện Thống Nhất. + Siêu thị sách và tiện ích nhân văn - Trương Công Định, Siêu thị mẹ & bé Con Cưng. + Công viên Bàu Cát 3, công viên Bàu Cát 2, tạo không gian xanh mát cho khu vực. + Các trường học như Toán tư duy Mathnasium, Trung tâm tiếng Trung Hoa Văn Thương Mại. Để biết thêm thông tin chi tiết và sắp xếp xem nhà, vui lòng liên hệ Phan Thanh Hải q",Hồ Chí Minh,Nhà,16900000000,68.0,16899999999.999998,1.128608658468935e-16,matched_2pct,"[{""source"": ""title"", ""text"": ""16,9 tỷ tại Bàu Cát 2,"", ""parsed_value_vnd"": 16899999999.999998, ""basis"": ""total"", ""total_equivalent_vnd"": 16899999999.999998}, {""source"": ""description"", ""text"": ""16,9 tỷ VND. Đây là cơ"", ""parsed_value_vnd"": 16899999999.999998, ""basis"": ""total"", ""total_equivalent_vnd"": 16899999999.999998}]"
shard_0006.parquet,115152,"Bán căn hộ chung cư đẹp tại Vimeco II - Nguyễn Chánh, 11,55 tỷ, 136m2","Căn hộ chung cư tại Vimeco II - Nguyễn Chánh, Đường Nguyễn Chánh, Phường Trung Hòa, Cầu Giấy, Hà Nội mang đến không gian sống lý tưởng với nhiều tiện ích. + Diện tích 136m2, thiết kế 4PN, 2WC, đáp ứng nhu cầu gia đình lớn. + Nội thất đầy đủ, bao gồm điều hòa, tủ lạnh và giường ngủ. + Hướng cửa chính Đông Nam, ban công Tây Bắc, phong thủy tốt. + Pháp lý đầy đủ, đảm bảo an tâm cho khách hàng. Căn hộ nằm gần nhiều tiện ích: + Cách bệnh viện Thận Hà Nội chỉ 1km. + Cách công viên Cầu Giấy khoảng 1,5km. + Cách siêu thị Winmart Trung Hòa khoảng 1km. Liên hệ ngay Xuan Tho Nguyen qua số điện thoại [phone_number] để biết thêm thông tin chi tiết.",Hà Nội,Căn hộ chung cư,11550000000,136.0,11550000000.0,0.0,matched_2pct,"[{""source"": ""title"", ""text"": ""11,55 tỷ, 136m2"", ""parsed_value_vnd"": 11550000000.0, ""basis"": ""total"", ""total_equivalent_vnd"": 11550000000.0}]"
shard_0008.parquet,214767,"Bán lô đất ở MTNBộ 8m (XT) Hòa Bình, P. 5, Q. 11 giá 7.3 tỷ","Bán ba lô đất ở MTNBộ 8m (XT) Hòa Bình, P. 5, Q. 11 giá 7.3 tỷ. - Gần công viên Đầm Sen. - 11.5 x 13m, giá 7.3 tỷ. - Cấu trúc: Đất cao bằng đường. - Hướng Tây, cách đường 100m. - Liên hệ: 281D Lãnh Binh Thăng, P8, Q11. - ĐT: [phone_number]/ [phone_number]",Hồ Chí Minh,Đất,7300000000,149.5,7300000000.0,0.0,matched_2pct,"[{""source"": ""title"", ""text"": ""7.3 tỷ"", ""parsed_value_vnd"": 7300000000.0, ""basis"": ""total"", ""total_equivalent_vnd"": 7300000000.0}, {""source"": ""description"", ""text"": ""7.3 tỷ. - Gần công vi"", ""parsed_value_vnd"": 7300000000.0, ""basis"": ""total"", ""total_equivalent_vnd"": 7300000000.0}, {""source"": ""description"", ""text"": ""7.3 tỷ. - Cấu trúc: Đ"", ""parsed_value_vnd"": 7300000000.0, ""basis"": ""total"", ""total_equivalent_vnd"": 7300000000.0}]"
shard_0002.parquet,47294,"Bán đất tặng nhà 3 tầng, trung tâm phố Ngọc Lâm, ô tô vào đất, ngõ thông Nguyễn Văn Cừ","Cách phố Ngọc Lâm 200m, cách cầu Chương Dương và cầu Long Biên đều 400m. Tiện ích gần TTTM Mipec, phố ẩm thực Ngọc Lâm kinh doanh không thiếu thứ gì, kết nối khu vực bệnh viện Bắc Hà, Tâm Anh, phòng tiêm chủng VNPC. Tặng kèm nhà 3 tầng gồm hơn 8 phòng cho thuê. Anh/chị mua nhà đất sinh lời trong nay mai. Sổ đỏ cất két sẵn sàng giao dịch ngay.",Hà Nội,Nhà,19500000000,123.0,,,no_supported_price,[]
shard_0002.parquet,42991,Bán lô mặt tiền Nguyễn Cơ Thạch(trực biển) - Bến du thuyền - Nha Trang - giá 110tr/m2,"Lô đất biệt thự biển cực đẹp đường Nguyễn Cơ Thạch, Phường Bắc Nha Trang - 405,7m2 ngang 15m - giá 110 triệu/m2. Cần bán lô đất biệt thự đường Nguyễn Cơ Thạch, KĐT Vĩnh Hoà, phường Bắc Nha Trang. - Diện tích: 405,7m2 ngang rộng 15m. - Hướng: Đông Nam. - Pháp lý: Sổ hồng. - Vị trí: Lô đất nằm tại vị trí Kim Cương của con đường Nguyễn Cơ Thạch, trước mặt là biển phía Bắc Nha Trang, từ đây bạn có thể ngắm toàn cảnh Vịnh Nha Trang, sát cạnh là bến Du Thuyền Quốc tế và hai toà nhà Laluna. Lô đất dành cho giới thượng lưu mua xây nhà ở nghỉ dưỡng. - Giá bán: 110 triệu/m2. Liên hệ: E Hương.",Khánh Hòa,Đất,44627000000,405.7,44627000000.0,0.0,matched_2pct,"[{""source"": ""title"", ""text"": ""110tr/m2"", ""parsed_value_vnd"": 110000000.0, ""basis"": ""per_m2"", ""total_equivalent_vnd"": 44627000000.0}, {""source"": ""description"", ""text"": ""110 triệu/m2. Cần bán lô"", ""parsed_value_vnd"": 110000000.0, ""basis"": ""per_m2"", ""total_equivalent_vnd"": 44627000000.0}, {""source"": ""description"", ""text"": ""110 triệu/m2. Liên hệ: E"", ""parsed_value_vnd"": 110000000.0, ""basis"": ""per_m2"", ""total_equivalent_vnd"": 44627000000.0}]"
shard_0007.parquet,26992,"Bán nhà 3,5 tầng đối diện TTTM Aeon Tân An. Giá nhỉnh hơn 4 tỷ","Nhà phố dòng tiền trung tâm Tân An hiện hữu. Dự án La Villa Green City tọa lạc tại Tân An (cũ) sở hữu vị trí trung tâm kết nối, đối diện TTHC tỉnh Tây Ninh, cách AEON Mall Tân An 100m. Nhận nhà ngay: Dự án xây dựng hoàn thiện 100%, thiết kế đẳng cấp, hướng đến cuộc sống xanh với hệ thống tiện ích hiện đại. Sổ liền tay: Pháp lý minh bạch, sổ hồng trao tay ngay khi hoàn tất thủ tục, đảm bảo quyền sở hữu tuyệt đối. Cho thuê ngay: Với vị trí vàng đối diện TTHC và kề cận AEON Mall, nhu cầu thuê văn phòng, nhà ở, kinh doanh luôn ở mức cao. Chính sách ưu đãi vượt trội: - Thời gian thanh toán linh hoạt lên đến 5 năm. - Chiết khấu lên đến 9% giá trị hợp đồng. - Ngân hàng cho vay 50%. - Hỗ trợ lãi suất 25 tháng. - Tặng gói nội thất giá trị 50tr. - Miễn phí quản lý 2 năm. Sở hữu ngay La Villa Green City sinh lời ngay tức thì. ----- Khu đô thị La Villa Green City. Địa chỉ: Đường Hùng Vương nối dài, ",Long An,Biệt thự/Nhà liền kề,4500000000,100.0,4000000000.0,0.125,mismatch,"[{""source"": ""title"", ""text"": ""4 tỷ"", ""parsed_value_vnd"": 4000000000.0, ""basis"": ""total"", ""total_equivalent_vnd"": 4000000000.0}, {""source"": ""description"", ""text"": ""50tr. - Miễn phí qu"", ""parsed_value_vnd"": 50000000.0, ""basis"": ""total"", ""total_equivalent_vnd"": 50000000.0}]"
shard_0004.parquet,97005,"Chủ giảm giá bán nhanh nhà Nguyễn Văn Giai - Đa Kao - Q1, gần chợ Đa Kao. 76m2 đang cho thuê 29tr","Chủ giảm giá mạnh bán gấp nhà hiện đang cho thuê 29 triệu/tháng - hợp đồng lâu dài. * Vị trí: Đường Nguyễn Văn Giai - Phường ĐaKao - Quận 1, gần chợ ĐaKao, cách vòng xoay tháp đồng hồ 150m, khu dân trí cao. - Diện tích: 5m x 15.8m (76m2). - Kết cấu: 1 trệt - 3 lầu (đúc bê tông cốt thép). Gồm: 6 phòng ngủ - 7 nhà vệ sinh - phòng khách rộng - sân thượng,... - Sổ hoàn công đủ - sang tên liền. Liên hệ [phone_number] gặp em Trí để xem nhà trực tiếp (hỗ trợ miễn phí).",Hồ Chí Minh,Nhà,,76.0,,,no_supported_price,[]
shard_0002.parquet,293908,"Bán căn hộ K - Home New City Bình Dương, vị trí đắc địa, gần sân bay Long Thành","K - Home New City Bình Dương là khu đô thị xanh chuẩn Singapore đầu tiên tại Việt Nam do Kim Oanh Group phát triển, hợp tác cùng Surbana Jurong (Singapore). Dự án tọa lạc ngay trung tâm TP. Mới Bình Dương. Quy mô gần 27 ha, gồm 1.376 nhà phố shophouse, 1.666 căn hộ và 300 nhà phố thương mại. Với mức giá chỉ từ 789 triệu/căn hộ, 2,16 tỷ/nhà phố và chính sách vay ưu đãi lãi suất 6,1 - 6,6%/năm trong 10 25 năm, K - Home New City mang đến cơ hội an cư đầu tư hấp dẫn. Dự án nổi bật với hệ thống tiện ích chuẩn Singapore như hồ bơi tràn bờ, công viên xanh, trường học, khu thể thao, hứa hẹn kiến tạo không gian sống hiện đại, bền vững ngay trái tim Bình Dương. LH: em Hải).",Bình Dương,Căn hộ chung cư,,35.0,,,multiple_text_prices,"[{""source"": ""description"", ""text"": ""789 triệu/căn hộ, 2,16 t"", ""parsed_value_vnd"": 789000000.0, ""basis"": ""total"", ""total_equivalent_vnd"": 789000000.0}, {""source"": ""description"", ""text"": ""2,16 tỷ/nhà phố và chí"", ""parsed_value_vnd"": 2160000000.0, ""basis"": ""total"", ""total_equivalent_vnd"": 2160000000.0}]"
shard_0007.parquet,111001,Bán nhà 458/1 Nguyễn Văn Khối trệt lửng 3 lầu.4x13 full nội thất 7tỷ7 thương lượng,"CĂN NHÀ PHỐ VỚI THIẾT KẾ HIỆN ĐẠI MỘT TRỤC SAU LƯNG MẶT TIỀN NGUYỄN VĂN KHỐI - Giá : 7,7 tỉ TL - Vị Trí : Nguyễn Văn Khối - P.9 - Gò Vấp - HCM - Hướng : Đông Nam - Kết cấu : 1 trệt 1 lửng 3 lầu gồm gara xe phòng khách bếp 3 pn ( trong đó 1 pn master ) 1 phòng xông hơi 3wc, sân thượng - Đường : Gần 4m sát mặt tiền - Diện tích : Ngang 4m x dài 13m - Pháp lý : Sổ hồng riêng - Nội thất bàn giao : Full option Hotline :",Hồ Chí Minh,Nhà,7700000000,52.0,7700000000.0,0.0,matched_2pct,"[{""source"": ""title"", ""text"": ""7tỷ7 thương lượng"", ""parsed_value_vnd"": 7700000000.0, ""basis"": ""total"", ""total_equivalent_vnd"": 7700000000.0}, {""source"": ""description"", ""text"": ""7,7 tỉ TL - Vị Trí : "", ""parsed_value_vnd"": 7700000000.0, ""basis"": ""total"", ""total_equivalent_vnd"": 7700000000.0}]"
shard_0003.parquet,223849,"Chuyển nhượng The Paris Vinhomes Ocean Park : 2CH 5PN 150m2 ĐN, giá 11 tỷ, lh/zl :","#Metropolitan Căn hộ 5 Phòng Ngủ đầu tiên cùng tầng 1 cặp cạnh nhau, tại phân khu #The #Paris : Diện tích thông thuỷ CH10-CH11 : 150m Layuot thiết kế 3PN 86m2 - 2PN 64m2, tầng đẹp thoáng view đẹp Căn góc 2 mặt thoáng, hướng mát Đông Nam, Tây Nam nhìn bể bơi 1000m2 tiêu chuẩn Olympic Thông tin chi tiết : #paris #oceanpark #metropolitan #vinhomes Quỹ Chuyển Nhượng Metropolitan : Paris, Zurich, Beverly, London ( 1N-4N ) Liên hệ hotline :",Hà Nội,Căn hộ chung cư,11000000000,150.0,11000000000.0,0.0,matched_2pct,"[{""source"": ""title"", ""text"": ""11 tỷ, lh/zl :"", ""parsed_value_vnd"": 11000000000.0, ""basis"": ""total"", ""total_equivalent_vnd"": 11000000000.0}]"
shard_0002.parquet,299078,"Bán căn hộ 2PN, 2WC giá ưu đãi tại Mulberry Lane, Mỗ Lao, Hà Đông, 6,X tỷ, 80m2. E Hòa","Căn hộ chung cư tại Mulberry Lane, Mỗ Lao, Hà Đông, Hà Nội đang được chào bán với nhiều điểm hấp dẫn. Với diện tích 80m2, căn hộ này sở hữu 2 phòng ngủ và 2 phòng tắm, phù hợp cho gia đình hoặc các cặp đôi trẻ. Nội thất đầy đủ, bạn chỉ cần xách vali vào ở ngay. - 2 phòng ngủ rộng rãi, thoáng mát - 2 phòng tắm hiện đại, tiện nghi - Phòng khách sang trọng, không gian sống thoải mái - Giá bán chỉ 6,X tỷ VND, hợp lý cho vị trí và tiện ích - Pháp lý đầy đủ, sổ đỏ/sổ hồng Căn hộ còn có phong thủy tốt, mang lại sự bình an cho gia chủ. Đặc biệt, không gian sống tại đây rất thuận tiện với nhiều tiện ích xung quanh. Địa điểm tiện ích xung quanh: - Bệnh viện Y học cổ truyền Bộ Công an - Bệnh viện Đa khoa Quốc tế Thiên Đức - Công viên Hồ Trung Văn - Siêu thị Mẹ bầu & Em bé Con Cưng Nguyễn Văn Lộc - Trường Mầm non Thần Đồng Liên hệ ngay để được tư vấn miễn phí và biết thêm thông tin chi tiết về căn h",Hà Nội,Căn hộ chung cư,6300000000,80.0,,,no_supported_price,[]
shard_0003.parquet,33023,"Bán Nhà riêng 66m2 tại Đường Cách Mạng Tháng Tám, Phường 13, Quận 10, TP.HCM, giá 10,598 tỷ","Nhà riêng 3 tầng tọa lạc tại Đường Cách Mạng Tháng Tám, Phường 13, Quận 10, TP.HCM, với diện tích 66m2, là lựa chọn lý tưởng cho gia đình hoặc đầu tư. - 6 phòng ngủ rộng rãi, thoáng mát. - 6 toilet riêng biệt, tiện lợi cho sinh hoạt. - Nội thất cơ bản, sẵn sàng để ở ngay. - Hướng cửa chính Đông Nam, mang lại phong thủy tốt. - Mặt tiền 4m, phù hợp cho việc kinh doanh nhỏ. - Ngõ trước rộng 5m, dễ dàng di chuyển bằng xe hơi. - Pháp lý đầy đủ, đảm bảo an toàn cho giao dịch. Điểm nổi bật: - Phong thủy tốt, mang lại tài lộc cho gia chủ. - Khu vực an ninh, yên tĩnh, thích hợp cho gia đình sinh sống. Địa điểm xung quanh: - Gần Satramart - Siêu thị Sài Gòn. - Công viên Văn hóa Lê Thị Riêng, nơi thư giãn lý tưởng. - Trường mầm non Sóc Nâu - Quận 10 và các cơ sở giáo dục khác. Liên hệ ngay để biết thêm thông tin chi tiết và sắp xếp xem nhà: Phúc Nobita [phone_number]",Hồ Chí Minh,Nhà,10600000000,66.0,10598000000000.0,0.9989998112851481,mismatch,"[{""source"": ""title"", ""text"": ""10,598 tỷ"", ""parsed_value_vnd"": 10598000000000.0, ""basis"": ""total"", ""total_equivalent_vnd"": 10598000000000.0}]"
shard_0001.parquet,242791,"Bán đất đường Lê Đức Thọ, P6, Gò Vấp, DT: 8.6x24, hẻm xe hơi, giá 21 tỷ TL","Bán đất đường Lê Đức Thọ, P6, Gò Vấp, DT: 8.6x24, hẻm xe hơi, giá 21 tỷ TL. - DT: 8.6x24. - Vị trí: Hẻm xe hơi, kế công viên Nguyễn Văn Lượng, 1 trục ra bờ sông. - Giá: 21 tỷ TL. Lh:",Hồ Chí Minh,Đất,21000000000,206.4,21000000000.0,0.0,matched_2pct,"[{""source"": ""title"", ""text"": ""21 tỷ TL"", ""parsed_value_vnd"": 21000000000.0, ""basis"": ""total"", ""total_equivalent_vnd"": 21000000000.0}, {""source"": ""description"", ""text"": ""21 tỷ TL. - DT: 8.6x"", ""parsed_value_vnd"": 21000000000.0, ""basis"": ""total"", ""total_equivalent_vnd"": 21000000000.0}, {""source"": ""description"", ""text"": ""21 tỷ TL. Lh:"", ""parsed_value_vnd"": 21000000000.0, ""basis"": ""total"", ""total_equivalent_vnd"": 21000000000.0}]"
shard_0004.parquet,286519,"Bán lô đất kđt chí linh phường 10, vũng tàu 97,8m (5,4x19m) đường 20.5m giá 11 tỷ","BÁN LÔ ĐẤT KĐT CHÍ LINH P.10, VŨNG TÀU 97,8M (5,4x19M) ĐƯỜNG 20,5M GIÁ 11 TỶ Thông tin lô đất: Diện tích: 97,8m² (5,4 x 19m), full thổ cư, pháp lý rõ ràng. Hướng: Đông Nam mát mẻ quanh năm. Đường trước nhà: 20,5m, vỉa hè rộng rãi, thuận tiện kinh doanh, mở văn phòng hoặc an cư. Tiện ích & vị trí: Nằm trong KĐT Chí Linh quy hoạch đồng bộ, hạ tầng hoàn chỉnh. Khu dân cư văn minh, yên tĩnh, thoáng mát. Gần công viên, hồ sinh thái, trường học, siêu thị, khu thể thao rất thuận lợi cho cuộc sống gia đình. Giá bán: 11 tỷ (có thương lượng cho khách thiện chí).",Bà Rịa - Vũng Tàu,Đất,11000000000,97.8,11000000000.0,0.0,matched_2pct,"[{""source"": ""title"", ""text"": ""11 tỷ"", ""parsed_value_vnd"": 11000000000.0, ""basis"": ""total"", ""total_equivalent_vnd"": 11000000000.0}, {""source"": ""description"", ""text"": ""11 TỶ Thông tin lô đ"", ""parsed_value_vnd"": 11000000000.0, ""basis"": ""total"", ""total_equivalent_vnd"": 11000000000.0}, {""source"": ""description"", ""text"": ""11 tỷ (có thương lượ"", ""parsed_value_vnd"": 11000000000.0, ""basis"": ""total"", ""total_equivalent_vnd"": 11000000000.0}]"
shard_0000.parquet,337931,"Bán nhà mặt tiền-kd, lê sao, q.tân phú, 4,2x14m, 3 tầng, 7,5 tỷ. tl","Nhà mặt tiền Lê Sao, Tân Phú, là một bất động sản hấp dẫn với diện tích 64,5m2, thiết kế 4PN + 3WC/PT + bếp. Giá bán 7,5 tỷ VND. Ngõ vào rộng 12m, thuận tiện cho xe hơi đi lại. Mặt tiền 4,2m thích hợp cho kinh doanh và buôn bán. Pháp lý đầy đủ. - Vị trí đẹp Trung tâm Quận Tân Phú, khu vực VIP Kinh doanh đa nghành nghề, giao thông thuận tiện di chuyển các Quận Tân Bình, Q.11. Q.6... Điểm đặc sắc: - Thiết kế hiện đại, thông thoáng, phù hợp với nhu cầu sinh hoạt gia đình. - Vị trí đắc địa, dễ dàng tiếp cận các tiện ích xung quanh như: Trường học các cấp, Chợ Nguyễn Sơn, Nhà Thờ, Ngân Hàng, Siêu thị... Liên hệ để biết thêm thông tin chi tiết qua số điện thoại [phone_number] hoặc với TĂNG CHÍ THÀNH.",Hồ Chí Minh,Nhà,7500000000,64.5,7500000000.0,0.0,matched_2pct,"[{""source"": ""title"", ""text"": ""7,5 tỷ. tl"", ""parsed_value_vnd"": 7500000000.0, ""basis"": ""total"", ""total_equivalent_vnd"": 7500000000.0}, {""source"": ""description"", ""text"": ""7,5 tỷ VND. Ngõ vào r"", ""parsed_value_vnd"": 7500000000.0, ""basis"": ""total"", ""total_equivalent_vnd"": 7500000000.0}]"
shard_0003.parquet,76517,"Chính chủ cần bán căn hộ The Legend 109 Nguyễn Tuân diện tích 106m2 giá nhỉnh 9 tỷ, LH:","Chính chủ cần bán căn hộ chung cư tại The Legend- 109 Nguyễn Tuân - Thanh Xuân, Hà Nội. - Căn hộ có diện tích 106m² thiết kế hiện đại và đầy đủ nội thất, chỉ cần dọn vào ở ngay. - Hướng ban công Đông Nam, mát mẻ phong thủy tốt - Pháp lý đầy đủ, sổ hồng sẵn sàng giao dịch. - Nội thất gồm điều hòa, giường, tủ lạnh, và các thiết bị cần thiết khác. - Giá: nhỉnh 9 tỷ (có thương lượng) Vui lòng liên hệ em Giang qua số điện thoại: miễn trung gian).",Hà Nội,Căn hộ chung cư,,106.0,9000000000.0,,missing_structured_price,"[{""source"": ""title"", ""text"": ""9 tỷ, LH:"", ""parsed_value_vnd"": 9000000000.0, ""basis"": ""total"", ""total_equivalent_vnd"": 9000000000.0}, {""source"": ""description"", ""text"": ""9 tỷ (có thương lượ"", ""parsed_value_vnd"": 9000000000.0, ""basis"": ""total"", ""total_equivalent_vnd"": 9000000000.0}]"
shard_0007.parquet,34183,"Cần bán căn hộ CC Thái An, Nguyễn Văn Quá, Q12, giá 1,4 tỷ 40m2, 1PN","Chung cư Thái An đường Nguyễn Văn Quá, Đông Hưng Thuận, Quận 12. - Diện tích 40m2, 1PN 1WC nhà mới dọn sẵn sàng vào ở ngay. - Giá 1,4 tỷ, nhà chưa sổ. Địa điểm xung quanh: - Bệnh viện đa khoa tâm trí Sài Gòn. - Khuôn viên cây xanh mát mẻ có hồ bơi, phòng gym. - Gần chợ, siêu thị Bách Hóa Xanh.",Hồ Chí Minh,Căn hộ chung cư,1400000000,40.0,1400000000.0,0.0,matched_2pct,"[{""source"": ""title"", ""text"": ""1,4 tỷ 40m2, 1PN"", ""parsed_value_vnd"": 1400000000.0, ""basis"": ""total"", ""total_equivalent_vnd"": 1400000000.0}, {""source"": ""description"", ""text"": ""1,4 tỷ, nhà chưa sổ. "", ""parsed_value_vnd"": 1400000000.0, ""basis"": ""total"", ""total_equivalent_vnd"": 1400000000.0}]"
shard_0007.parquet,120110,"+Bán Nhà Nguyễn Viết Xuân 35m 5 tầng 6.9 tỷ Ngõ thông thoáng, gần ô tô, ở ngay không sửa","+Bán Nhà Nguyễn Viết Xuân 35m 5 tầng 6.9 tỷ Ngõ thông thoáng, gần ô tô, ở ngay không sửa +Chủ nhà làm bên tài chính quyết định bán để chuyển gần cơ quan hơn. Nhà mới sơn sửa lại trước Tết nên nhìn cực sáng, vào là thích ngay. Ngõ trước nhà sạch sẽ, dân trí cao, buổi tối cả ngõ thắp đèn vàng ấm áp, rất an toàn. +Công năng khoa học: T1: Không gian tiếp khách bếp để xe. T23: 2 phòng ngủ lớn có cửa sổ thoáng. T4: Phòng thờ + sân phơi rộng. +Tiện ích: sát trường cấp 1 Hà Cầu, gần chợ 337, đi vài trăm mét ra Quang Trung đón bus nhanh. Sổ đỏ sang tên ngay, Gọi ngay gặp chính chủ (24/7)",Hà Nội,Nhà,6900000000,35.0,6900000000.0,0.0,matched_2pct,"[{""source"": ""title"", ""text"": ""6.9 tỷ Ngõ thông thoá"", ""parsed_value_vnd"": 6900000000.0, ""basis"": ""total"", ""total_equivalent_vnd"": 6900000000.0}, {""source"": ""description"", ""text"": ""6.9 tỷ Ngõ thông thoá"", ""parsed_value_vnd"": 6900000000.0, ""basis"": ""total"", ""total_equivalent_vnd"": 6900000000.0}]"
shard_0001.parquet,223027,Chính chủ bán gấp căn hộ chung cư cao cấp tòa GoldSeason DT 66m2 75m2,Mình là cư dân ở tòa mình mình đang có các căn hộ chung cư cao cấp cần bán gấp tòa GoldSeason 47 Nguyễn Tuân cam kết giá tốt nhất thị trường hiện nay. + Quỹ căn hộ GoldSeason 47 Nguyễn Tuân thiết kế diện tích căn hộ. - 2N 2VS diện tích 66m2 giá tốt 5.5 tỷ. - 2N 2VS diện tích 75m2 giá tốt 6.5 tỷ.. + Nội thất full mới 100%. Tòa GoldSeason 47 Nguyễn Tuân với vị trí đắc địa ở giữa trung tâm Hà Nội vs vị trí đẹp quỹ căn hộ cao cấp. Thiết kế nội thất theo thiên hướng Châu Âu. Tầng trung view đẹp ban công ĐN thoáng mát. Tòa chung cư cao cấp GoldSeason 47 Nguyễn Tuân VS điểm đến đầu tư cho thuê lý tưởng VS. Giá cho thuê đang cao nhất so vs các tòa chung cư hiện nay. Tòa chung cư GoldSeason 47 Nguyễn Tuân là nơi anh chị mua để ở VS các căn hộ diện tích rộng phù hợp vs các hộ giá đình anh chị mua nhà xin. Liên hệ: E Hải. Em Hải xin cam kết giá tốt nhất thị trường hiện tại.,Hà Nội,Căn hộ chung cư,6500000000,75.0,,,multiple_text_prices,"[{""source"": ""description"", ""text"": ""5.5 tỷ. - 2N 2VS diện"", ""parsed_value_vnd"": 5500000000.0, ""basis"": ""total"", ""total_equivalent_vnd"": 5500000000.0}, {""source"": ""description"", ""text"": ""6.5 tỷ.. + Nội thất f"", ""parsed_value_vnd"": 6500000000.0, ""basis"": ""total"", ""total_equivalent_vnd"": 6500000000.0}]"
shard_0009.parquet,77418,"Bán căn hộ chung cư Bình An Plaza Thanh Hóa, 2 ngủ 2wc tầng 15","Bán căn hộ chung cư Bình An Plaza Thanh Hóa. Căn hộ 2PN 2wc thường: 54m2 Tiện ích đẳng cấp: Bể bơi ngoài trời, đài phun nước sang trọng. Công viên trung tâm, trường mầm non Bình An. Phòng gym, spa, siêu thị, khu vui chơi trẻ em. Phòng khám hiện đại, chăm sóc sức khỏe toàn diện. Ưu điểm vượt trội: Nhận bàn giao ngay Thi công chất lượng, bàn giao nội thất cơ bản. Sổ hồng sở hữu lâu dài. 6 thang máy/tòa, di chuyển nhanh chóng và thuận tiện. Nhanh tay sở hữu ngay không gian sống lý tưởng tại Bình An Plaza Thanh Hóa! Hotline PKD: [phone_number]",Thanh Hóa,Căn hộ chung cư,0,54.0,,,no_supported_price,[]
shard_0002.parquet,89146,Bán lô đất siêu đẹp hẻm xe hơi đường lê văn thịnh cách chợ cây xoài 60m,cg bán lô đất hem xe hơi đường lê văn thịnh cách chợ cây xoài 80m dt 58.5m2 thổ cư 100% đất vuông vức cao giáo khu dân cư hiện hữu xây dựng tự do vị trí rất đẹp cách chợ cây xoài 80m đường xe hơi. sổ hồng chính chủ gửi bán giá 4.95ty bớt lộc cho khách thiện trí lh xem đất [phone_number] cam ơn,Hồ Chí Minh,Đất,4950000000,59.0,4950000000.0,0.0,matched_2pct,"[{""source"": ""description"", ""text"": ""4.95ty bớt lộc cho kh"", ""parsed_value_vnd"": 4950000000.0, ""basis"": ""total"", ""total_equivalent_vnd"": 4950000000.0}]"
shard_0001.parquet,176578,"Cần bán nhanh căn thương mại Ori Bàu Tràm 2Pn, full nội thất","Cần bán nhanh căn Ori Bàu Tràm 2Pn, full nội thất. Căn thương mại, đã có sổ, sang tên ngay lập tức, an toàn tuyệt đối. View thành phố, view hồ đẹp lung linh. Tầng trung vừa đẹp - không quá thấp - không quá cao. Giá: 1.8x tỷ. Chủ dễ thương lắm ạ. Anh chị liên hệ em Thuỳ để xem nhà và chốt căn nhé.",Đà Nẵng,Căn hộ chung cư,1850000000,57.0,,,no_supported_price,[]
shard_0000.parquet,33426,"Bán gấp villa khu biệt lập Valora Fuji, liền kề The Global City - sẵn HĐ thuê lâu dài - Đã có sổ","Bán biệt thự Valora Fuji 169m² khu biệt lập - an ninh - xanh mát với mật độ xây dựng chỉ 16%. Bán biệt thự Valora Fuji Biệt Thự Quận 9. - Bán căn biệt thự kiểu Nhật dự án Valora Fuji (CĐT Nam Long liên kết tập đoàn Nhật). - DT: 169m2 (13x13m), 1 trệt, 1 lầu. - Thiết kế: 3PN và 3WC. - Hướng: Đông Nam. - Hiện trạng: Full nội thất đẹp như hình & điện rất xinh. - Sổ hồng hoàn công. - Chỉ xách vali vào ở. - Giá: 22.5 tỷ còn bớt cho khách thương lượng thiện chí ạ - sổ cầm tay. - Giá cho thuê khu vực này: 25tr/tháng - căn. - Ngoài ra còn các căn từ 19 tỷ -22 tỷ LH: [phone_number] Anh Bùi xem nhà và sổ.",Hồ Chí Minh,Biệt thự/Nhà liền kề,22500000000,169.0,,,multiple_text_prices,"[{""source"": ""description"", ""text"": ""22.5 tỷ còn bớt cho kh"", ""parsed_value_vnd"": 22500000000.0, ""basis"": ""total"", ""total_equivalent_vnd"": 22500000000.0}, {""source"": ""description"", ""text"": ""19 tỷ -22 tỷ LH: [ph"", ""parsed_value_vnd"": 19000000000.0, ""basis"": ""total"", ""total_equivalent_vnd"": 19000000000.0}, {""source"": ""description"", ""text"": ""22 tỷ LH: [phone_num"", ""parsed_value_vnd"": 22000000000.0, ""basis"": ""total"", ""total_equivalent_vnd"": 22000000000.0}]"
shard_0001.parquet,231965,"Bán nhà riêng 48m2 tại Tạ Quang Bửu, Q8 - LH: - 2T870","Ngay trung tâm Quận 8, bán Tạ Quang Bửu 48m2 vào ở ngay: Kết cấu: 1 trệt 1 lầu, 2 phòng ngủ, 2 WC. Diện tích: 48m2. Vị trí: Hẻm 1/, ngay bệnh viện quận 8, giao Phạm Thế Hiển, bán kính 500m đầy đủ chợ, ngân hàng, CHTL. Sổ hồng riêng, pháp lý rõ ràng, đã hoàn công, công chứng ngay. Liên hệ: Gặp Thuỳ Dương liên hệ làm việc trực tiếp chủ nhà. Có nhận ký gửi nhà đất trong và ngoài thành phố. Miễn cò.",Hồ Chí Minh,Nhà,,48.0,,,no_supported_price,[]
shard_0004.parquet,175801,"Bán đất mặt tiền đường Tân Hoà Đông phường Bình Trị Đông, Bình Tân, Hồ Chí Minh","Bán đất mặt tiền Tân Hóa Đông vị trí vàng giá có thương lượng. Địa chỉ: 459 Tân Hòa Đông. Diện tích: Ngang 4m dài 34,67m sổ hồng riêng. Đang cho thuê dc 10 triệu. Mặt tiền đường lớn, thích hợp xây dựng, kinh doanh, mở văn phòng, cho thuê.",Hồ Chí Minh,Đất,13000000000,138.68,,,no_supported_price,[]
shard_0003.parquet,73334,"Cần bán gấp shop khối đế trên đường Hoàng Quốc Việt, pháp lý hoàn chỉnh, chiết khấu ngay 16%","Tọa độ vàng: Mặt đường Hoàng Quốc Việt, trung tâm Halong Marina. Kề sát quảng trường biển, phố đi bộ, chợ đêm, Sun World & cảng tàu quốc tế. Đón trọn khách du lịch và cư dân Marina sầm uất quanh năm. Chính sách đặc biệt: Pháp lý hoàn chỉnh sổ hồng lâu dài. Chiết khấu thẳng 16%. Thanh toán 13 đợt trong 3 năm. Hỗ trợ vay 70%, lãi 0% trong 30 tháng. Miễn phí quản lý 2 năm. Tiềm năng đầu tư: Shop khối đế luôn là hàng hiếm tại trung tâm du lịch quốc tế Hạ Long. Lợi nhuận cho thuê dự kiến 10 12%/năm, gấp đôi căn hộ nội đô. Kinh doanh đa dạng ngành hàng: F&B, thời trang, dịch vụ du lịch. Shop vị trí cực hiếm cơ hội đầu tư sinh lời bền vững. Liên hệ ngay:",Quảng Ninh,Shophouse,,42.0,,,no_supported_price,[]
shard_0009.parquet,108503,"- Bán căn hộ tập thể Bạch Mai, Hai Bà Trưng, siêu đẹp, 19.6m2, sử dụng 100m2, 4.02 tỷ","- Căn hộ tập thể Bạch Mai, Hai Bà Trưng, diện tích sổ 19.6m2, sử dụng 100m2, giá 4.02 tỷ còn thương lượng. - Thiết kế gồm 3 phòng Ngủ, 2WC, thoáng sáng, full nội thất, ô tô đỗ, sân chơi cực rộng, vừa ở vừa cho thuê. - Ô tô đỗ ngay chân cầu thang. - Sổ đỏ chính chủ, giao dịch ngay. Liên hệ Em Duyên [phone_number]",Hà Nội,Căn hộ chung cư,4019999999,19.6,4019999999.9999995,2.4875610028926416e-10,matched_2pct,"[{""source"": ""title"", ""text"": ""4.02 tỷ"", ""parsed_value_vnd"": 4019999999.9999995, ""basis"": ""total"", ""total_equivalent_vnd"": 4019999999.9999995}, {""source"": ""description"", ""text"": ""4.02 tỷ còn thương lượ"", ""parsed_value_vnd"": 4019999999.9999995, ""basis"": ""total"", ""total_equivalent_vnd"": 4019999999.9999995}]"
shard_0003.parquet,75213,"Bán nhà mặt tiền Huỳnh Thị Hai, 4x23m, KD mua bán ok, Q12","Chủ gửi: MẶT TIỀN HUỲNH THỊ HAI, Q12 ĐOẠN SUNG NHẤT TUYẾN ĐƯỜNG! Vị trí kinh doanh siêu đỉnh phù hợp mọi ngành nghề! Thông tin chi tiết: Diện tích: 4m x 23m (sổ công nhận 4m x 21m, còn 2m ngoài sổ) Kết cấu: 1 phòng khách, 2 phòng ngủ, 1 nhà vệ sinh Phòng khách rộng chà bá thích hợp kinh doanh: Thuốc tây Spa salon Quán ăn cà phê Bán hàng online, văn phòng, showroom... Nhà mới keng xà beng, sạch đẹp vào ở ngay không cần sửa sang gì thêm! Giá chào: 7 tỷ 850 triệu (thương lượng nhẹ) Liên hệ ngay: [phone_number] Mr Vũ để xem nhà hỗ trợ nhiệt tình!",Hồ Chí Minh,Nhà,7850000000,92.0,7850000000.0,0.0,matched_2pct,"[{""source"": ""description"", ""text"": ""7 tỷ 850 triệu (thư"", ""parsed_value_vnd"": 7850000000.0, ""basis"": ""total"", ""total_equivalent_vnd"": 7850000000.0}]"
shard_0002.parquet,99127,"Bán nhà 7 tầng, Pháo Đài Láng, Đống Đa, Hà Nội, 15,9 tỷ, 50m2 mặt tiền 8.5m, giá cực chất","Nhà riêng Pháo Đài Láng, Đống Đa, Hà Nội, với thiết kế hiện đại và tiện nghi, là lựa chọn lý tưởng cho gia đình hoặc đầu tư. - Diện tích: 50m2. - Số tầng: 7. - Mặt tiền rộng: 8.5m. - Giá: 15,9 tỷ VND. Điểm nhấn: - Phong thủy tốt, mang lại tài lộc cho gia chủ. - Mặt tiền rộng, rất phù hợp cho việc kinh doanh hoặc cho thuê. Địa điểm xung quanh: - Gần bệnh viện thận Hà Nội, bệnh viện đa khoa Bảo Sơn 2. - Công viên Indira Gandhi, công viên Gandhi Hồ Thành Công, công viên Cầu Giấy. - Nhiều siêu thị như Teekiu Mart, Sakuko Thái Hà, Winmart Trung Hòa. - Gần trường học Vinastudy - trường học toán trực tuyến liên cấp. Liên hệ ngay để biết thêm chi tiết: C. Hương [phone_number]",Hà Nội,Nhà,15900000000,50.0,15900000000.0,0.0,matched_2pct,"[{""source"": ""title"", ""text"": ""15,9 tỷ, 50m2 mặt tiền"", ""parsed_value_vnd"": 15900000000.0, ""basis"": ""total"", ""total_equivalent_vnd"": 15900000000.0}, {""source"": ""description"", ""text"": ""15,9 tỷ VND. Điểm nhấn"", ""parsed_value_vnd"": 15900000000.0, ""basis"": ""total"", ""total_equivalent_vnd"": 15900000000.0}]"
shard_0001.parquet,209994,"Bán đất KDC hiện hữu tại Bưng Ông Thoàn, giá tốt 80tr/m2 (còn TL), diện tích công nhận 150m2","Nhanh tay sở hữu đất nền dự án tại Bưng Ông Thoàn, Phú Hữu, Thủ Đức, Hồ Chí Minh với các đặc điểm nổi bật sau: - Giá hấp dẫn chỉ 12 tỷ VND. - Diện tích rộng rãi 150m2, phù hợp cho nhiều mục đích sử dụng. - Ngõ vào rộng 16m, dễ dàng cho xe ô tô ra vào. - Mặt tiền rộng 5.75m, lý tưởng cho việc kinh doanh hoặc xây dựng nhà ở. - Pháp lý đầy đủ, an tâm cho khách hàng. Khu vực xung quanh: - Gần Công viên Phường Phú Hữu, không gian xanh thoáng đãng. - Trường mầm non Song ngữ Montessori Vườn ươm Hạnh Phúc, Trường mầm non Hoa Hồng Đỏ, Blue Sky Kindergarten - Mega Residence cho con em học tập. Liên hệ ngay để được tư vấn miễn phí qua số điện thoại , Nguyễn Tiến Minh.",Hồ Chí Minh,Đất,12000000000,150.0,12000000000.0,0.0,matched_2pct,"[{""source"": ""title"", ""text"": ""80tr/m2 (còn TL), d"", ""parsed_value_vnd"": 80000000.0, ""basis"": ""per_m2"", ""total_equivalent_vnd"": 12000000000.0}, {""source"": ""description"", ""text"": ""12 tỷ VND. - Diện tí"", ""parsed_value_vnd"": 12000000000.0, ""basis"": ""total"", ""total_equivalent_vnd"": 12000000000.0}]"
shard_0006.parquet,15161,"ĐỘT PHÁ 2025: Đất 100m² An Dương, Yên Phụ Vị trí ""GẦN HỒ TÂY"" Bán Đất TẶNG NHÀ!","ĐỘT PHÁ 2024: Đất 100m² An Dương, Yên Phụ Vị trí ""GẦN HỒ TÂY"" Bán Đất TẶNG NHÀ! Cơ hội có 1-0-2 để sở hữu mảnh đất vàng tại trung tâm Tây Hồ khu vực luôn giữ giá và có giá trị cho thuê/kinh doanh cao cấp! Vị trí ĐẲNG CẤP, Chất lượng sống Bậc nhất Hà Nội Địa điểm: An Dương, Yên Phụ, Tây Hồ, Hà Nội Vị trí đắc địa, giáp ranh Ba Đình, kết nối thẳng phố cổ. Tiện ích: Vài bước chân ra Hồ Tây (Không gian sống lý tưởng để chạy bộ, đạp xe). Khu vực tập trung nhiều nhà hàng, quán cà phê, phòng gym cao cấp. Kết nối: Gần tuyến đường lớn Yên Phụ/Nghi Tàm, di chuyển vào trung tâm thành phố cực nhanh. Đặc biệt: Khu vực dân trí cao, an ninh tuyệt đối (Nhiều khu phân lô cán bộ/người nước ngoài sinh sống). Thông tin Vàng của lô đất Diện tích: 100m² (Vuông vắn, sổ đỏ chính chủ). Tiếp cận: Chỉ 5m ra đường Ô TÔ TRÁNH NHAU Vị trí hiếm có trong ngõ Tây Hồ! Ưu đãi lớn: BÁN ĐẤT TẶNG NHÀ hiện hữu trên đất tiết ki",Hà Nội,Đất,18000000000,100.0,18000000000.0,0.0,matched_2pct,"[{""source"": ""description"", ""text"": ""18 tỷ (Mức giá đầu t"", ""parsed_value_vnd"": 18000000000.0, ""basis"": ""total"", ""total_equivalent_vnd"": 18000000000.0}]"
shard_0008.parquet,18469,"Bán nhà mặt tiền Thạch Thị Thanh - 124m2 3 tầng - 63.5 tỷ - lô đất vàng quận 1, tiềm năng vô hạn","Bán nhà mặt tiền Thạch Thị Thanh - 124m2 3 tầng - 63.5 tỷ - lô đất vàng quận 1, tiềm năng vô hạn - Diện tích: 124m2 - Kết cấu: 3 tầng gồm trệt, 2 lầu, mặt tiền rộng 6m, tiềm năng xây mới 6 tầng. - Tiện ích: Khu vực tiện ích đỉnh cao, quy hoạch rõ ràng. - Ưu điểm khu vực: Ngay công viên Lê Văn Tám, khu phố Vip, tiện ích đỉnh cao. - Địa chỉ: Mặt tiền Thạch Thị Thanh, Phường Tân Định, Quận 1. - Giá bán: 63.5 tỷ - Mã sản phẩm: #124038",Hồ Chí Minh,Nhà,63500000000,124.0,63500000000.0,0.0,matched_2pct,"[{""source"": ""title"", ""text"": ""63.5 tỷ - lô đất vàng "", ""parsed_value_vnd"": 63500000000.0, ""basis"": ""total"", ""total_equivalent_vnd"": 63500000000.0}, {""source"": ""description"", ""text"": ""63.5 tỷ - lô đất vàng "", ""parsed_value_vnd"": 63500000000.0, ""basis"": ""total"", ""total_equivalent_vnd"": 63500000000.0}, {""source"": ""description"", ""text"": ""63.5 tỷ - Mã sản phẩm:"", ""parsed_value_vnd"": 63500000000.0, ""basis"": ""total"", ""total_equivalent_vnd"": 63500000000.0}]"
shard_0000.parquet,320423,Bán căn hộ 2PN chung cư Homyland 1 đường Nguyễn Duy Trinh Quận 2 - Nhà mới ở ngay,"Chính chủ gửi bán căn hộ chung cư Homyland 1 - Đường Nguyễn Duy Trinh, P. Bình Trưng Tây, Q2. Vị trí: Gần Mai Chí Thọ, Lương Định Của, tiện vào Trung tâm TP 15 - 20p. Layout 2PN 2WC diện tích siêu lớn 100m2. Nội thất cơ bản: Sofa, giường, hệ tủ bếp, máy lạnh, tủ lạnh. Nhà mới tinh vào ở ngay. Sổ hồng sẵn sàng công chứng. Giá bán: 3tỷ950. Tiện ích xung quanh: Gần chợ, bệnh viện Lê Văn Thịnh, sát Nhà Thiếu Nhi Q2, Trung tâm Anh Ngữ VUS,. Chi tiết liên hệ: - Ms. Vi hỗ trợ 24/7 xem vị trí và thương lượng giá tốt. Nhận ký gửi, mua bán, cho thuê Nhà phố, đất nền, căn hộ, Nhà đất dân cư hiện hữu,... Khu vực Tp Thủ Đức.",Hồ Chí Minh,Căn hộ chung cư,3950000000,99.0,3950000000.0,0.0,matched_2pct,"[{""source"": ""description"", ""text"": ""3tỷ950. Tiện ích x"", ""parsed_value_vnd"": 3950000000.0, ""basis"": ""total"", ""total_equivalent_vnd"": 3950000000.0}]"
shard_0000.parquet,344548,"BÁN NHÀ PHỐ NGỌC LÂM, LONG BIÊN - KINH DOANH ĐỈNH - NỞ HẬU ĐÓN TÀI LỘC - 92M2*MT4.8M GIÁ 2x TỶ","Cần bán gấp nhà phố Ngọc Lâm, Long Biên, Hà Nội với diện tích 92m², mặt tiền 4,5m nở hậu, cực kỳ đắc địa cho mọi loại hình kinh doanh. Vị trí hiếm có, ít nhà bán trên thị trường. Vị trí vàng: * Nằm trên trục đường kinh doanh sầm uất, kết nối trực tiếp hai tuyến phố lớn Ngọc Lâm và Nguyễn Văn Cừ. * Đối diện là Trường THCS Ái Mộ, kế bên là Trường THPT Nguyễn Gia Thiều và tòa chung cư cao cấp One 18 với đầy đủ tiện ích hiện đại (siêu thị, gym, spa...). * Hội tụ mọi tiện ích chỉ trong vài bước chân, thuận tiện cho sinh hoạt và kinh doanh. Đặc biệt, khu vực này có tiềm năng lớn khi quy hoạch tương lai sẽ ra phố lớn. Thiết kế thông minh: * Nhà 4 tầng kiên cố, thiết kế hiện đại, tối ưu công năng. * Tầng 1: Mặt bằng kinh doanh rộng rãi, gara ô tô và WC. * Tầng 2 & 3: Mỗi tầng 2 phòng ngủ và WC, đáp ứng nhu cầu sinh hoạt của gia đình. * Tầng 4: Phòng thờ và sân phơi thoáng đãng. Pháp lý rõ ràng: ",Hà Nội,Nhà,25500000000,102.0,,,no_supported_price,[]
shard_0009.parquet,316832,"Bán nhanh nhà phố đẳng cấp 4 tầng mặt tiền 5m, sát trục Hoàng Quốc Việt kéo dài","Cơ hội hiếm để sở hữu căn nhà phố thương mại đẳng cấp tại Noble Palace Tây Thăng Long dòng sản phẩm vừa ở sang, vừa khai thác kinh doanh cực tốt. (*) Thông tin căn L7-03 phân khu Legacy Loại hình: Nhà phố 4 tầng - hoàn thiện mặt ngoài Diện tích đất: 67,5m² Tổng diện tích xây dựng: 212,8m² Mặt tiền: 5m Hướng: Đông Bắc (*) Điểm cộng nổi bật: - Gần trục đường chính 50m tuyến giao thông huyết mạch - Đối diện công viên, không gian sống thoáng đãng, view cực đắt - Kết nối nhanh ra trục Hoàng Quốc Việt kéo dài di chuyển thuận tiện vào trung tâm và các khu đô thị lớn (*) Hệ tiện ích cao cấp nội khu - Trung tâm sinh hoạt cộng đồng Regency Clubhouse - Bể bơi, bãi đỗ xe thông minh - Chuỗi tiện ích chuẩn sống thượng lưu: Infinity Oasis, Imperial Garden, dãy shophouse thương mại sầm uất - Bao quanh bởi các công viên quy mô lớn 90ha & 100ha chuẩn sống xanh hiếm có khu Tây (*) Chính sách bán hàng hấp d",Hà Nội,Shophouse,17500000000,67.5,280000000.0,61.5,mismatch,"[{""source"": ""description"", ""text"": ""280 triệu (ưu đãi giới h"", ""parsed_value_vnd"": 280000000.0, ""basis"": ""total"", ""total_equivalent_vnd"": 280000000.0}]"
shard_0001.parquet,304985,"Bán đất trung tâm Đông Thanh 500m² có sẵn thổ cư vị trí đẹp, đáng sống","Bán đất trung tâm Đông Thanh 500m² có sẵn thổ cư vị trí đẹp, đáng sống Nếu bạn đang tìm một nơi yên tĩnh để xây dựng tổ ấm giữa vùng đất cao nguyên trong lành, lô đất này là lựa chọn không thể bỏ qua. Diện tích rộng rãi: 500m² (10m x 50m), đã có 250m² thổ cư Đất cao ráo, vuông vức, nền chắc dễ thi công, tiết kiệm chi phí làm móng Đường bê tông lớn chạy ngang mặt tiền xe ô tô lưu thông thoải mái Bao quanh là khu dân cư lâu năm, hàng xóm thân thiện, môi trường sống yên bình Giao thông thuận tiện, gần trường học, trạm y tế, tiện ích đầy đủ Thích hợp xây nhà vườn, nghỉ dưỡng hoặc định cư lâu dài Sổ riêng từng lô công chứng nhanh gọn Giá bán: 1 tỷ 250 triệu còn thương lượng cho người mua thật sự có nhu cầu Liên hệ: [phone_number] để đi xem và chọn vị trí đẹp nhất.",Lâm Đồng,Đất,,500.0,1250000000.0,,missing_structured_price,"[{""source"": ""description"", ""text"": ""1 tỷ 250 triệu còn "", ""parsed_value_vnd"": 1250000000.0, ""basis"": ""total"", ""total_equivalent_vnd"": 1250000000.0}]"
shard_0005.parquet,19480,"Bán gấp căn góc 2PN, 2WC C/C Tân Hương Tower, 2,7 tỷ TL, LH Ms Giang","Căn hộ chung cư tại Tân Hương Tower, Tân Hương, Tân Quý, Tân Phú, Hồ Chí Minh mang đến không gian sống lý tưởng cho gia đình. Với diện tích 86m2, căn hộ thiết kế 2 phòng ngủ và 2 toilet, nội thất cơ bản đầy đủ, phù hợp cho nhu cầu sinh hoạt hàng ngày. + Giá bán: 2,7 tỷ thương lượng nhanh cho khách thiện chí. + Diện tích: 86m2 căn góc, có ban công thông thoáng. + 2 phòng ngủ (2PN) + 2 toilet (2WC). + Nội thất cơ bản, dễ dàng tùy chỉnh theo sở thích. + Sàn gỗ cao cấp. Căn hộ không chỉ đáp ứng nhu cầu về không gian sống mà còn mang lại phong cách sống hiện đại, tiện nghi. Khu vực xung quanh yên tĩnh, thuận lợi cho việc thư giãn và giải trí. Gần trường học, gần chợ/siêu thị Bách Hóa Xanh, có công viên Phan Đình Phùng và Trần Văn Ơn gần đó, tạo điều kiện thuận lợi cho cuộc sống hàng ngày. Liên hệ ngay để biết thêm thông tin chi tiết về căn hộ tại Tân Hương Tower qua số điện thoại , gặp Quỳnh ",Hồ Chí Minh,Căn hộ chung cư,2670000000,86.0,2700000000.0,0.011111111111111112,matched_2pct,"[{""source"": ""title"", ""text"": ""2,7 tỷ TL, LH Ms Gian"", ""parsed_value_vnd"": 2700000000.0, ""basis"": ""total"", ""total_equivalent_vnd"": 2700000000.0}, {""source"": ""description"", ""text"": ""2,7 tỷ thương lượng n"", ""parsed_value_vnd"": 2700000000.0, ""basis"": ""total"", ""total_equivalent_vnd"": 2700000000.0}]"
shard_0000.parquet,93225,"Bán đất TĐC Kiến Thiết, Sở Dầu, Hồng Bàng, Hải Phòng. 54m-ngang 4,5m-66,5tr/m2. Lh [phone_number]","Bán đất TĐC Kiến Thiết, Sở Dầu, Hồng Bàng, Hải Phòng. 54m-ngang 4,5m-66,5tr/m2 DT :54m2- Hướng: TB- Đường: 10m. Cách vườn hoa 2 nhà.đẹp không tỳ vết. Giá bán :66,5 triệu/m2. Vị trí tây tứ mệnh SIÊU ĐẸP được bán ra, xung quanh đang xây dựng khá kín, đường xá đồng bộ.. Gần các cơ quan Hành Chính. Full tiện ích Sổ đỏ chính chủ LH e Dũng (sđt/zalo): [phone_number] để xem đất biết thêm thông tin bđs.",Hải Phòng,Đất,3590000,54.0,3591000000.0,0.9990002784739627,mismatch,"[{""source"": ""title"", ""text"": ""66,5tr/m2. Lh [phone_"", ""parsed_value_vnd"": 66500000.0, ""basis"": ""per_m2"", ""total_equivalent_vnd"": 3591000000.0}, {""source"": ""description"", ""text"": ""66,5tr/m2 DT :54m2- H"", ""parsed_value_vnd"": 66500000.0, ""basis"": ""per_m2"", ""total_equivalent_vnd"": 3591000000.0}, {""source"": ""description"", ""text"": ""66,5 triệu/m2. Vị trí tây"", ""parsed_value_vnd"": 66500000.0, ""basis"": ""per_m2"", ""total_equivalent_vnd"": 3591000000.0}]"
shard_0009.parquet,19697,"Kẹt ! Bán Đất Đấu giá KDL Bàu Cạn Chưprong -Lô Gốc giá rẻ -1,29 tỷ -247m2 Full Thổ Cư- Đường 12m","- Đất Đấu Gía Đường QH 12m - Diện tích Lô Gốc :11m x23,5m = 247m2 ( diện tích tài lộc cực đẹp) - Full THỔ CƯ + Đối diện đất QH Trường Học thuận tiện kinh doanh + Đất Quy Hoạch KDC Nhà Nước Đấu Gía an toàn về Pháp lý + Đối Diện TRung Tâm Hành Chính Bàu Cạn : UBND, Đảng ủy.BHX,Chợ... + Kế bên QL19,Karaoke ,Nhà Nghĩ..nằm ngay Với KDL Đồi chè Bàu cạn nổi Tiếng,cách Pleiku 12km thuận tiện di chuyển + Khu Dân cư đông đúc,đầy đủ điện nước, đất cao đẹp..Cách Cao tốc Pleiku 1 km thuận tiện di chuyển.. + Sổ sẳn ,công chứng ngay ---- - GIÁ : 1 tỷ 29 rẻ nhất khu vực - Liên hệ Chính Chủ Thông",Gia Lai,Đất,1290000000,247.0,1290000000.0,0.0,matched_2pct,"[{""source"": ""title"", ""text"": ""1,29 tỷ -247m2 Full Th"", ""parsed_value_vnd"": 1290000000.0, ""basis"": ""total"", ""total_equivalent_vnd"": 1290000000.0}, {""source"": ""description"", ""text"": ""1 tỷ 29 rẻ nhất khu"", ""parsed_value_vnd"": 1000000000.0, ""basis"": ""total"", ""total_equivalent_vnd"": 1000000000.0}]"
shard_0001.parquet,257035,"Chính chủ bán nhà 3 tầng, 4x22m, Phường 6, Gò Vấp, gần MT đường Lê Đức Thọ, gía 10 tỷ thương lượng","Bán nhà đẹp kinh doanh được trung tâm Gò Vấp. + Địa chỉ: Đường Số 30, P6, Gò Vấp. + Hẻm nhựa 8m khu dân cư sầm uất sát chợ An Nhơn. + Diện tích: 4 x 22m. 87m2. + Kết cấu: 1 trệt, 2 lầu, 3 phòng ngủ, 3 WC, phòng thờ, sân thượng. + Tầng trệt có mặt bằng cho thuê kinh doanh nhà thoáng mát, sạch sẽ. + Tiện ích xung quanh đầy đủ: Gần chợ, Lotte Mart, trường học, chùa. Giá bán: 10 tỷ TL. Liên hệ:",Hồ Chí Minh,Nhà,10000000000,87.0,10000000000.0,0.0,matched_2pct,"[{""source"": ""title"", ""text"": ""10 tỷ thương lượng"", ""parsed_value_vnd"": 10000000000.0, ""basis"": ""total"", ""total_equivalent_vnd"": 10000000000.0}, {""source"": ""description"", ""text"": ""10 tỷ TL. Liên hệ:"", ""parsed_value_vnd"": 10000000000.0, ""basis"": ""total"", ""total_equivalent_vnd"": 10000000000.0}]"
shard_0004.parquet,116328,Bán nhà 1 sẹc Hương Lộ 2: 4.5mx16m đúc 1 trệt 3 lầu. Giá: 6.35 tỷ( TL),"Bán nhà 1/ Hương Lộ 2, BTĐA, Bình Tân: - Diện tích: 4.5mx16m đúc 1 trệt 3 lầu, 4PN 3WC, sân thượng - Hẻm rộng 8m, thông thoáng. Gần trường học - Sổ hồng riêng. Bao sang tên - Giá: 6.35 tỷ( thương lượng) Liên hệ: [phone_number]",Hồ Chí Minh,Nhà,6350000000,72.0,6350000000.0,0.0,matched_2pct,"[{""source"": ""title"", ""text"": ""6.35 tỷ( TL)"", ""parsed_value_vnd"": 6350000000.0, ""basis"": ""total"", ""total_equivalent_vnd"": 6350000000.0}, {""source"": ""description"", ""text"": ""6.35 tỷ( thương lượng)"", ""parsed_value_vnd"": 6350000000.0, ""basis"": ""total"", ""total_equivalent_vnd"": 6350000000.0}]"
shard_0008.parquet,200315,Giảm 2 tỷ bán gấp đi Mỹ biệt thự thống nhất gò vấp 5 lầu 16x10 160m2 nhỉnh 19 tỷ full nội thất xịn,"Giảm 2 tỷ bán gấp đi Mỹ biệt thự thống nhất gò vấp 5 lầu 16x10 160m2 nhỉnh 19 tỷ full nội thất xịn Chủ đã giảm giá 3 lần từ 21 tỷ 4 giờ chỉ còn nhỉnh 19 tỷ chốt gấp để đi định cư Mỹ Biệt thự có 5 tầng tứ học viện, sân rộng để xe hơi trồng cây nuôi cá Phong cách cổ điển, sân thượng 4 góc view rộng, giếng trời thông thoáng Sổ vuông, không lộ giới không quy hoạch, hoàn công đủ, công chứng ngay Liên hệ em Châu để được tư vấn kỹ hơn",Hồ Chí Minh,Biệt thự/Nhà liền kề,19700000000,160.0,,,multiple_text_prices,"[{""source"": ""title"", ""text"": ""2 tỷ bán gấp đi Mỹ "", ""parsed_value_vnd"": 2000000000.0, ""basis"": ""total"", ""total_equivalent_vnd"": 2000000000.0}, {""source"": ""title"", ""text"": ""19 tỷ full nội thất "", ""parsed_value_vnd"": 19000000000.0, ""basis"": ""total"", ""total_equivalent_vnd"": 19000000000.0}, {""source"": ""description"", ""text"": ""2 tỷ bán gấp đi Mỹ "", ""parsed_value_vnd"": 2000000000.0, ""basis"": ""total"", ""total_equivalent_vnd"": 2000000000.0}, {""source"": ""description"", ""text"": ""19 tỷ full nội thất "", ""parsed_value_vnd"": 19000000000.0, ""basis"": ""total"", ""total_equivalent_vnd"": 19000000000.0}, {""source"": ""description"", ""text"": ""21 tỷ 4 giờ chỉ còn "", ""parsed_value_vnd"": 21000000000.0, ""basis"": ""total"", ""total_equivalent_vnd"": 21000000000.0}, {""source"": ""description"", ""text"": ""19 tỷ chốt gấp để đi"", ""parsed_value_vnd"": 19000000000.0, ""basis"": ""total"", ""total_equivalent_vnd"": 19000000000.0}]"
shard_0005.parquet,79941,"Bán nhà ngọc thụy-mặt tiền kd, ngõ ô tô tránh, vỉa hè rộng-cực phẩm không dành cho ai đến sau","BÁN NHÀ NGỌC THỤY MẶT TIỀN KINH DOANH, NGÕ Ô TÔ TRÁNH, VỈA HÈ RỘNG CỰC PHẨM KHÔNG DÀNH CHO NGƯỜI ĐẾN SAU! Vị trí kim cương Hàng xóm khu đô thị cao cấp Khai Sơn City Ngôi nhà tọa lạc tại trung tâm Ngọc Thụy Long Biên, nơi giao thoa giữa sự sầm uất hiện đại và nhịp sống an lành. Trước nhà là view công viên nghìn tỷ mới xây, đối diện là tòa chung cư cao cấp, không gian sống vừa xanh vừa sinh lời. Ngõ rộng hơn phố, ô tô tránh nhau thoải mái, vỉa hè 2 bên thênh thang hiếm có khó tìm tại Long Biên! Chỉ 5 phút xe máy là chạm ngay Phố Cổ Bờ Hồ, tiện lợi cho cả làm văn phòng, showroom, homestay hoặc kinh doanh spa café nhà hàng. Xung quanh đầy đủ trường học quốc tế, siêu thị, bệnh viện, trung tâm thể thao, hạ tầng đồng bộ, dân trí cao. Thông tin chi tiết căn nhà: Diện tích: 48m² Sổ đỏ chính chủ, pháp lý sạch, cất két chờ giao dịch. Kết cấu: Nhà chủ tự xây tâm huyết, chắc chắn, 3 tầng thoáng sáng.",Hà Nội,Nhà,13300000000,48.0,13300000000.0,0.0,matched_2pct,"[{""source"": ""description"", ""text"": ""13,3 tỷ (Có thương lượ"", ""parsed_value_vnd"": 13300000000.0, ""basis"": ""total"", ""total_equivalent_vnd"": 13300000000.0}]"
shard_0009.parquet,40657,"Bán đất tại Đông Tăng Long, giá tốt 29,5 tỷ, 486m2, mặt tiền 15.6m","Đất nền tại Đông Tăng Long, Đường Nguyễn Duy Trinh, Phường Long Trường, Hồ Chí Minh - Quận 9, Hồ Chí Minh cũ với diện tích 486m2, giá 29,5 tỷ VND, pháp lý đầy đủ. Mặt tiền 15.6m phù hợp cho kinh doanh, ngõ vào rộng 8m thuận tiện cho xe hơi. Ưu điểm: + Diện tích rộng rãi, lý tưởng cho việc xây dựng hoặc đầu tư kinh doanh. + Có thể xây dựng nhiều loại hình, phù hợp với nhu cầu đa dạng. + Trang bị đầy đủ tiện nghi như điều hòa, tủ lạnh... Địa điểm xung quanh: + Gần siêu thị Mẹ Bầu và Em Bé Con Cưng. + Gần Công Viên Đông Tăng Long, nơi lý tưởng cho hoạt động thư giãn. Liên hệ ngay để biết thêm chi tiết, vui lòng gọi [phone_number] - Mr Trường.",Hồ Chí Minh,Đất,29500000000,486.0,29500000000.0,0.0,matched_2pct,"[{""source"": ""title"", ""text"": ""29,5 tỷ, 486m2, mặt ti"", ""parsed_value_vnd"": 29500000000.0, ""basis"": ""total"", ""total_equivalent_vnd"": 29500000000.0}, {""source"": ""description"", ""text"": ""29,5 tỷ VND, pháp lý đ"", ""parsed_value_vnd"": 29500000000.0, ""basis"": ""total"", ""total_equivalent_vnd"": 29500000000.0}]"
shard_0007.parquet,246949,Chính chủ gửi bán nhà ngọc hôi dt 50m2 giá hơn 8 tỷ ô tô ngũ trong nhà nhà 5 tầng thang máy,Nhà 5 tầng thang máy dân xây chắc chắn vị trí đẹp nở hậu ngõ thông thoáng Tầng 1 ô tô phòng khách bếp vệ sinh Tầng 2.3.4 : 6 ngũ vệ sinh Tầng 5 phòng thờ sân phơi đồ ban công Khu vực đang phát triển pháp lý sổ đỏ rõ dàng quy hoạch lâu dài Gần trường cấp 1.2.3 chợ dân sinh bệnh viện khu vực dân cư đông hàng xóm hiền lành an ninh cực tốt,Hà Nội,Nhà,8500000000,50.0,8000000000.0,0.0625,mismatch,"[{""source"": ""title"", ""text"": ""8 tỷ ô tô ngũ trong"", ""parsed_value_vnd"": 8000000000.0, ""basis"": ""total"", ""total_equivalent_vnd"": 8000000000.0}]"
shard_0009.parquet,248347,"Bán nhà khu VIP gần Vincom Phạm Ngọc Thạch, với DT: 45m2 x5T, lô góc 2 thoáng vĩnh viễn, giá 12.9tỷ","*Diện tích: 45m2 x 5 tầng, mặt tiền 5m, đường thông ngõ thoáng ba gác đua. *Giá chào: 12.9tỷ (có thương lượng) *Vị trí trung tâm giữa 2 quận Đống Đa & Thanh Xuân nên giao thông thuận tiện, di chuyển dễ, nằm gần các khu vực: Phạm Ngọc Thạch, Tôn Thất Tùng, Trường Chinh, Giải Phóng, Phương Mai, Chùa Bộc, Đặng Văn Ngữ, Tây Sơn,... *Xung quanh nhiều tiện ích & trường học: Vincom, Trường C1-2-3-quốc tế đều có, ĐH Kinh Tế Quốc Dân, Bách Khoa, Xây Dựng, Học Viện Ngân Hàng, Y Hà Nội Thiết kế: 5 tầng thông minh +Tầng 1: phòng khách + bếp + WC +Tầng 2: phòng ngủ master +Tầng 3: 2 phòng ngủ + WC +Tầng 4: phòng thờ + phòng ngủ + WC +Tầng 5: sân vườn + nướng BBQ *Khu vực dân trí cao .. , an ninh tốt, giao thông thuận tiện. *Phù hợp vừa ở, kinh doanh online hoặc giữ tiền giá tốt. *Sổ đỏ chính chủ vuông đẹp. *LH xem nhà & hỗ trợ đàm phán với chính chủ: em Việt (sdt/zalo) tư vấn & hỗ trợ pháp lý 24/7. *",Hà Nội,Nhà,12900000000,45.0,12900000000.0,0.0,matched_2pct,"[{""source"": ""title"", ""text"": ""12.9tỷ"", ""parsed_value_vnd"": 12900000000.0, ""basis"": ""total"", ""total_equivalent_vnd"": 12900000000.0}, {""source"": ""description"", ""text"": ""12.9tỷ (có thương lượ"", ""parsed_value_vnd"": 12900000000.0, ""basis"": ""total"", ""total_equivalent_vnd"": 12900000000.0}]"
shard_0009.parquet,298102,"Bán căn hộ The Wisteria, Di Trạch, Hoài Đức - 100m2 - 3PN view bể bơi full nội thất giá chỉ 7,7tỷ","Bán căn hộ The Wisteria, Di Trạch, Hoài Đức - 100m2 - 3PN - view bể bơi - ban công thoáng - giá tốt. Liên hệ Ms. Vân: - Tòa The Wisteria nằm trên đường 32, trục đường huyết mạch với nhiều tiện ích xung quanh; vị trí đẹp, trên mặt đường vành đai 3.5, giao thông thuận tiện đi toàn Hà Nội. - Gần Đại học Thương mại, Công nghiệp, xung quanh là các dự án hiện hữu, phát triển: Hinnode, Lideco, Tân Tây Đô.. - Căn hộ 3 phòng ngủ, 2 vệ sinh, full nội thất hiện đại. - Sổ hồng lâu dài. Hãy liên hệ ngay Ms. Vân để xem nhà và mua với giá tốt nhất:",Hà Nội,Căn hộ chung cư,7700000000,100.0,7700000000.0,0.0,matched_2pct,"[{""source"": ""title"", ""text"": ""7,7tỷ"", ""parsed_value_vnd"": 7700000000.0, ""basis"": ""total"", ""total_equivalent_vnd"": 7700000000.0}]"
shard_0009.parquet,230396,"Bán nhanh căn shophouse tổng diện tích 84m2 mặt sảnh sổ hồng sở hữu lâu dài, giá 8.5 tỷ total","Bán nhanh căn shophouse tổng diện tích 84m2 mặt sảnh sổ hồng sở hữu lâu dài, giá 8,5 tỷ total. Bán shophouse toà S3.05. Tổng diện tích trệt: 42m2. Tổng diện tích lầu 1: 42m2. Sổ: Đã có. Giá: 8 tỷ 500 triệu total. - Nằm tại vị trí đẹp thoáng mát. - Căn kế góc khả năng gia tăng giá BĐS cực kì cao. - Trải nghiệm tiện ích ""all in one "" chỉ có tại Vinhomes Grand Park. - Vị trí đẹp, thuận lợi: + Nằm trong khu an ninh 4 lớp bảo vệ tuyệt đối. + Gần Vinschool (trường liên cấp đạt chuẩn quốc tế) thích hợp đầu tư cho con em mình. + Cách công viên 36ha, bệnh viện Vinmec chưa đến 1km. + Hơn 1km có thể đi đến trung tâm thương mại lớn nhất miền nam Và rất nhiều tiện ích khác như: Hồ bơi bến du thuyền và các sân thể thao... + Vành đai 3 đi xuyên qua dự án Nút giao lên xuống cách dự án chưa đến 2 Km. Phố Hồ Chí Minh dài 47,4 km, đoạn qua Long An dài 6,8 km, đoạn qua Bình Dương dài 26,6 km và đoạn qua Đồn",Hồ Chí Minh,Shophouse,8500000000,42.0,8500000000.0,0.0,matched_2pct,"[{""source"": ""title"", ""text"": ""8.5 tỷ total"", ""parsed_value_vnd"": 8500000000.0, ""basis"": ""total"", ""total_equivalent_vnd"": 8500000000.0}, {""source"": ""description"", ""text"": ""8,5 tỷ total. Bán sho"", ""parsed_value_vnd"": 8500000000.0, ""basis"": ""total"", ""total_equivalent_vnd"": 8500000000.0}, {""source"": ""description"", ""text"": ""8 tỷ 500 triệu tota"", ""parsed_value_vnd"": 8500000000.0, ""basis"": ""total"", ""total_equivalent_vnd"": 8500000000.0}]"
shard_0005.parquet,269852,Bán nhà gần biển-2Tầng-DT54m2-3PN-hẽm ô tô 6m-vĩnh hoà-Nha Trang-chỉ 4ty8,"DIỆN TÍCH: 54m2 ngang(4.5 x 12m) + KẾT CẤU : Nhà xây dựng bê tông cốt thép kiên cố 2 tầng - 1 tum 3PN -3WC- đày đủ công năng. VỊ TRÍ : cực đẹp sầm uất - cao ráo không ngập nước - khu dân trí cao toàn nhà cao tầng -an ninh tốt, kế bên Uỷ Ban phường vĩnh hoà - cách biển chỉ 200m. TIỆN ÍCH: trong vòng vài bước chân ngân hàng, khách sạn, trường học các cấp...ra tắm biển đi bộ chỉ 3 phút... PHÁP LÝ. sổ hồng vuông đã hoàn công + Giá bán : giảm bán nhanh chỉ còn 4ty8 tl LIÊN HỆ : [phone_number]xem nhà và chính chủ)",Khánh Hòa,Nhà,4800000000,54.0,4800000000.0,0.0,matched_2pct,"[{""source"": ""title"", ""text"": ""4ty8"", ""parsed_value_vnd"": 4800000000.0, ""basis"": ""total"", ""total_equivalent_vnd"": 4800000000.0}, {""source"": ""description"", ""text"": ""4ty8 tl LIÊN HỆ : "", ""parsed_value_vnd"": 4800000000.0, ""basis"": ""total"", ""total_equivalent_vnd"": 4800000000.0}]"
shard_0007.parquet,112462,"Bán đất tại Phố Vạn Phúc, Xã Vạn Phúc, Thanh Trì, 3,3 tỷ, 45m2 - 10m ra ô tô","Đất nền ở Phố Vạn Phúc, Xã Vạn Phúc, Thanh Trì, Hà Nội có diện tích 45m2, mặt tiền 4,4m, pháp lý đầy đủ. Giá bán 3,3 tỷ VND. + Mặt tiền rộng phù hợp cho việc kinh doanh hoặc xây dựng nhà ở. + Khu vực yên tĩnh, dân cư đông đúc, thuận tiện cho sinh hoạt gia đình. Liên hệ để biết thêm chi tiết: [phone_number], Mrs Phương chuyên nhà đất thổ cư Thanh Trì.",Hà Nội,Đất,3300000000,45.0,3300000000.0,0.0,matched_2pct,"[{""source"": ""title"", ""text"": ""3,3 tỷ, 45m2 - 10m ra"", ""parsed_value_vnd"": 3300000000.0, ""basis"": ""total"", ""total_equivalent_vnd"": 3300000000.0}, {""source"": ""description"", ""text"": ""3,3 tỷ VND. + Mặt tiề"", ""parsed_value_vnd"": 3300000000.0, ""basis"": ""total"", ""total_equivalent_vnd"": 3300000000.0}]"
shard_0001.parquet,122183,Bán nhà hoàn thiện tâm huyết đường 41 Khu phố đi bộ Royal Vạn Phúc City,"Bán nhà hoàn thiện cao cấp khu phố đi bộ royal, vạn phúc city. Vị trí: Đường số 41, khu phố đi bộ Royal, Khu đô thị Vạn Phúc City Thủ Đức. Diện tích: 7m x 20m. Kết cấu: 1 trệt, 5 lầu Thiết kế hiện đại, tối ưu công năng sử dụng. Ưu điểm nổi bật: Nằm trên tuyến phố đi bộ Royal trung tâm thương mại sầm uất và đẳng cấp bậc nhất Vạn Phúc City. Nhà đã hoàn thiện nội thất cao cấp, vào ở ngay hoặc khai thác kinh doanh văn phòng spa. Khu vực dân cư trí thức, an ninh 24/7, tiện ích nội khu đầy đủ: Trường học, bệnh viện, công viên, TTTM. Giá bán: 35,8 tỷ thương lượng. Liên hệ ngay để xem nhà và nhận thông tin chi tiết: SĐT/Zalo] Cam kết thông tin thật hình thật giá thật.",Hồ Chí Minh,Shophouse,35800000000,140.0,35800000000.0,0.0,matched_2pct,"[{""source"": ""description"", ""text"": ""35,8 tỷ thương lượng. "", ""parsed_value_vnd"": 35800000000.0, ""basis"": ""total"", ""total_equivalent_vnd"": 35800000000.0}]"
shard_0000.parquet,136919,"Giá tốt nhất 1 0 2! Bán nhà liền kề KĐT Đại Kim, Nguyễn Cảnh Dị, Hoàng Mai, 54m2x5T, giá 17.39 tỷ","CƠ HỘI VÀNG SỞ HỮU NHÀ LIỀN KỀ KINH DOANH TUYỆT VỜI - VỊ TRÍ TRUNG TÂM - TIỀM NĂNG TĂNG GIÁ CAO! ""THIỆN CHÍ BÁN NHANH"" căn nhà liền kề cực đẹp, tọa lạc tại vị trí đắc địa trong Khu đô thị mới Đại Kim (Định Công) sầm uất, mang đến vô vàn lợi thế cho cả an cư và kinh doanh. VỊ TRÍ ĐẮC ĐỊA - GIAO THÔNG THUẬN TIỆN: - Nằm ngay trung tâm KĐT Đại Kim, cách mặt phố Nguyễn Cảnh Dị chỉ một dãy nhà. Kết nối nhanh chóng đến các trục giao thông chính: - Cách ngã tư Định Công: 350m - Cách ngã tư Kim Đồng - Giải Phóng: 1km - Cách Bến Xe Giáp Bát: 1.2km - Di chuyển thuận tiện đến các trường Đại học lớn như: Bách Khoa, Xây Dựng, Kinh tế quốc dân, Học viện Ngân Hàng, Đại học Thủy Lợi, Công Đoàn... cùng Bệnh viện Bạch Mai. - Đặc biệt, nhà nằm gần mặt đường 2.5 đang thi công mở rộng (cách hầm chui Kim Đồng 650m), hứa hẹn tiềm năng tăng trưởng giá trị bất động sản cực kỳ lớn trong tương lai. THIẾT KẾ HIỆN ĐẠ",Hà Nội,Biệt thự/Nhà liền kề,17390000000,54.0,17390000000.0,0.0,matched_2pct,"[{""source"": ""title"", ""text"": ""17.39 tỷ"", ""parsed_value_vnd"": 17390000000.0, ""basis"": ""total"", ""total_equivalent_vnd"": 17390000000.0}, {""source"": ""description"", ""text"": ""17.5 tỷ có thương lượn"", ""parsed_value_vnd"": 17500000000.0, ""basis"": ""total"", ""total_equivalent_vnd"": 17500000000.0}]"
shard_0002.parquet,146230,"Hot! Bán gấp lô đất MT Hoàng Hoa Thám, P. 13, Tân Bình, DT: 5m x 22m, CTXD: 7 tầng, Giá 23.9 tỷ","Cần tiền hạ giá bán gấp lô đất khan hiếm, vị trí đối diện nhà ga T3, sân bay Tân Sơn Nhất, trung tâm quận Tân Bình. Phù hợp ở, kinh doanh, tiện ích xung quanh đầy đủ. - Diện tích: 5m x 22m, công nhận: 110m2. - CTXD: 7 tầng. - Sổ hồng cá nhân. - Giá bán: 23.9 tỷ (Thương lượng khách thiện chí). - Khách quan tâm liên hệ: Minh Hải).",Hồ Chí Minh,Đất,23900000000,110.0,23900000000.0,0.0,matched_2pct,"[{""source"": ""title"", ""text"": ""23.9 tỷ"", ""parsed_value_vnd"": 23900000000.0, ""basis"": ""total"", ""total_equivalent_vnd"": 23900000000.0}, {""source"": ""description"", ""text"": ""23.9 tỷ (Thương lượng "", ""parsed_value_vnd"": 23900000000.0, ""basis"": ""total"", ""total_equivalent_vnd"": 23900000000.0}]"
shard_0005.parquet,310291,Bán nhà nguyễn văn cừ long biên - nhà mới ô tô 7 chỗ chỉ 5m - dt 32m² - chỉ nhỉnh 8 tỷ,"BÁN NHÀ NGUYỄN VĂN CỪ LONG BIÊN - NHÀ MỚI Ô TÔ 7 CHỖ CHỈ 5M - DT 32m² - CHỈ NHỈNH 8 TỶ Vị trí SIÊU HIẾM - SIÊU VIP ko có nhà bán, trong tầm giá em khẳng định ko có căn thứ 2! Ngõ to rộng thông tứ phía, di chuyển cực tiện Gần chợ, trường học, siêu thị Khu dân trí cao an ninh tuyệt đối Sổ đỏ chính chủ giao dịch ngay Căn này nhanh tay còn, chậm tay em đảm bảo hết! Liên hệ em Kiều Nhà Đẹp Tận Tâm - Uy Tín để xem nhà thực tế ạ",Hà Nội,Nhà,8000000000,32.0,8000000000.0,0.0,matched_2pct,"[{""source"": ""title"", ""text"": ""8 tỷ"", ""parsed_value_vnd"": 8000000000.0, ""basis"": ""total"", ""total_equivalent_vnd"": 8000000000.0}, {""source"": ""description"", ""text"": ""8 TỶ Vị trí SIÊU HI"", ""parsed_value_vnd"": 8000000000.0, ""basis"": ""total"", ""total_equivalent_vnd"": 8000000000.0}]"
shard_0001.parquet,257272,"Chính chủ bán CHCC tại The Golden Palm 3PN, 2WC(tầng trung, Full NT) - Giá bán 9,6 tỷ - DT 104,4m2","Gia đình chuyển nhà mặt đất cần bán CHCC 3PN, 2WC tại The Golden Palm Lê Văn Lương, Lê Văn Lương, Nhân Chính, Thanh Xuân. + Diện tích rộng rãi 104,4m2, thiết kế thông minh tối ưu hóa không gian sống. + Hướng cửa chính Tây Bắc, ban công Đông Nam, đón ánh sáng tự nhiên. + Nội thất đầy đủ: Điều hòa, giường, tủ lạnh, mang lại sự tiện nghi ngay khi vào ở. + Giá chỉ 9,6 tỷ VND. Sẵn sổ giao dịch ngay. + Căn hộ sở hữu phong thủy tốt, mang lại tài lộc và sức khỏe cho gia chủ. + Hà Nội là một lựa chọn lý tưởng cho những ai tìm kiếm không gian sống tiện nghi và hiện đại. Anh chị cần đi xem nhà liên hệ trực tiếp em Bắc. SĐT/Zalo:",Hà Nội,Căn hộ chung cư,9600000000,104.4,9600000000.0,0.0,matched_2pct,"[{""source"": ""title"", ""text"": ""9,6 tỷ - DT 104,4m2"", ""parsed_value_vnd"": 9600000000.0, ""basis"": ""total"", ""total_equivalent_vnd"": 9600000000.0}, {""source"": ""description"", ""text"": ""9,6 tỷ VND. Sẵn sổ gi"", ""parsed_value_vnd"": 9600000000.0, ""basis"": ""total"", ""total_equivalent_vnd"": 9600000000.0}]"
shard_0009.parquet,126458,"Gấp. Hàng hot. Giảm giá bán nhanh căn nhà ngay đường Trần Thị Điệu, Phường Phước Long B, Q9.","NC Bán nhà HXH Trần Thị Điệu P. Phước Long B, Thủ Đức giá cực tốt Giảm 250 triệu còn 5.15 tỷ trong 10 ngày DT: 52m (4.01 x 13m), - Kết cấu: 1 trệt, nhà mới dọn vào ở ngay - 1PN lớn 1WC Phòng khách Bếp Sân phơi - 2 giếng trời thoáng mát, có bình NLMT - Hẻm xe hơi, tiện ích trong 1km, gần chợ Hoa Cau, ĐH Công Thương - Pháp lý sạch không quy hoạch không mồ mả. - Giá: 5.15 tỷ. Liên hệ xem nhà. Hiền [phone_number]",Hồ Chí Minh,Nhà,5150000000,52.0,,,multiple_text_prices,"[{""source"": ""description"", ""text"": ""250 triệu còn 5.15 tỷ tr"", ""parsed_value_vnd"": 250000000.0, ""basis"": ""total"", ""total_equivalent_vnd"": 250000000.0}, {""source"": ""description"", ""text"": ""5.15 tỷ trong 10 ngày "", ""parsed_value_vnd"": 5150000000.0, ""basis"": ""total"", ""total_equivalent_vnd"": 5150000000.0}, {""source"": ""description"", ""text"": ""5.15 tỷ. Liên hệ xem n"", ""parsed_value_vnd"": 5150000000.0, ""basis"": ""total"", ""total_equivalent_vnd"": 5150000000.0}]"
shard_0000.parquet,33478,Bán nhanh căn hoa hậu 3PN(Góc) - 110m2 - Tặng kèm nội thất 1 tỷ. Tại Ecolake View 32 Đại Từ,"Cần bán nhanh căn hoa hậu của dự án Eco Lake View 32 Đại Từ. - Căn 3PN - 110m². - Nhà hướng Đông, 2 ban công thoáng mát, gió mát lộng cả ngày. - Căn hộ view vô cùng thoáng. Tầng trung đẹp. - Có sổ đỏ. Sẵn sàng giao dịch. Chỉ 7 tỷ (có thương lượng). Liên hệ:",Hà Nội,Căn hộ chung cư,7000000000,110.0,1000000000.0,6.0,mismatch,"[{""source"": ""title"", ""text"": ""1 tỷ. Tại Ecolake V"", ""parsed_value_vnd"": 1000000000.0, ""basis"": ""total"", ""total_equivalent_vnd"": 1000000000.0}, {""source"": ""description"", ""text"": ""7 tỷ (có thương lượ"", ""parsed_value_vnd"": 7000000000.0, ""basis"": ""total"", ""total_equivalent_vnd"": 7000000000.0}]"
shard_0006.parquet,169513,"Bán đất lô góc Cẩm Lĩnh, Ba Vì. Cách đường xe bus chạy chỉ 100m. DT 190m2, giá 1.5 tỷ","Bán đất lô góc Cẩm Lĩnh, Ba Vì. Cách đường xe bus chạy chỉ 100m. Giá 1.5 tỷ. Diện tích 190m2, trong đó 90m2 thổ cư, còn lại CLN. Lô góc hai mặt thoáng, tiềm năng tăng giá mạnh. Đường thông thuỷ, ô tô vào tận nơi. Khu vực dân cư đông, nhiều nhà xây mới. Gần chợ, trường học, vị trí thuận tiện sinh hoạt. Sẵn sổ đỏ công chứng ngay. Phù hợp: Xây nhà ở, đầu tư giữ tiền, làm nhà vườn nhỏ. Di chuyển vài phút tới Hồ Suối Hai, khu du lịch sinh thái Đầm Long và Đồi Cò Ngọc Nhị. Liên hệ: [phone_number] để xem đất trực tiếp.",Hà Nội,Đất,1500000000,190.0,1500000000.0,0.0,matched_2pct,"[{""source"": ""title"", ""text"": ""1.5 tỷ"", ""parsed_value_vnd"": 1500000000.0, ""basis"": ""total"", ""total_equivalent_vnd"": 1500000000.0}, {""source"": ""description"", ""text"": ""1.5 tỷ. Diện tích 190"", ""parsed_value_vnd"": 1500000000.0, ""basis"": ""total"", ""total_equivalent_vnd"": 1500000000.0}]"
shard_0000.parquet,24041,CẦN BÁN NHANH PENTHOUSE STAR HILL- 2 sân-2 chỗ đậu xe hơi.,Bán PENTHOUSE SÂN VƯỜN STAR HILL PHÚ MỸ HƯNG QUẬN 7 : - DT :244m - 3PN 3WC - full nội thất đẹp cao cấp -có 2 ô xe riêng GIá bán :19 tỷ tl Lh: [phone_number] em Hiền Tina,Hồ Chí Minh,Căn hộ chung cư,19000000000,224.0,19000000000.0,0.0,matched_2pct,"[{""source"": ""description"", ""text"": ""19 tỷ tl Lh: [phone_"", ""parsed_value_vnd"": 19000000000.0, ""basis"": ""total"", ""total_equivalent_vnd"": 19000000000.0}]"
shard_0006.parquet,342810,Cần bán lô đất 177m2 ODT Cách Nguyễn Thị Tú 100m SHR xây dựng tự do giá 6ti8 thương lượng,"Bán Gấp Lô Đất chính chủ ( 7m X 25,3m ) Ngay Ngã 5 Đ.Nguyễn Thị Tú Bình Tân DT : - 177m2 ( 7m X 25,3 ) Giá 6ty8 Sổ hồng riêng sang tên công chứng ngay Ngân hàng hỗ trợ 50% đến 70% * Vị trí cực kì đẹp : + Thu hút tiềm năng giá trị sinh lời cao + Khu dân cư hiện hữu dân trí cao, xây dựng tự do, đất cao ráo, đường lớn thông thoáng thuận tiện di chuyển Tiện ích : Ngay trung tâm hành chính, đầy đủ tiện ích , chợ, trường học,siêu thị ... Vị Trí Đắc Địa : Rất phù hợp xây dựng biệt thự,Nhà có sân vườn, Xây Dựng Dãy Trọ đều cực kì tốt Liên hệ trực tiếp chủ thương lượng giá tốt ( sẵn sàng cung cấp thông tin gặp chủ và thương lượng giá cả )",Hồ Chí Minh,Đất,6800000000,177.0,6800000000.0,0.0,matched_2pct,"[{""source"": ""title"", ""text"": ""6ti8 thương lượng"", ""parsed_value_vnd"": 6800000000.0, ""basis"": ""total"", ""total_equivalent_vnd"": 6800000000.0}, {""source"": ""description"", ""text"": ""6ty8 Sổ hồng riêng"", ""parsed_value_vnd"": 6800000000.0, ""basis"": ""total"", ""total_equivalent_vnd"": 6800000000.0}]"
shard_0009.parquet,168164,"Bán nhà hẻm xe hơi thông - Bình Đông, P14, Q8 gần Chung C AQua Cầu kênh ngang 5,8x28m NH 11m","Bán nhà 289 Bình Đông, phường 14, Quận 8 gần chung cư, giá chỉ tầm 54 triệu/m2. DT: 5,8 x 28m CN 97,2m2 nở hậu 11m. Giá: 8,7 tỷ thương lượng mạnh. Nhà cấp 4, có 1 phòng 1 toilet hẻm 5m thông, xe cộ ra vào thoải mái. Vị trí vàng giữa Cầu Kênh Ngang số 1 & số 2, gần trục Ngô Sĩ Liên Bùi Huy Bích Hoài Thanh Cây Sung Hoàng Sĩ Khải. Liên hệ Kim Định để xem nhà. Vui lòng đặt lịch trước 1 tiếng.",Hồ Chí Minh,Nhà,8700000000,97.2,,,multiple_text_prices,"[{""source"": ""description"", ""text"": ""54 triệu/m2. DT: 5,8 x "", ""parsed_value_vnd"": 54000000.0, ""basis"": ""per_m2"", ""total_equivalent_vnd"": 5248800000.0}, {""source"": ""description"", ""text"": ""8,7 tỷ thương lượng m"", ""parsed_value_vnd"": 8700000000.0, ""basis"": ""total"", ""total_equivalent_vnd"": 8700000000.0}]"
shard_0003.parquet,154324,"Bán nhà riêng Trần Xuân Soạn, Tân Hưng, DT 50m2, full nội thất, cách hẻm oto 50m, giá 5,6 tỷ","Cần bán nhà nhà đẹp góc 3mt hẻm 701 Trần Xuân Soạn phường Tân Hưng quận 7, HCM Diện tích 4,5 x 12. Cn 50m2 nhà trệt 1 lầu 2 pn 3 wc full nội thất hẻm 3m Cách hẻm oto 50m hẻm thoáng đẹp xây đồng bộ, không lo ngập nước cách mt Trần Xuân Soạn 200m. Bán 5,6ty thương lượng Liên hệ Phúc [phone_number] hoặc [phone_number]",Hồ Chí Minh,Nhà,5600000000,50.0,5600000000.0,0.0,matched_2pct,"[{""source"": ""title"", ""text"": ""5,6 tỷ"", ""parsed_value_vnd"": 5600000000.0, ""basis"": ""total"", ""total_equivalent_vnd"": 5600000000.0}, {""source"": ""description"", ""text"": ""5,6ty thương lượng L"", ""parsed_value_vnd"": 5600000000.0, ""basis"": ""total"", ""total_equivalent_vnd"": 5600000000.0}]"
shard_0002.parquet,150119,Tôi cần bán nhà đường Pasteur - Q1. 97m2. Đang cho thuê 41tr. Gần UBND Thành Phố,"Tôi cần bán nhà đường Pasteur - Phường Bến Nghé - Quận 1. Đang cho thuê 41 triệu/ tháng. Dân cư đông đúc. Khu dân cư an ninh. * Nằm gần: UBND Thành Phố, Công viên Bách Tùng Diệp, Chợ Bến Thành, Trường THPT Chuyên Trần Đại Nghĩa. - Diện tích: Ngang 6,5m x Dài 14,9m (97m2). - Kết cấu: 1 trệt - 2 lầu - sân thượng. Gồm: 4 phòng ngủ - 5 nhà vệ sinh - ban công thoáng mát - xe ô tô ngủ trong nhà. - Sổ sạch pháp lý đầy đủ. Hoàn công đủ. * Xem nhà liên hệ: gặp chính chủ.",Hồ Chí Minh,Nhà,,97.0,,,no_supported_price,[]
shard_0002.parquet,209075,"Bán nhà vị trí đắc địa mặt tiền Trần Hưng Đạo Quận 5 - (9,3x14m) - 5 tầng-HĐT: 270 triệu/th - 70 tỷ","Bán nhà vị trí đắc địa mặt tiền đường Trần Hưng Đạo. Phường 1. Quận 5. - Diện tích: 9,3 x 14m. - Kết cấu: 5 tầng. - Vị trí đắc địa, trung tâm Quận 5. - Đoạn đẹp, giao thông thuận tiện di chuyển. - Khu vực sầm uất, tập trung nhiều bệnh viện, phòng khám, ngân hàng lớn,... - Bề ngang lớn, dễ dàng kinh doanh và cho thuê. - Hợp đồng thuê: 270 triệu/tháng. - Giá: 70 tỷ. - Liên hệ: [phone_number] Trinh. - Cam kết thông tin đúng. Người thật việc thật 100%.",Hồ Chí Minh,Nhà,70000000000,130.2,,,multiple_text_prices,"[{""source"": ""title"", ""text"": ""270 triệu/th - 70 tỷ"", ""parsed_value_vnd"": 270000000.0, ""basis"": ""total"", ""total_equivalent_vnd"": 270000000.0}, {""source"": ""title"", ""text"": ""70 tỷ"", ""parsed_value_vnd"": 70000000000.0, ""basis"": ""total"", ""total_equivalent_vnd"": 70000000000.0}, {""source"": ""description"", ""text"": ""70 tỷ. - Liên hệ: [p"", ""parsed_value_vnd"": 70000000000.0, ""basis"": ""total"", ""total_equivalent_vnd"": 70000000000.0}]"
shard_0004.parquet,293756,"Bán đất tại đường Ấp 10, xã Lương Hòa, Bến Lức, Long An, 3 tỷ, 143 m2 đối diện K C Nghiệp An Thạnh","Bán đất tại đường Ấp 10, xã Lương Hòa, Bến Lức, Long An, 3 tỷ, 143 m2 đối diện Khu Công Nghiệp An Thạnh Nằm ở vị trí thuận lợi, đất nền mắt tiền với tổng kích thước 143 m² ( Ngang 6m dài 24 m) tại đường Ấp 10, Xã Lương Hòa, Bến Lức, Long An đối diện Khu Công Nghiệp An Thạnh ( có nhà máy Coca cola và các công ty lớn ) là cơ hội tuyệt vời cho những ai đang tìm kiếm một không gian sống hoặc đầu tư. - Giá bán: 3 tỷ VND. - Mặt tiền rộng hơn 6m, đường vào 12m, phù hợp cho ô tô, xe tải - Pháp lý đầy đủ, sổ hồng, chính chủ - Khu vực phong thủy tốt, thích hợp cho xây dựng nhà ở. - Có thể xây dựng nhà phố hoặc biệt thự. - Khu vực yên tĩnh, an ninh cao. - Có thể kinh doanh các loại, kinh doanh nhà trọ cho khu côngn ghiệp An Thạnh, nhà kho cho Khu công nghiệp thuê Địa điểm xung quanh: + Gần siêu đô thị Waterpoint Nam Long, Bến lức, Long An chỉ 3km, có thể ké các tiện ích Waterpoint ( bệnh viện, trườ",Long An,Đất,3000000000,143.0,3000000000.0,0.0,matched_2pct,"[{""source"": ""title"", ""text"": ""3 tỷ, 143 m2 đối di"", ""parsed_value_vnd"": 3000000000.0, ""basis"": ""total"", ""total_equivalent_vnd"": 3000000000.0}, {""source"": ""description"", ""text"": ""3 tỷ, 143 m2 đối di"", ""parsed_value_vnd"": 3000000000.0, ""basis"": ""total"", ""total_equivalent_vnd"": 3000000000.0}, {""source"": ""description"", ""text"": ""3 tỷ VND. - Mặt tiề"", ""parsed_value_vnd"": 3000000000.0, ""basis"": ""total"", ""total_equivalent_vnd"": 3000000000.0}]"
shard_0006.parquet,157613,"Bán nhà Bình Tân - đường Lê Văn Quới - 4x15 - 3 tầng - hẻm 7m - giá 5, x tỷ","- Nhà mới trong khu dân cư dân trí cao, an ninh. Hẻm 7m xe hơi vi vu. Tặng full nội thất như hình. - Gần bệnh viện, trường học, bách hoá xanh, chợ... - Vài bước qua ngã tư 4 xã, Hoà Bình, Lũy Bán Bích... - Sổ hồng vuông vức ko lộ giới ko lỗi phong thuỷ.",Hồ Chí Minh,Nhà,5800000000,60.0,,,no_supported_price,[]
shard_0006.parquet,13156,"Bán biệt thự đơn lập góc Vinhomes Imperia View công viên, giá tốt nhất thị trường","Bán biệt thự đơn lập góc Imperia. Diện tích: 300m². Công năng: 2 phòng khách rộng rãi, sang trọng. 4 phòng ngủ thoáng sáng. 5 nhà vệ sinh tiện nghi. Có thang máy hiện đại trong nhà Nội thất cao cấp nhập khẩu , không gian sống đẳng cấp, thiết kế hiện đại tối ưu cho gia đình an cư hoặc đầu tư. Giá: 40tỷ ( có thương lượng chính chủ ).",Hải Phòng,Biệt thự/Nhà liền kề,40000000000,300.0,40000000000.0,0.0,matched_2pct,"[{""source"": ""description"", ""text"": ""40tỷ ( có thương lư"", ""parsed_value_vnd"": 40000000000.0, ""basis"": ""total"", ""total_equivalent_vnd"": 40000000000.0}]"
shard_0005.parquet,335275,"Chính chủ bán Biệt Thự 266,8m dự án Louis City Hoàng Mai, Lh ngay để có giá tốt nhất","- Vị trí ngay trung tâm hành chính quận Hoàng Mai, trong khu đô thị văn minh, hiện đại, đồng bộ tiện ích.. - Lên Phố Cổ chỉ 10 phút lái xe - Diện tích: 266,8m - Mặt đường 13m - View trường liên cấp quốc tế, thoáng vĩnh viễn - Kề sát công viên trung tâm xanh, thoáng, mát - Biệt thự 3 mặt thoáng (thoáng trước, thoáng sau, thoáng hông), giá trị như một căn góc - Mặt tiền: 11m - Xây 4 tầng, 1 hầm - Giá siêu rẻ (gồm đất và nhà): chỉ 6x tỷ (có thương lượng nhẹ cho khách thiện chí) - Liên hệ chính chủ: Ms Ngân",Hà Nội,Biệt thự/Nhà liền kề,,266.8,,,no_supported_price,[]
shard_0008.parquet,164231,"Bán đất Eco Charm giai đoạn 1, liền kề DT 120m2, 160m2, biệt thự 190m2","Bán đất Eco Charm giai đoạn 1. Giai đoạn 1 gồm những loại hình sau. Đất móng liền kề 120m2, góc 160m2: Giá cập nhật hằng ngày. Nhà thô 3 tầng 120m2, góc 160m2, diện tích sàn 287m2: Giá cập nhật hằng ngày. Biệt thự song lập có móng 190m2: Giá cập nhật hằng ngày. Biệt thự đơn lập trên 200m2: Giá cập nhật hằng ngày.",Đà Nẵng,Đất,0,120.0,,,no_supported_price,[]
shard_0009.parquet,304377,"Bán nhà phân lô Nguyễn Phong Sắc, Cầu Giấy, ôtô tránh, kinh doanh,vài bước ra mặt phố, an sinh đỉnh","HƠN 19 TỶ - PHÂN LÔ CẦU GIẤY - Ô TÔ TRÁNH - KINH DOANH - KHUNG CỘT CHẮC -VÀI BƯỚC CHÂN RA MẶT PHỐ - AN SINH ĐỈNH - DIỆN TÍCH 48M x 5 TẦNG - MT 5M - Vị trí đắc địa, nhà phân lô cán bộ, ô tô dừng đỗ vào nhà . - Trước nhà ô tô tránh, ô tô vào nhà, vài bước chân ra mặt phố. Ngõ vip, thông các ngả: Nguyễn Phong Sắc, HV báo chí Tuyên Truyền, Đh Sư Phạm, ĐH Quốc Gia.. - Hàng xóm cán bộ nhà nước, an ninh tốt. - Sổ đỏ đẹp, sẵn giao dịch. LH Mrs Hà xem nhà miễn phí và được hỗ trợ thương lượng giá tốt.",Hà Nội,Nhà,19900000000,50.0,19000000000.0,0.04736842105263158,mismatch,"[{""source"": ""description"", ""text"": ""19 TỶ - PHÂN LÔ CẦU "", ""parsed_value_vnd"": 19000000000.0, ""basis"": ""total"", ""total_equivalent_vnd"": 19000000000.0}]"
shard_0006.parquet,87592,Chính chủ bán căn BT lâu đài 180m2 có hầm và 3 tầng nổi TMC Phạm Văn Đồng. Sổ đỏ,"Giá đình tôi có việc đi Nhật. Cần bán căn biệt thự lâu đài TMC SMarthome Phạm Văn Đồng. Sổ đỏ sẵn. DT 180m2. Mặt tiền 9m. Cửa hướng nam. Có hầm và 3 tầng nỏi. Giá hơn 300 tr/m2. LH Miễn trung gian. Tên dự án TMC Smart Home. Vị trí Phường Cổ Nhuế, Bắc Từ Liêm, TP. Hà Nội. Chủ đầu tư Công ty Cổ phần đầu tư xây dựng Bạch Đằng TMC. Đơn vị phát triển dự án Công ty Cổ phần Kinh doanh Bất động sản TMC. Loại hình sản phẩm 3 toà tháp cao 26 tầng nổi + 3 tầng hầm và 46 căn thấp tầng (22 biệt thự, 24 liền kề). Tổng diện tích đất 2.9ha. Mật độ xây dựng 30%. Số lượng sản phẩm 46 căn thấp tầng (22 biệt thự, 24 liền kề) và 528 căn hộ. Diện tích biệt thự 3.5 tầng 1 hầm 180m². Hình thức sở hữu sổ đỏ lâu dài. LH",Hà Nội,Biệt thự/Nhà liền kề,,180.0,54000000000.0,,missing_structured_price,"[{""source"": ""description"", ""text"": ""300 tr/m2. LH Miễn tr"", ""parsed_value_vnd"": 300000000.0, ""basis"": ""per_m2"", ""total_equivalent_vnd"": 54000000000.0}]"
shard_0002.parquet,125194,"Bán gấp nhà phố Tư Đình Long Biên 60m2, 4 tầng, dân xây, gara oto, gần cầu, giá tốt chào 12.5 tỷ","+ vị trí rất đẹp trong ngõ phố Tư Đình Long Biên, nhà đi từ Cổ Linh, Bát Khối vào đều được và rất đẹp, tương lại gần cầu Trần Hưng Đạo đầy tiềm năng, hiện tại nằm giữa 2 cầu Vĩnh Tuy và Chương Dương cũng rất thuận tiện. + Khu vực trung tâm phường, gần chợ Tư Đình ra công viên phường Long Biên rất gần, cách Aeon chưa đến 1 km, tiện ích nhiều lắm. = Thiết kế: nhà dân xây cẩn thận, khung cột rất chắc chắn có ô chờ thang máy, gara oto 7 chỗ tọt vào nhà. T1: gara, khách bếp, vs. T23: mỗi tầng 2 phòng, vs. T4: phòng thờ, sân phơi. Pháp lý rõ ràng, sổ đỏ vuông. Chi tiết liên hệ: Mr A Tuấn nhà đất. Nhận mua bán ký gửi nhà đất. UY TÍN - TỪ TÂM - NHIỆT TÌNH - TRÁCH NHIỆM",Hà Nội,Nhà,12500000000,60.0,12500000000.0,0.0,matched_2pct,"[{""source"": ""title"", ""text"": ""12.5 tỷ"", ""parsed_value_vnd"": 12500000000.0, ""basis"": ""total"", ""total_equivalent_vnd"": 12500000000.0}]"
shard_0006.parquet,283165,"Bán nhà riêng Đại Mỗ, DT 54m2 x 4 tầng 5PN khép kín giá 9.3 tỷ, sân rộng hơn 200m2 chơi cầu lông","Bán gấp nhà riêng dân xây Đại Mỗ cạnh Aeonmall, DT 54m2 x 4 tầng 5 PN khép kín còn 9.3 tỷ. Sân trươcd nhà rộng hơn 200m2 chơi cầu lông tốt, kết hợp ở + cho thuê hoặc văn phòng công ty tốt, 3 bước ra hồ bãi gửi Ô tô, Viu trước nhà thoáng vĩnh viễn cực hiếm. LH - Vị trí cực hiếm trong khu vực, cả khu mới có ngõ rộng hơn 200m2, để 20 - 30 xe máy ra vào thoải mái, mặt ngõ thông KD văn phòng tốt, 10m ra ô tô tải đỗ tránh quanh hồ, bãi gửi ô tô 15m ra mặt hồ thoáng mát, viu cực thoáng mát trước sau nhà. Tầm nhìn xa 10km, gần trục Lê Quang Đạo Kéo dài , đại lộ thăng Long , thuận tiện di chuyển vào phố Cầu Giấy , Mỹ đình , thanh Xuân , Nguyễn chí thanh - Nhà mới xây độc lập 1 căn, ép cọc bê tông, khung BTCT, thiết kế hiện đại: 5 PN khép kín full đồ bếp tb ánh sáng âm thanh, tủ gỗ, sàn gỗ, hệ thống cửa gỗ lim, điều hòa, nóng lạnh.., 2 mặt thoáng trước sau, có đầy đủ gpxd, bản vẽ thiết kế đầy đủ. ",Hà Nội,Nhà,9300000000,54.0,9300000000.0,0.0,matched_2pct,"[{""source"": ""title"", ""text"": ""9.3 tỷ, sân rộng hơn "", ""parsed_value_vnd"": 9300000000.0, ""basis"": ""total"", ""total_equivalent_vnd"": 9300000000.0}, {""source"": ""description"", ""text"": ""9.3 tỷ. Sân trươcd nh"", ""parsed_value_vnd"": 9300000000.0, ""basis"": ""total"", ""total_equivalent_vnd"": 9300000000.0}, {""source"": ""description"", ""text"": ""9.3 tỷ có tl mạnh. Lh"", ""parsed_value_vnd"": 9300000000.0, ""basis"": ""total"", ""total_equivalent_vnd"": 9300000000.0}]"
shard_0002.parquet,129491,"Gấp. Chủ thiện chí bán gấp trong tháng căn hộ Star hill, 112m2, 3pn, 01 ô xe, nhà mới giá 10,9 tỷ","Bán gấp căn hộ Star Hill Phú Mỹ Hưng. Diện tích căn hô 112m2. Gồm 3pn, 2wc 1 phòng làm việc, 01 ô xe ô tô định danh hầm. Hiện trạng nhà hoàn thiện nội thất cao cấp, mới 100%. Pháp lý sổ hồng lâu dài. Giá bán 10,9 tỷ. Liên hệ gặp Lợi. Trân trọng.",Hồ Chí Minh,Căn hộ chung cư,10900000000,112.0,10900000000.0,0.0,matched_2pct,"[{""source"": ""title"", ""text"": ""10,9 tỷ"", ""parsed_value_vnd"": 10900000000.0, ""basis"": ""total"", ""total_equivalent_vnd"": 10900000000.0}, {""source"": ""description"", ""text"": ""10,9 tỷ. Liên hệ gặp L"", ""parsed_value_vnd"": 10900000000.0, ""basis"": ""total"", ""total_equivalent_vnd"": 10900000000.0}]"
shard_0004.parquet,44707,"Bán căn hộ 2PN, 2WC, 68m2 tại Sky Garden 3, 5,48 tỷ, Q7, HCM","Căn hộ chung cư tại Sky Garden 3, Phạm Văn Nghị, Tân Phong, Quận 7, Hồ Chí Minh nổi bật với diện tích 68m2, 2 phòng ngủ, 2 phòng tắm, hướng cửa chính Tây và ban công hướng Nam. + Giá chỉ 5,48 tỷ VND. + Nội thất đầy đủ với điều hòa, tủ lạnh, giường ngủ, và nhiều tiện nghi khác. Ưu điểm: Căn hộ có pháp lý đầy đủ, tạo sự yên tâm cho người sở hữu. Thiết kế hiện đại mang đến không gian sống thoải mái, tiện nghi cho gia đình. Gần các tiện ích như: Gần trường học, gần chợ/siêu thị, có công viên. Liên hệ ngay để được tư vấn thêm và đặt lịch xem căn hộ tại [phone_number] với Triệu Thị Ngọc Xuân.",Hồ Chí Minh,Căn hộ chung cư,5480000000,68.0,5480000000.0,0.0,matched_2pct,"[{""source"": ""title"", ""text"": ""5,48 tỷ, Q7, HCM"", ""parsed_value_vnd"": 5480000000.0, ""basis"": ""total"", ""total_equivalent_vnd"": 5480000000.0}, {""source"": ""description"", ""text"": ""5,48 tỷ VND. + Nội thấ"", ""parsed_value_vnd"": 5480000000.0, ""basis"": ""total"", ""total_equivalent_vnd"": 5480000000.0}]"
shard_0009.parquet,187596,"Chính chủ bán lô đất Khu dân cư tập trung Hải Vân, xã Hải Hưng, Ninh Bình - Kinh doanh thuận lợi","Chị gái nhờ em bán lô đất Khu dân cư tập trung Hải Vân, xã Hải Hưng, Ninh Bình. Diện tích 272m2 - đường ô tô, vỉa hè. Dân cư tập trung đông đúc, sầm uất. Sổ đỏ pháp lý chuẩn. Giá bán thỏa thuận. Chi tiết ib em để làm việc trực tiếp chính chủ. Tel/Zalo Anh chị em sàn môi giới kết hợp bán cùng em).",Nam Định,Đất,0,272.0,,,no_supported_price,[]
shard_0006.parquet,60459,ĐẸP NHẤT MÀ HỢP TẦM GIÁ NHẤT QUẬN TÂY HỒ. CHÍNH CHỦ CẦN BÁN GẤP NHÀ THUỴ KHUÊ - TÂY HỒ,"Cực kỳ hiếm nhà bán, vài bước chân ra mặt phố, ô tô 16c qua nhà, ngõ thông Trích sài, vài ph đi bộ ra Hồ Tây. thuận tiện di chuyển. trước nhà thoáng vĩnh viễn. Nhà mặt ngõ, gần phố, khu vực sầm uất nên vừa ở vừa kinh doanh quá đẹp. nhà 6 tầng 1 tum, view Hồ Tây. Thang máy nhập khẩu êm ru, tặng full nội thất gắn tường cho khách. Thiết kế: tầng 1: Phòng khách, để xe. tầng 2-5: 01 phòng thông sàn, wc. tầng 6: bếp tầng 7: Tum. Sổ đỏ sẵn giao dịch!! LH ZALO THẢO kết nối nhà đẹp!",Hà Nội,Nhà,17000000000,40.0,,,no_supported_price,[]
shard_0006.parquet,230198,"Bán căn hộ 2PN, 2WC tại Thu Thiem Zeit River, 45 tỷ, 94m2, view đẹp uy tín","Thủ Thiêm Zeit River - siêu phẩm 2PN full nội thất. Căn đẹp view đẹp giá tốt nhất hiện tại. Mã căn T1 | 2PN 2WC | 94m². Hướng Tây Bắc đón gió thoáng, ánh sáng tự nhiên. View trục Đại Lộ Vòng Cung không chắn, cực sang. Full nội thất cao cấp mới vào ở ngay. Giá: 45 triệu/tháng. Bao gồm toàn bộ thuế phí hỗ trợ xem nhà mỗi ngày. Liên hệ ngay để giữ căn đẹp hiếm duy nhất: Em Chi [phone_number]",Hồ Chí Minh,Căn hộ chung cư,45000000000,94.0,45000000000.0,0.0,matched_2pct,"[{""source"": ""title"", ""text"": ""45 tỷ, 94m2, view đẹ"", ""parsed_value_vnd"": 45000000000.0, ""basis"": ""total"", ""total_equivalent_vnd"": 45000000000.0}]"
shard_0002.parquet,344131,"Kẹt nợ bán gấp 63m2 nhà 1 lầu đường Nguyễn Văn Luông,quận 6,giá 850tr có sổ hồng riêng","- Dân trí cao, an ninh tuyệt đối. - Sổ hồng riêng, sang tên trong ngày. - Điện âm nước máy đầy đủ - không vướng quy hoạch giải tỏa. - Diện tích: 63m2, giá TT 850tr có thương lượng thêm. - Bán gấp giá rẻ miễn thương lượng. - Tiện ở, kinh doanh, đầu tư sinh lời cao. - Liên hệ trực tiếp [phone_number] gặp chị Vy đi xem nhà. Cảm ơn anh chị xem tin.",Hồ Chí Minh,Nhà,850000000,63.0,850000000.0,0.0,matched_2pct,"[{""source"": ""title"", ""text"": ""850tr có sổ hồng riê"", ""parsed_value_vnd"": 850000000.0, ""basis"": ""total"", ""total_equivalent_vnd"": 850000000.0}, {""source"": ""description"", ""text"": ""850tr có thương lượn"", ""parsed_value_vnd"": 850000000.0, ""basis"": ""total"", ""total_equivalent_vnd"": 850000000.0}]"
shard_0001.parquet,249215,Bán Nhà Nguyễn Đình Chiểu Q3. (3.3m x 9m). 5 Tầng BTCT. Giá 6.9 Tỷ TL,"Cần Bán Nhà Hẻm Nguyễn Đình Chiểu Phường 2 Quận 3 !!! - Giá: 6.9 Tỷ Thương Lượng - Diện tích: 3.3m x 9m (30m2) - Kết cấu: Trệt Lửng 2 Lầu Sân Thượng (5PN, 4WC) - Vị trí: Hẻm thẳng 1 trục thông ra Lý Thái Tổ - Nguyễn Thiện Thuật. Nhà chỉ cần vài thùng sơn là như mới. Gần vòng xoay Nguyễn Thị Minh Khai",Hồ Chí Minh,Nhà,6900000000,30.0,6900000000.0,0.0,matched_2pct,"[{""source"": ""title"", ""text"": ""6.9 Tỷ TL"", ""parsed_value_vnd"": 6900000000.0, ""basis"": ""total"", ""total_equivalent_vnd"": 6900000000.0}, {""source"": ""description"", ""text"": ""6.9 Tỷ Thương Lượng -"", ""parsed_value_vnd"": 6900000000.0, ""basis"": ""total"", ""total_equivalent_vnd"": 6900000000.0}]"
shard_0007.parquet,110085,Bán biệt thự đơn lập 278m2 dự án Phương Viên nằm trong dự án Mailand Hanoi City. Giá đầu tư,"Chính chủ gửi bán biệt thự đơn lập tại dự án Phương Viên nằm tại vị trí đắc địa giữa lõi của đại đô thị cao cấp Mailand Hanoi City! - Diện tích 278m2. - Diện tích sàn xây dựng 460m2, xây 4 tầng. - Nhà đẫ hoàn thiện cơ bản và sẵn sàng cho thuê làm văn phòng. - Đã có sổ đỏ. - Giá bán tốt nhất thị trường chỉ 146 triệu/m2, có thương lượng cho khách thiện chí. Liên hệ em Lương để được tư vấn chi tiết.",Hà Nội,Biệt thự/Nhà liền kề,,278.0,40588000000.0,,missing_structured_price,"[{""source"": ""description"", ""text"": ""146 triệu/m2, có thương "", ""parsed_value_vnd"": 146000000.0, ""basis"": ""per_m2"", ""total_equivalent_vnd"": 40588000000.0}]"
shard_0004.parquet,105087,Bán Đất Tây Hồ - 720m Mặt Tiền 15m - Đầu Tư Dài Hạn - Quy Hoạch An Toàn - Đường Ô Tô Tránh - KD,"BÁN ĐẤT KHU VỰC TÂY HỒ HÀ NỘI - ĐẦU TƯ DÀI HẠN QUY HOẠCH AN TOÀN Diện tích: 720M2 Mặt tiền: 15m thửa đất vuông vắn, cực kỳ đẹp để đầu tư hoặc xây biệt thự, nhà vườn Đường trước đất: Hai ô tô tránh nhau thoải mái, khu dân cư yên tĩnh, sạch sẽ, gần Hồ Tây Pháp lý: Đất đô thị phi nông nghiệp, đóng thuế hằng năm, giao dịch chính chủ Tiện ích xung quanh: Vài phút tới Hồ Tây, cầu Nhật Tân, tuyến đường Võ Chí Công trung tâm hành chính Tây Hồ Tây Gần chợ Tứ Liên, trường học, siêu thị, nhà hàng và khu dân cư cao cấp Khu vực quy hoạch ổn định, hạ tầng đồng bộ, dân trí cao Giá trị đầu tư: Quỹ đất lớn, hiếm tại trung tâm Tây Hồ Tiềm năng sinh lời cao thích hợp xây biệt thự, nhà vườn, homestay hoặc chia lô Giá chào bán: 50 triệu/m Vị trí: Khu phố Tứ Liên quận Tây Hồ Hà Nội Liên hệ: Bảo Nam - 09/88.33.8.22;8",Hà Nội,Đất,36000000000,720.0,50000000.0,719.0,mismatch,"[{""source"": ""description"", ""text"": ""50 triệu/m Vị trí: Khu "", ""parsed_value_vnd"": 50000000.0, ""basis"": ""total"", ""total_equivalent_vnd"": 50000000.0}]"
shard_0000.parquet,262347,"Bán căn hộ cao cấp view hồ tạo dòng tiền ổn định 18-20tr, sổ hồng lâu dài. Diện tích 80.6m2 2PN 2WC","Căn hộ tạo dòng tiền 18 - 20tr tháng. Sổ hồng trao tay. Căn hộ tại CT9 Vĩnh Điềm Trung, Nha Trang. - Loại: 2PN, 2 toilet. - Diện tích: 80.6m2. - View ban công: Căn góc view hồ, toàn cảnh khu đô thị VĐT. - Đã có sổ hồng. - Giá bán: 4,35tỷ (bao thuế phí). - Để lại toàn bộ nội thất xịn xò, thiết kế hiện đại. Liên hệ xem căn hộ: [phone_number] Trung Hiếu.",Khánh Hòa,Căn hộ chung cư,4350000000,80.6,4350000000.0,0.0,matched_2pct,"[{""source"": ""description"", ""text"": ""4,35tỷ (bao thuế phí)"", ""parsed_value_vnd"": 4350000000.0, ""basis"": ""total"", ""total_equivalent_vnd"": 4350000000.0}]"
shard_0009.parquet,276311,"Bán nhà hẻm xe hơi Khu Bàn Cờ Quận 3 - Góc 3 mặt hẻm - ngang 3,5 x 12m - giá chỉ 7,5 tỷ (TL)","- Địa chỉ: Vườn Chuối, P. 4, Quận 3. + Vị trí: Góc 3 mặt tiền, hẻm xe hơi, vị trí đắc địa, hẻm thương mại thông ra Đường Vườn Chuối, Nguyễn Đình Chiểu và Cư Xá Đô Thành. + Diện tích: 3,5 x 12m. + Kết cấu: 2 tầng, 2 phòng ngủ, 2WC. + Công dụng: Để ở hoặc cho thuê. + Pháp lý: Sổ Hồng đầy đủ công chứng ngay. + Giá bán: 7,5 tỷ (thương lượng). ------ Liên hệ: [phone_number]Minh Thư).",Hồ Chí Minh,Nhà,7500000000,35.0,7500000000.0,0.0,matched_2pct,"[{""source"": ""title"", ""text"": ""7,5 tỷ (TL)"", ""parsed_value_vnd"": 7500000000.0, ""basis"": ""total"", ""total_equivalent_vnd"": 7500000000.0}, {""source"": ""description"", ""text"": ""7,5 tỷ (thương lượng)"", ""parsed_value_vnd"": 7500000000.0, ""basis"": ""total"", ""total_equivalent_vnd"": 7500000000.0}]"
shard_0004.parquet,348748,Cần bán căn hộ chung cư do chủ nhà kí gửi Vườn Xuân 71 Nguyễn Chí Thanh - Gọi:,"- BÁN CĂN HỘ CHUNG CƯ VƯỜN XUÂN 71 NGUYỄN CHÍ THANH, HÀ NỘI - Căn tầng cao Diện tích: 94m² Thiết kế: 3 phòng ngủ, 2 vệ sinh Nội thất: Full đồ cao cấp, khách mua chỉ việc mang quần áo về ở Vị trí trung tâm, khu dân trí cao, giao thông thuận tiện Giá bán: 9,6 tỷ. + Nội thất cơ bản: Gồm điều hòa các phòng, tủ bếp, nóng lạnh, sàn gỗ, trần thạch cao, hệ thống rèm cửa, thiết bị vệ sinh chiếu sáng đầy đủ. + Nội thất đầy đủ: Có thêm tivi, tủ lạnh, máy giặt, giường, đệm, tủ quần áo, sofa, bàn ăn, lò vi sóng, hệ thống điều hòa hòa, tủ bếp, nóng lạnh. * Quý khách hàng có nhu cầu thuê/mua bán căn hộ liên hệ: Hotline HD Land: cả zalo). * Khách hàng quan tâm có thể tham khảo thêm các căn hộ khác tại: - Facebook: https://www.facebook.com/hdlandvietnam.com.vn - Rất vui được hợp tác cùng quý khách.",Hà Nội,Căn hộ chung cư,9600000000,94.0,9600000000.0,0.0,matched_2pct,"[{""source"": ""description"", ""text"": ""9,6 tỷ. + Nội thất cơ"", ""parsed_value_vnd"": 9600000000.0, ""basis"": ""total"", ""total_equivalent_vnd"": 9600000000.0}]"
shard_0002.parquet,171920,Bán toà nhà 6 tầng mặt phố tây sơn đống đa hà nội,BÁN TOÀ NHÀ 6 TẦNG MẶT PHỐ TÂY SƠN ĐỐNG ĐA HÀ NỘI + Thiết kế 6 tầng diện tích từ tầng 3 đến tầng 6 là 60m ( không thang máy) + Diện tích sử dụng 350m + Từ tầng 1 đến tầng 4 là thông tầng kinh doanh + Tầng 5 bếp và 2 ngủ + Tầng 6 : phòng khách rộng + phòng thờ có sân phơi + Giá: 45 tỷ ( có tl) Lh: [phone_number]( Zalo/Call),Hà Nội,Nhà,45000000000,60.0,45000000000.0,0.0,matched_2pct,"[{""source"": ""description"", ""text"": ""45 tỷ ( có tl) Lh: ["", ""parsed_value_vnd"": 45000000000.0, ""basis"": ""total"", ""total_equivalent_vnd"": 45000000000.0}]"
shard_0008.parquet,153215,"Phú Nhuận bán nhà Trường Sa HXH ngắn thẳng trục ngang hơn 4m, giá 12,9 tỷ","1008 - Bán nhà 1 sẹc thẳng trục ngắn Trường Sa. Vị trí: Sẹc ngắn ra Trường Sa, hẻm 7m thông tứ tung, thông Huỳnh Văn Bánh, gần trường học, di chuyển bệnh viện sân bay 10 phút. Thông tin chi tiết: 4,2mx15m CN 61.3m2. Kết cấu: Nhà 1 trệt, 1 lầu, 2 phòng ngủ, WC - Nhà mới, dọn vào ở luôn. Khu dân trí, an ninh, trí thức cao, hàng xóm thân thiện. Pháp lý chuẩn, sổ hồng riêng vuông A4. Anh chị quan tâm liên hệ Ninh Huệ: [phone_number] sắp xếp lịch hẹn ngày xem nhà, gặp trực tiếp chính chủ đàm phán.",Hồ Chí Minh,Nhà,12900000000,61.3,12900000000.0,0.0,matched_2pct,"[{""source"": ""title"", ""text"": ""12,9 tỷ"", ""parsed_value_vnd"": 12900000000.0, ""basis"": ""total"", ""total_equivalent_vnd"": 12900000000.0}]"
shard_0005.parquet,350062,"Bán nhà 2 tầng lê văn thọ, p14, gò vấp hẻm xe hơi full nội thất chỉ 5.85 tỷ","Vị trí đẹp hẻm 611 Lê Văn Thọ, Phường 14, Gò Vấp hẻm xe hơi vào tận nhà, khu dân cư an ninh, yên tĩnh. Diện tích 57m, sổ vuông vức, phong thủy chuẩn. Kết cấu 1 trệt 1 lầu BTCT kiên cố, gồm 3 phòng ngủ, 3 vệ sinh, phòng khách, bếp rộng, ban công thoáng mát. Tặng lại toàn bộ nội thất cao cấp khách mua chỉ việc xách vali vào ở. Pháp lý chuẩn chỉnh, sổ hồng riêng công chứng ngay. Giá bán chỉ 5.85 tỷ (thương lượng chính chủ). Vị trí trung tâm, tiện ích đầy đủ ở ngay hoặc đầu tư đều sinh lời. Liên hệ: [phone_number] A Hưng",Hồ Chí Minh,Nhà,5850000000,57.0,5850000000.0,0.0,matched_2pct,"[{""source"": ""title"", ""text"": ""5.85 tỷ"", ""parsed_value_vnd"": 5850000000.0, ""basis"": ""total"", ""total_equivalent_vnd"": 5850000000.0}, {""source"": ""description"", ""text"": ""5.85 tỷ (thương lượng "", ""parsed_value_vnd"": 5850000000.0, ""basis"": ""total"", ""total_equivalent_vnd"": 5850000000.0}]"
shard_0002.parquet,282951,Bán biệt thự hồ bơi sang trọng ngay trung tâm quận Tân Bình - DT 195.8m2 - giá siêu tốt chỉ 69 tỷ,"Địa chỉ: MT Lê Văn Huân, P. 13, Q. Tân Bình. Diện tích: 195.8m² không gian sống đẳng cấp, chuẩn resort tại gia. Công năng biệt thự: - 6 phòng ngủ sang trọng. - 1 phòng thư viện riêng. - 2 phòng khách giải trí hiện đại. - 9 toilet tiện nghi. - 1 hầm để xe rộng rãi. - 1 phòng xông hơi, 1 hồ bơi trong nhà cực hiếm tại khu vực. Phong cách sống chuẩn thượng lưu riêng tư, an ninh, xứng tầm chủ nhân thành đạt. Giá bán: 69 tỷ (thương lượng cho khách thiện chí). Liên hệ ngay: hoặc",Hồ Chí Minh,Biệt thự/Nhà liền kề,69000000000,195.8,69000000000.0,0.0,matched_2pct,"[{""source"": ""title"", ""text"": ""69 tỷ"", ""parsed_value_vnd"": 69000000000.0, ""basis"": ""total"", ""total_equivalent_vnd"": 69000000000.0}, {""source"": ""description"", ""text"": ""69 tỷ (thương lượng "", ""parsed_value_vnd"": 69000000000.0, ""basis"": ""total"", ""total_equivalent_vnd"": 69000000000.0}]"
shard_0006.parquet,301741,"Bán nhà 6 tầng đường Phạm Hùng, 95 m2 đất, 17 phòng, thu nhập 100tr/ tháng P4 Q8","Bán nhà 6 tầng đường Phạm Hùng P4 Q8. + Diện tích: 4.1 x 18.4m nở hậu: 7.7m. CN: 95 m2. + Nhà mới, xây dựng kiên cố trệt, lửng, 4 lầu. Gồm 17 phòng, full nội thất từng phòng, hiện đang cho thuê thu nhập gần 100 Triệu/tháng. Có thang máy. + Vị trí: Xe ô tô tới nhà, cách MT Phạm Hùng 150m, gần cầu Chánh Hưng, cầu Nguyễn Tri Phương, + Thuận lợi: Mỗi tháng thu nhập cao, xung quanh nơi ở gần chợ, trường học, bệnh viện, các cửa hàng tiện lợi. + Hướng Tây Bắc. + Sổ hồng hoàn công đủ. + Giá: 17.5 tỷ (TL). Liên hệ: Ms Thuỳ xem nhà.",Hồ Chí Minh,Nhà,17500000000,95.0,17500000000.0,0.0,matched_2pct,"[{""source"": ""description"", ""text"": ""17.5 tỷ (TL). Liên hệ:"", ""parsed_value_vnd"": 17500000000.0, ""basis"": ""total"", ""total_equivalent_vnd"": 17500000000.0}]"
shard_0005.parquet,145872,Tôi chính chủ kẹt tiền cần bán gấp lô đất full thổ cư ở xã Thái Mỹ huyện Củ Chi,"Chủ kẹt tiền cần bán lô đất 10x21 full thổ cư khu dân cư Sổ Hồng Riêng tại Thái Mỹ đã tách làm hai sổ Giá 1ty360 Đường nhựa 6m , cách tỉnh lộ 7 vào 100m, đường thông, hỗ trợ vay ngân hàng cao. Xây dựng tự do, xung quanh đầy đủ tiện ích chợ, trường học, bách hóa xanh. Lh em Hải xem đất",Hồ Chí Minh,Đất,1360000000,210.0,1360000000.0,0.0,matched_2pct,"[{""source"": ""description"", ""text"": ""1ty360 Đường nhựa "", ""parsed_value_vnd"": 1360000000.0, ""basis"": ""total"", ""total_equivalent_vnd"": 1360000000.0}]"
shard_0009.parquet,117157,"Chính chủ cần bán 69m2 tại Safira Khang Điền, 4,9 tỷ, 2PN, 2WC, view đẹp","Chung cư tại Safira Khang Điền - Diện tích 69m2, 2PN, 2WC( VIew thoáng không bị chắn) - Nội thất cơ bản - Giá chỉ 4,9 tỷ Khu vực xung quanh: + Trường mầm non Tiny House Montessori Phú Hữu + Công viên Melosa Garden + Siêu thị Bách Hóa Xanh Hãy liên hệ ngay với Trần Thi qua số để biết thêm thông tin!",Hồ Chí Minh,Căn hộ chung cư,4900000000,69.0,4900000000.0,0.0,matched_2pct,"[{""source"": ""title"", ""text"": ""4,9 tỷ, 2PN, 2WC, vie"", ""parsed_value_vnd"": 4900000000.0, ""basis"": ""total"", ""total_equivalent_vnd"": 4900000000.0}, {""source"": ""description"", ""text"": ""4,9 tỷ Khu vực xung q"", ""parsed_value_vnd"": 4900000000.0, ""basis"": ""total"", ""total_equivalent_vnd"": 4900000000.0}]"
shard_0009.parquet,280000,"Bán nhà HXH 664 Nguyễn Đình Chiểu Quận 3, 3,6x12m cn 43m2 chỉ nhỉnh 9 tỷ","Bán nhà hẻm 664 Nguyễn Đình Chiểu phường 3 quận 3. - Diện tích: 3.6x12m nở hậu cn 43 m2 - Kết cấu: 2 tầng mới gồm phòng khách, bếp, tổng 2PN 2WC, - Vị trí siêu đẹp ngay khi VIP nhất nhì Quận 3, gần chợ, siêu thị, trường học, bệnh viện và rất nhiều các tiện ích bủa vây xung quanh, vị trí đắc địa, hiếm nhà bán. - HXH ngay nhà 10m, thông khắp nẻo, hàng xóm dân trí cao toàn nhà cao tầng. - Nhà đang cho thuê 12tr/th ( có thể lấy lại hoặc cho thuê tiếp) - Pháp lý chuẩn, sổ tại nhà hoàn công đủ, công chứng ngay LH: Mr.Thiện để xem nhà và thương lượng chính chủ",Hồ Chí Minh,Nhà,9800000000,43.0,9000000000.0,0.08888888888888889,mismatch,"[{""source"": ""title"", ""text"": ""9 tỷ"", ""parsed_value_vnd"": 9000000000.0, ""basis"": ""total"", ""total_equivalent_vnd"": 9000000000.0}]"
shard_0007.parquet,103318,"Giảm 1.5 tỷ. Bán nhà HXH vip khu Thăng Long, Phường 4, Tân Bình, 4x21m, 4 tầng nhà mới, giá 15 tỷ","Siêu phẩm nhà đẹp, vị trí đắc địa nhất khu vực Thăng Long, Phường 4, Tân Bình. - Diện tích: 4x21m (Nở hậu tài lộc). - Kết cấu: Trệt, 2 lầu, sân thượng, nhà thiết kế theo phong cách Châu Âu hiện đại, mới nguyên vào chỉ việc ở liền không cần phải sửa chữa. - Vị trí: Căn nhà nằm trên tuyến đường huyết mạch Vip nhất khu vực sân bay Tân Sơn Nhất, thông Hậu Giang, Nguyễn Văn Vĩnh, Nguyễn Cảnh Dị, trong khu cán bộ ở cực kỳ an ninh, dân trí cao. - Công năng: Nhà thiết kế sẵn, đầy đủ phòng bếp, phòng thờ, 5 phòng ngủ hiện đại. - Tính phù hợp: Khách hàng có thể sử dụng làm văn phòng công ty, spa, shop hàng online, trường học mầm non, hoặc cho thuê giữ tiền cực tốt. - Giá bán: 15 tỷ (Còn bớt cho khách hàng thiện chí mua nhanh). Liên hệ xem nhà chính chủ: - Thu Hiền.",Hồ Chí Minh,Nhà,15000000000,84.0,,,multiple_text_prices,"[{""source"": ""title"", ""text"": ""1.5 tỷ. Bán nhà HXH v"", ""parsed_value_vnd"": 1500000000.0, ""basis"": ""total"", ""total_equivalent_vnd"": 1500000000.0}, {""source"": ""title"", ""text"": ""15 tỷ"", ""parsed_value_vnd"": 15000000000.0, ""basis"": ""total"", ""total_equivalent_vnd"": 15000000000.0}, {""source"": ""description"", ""text"": ""15 tỷ (Còn bớt cho k"", ""parsed_value_vnd"": 15000000000.0, ""basis"": ""total"", ""total_equivalent_vnd"": 15000000000.0}]"
shard_0002.parquet,110508,Bán chung cư thu hồi vốn kinh doanh,"Hoàng Kim Thế Gia - 68m2. - Đã có sổ. - Nội thất đã hoàn thiện. - Tầng trung, view thoáng mát. - Chủ đầu tư đầy uy tín. - Khuôn viên riêng biệt, tiện ích nội khu: Gym, hồ bơi, công viên rộng rãi, cửa hàng tiện lợi. - Kết cấu: 2 phòng ngủ 2 phòng tắm, phòng khách rộng rãi. - Chủ để lại đầy đủ nội thất cao cấp bao gồm 2 TV LG, 1 máy giặt Samsung, 1 tủ lạnh Panasonic, 2 máy lạnh Toshiba, bộ sofa cao cấp, trang trí theo phong cách hiện đại. - Miễn tiếp môi giới (có thể bớt chút lộc cho khách thiện chí). - Hỗ trợ vay ngân hàng với lãi suất tốt. - Bao phí sang tên công chứng. - Liên hệ: [phone_number]Minh Tâm) hỗ trợ.",Hồ Chí Minh,Căn hộ chung cư,1550000000,68.0,,,no_supported_price,[]
shard_0009.parquet,8161,"Bán Nhà Kiến Hưng Luxury, Hà Đông Mặt Tiền 7m Hiếm Có, Nhà 5 Tầng Sẵn Ở, Chỉ 19 Tỷ","Nhà thuộc khu Kiến Hưng Luxury Hà Đông, khu phân lô quy hoạch đồng bộ, đường rộng, giao thông thuận tiện. Mặt tiền rộng 7m hiếm trong khu Nhà 5 tầng hoàn thiện, vào sử dụng ngay Gần Công viên 365 quy mô lớn đang hoàn thiện Kết nối nhanh Vành đai 3.5, Vành đai 4 Gần Bệnh viện 103 và nhiều tiện ích khu Hà Đông Khu vực hạ tầng phát triển mạnh, phù hợp ở lâu dài hoặc làm văn phòng. Giá mới nhất: 19 tỷ Liên hệ:",Hà Nội,Biệt thự/Nhà liền kề,19000000000,65.0,19000000000.0,0.0,matched_2pct,"[{""source"": ""title"", ""text"": ""19 Tỷ"", ""parsed_value_vnd"": 19000000000.0, ""basis"": ""total"", ""total_equivalent_vnd"": 19000000000.0}, {""source"": ""description"", ""text"": ""19 tỷ Liên hệ:"", ""parsed_value_vnd"": 19000000000.0, ""basis"": ""total"", ""total_equivalent_vnd"": 19000000000.0}]"
shard_0008.parquet,48610,"Bán đất tặng nhà phố Cầu Giấy, Vị trí độc tôn. 15m ra oto tránh, dt145m2 sổ vuông, giá 30 Tỷ nhỏ xí","Bán đất tặng nhà phố Cầu Giấy, Vị trí độc tôn. 15m ra oto tránh, dt145m2 sổ vuông, giá 30 Tỷ nhỏ xíu Nhà dân xây kiên cố, có thể sửa thành nhà ở hoạc nhà dòng tiền CCMINI Nhà toạ lạc giữa trung tâm phố Cầu Giấy, khu vực kinh doanh buôn bán sầm uất bậc nhất HN Xung quanh là các trường đại học Quốc Gia, Ngoại ngữ, Sổ vuông vắn, rõ ràng, không lỗi phong thuỷ Hỗ trợ ngân hàng Gọi ngay em Thành xem nhà trực tiếp",Hà Nội,Nhà,33000000000,145.0,30000000000.0,0.1,mismatch,"[{""source"": ""title"", ""text"": ""30 Tỷ nhỏ xí"", ""parsed_value_vnd"": 30000000000.0, ""basis"": ""total"", ""total_equivalent_vnd"": 30000000000.0}, {""source"": ""description"", ""text"": ""30 Tỷ nhỏ xíu Nhà dâ"", ""parsed_value_vnd"": 30000000000.0, ""basis"": ""total"", ""total_equivalent_vnd"": 30000000000.0}]"
shard_0007.parquet,219568,Bán gấp nhà nát 530m2 HXH ngay khu Dân Cư Vĩnh Lộc,"- Ngợp bank bán gấp đất phường Bình Hưng Hoà B, Bình Tân. - Diện tích: 11 nở hậu 23x27m. 530m2 đất full thổ cư. - Đường 6m xe hơi chạy thoải mái, cách MT chỉ vài bước chân. - Vị trí đẹp gần nhiều tiện ích: Trường, chợ, siêu thị,... Gần Ngã Tư Gò Mây. - Giá bán gấp chỉ 26,5 tỷ ~ 50tr/m2.",Hồ Chí Minh,Nhà,26500000000,530.0,26500000000.0,0.0,matched_2pct,"[{""source"": ""description"", ""text"": ""26,5 tỷ ~ 50tr/m2."", ""parsed_value_vnd"": 26500000000.0, ""basis"": ""total"", ""total_equivalent_vnd"": 26500000000.0}, {""source"": ""description"", ""text"": ""50tr/m2."", ""parsed_value_vnd"": 50000000.0, ""basis"": ""per_m2"", ""total_equivalent_vnd"": 26500000000.0}]"
shard_0006.parquet,23713,"5.5 tỷ, 62m2, bán nhà 111/ Huỳnh Văn Bánh, phường 17, Phú Nhuận, gần Nguyên Văn Trỗi, Cao Thắng","5.5 tỷ, 62m2, bán nhà 111/ Huỳnh Văn Bánh, phường 17, Phú Nhuận, gần Nguyên Văn Trỗi, Cao Thắng. Diện tích: 62m2. Kết cấu: Trệt, 1 lầu. 4PN, 3WC. Liên hệ xem nhà: [phone_number]",Hồ Chí Minh,Nhà,5500000000,62.0,5500000000.0,0.0,matched_2pct,"[{""source"": ""title"", ""text"": ""5.5 tỷ, 62m2, bán nhà"", ""parsed_value_vnd"": 5500000000.0, ""basis"": ""total"", ""total_equivalent_vnd"": 5500000000.0}, {""source"": ""description"", ""text"": ""5.5 tỷ, 62m2, bán nhà"", ""parsed_value_vnd"": 5500000000.0, ""basis"": ""total"", ""total_equivalent_vnd"": 5500000000.0}]"
shard_0000.parquet,348365,Chuyển nhượng GRAND MARINA SAIGON - Toà SEA 3 Phòng Ngủ,"Chuyển nhượng GRAND MARINA SAIGON - Toà SEA 3 Phòng Ngủ + NTCB, đang có hợp đồng thuê: 47 tỷ Liên hệ: [phone_number] - Tuyết Vy - Chuyên BĐS tại khu vực Thủ Thiêm",Hồ Chí Minh,Căn hộ chung cư,47000000000,121.0,,,no_supported_price,[]
shard_0006.parquet,140432,"Bán lô đất thổ cư, ngang lớn 5.7m x 10m, gần tỉnh lộ 10, tên lửa, giáp quận 6, đường phân lô 7m","ĐẤT TRỐNG THỔ CƯ, KHU PHÂN LÔ ĐƯỜNG 7M THÔNG, XÂY CAO TẦNG, NGAY TỈNH LỘ 10, GẦN TÊN LỬA, GIÁP QUẬN 6 = CHỈ 4.5 TỶ DT ngang lớn 5.7 10M vuông vức. Xung quanh xây cao tầng, dân trí. Sổ hồng riêng, hoàn cồn đủ. Sang tên nhanh. LH [phone_number] xem nhà",Hồ Chí Minh,Đất,4500000000,57.0,4500000000.0,0.0,matched_2pct,"[{""source"": ""description"", ""text"": ""4.5 TỶ DT ngang lớn 5"", ""parsed_value_vnd"": 4500000000.0, ""basis"": ""total"", ""total_equivalent_vnd"": 4500000000.0}]"
shard_0009.parquet,78032,Bán nhanh căn thương mại chung cư Phú Gia tiềm năng kinh doanh cao,"Sản phẩm phù hợp nhà đầu tư đang tìm kiếm mặt bằng kinh doanh tại khu dân cư đông đúc. Mã căn: C1.03. Hướng: Tây Nam. DT: 46.8m2. Giá bán: 2 tỷ 440 triệu. Ưu điểm: Diện tích lớn, dễ khai thác nhiều mô hình kinh doanh. Vị trí thuận tiện, giao thông dễ dàng. Khu vực phát triển, nhu cầu thuê cao. Khả năng sinh lời ổn định. Xung quanh: Gần tiện ích thiết yếu. Khu dân cư an ninh, văn minh. Liên hệ ngay Anh Đạt để giữ căn đẹp và nhận thêm thông tin chi tiết!",Hồ Chí Minh,Căn hộ chung cư,2440000000,46.8,2440000000.0,0.0,matched_2pct,"[{""source"": ""description"", ""text"": ""2 tỷ 440 triệu. Ưu "", ""parsed_value_vnd"": 2440000000.0, ""basis"": ""total"", ""total_equivalent_vnd"": 2440000000.0}]"
shard_0006.parquet,38228,"Cần bán căn ngoại giao chiết khấu 13% đến 18% tầng cao, view thoáng, vào tên HDMB, quỹ căn hữu hạn","Tên dự án: Ruby Park. Một số căn còn nguyên ck 13%-18% ngoại giao ngân hàng - Hình thức sở hữu: Sổ hồng sở hữu lâu dài. - Bàn giao: Quý 3/2026. * Các loại căn hộ điển hình: - Căn 1PN: 45 - 48m². - Căn 2PN: 61 - 69 - 73 - 75m². - Căn 3PN: 79 - 82m². - Căn 3PN Góc: 90 - 98 - 100m². - Chiết khấu mở bán 13% cho khách hàng nhanh tay. Liên hệ chi tiết: * Chiết khấu chính sach: Tổng chiết khấu lên đến 13%. Ruby Park - Phúc Lợi chỉ 65 triệu/m². Ngân hàng hỗ trợ cho vay: MB, BIDV, Agribank. Bàn giao nội thất liền tường. Quý 1 năm 2027 bàn giao. Sổ đỏ Vĩnh viễn. Liên hệ chi tiết(ngay): em Sơn).",Hà Nội,Căn hộ chung cư,4500000000,70.0,4550000000.0,0.01098901098901099,matched_2pct,"[{""source"": ""description"", ""text"": ""65 triệu/m². Ngân hàng "", ""parsed_value_vnd"": 65000000.0, ""basis"": ""per_m2"", ""total_equivalent_vnd"": 4550000000.0}]"
shard_0000.parquet,148404,Bán nhà 5 tầng 80m2 giá 16 tỷ phố Âu Cơ Tây Hồ,"VỊ TRÍ ĐẸP - CÁCH 1 NHÀ RA MẶT PHỐ, 5 TẦNG THANG MÁY , THIẾT KẾ HIỆN ĐẠI ,ĐẸP LUNG LINH, TIỆN ÍCH NGẬP TRÀN.+Vị trí sát mặt phố, THANG MÁY HIỆN ĐẠI nhà phù hợp đa mục đích để ở hoặc kinh doanh, có thể setup thành căn hộ Apartment cho tây thuê vì khu vực tập trung rất nhiều người nước ngoài sinh sống.+ Phù hợp để đầu tư giữ tiền và sinh dòng tiền, tiềm năng tăng giá cao vì Tứ Liên sắp xây cầu nên khu vực sẽ rất hót và giá trị tăng cao. THIẾT KẾ :+ Tầng 1: phòng khách, bếp.+ Tầng 2-3: Mỗi tầng 2 phòng khép kín, tổng 4 phòng ngủ.+ Tầng 4: Là một căn hộ khép kín gồm 1 phòng ngủ khép kín, 1 phòng khách, 1 sân ban công phơi đồ, 1 sân trà ban công mặt trước.Tầng 5: Sân phơi + phòng tập + phòng trà + trồng cây+ Sổ đỏ chính chủ sẵn sàng giao dịch. LH: Mr Quang nhà phố Âu Cơ Tây Hồ",Hà Nội,Nhà,16000000000,80.0,16000000000.0,0.0,matched_2pct,"[{""source"": ""title"", ""text"": ""16 tỷ phố Âu Cơ Tây "", ""parsed_value_vnd"": 16000000000.0, ""basis"": ""total"", ""total_equivalent_vnd"": 16000000000.0}]"
shard_0004.parquet,266142,"Bán đất Thạch Bàn 50m2 mặt tiền khủng, ô tô 7 chỗ vào đất. Giá nhỉnh 8 tỷ","Bán đất Thạch Bàn 50m2 mặt tiền khủng, ô tô 7 chỗ vào đất. Giá nhỉnh 8 tỷ. - Diện tích 50,5m2 mặt tiền = hậu 8m đường 3,5m cách 1 nhà ra đường oto tránh. Vị trí: Đất cạnh khu đô thị Garden City Thạch Bàn cách trường học các cấp xung quanh 300m. - Sổ đỏ chính chủ. Hỗ trợ vay bank. Liên hệ: Mr Tùng xem nhà trực tiếp.",Hà Nội,Đất,8200000000,50.5,8000000000.0,0.025,mismatch,"[{""source"": ""title"", ""text"": ""8 tỷ"", ""parsed_value_vnd"": 8000000000.0, ""basis"": ""total"", ""total_equivalent_vnd"": 8000000000.0}, {""source"": ""description"", ""text"": ""8 tỷ. - Diện tích 5"", ""parsed_value_vnd"": 8000000000.0, ""basis"": ""total"", ""total_equivalent_vnd"": 8000000000.0}]"
shard_0002.parquet,234431,Chính chủ bán gấp căn liền kề Hinode Royal Park | vị trí vàng | giá tốt nhất khu vực,"Vị trí chiến lược sinh lời cao: Nằm ngay cổng chính KĐT Hinode Royal Park khu vực đông dân cư, thuận tiện kinh doanh, mở văn phòng hoặc để ở. Cách ga tàu điện Nhổn chỉ vài phút đi bộ cực kỳ tiềm năng khi tuyến Metro vận hành. Gần ngay Vành Đai 3.5, dễ dàng di chuyển đến Mỹ Đình, Cầu Giấy, trung tâm TP. Liền kề các tòa chung cư văn phòng khối thương mại, lượng khách vãng lai đông, phù hợp mở spa, café, showroom, công ty... Thông tin chi tiết: Diện tích đất: 100m². Xây dựng: 5 tầng kiên cố hoàn thiện đẹp full nội thất cao cấp. Pháp lý: Sổ đỏ chính chủ sang tên nhanh gọn. Ưu điểm nổi bật: Vị trí lô cực đẹp mặt tiền thoáng gần trục đường chính. Căn hoàn thiện mới, về ở hoặc khai thác cho thuê ngay. Dân cư đông, an ninh đảm bảo, tiện ích đồng bộ trong KĐT. Tiềm năng tăng giá mạnh nhờ Metro hạ tầng xung quanh phát triển đồng bộ. Giá bán: Cực tốt liên hệ trực tiếp để nhận báo giá ưu đãi. Liên h",Hà Nội,Biệt thự/Nhà liền kề,14500000000,100.0,,,no_supported_price,[]
shard_0004.parquet,1028,"Chủ ngộp bank cần bán gấp lô mặt tiền Tỉnh Lộ 2 - Phước Vĩnh An - Củ Chi. DT 220m2, Giá 1tỷ4, SHR","Chính chủ ngộp bank cần bán nhanh lô đất. - Vị trí: Mặt tiền đường nhựa kinh doanh lớn Tỉnh Lộ 2 - Phước Vĩnh An - Củ Chi đất vuông vức không dính quy hoạch. - Diện tích: 220m2, đất thổ cư (5x43m). - Pháp lý: Sổ hồng riêng, công chứng sang tên ngay. - Giá : 1 tỷ 4 - Cách chợ khoảng tầm 500m, gần bệnh viện Củ Chi và trường học khoảng 1 km. Khách xem thực tế liên hệ em nhé:",Hồ Chí Minh,Đất,1400000000,220.0,1400000000.0,0.0,matched_2pct,"[{""source"": ""title"", ""text"": ""1tỷ4, SHR"", ""parsed_value_vnd"": 1400000000.0, ""basis"": ""total"", ""total_equivalent_vnd"": 1400000000.0}, {""source"": ""description"", ""text"": ""1 tỷ 4 - Cách chợ k"", ""parsed_value_vnd"": 1000000000.0, ""basis"": ""total"", ""total_equivalent_vnd"": 1000000000.0}]"
shard_0006.parquet,254026,"Bán đất tại Xã Hoàn Long, Yên Mỹ, Hưng Yên, giá tốt 34 triệu/m2, 70.2m2","Nhanh tay sở hữu lô đất tuyệt vời này! - Diện tích: 70.2m2, mặt tiền 4.04m, chiều rộng ngõ trước 4m. - Giá: 34 triệu VND/m2, pháp lý đầy đủ. - Đường vào thuận tiện cho xe hơi và các phương tiện khác. - Lô đất có mặt tiền rộng, lý tưởng cho việc kinh doanh hoặc xây dựng nhà ở. - Khu vực yên tĩnh, thoáng đãng, phù hợp cho cuộc sống gia đình. Liên hệ ngay Đỗ Thị Chính qua số điện thoại [phone_number] để biết thêm chi tiết!",Hưng Yên,Đất,2390000000,70.2,2386800000.0,0.0013407072230601643,matched_2pct,"[{""source"": ""title"", ""text"": ""34 triệu/m2, 70.2m2"", ""parsed_value_vnd"": 34000000.0, ""basis"": ""per_m2"", ""total_equivalent_vnd"": 2386800000.0}, {""source"": ""description"", ""text"": ""34 triệu VND/m2, pháp l"", ""parsed_value_vnd"": 34000000.0, ""basis"": ""total"", ""total_equivalent_vnd"": 34000000.0}]"
shard_0009.parquet,44711,"Bán nhà xã Thới Tam Thôn cũ Hóc Môn TP. HCM 151,4m2 full thổ cư (77)","Cần bán nhanh căn nhà cấp 4 tại xã Thới Tam Thôn cũ, huyện Hóc Môn, TP. HCM. Tổng DT: 151,4m2 đã thổ cư toàn bộ với chiều ngang 4m sâu 38m, vị trí đẹp tại khu vực gần chợ Thới Tứ và nhiều trường học các cấp, xung quanh rất nhiều tiện ích xứng đáng để mua ở cố định lâu dài về sau, dễ di chuyển vào trung tâm các quận TP. HCM. Giá muốn bán nhanh 4 tỷ 500tr (msp77).",Hồ Chí Minh,Nhà,4500000000,151.4,4500000000.0,0.0,matched_2pct,"[{""source"": ""description"", ""text"": ""4 tỷ 500tr (msp77)."", ""parsed_value_vnd"": 4500000000.0, ""basis"": ""total"", ""total_equivalent_vnd"": 4500000000.0}]"
shard_0008.parquet,195912,Bán nhà mặt tiền khu Tên Lửa (Ao Sen) - Đi bộ ra Aeon Mall - 4 tầng - 5x20m - Khu hiếm nhà bán,"+ Diện tích: 5m x 20m, 4 tầng, 5PN khép kín. + Khu toàn biệt thự, cạnh Aeon Mall Bình Tân, khu an ninh, yên tĩnh. + Pháp lý chuẩn, công chứng ngay. * Hữu Lộc: uy tín, tận tâm, chuyên nhà phố Quận 6, Bình Tân.",Hồ Chí Minh,Nhà,0,100.0,,,no_supported_price,[]
shard_0009.parquet,31501,Chính chủ gửi bán đất tại Ba Vì - View Hồ - Đồi thông - Sổ đỏ vuông đẹp - 250m2 chỉ nhô 3 tỷ,"Lô đất có view núi, hồ đẹp nhất nhì tại Ba Vì. Thế đất nền cao, nhìn trực diện ra hồ và đồi thông vô cùng thoáng mát. Xung quanh rất nhiều khu biệt thự và 20 khu nghỉ dưỡng. Không gian yên tĩnh vô cùng thích hợp với những người muốn rời nơi đô thị ồn ào bụi bặm hướng đến 1 cuộc sống xanh, hòa mình với thiên nhiên.",Hà Nội,Đất,3300000000,250.0,3000000000.0,0.1,mismatch,"[{""source"": ""title"", ""text"": ""3 tỷ"", ""parsed_value_vnd"": 3000000000.0, ""basis"": ""total"", ""total_equivalent_vnd"": 3000000000.0}]"
shard_0005.parquet,175530,"Bán nhà Vĩnh Phúc, Ba Đình, ngõ thông bagac tránh, dân xây, mặt tiền rộng, 32m*5T, tặng NT, ở ngay","CỰC HIẾM BA ĐÌNH - 2 MẶT NGÕ THÔNG - 30M RA OTO - MẶT TIỀN BỀ THẾ - DÂN XÂY TÂM HUYẾT - 32M - 5 TẦNG - GIÁ 8.9 TỶ. Vị trí vip, cạnh trường học, ngõ thông, khu dân trí cao, an ninh tốt, giao thông thuận lợi, an sinh đỉnh. Thiết kế 5 tầng T1 bếp + phòng Khách T2.3.4 Thông Sàn 1ngủ + wc T5 phòng thờ + sân phơi. Sổ đỏ vuông đẹp sẵn sàng giao dịch Liên hệ: em Huệ [phone_number] để xem nhà miễn phí.",Hà Nội,Nhà,8900000000,32.0,8900000000.0,0.0,matched_2pct,"[{""source"": ""description"", ""text"": ""8.9 TỶ. Vị trí vip, c"", ""parsed_value_vnd"": 8900000000.0, ""basis"": ""total"", ""total_equivalent_vnd"": 8900000000.0}]"
shard_0001.parquet,300648,"Bán nhanh đất Nguyên Khê cực hiếm, không xem là tiếc","Nguyên khê cực hiếm, không xem là tiếc. 95m2 mặt tiền 5.8m. Ô tô vào thoải mái gần chợ, trường học. Hạ tầng đồng bộ, dân cư đông đúc. Chỉ 9.3 tỷ cơ hội vàng!",Hà Nội,Đất,9300000000,95.0,9300000000.0,0.0,matched_2pct,"[{""source"": ""description"", ""text"": ""9.3 tỷ cơ hội vàng!"", ""parsed_value_vnd"": 9300000000.0, ""basis"": ""total"", ""total_equivalent_vnd"": 9300000000.0}]"
shard_0001.parquet,319876,Căn hộ Tara Residence - Tạ Quang Bửu - cần bán 57m2 1PN 1WC nhà trống - giá 2 tỷ 650 triệu - có sổ,Diện tích: 57m2. 1 phòng ngủ + 1WC. Tầng thấp. View thoáng. Có ban công. Giá bán: 2 tỷ 650 triệu. Có sổ hồng. Hiện trạng tốt.,Hồ Chí Minh,Căn hộ chung cư,2650000000,57.0,2650000000.0,0.0,matched_2pct,"[{""source"": ""title"", ""text"": ""2 tỷ 650 triệu - có"", ""parsed_value_vnd"": 2650000000.0, ""basis"": ""total"", ""total_equivalent_vnd"": 2650000000.0}, {""source"": ""description"", ""text"": ""2 tỷ 650 triệu. Có "", ""parsed_value_vnd"": 2650000000.0, ""basis"": ""total"", ""total_equivalent_vnd"": 2650000000.0}]"
shard_0003.parquet,240531,Bán nhà mặt phố an dương tây hồ vỉa hè kinh doanh oto tránh nhà đẹp full tiện ích,"An Dương dt 60 m 5 tầng mặt tiền 4 m giá 21.3 tỷ TÂY HỒ - MẶT PHỐ - KINH DOANH - NHÀ ĐẸP Vị trí đẹp, Mặt phố ô tô tránh, kinh doanh tốt. Nhà 5 tầng khung cột chắc chắn, chủ đã sửa sang sạch đẹp, ở kết hợp kinh doanh rất tốt. Tầng 1: Mặt bằng kinh doanh, khách, bếp, vệ sinh, cầu thang giữa. Tầng 2-4: Mỗi tầng 2 phòng, 1 vệ sinh. Tầng 5: Phòng thờ, sân phơi. Sổ vuông đẹp,",Hà Nội,Nhà,21300000000,60.0,21300000000.0,0.0,matched_2pct,"[{""source"": ""description"", ""text"": ""21.3 tỷ TÂY HỒ - MẶT P"", ""parsed_value_vnd"": 21300000000.0, ""basis"": ""total"", ""total_equivalent_vnd"": 21300000000.0}]"
shard_0008.parquet,154642,"Bán lô đất view đẹp, đường nhựa gần trung tâm Bảo Lộc, Lâm Đồng tiềm năng đầu tư du lịch nghỉ dưỡng","Bán đất mặt tiền đường view đẹp đường nhựa cách trung tâm TP. Bảo Lộc 6km. - Thế đất dương, bằng phẳng, view đẹp, khí hậu quanh năm mát mẻ, trên đất có trồng sẵn cây ăn trái như sầu riêng, bơ. - Diện tích: 195m2 Full thổ cư, mặt tiền đường nhựa thế dương đất bằng view đẹp, Homestay rất đẹp đang hoạt động tốt. - Được xác nhập vào phường Lộc Nga vào giữa năm 2024 tiềm năng tăng giá cao mà rất thích hợp cho anh chị có nhu cầu nghỉ dưỡng cũng như đầu tư. Liên Lệ để được hỗ trợ trực tiếp.",Lâm Đồng,Đất,0,195.0,,,no_supported_price,[]
shard_0000.parquet,10552,Cần bán nhà mặt phố giang biên long biên hà nội.,CẦN BÁN NHÀ MẶT PHỐ GIANG BIÊN LONG BIÊN HÀ NỘI. + Nhà 2 tầng cũ chủ xây kiên cố + Diện tích ; 102m2- MT 10m ( căn góc ) + Hướng tây + Đường trước nhà 12m vỉa hè đường thông tứ ngả + Hiện nhà đang cho thuê dòng tiền tháng + Tiện ích ; nhà nằm trên tuyến phố lớn - inh doanh sầm uất ngày và đêm - nhà lại gần trường các cấp - chợ - TTTM - AEON -Long biên - và khu vực dân trí cao- mất 10 phút lái xe sang trung tâm thành phố hà nội. + Liên hệ ; [phone_number]- Em thắng chuyên nhà đất long biên - dẫn đi xem nhà miễn phí 24/7.,Hà Nội,Nhà,33400000000,102.0,,,no_supported_price,[]
shard_0008.parquet,268058,Bán lô đất sau Hoa Đăng (cạnh đường 40m) - Lê Hồng Phong,"Chủ gửi bán lô đất sau hoa đăng - Lê Hồng Phong. Diện tích: 84m2. Hướng: Đông Bắc. Thửa đất mặt đường hạ lũng, ngay cạnh khu Cục thuế Hải An, di chuyển chưa đến 1p ra Lê Hồng Phong...",Hải Phòng,Đất,5630000000,84.0,,,no_supported_price,[]
shard_0006.parquet,306463,Bán đất khu bàn cờ Cam Hiệp Nam - đất ở trung tâm đô thị mới Vinhomes giá đầu tư 9 triệu,"Bán đất trong khu bàn cờ Cam Hiệp Nam, cách biển Bãi Dài 15 - 20 phút di chuyển. Ngay trung tâm đô thị mới Cam Lâm. - Đường 8m hiện trạng quy hoạch mở rộng 13m kết nối Lập Định Suối Môn, gần ngã tư giao với Đồng Bà Thìn Suối Cát. - Diện tích: 109m2 ngang hơn 5m vuông vức. - Đất bằng phẳng sạch đẹp. Ngay khu dân cư. Gần trường học các cấp hiện hữu. Thích hợp đầu tư đón đầu dự án đô thị mới Cam Lâm Vinhomes. Giá bán chỉ: Dưới 1 tỷ. Liên hệ: em Phúc làm việc và xem đất thực tế ạ.",Khánh Hòa,Đất,998000000,109.8,9000000.0,109.88888888888889,mismatch,"[{""source"": ""title"", ""text"": ""9 triệu"", ""parsed_value_vnd"": 9000000.0, ""basis"": ""total"", ""total_equivalent_vnd"": 9000000.0}, {""source"": ""description"", ""text"": ""1 tỷ. Liên hệ: em P"", ""parsed_value_vnd"": 1000000000.0, ""basis"": ""total"", ""total_equivalent_vnd"": 1000000000.0}]"
shard_0000.parquet,264031,"Chính chủ bán nhà phường Nam Đồng, DT 54m2 x 4tầng, nhỉnh 16tỷ, kinh doanh, sầm uất, ô tô tránh","Chính chủ bán nhà phường Nam Đồng, DT 54m2 x 4tầng, MT 4,2m, kinh doanh đa dạng. Gần trường cấp 1,2,3 Xã Đàn, gần ô chợ dừa, tôn đức thắng, xã đàn, tiện ích bạt ngàn, để ở hay đầu tư đều sinh lời cao. Giao thông thuận tiện, tiện ích bạt ngàn. Lh zalo chính chủ để đc xem nhà.",Hà Nội,Nhà,16000000000,54.0,16000000000.0,0.0,matched_2pct,"[{""source"": ""title"", ""text"": ""16tỷ, kinh doanh, s"", ""parsed_value_vnd"": 16000000000.0, ""basis"": ""total"", ""total_equivalent_vnd"": 16000000000.0}]"
shard_0003.parquet,289877,"Bán đất Cổ Đông, xã Hoà Lạc, làn 2 Quốc lộ 21, DT 100m2 full thổ cư đường ô tô tránh, nhỉnh 3 tỷ","Cần bán lô đất gần đại học Quốc gia, FPT và công nghệ cao, gần ngay ngã tư Lục quân Quốc Lộ 21. Vị trí đẹp, tiềm năng tăng giá cao. Diện tích 100m2 full thổ cư, đường 3 ô tô tránh. Địa chỉ: Xã Hoà Lạc, Hà Nội. Giá nhỉnh 3 tỷ. LH [phone_number]",Hà Nội,Đất,,100.0,3000000000.0,,missing_structured_price,"[{""source"": ""title"", ""text"": ""3 tỷ"", ""parsed_value_vnd"": 3000000000.0, ""basis"": ""total"", ""total_equivalent_vnd"": 3000000000.0}, {""source"": ""description"", ""text"": ""3 tỷ. LH [phone_num"", ""parsed_value_vnd"": 3000000000.0, ""basis"": ""total"", ""total_equivalent_vnd"": 3000000000.0}]"
shard_0008.parquet,243391,Bán nhà trệt lửng lầu KDC Nông Thổ Sản,"CHỦ GỬI BÁN NHÀ 1 TRỆT 1 LỬNG 1 LẦU ĐƯỜNG SỐ 2, KDC NÔNG THỔ SẢN - 3,5 TỶ - Diện tích đất: 4 x 21 = 84m2 - Diện tích sử dụng: 171m2 - Kết cấu: 1 trệt, 1 lửng, 1 lầu. 1 phòng khách, 1 bếp, 1 sân phơi, 3 phòng ngủ, 3 toilet - Pháp lý: sổ hồng, thổ cư, hoàn công - Hướng: Đông Nam mát mẻ - Lộ giới: 20m (5-10-5) - Vị trí: khu dân cư đông đúc, an ninh, xung quanh đầy đủ tiện ích Liên hệ: Tùng",Cần Thơ,Nhà,3500000000,84.0,3500000000.0,0.0,matched_2pct,"[{""source"": ""description"", ""text"": ""3,5 TỶ - Diện tích đấ"", ""parsed_value_vnd"": 3500000000.0, ""basis"": ""total"", ""total_equivalent_vnd"": 3500000000.0}]"
shard_0008.parquet,36157,"Bán nhà Đông Dư Gia Lâm lô góc 33m2 giá tốt, full nội thất, ở ngay","Bán nhà Đông Dư Gia Lâm lô góc 33m2 giá tốt, full nội thất, ở ngay. Bán nhà tại Đông Dư, Gia Lâm, Hà Nội. Diện tích 33m2 lô góc vuông vắn Nhà xây mới kiến trúc hiện đại Full nội thất cao cấp sẵn ở ngay 4 tầng đầy đủ công năng Phòng khách bếp rộng rãi 3 phòng ngủ thoáng sáng Có sân phơi tiện lợi Đường ô tô thông thuận tiện di chuyển Gần trường học. chợ, UBND xã Khu dân cư đông đúc an ninh đảm bảo Không gian sống thoải mái tiện ích đầy đủ Pháp lý rõ ràng sổ đỏ chính chủ Thủ tục sang tên nhanh chóng Giá bán 5 tỷ x có thương lượng Phù hợp gia đình trẻ an cư lâu dài Vị trí tiềm năng dễ thanh khoản Liên hệ ngay để xem nhà trực tiếp Thông tin liên hệ: Mr. Vỹ - [phone_number]",Hà Nội,Nhà,,33.0,5000000000.0,,missing_structured_price,"[{""source"": ""description"", ""text"": ""5 tỷ x có thương lư"", ""parsed_value_vnd"": 5000000000.0, ""basis"": ""total"", ""total_equivalent_vnd"": 5000000000.0}]"
shard_0006.parquet,331960,"Bán nhanh Biệt thự Làng Quốc Tế Thăng Long, 202m2 x 4 tầng, 129 tỷ, sổ đỏ, Mr T: 0982 sáu bốn 2377","BIỆT THỰ VÍP LÀNG QUỐC TẾ THĂNG LONG - 2 MẶT Ô TÔ - KINH DOANH - MẶT TIỀN LỚN - VỈA HÈ RỘNG - THANG MÁY NHẬP NHẬT - ĐIỀU HOÀ ÂM TRẦN - SÀN GỖ LIM NGUYÊN CHẤT Thiết kế: - Biệt thự VIP 4 tầng thang máy nhập khẩu của Nhật chạy êm ru , nội thất toàn gỗ quý, hai mặt ngõ trước sau thoáng sáng thiết kế đẹp hiện đại. Điều hòa âm trần, hệ thống điện thông minh. Kiến trúc 202m2 đất, sân vườn ao cá koi, nhà xây 4 tầng hiện đại, gỗ quý... xứng tầm Người thành công. + Vị trí nhà Phía trước mặt đường lớn, phía sau có ngõ ô tô. + Hiện nhà biệt thự 4 tầng mới, khách mua về ở ngay xứng tầm vị trí. Nội thất nhập ngoại, chăm chút tỉ từ cây hoa, viên gạch. + Khu vực cực hiếm nhà bán. Thông các phố Trần Đăng Ninh - Nguyễn Phong Sắc - Tô Hiệu - Chùa Hà. Sổ đỏ chính chủ, sẵn sàng giao dịch ngay. Giá sang tên chủ mới thành đạt 129 tỷ (thương lượng). Gọi ngay cho Tuấn nhà đẹp Zalo (0982 sáu bốn 2377) để mua được",Hà Nội,Biệt thự/Nhà liền kề,129000000000,202.0,129000000000.0,0.0,matched_2pct,"[{""source"": ""title"", ""text"": ""129 tỷ, sổ đỏ, Mr T: "", ""parsed_value_vnd"": 129000000000.0, ""basis"": ""total"", ""total_equivalent_vnd"": 129000000000.0}, {""source"": ""description"", ""text"": ""129 tỷ (thương lượng)"", ""parsed_value_vnd"": 129000000000.0, ""basis"": ""total"", ""total_equivalent_vnd"": 129000000000.0}]"
shard_0009.parquet,158234,"Bán nhà khu nhà lầu đẹp 413 Lê Văn Quới , gần 4 xã DT 4x15.5m, 4.5 tấm, hẻm 7m Giá 8.8 tỷ","Bán nhà khu nhà lầu đẹp Hương Lộ 2, gần 4 xã DT 4x15.5m, 4.5 tấm, hẻm 7m Giá 8.8 tỷ TL Diện tích: 4 x 15.5m Kết cấu: 1 trệt, lửng, 3 lầu, sân thượng Nhà xây kiên cố, công năng đầy đủ Hẻm trước nhà: 7m, xe hơi ra vào thoải mái Hướng: Bắc Ưu điểm: Hẻm rộng, khu dân cư hiện hữu, gần Hương Lộ 2 Mã Lò Lê Văn Quới, đi Tân Phú nhanh Pháp lý: Sổ hồng riêng, hoàn công đầy đủ Giá bán: 8.8 tỷ thương lượng A/c quan tâm liện hệ e Việt xem nhà thực tế Việt Phạm Cam kết thông tin chuẩn 100%. Tư vấn miễn phí. Nhận ký gửi , tìm nhà theo yêu cầu. Hỗ trợ đăng bộ sang tên miễn phí. Xem thêm sản phẩm tại đây: https://tanphuland.vn/user/183/ https://www.tiktok.com/@vietphambds?_r=1&_t=ZS-92Rz0OTYVQ0 Địa chỉ công ty: CN2 :229 Lê Văn Quới , p.Bình Trị Đông , Bình Tân",Hồ Chí Minh,Nhà,8800000000,62.0,8800000000.0,0.0,matched_2pct,"[{""source"": ""title"", ""text"": ""8.8 tỷ"", ""parsed_value_vnd"": 8800000000.0, ""basis"": ""total"", ""total_equivalent_vnd"": 8800000000.0}, {""source"": ""description"", ""text"": ""8.8 tỷ TL Diện tích: "", ""parsed_value_vnd"": 8800000000.0, ""basis"": ""total"", ""total_equivalent_vnd"": 8800000000.0}, {""source"": ""description"", ""text"": ""8.8 tỷ thương lượng A"", ""parsed_value_vnd"": 8800000000.0, ""basis"": ""total"", ""total_equivalent_vnd"": 8800000000.0}]"
shard_0009.parquet,16038,Chủ Gửi Bán Nhà Ngay Aeon Tân Phú - DT 4x15m 1 Trệt 2 Lầu - Hẻm Xe Hơi - Giá 6 Tỷ Tl,"Chính Chủ Gửi Bán Nhà Ngay Aeon Tân Phú DT 4,05x16m 1 Trệt 2 Lầu Hẻm 4m , Xe Ra vào Giá 6 Tỷ Tl Chính Chủ LH Em Để Xem Nhà Ngay",Hồ Chí Minh,Nhà,6000000000,60.0,6000000000.0,0.0,matched_2pct,"[{""source"": ""title"", ""text"": ""6 Tỷ Tl"", ""parsed_value_vnd"": 6000000000.0, ""basis"": ""total"", ""total_equivalent_vnd"": 6000000000.0}, {""source"": ""description"", ""text"": ""6 Tỷ Tl Chính Chủ L"", ""parsed_value_vnd"": 6000000000.0, ""basis"": ""total"", ""total_equivalent_vnd"": 6000000000.0}]"
shard_0004.parquet,241484,"Bán nhà mới đẹp đường Bùi Quang Là, phường 12, Gò Vấp, Full nội thất","- Diện tích: 3.7m x 13m (50m, công nhận đủ). - Kết cấu: 1 trệt, 1 lầu, gồm 3 phòng ngủ, 2WC, phòng khách, bếp rộng, ban công thoáng. - Nhà mới, xây kiên cố BTCT, nội thất cao cấp tặng full như hình. - Pháp lý: Sổ hồng riêng, hoàn công đủ, công chứng sang tên ngay - Vị trí: Gần chợ, siêu thị Emart, trường học, bệnh viện; khu dân trí cao, nhà cao tầng, thuận tiện di chuyển vào trung tâm. Giá bán: 5.29 tỷ (thương lượng chính chủ). Liên hệ: Trúc [phone_number]",Hồ Chí Minh,Nhà,5250000000,48.0,5290000000.0,0.007561436672967864,matched_2pct,"[{""source"": ""description"", ""text"": ""5.29 tỷ (thương lượng "", ""parsed_value_vnd"": 5290000000.0, ""basis"": ""total"", ""total_equivalent_vnd"": 5290000000.0}]"
shard_0009.parquet,132869,Chính chủ bán lô đất thổ cư sát bên đường 25C Vĩnh Thanh,"Vị trí: 2 / đường Hùng Vương và 1/ đường 25C, hẻm rộng, dân cư hiện hữu, an ninh, yên tĩnh. Diện tích: 220.8m2 (trong đó có 100m² thổ cư) phù hợp xây dựng nhà ở, đầu tư lâu dài. Giá bán: 2tỷ860 triệu (13tr/m2) giá tốt khu vực, sổ hồng riêng, pháp lý rõ ràng. Cách đường 25C đi sân bay Long Thành 500m, hẻm thông, dễ đi, xe ô tô vào tận nơi. Gần trường học, chợ, UBND, tiện ích đầy đủ. Khu dân cư hiện hữu, hàng xóm thân thiện. Liên hệ ngay: [phone_number] để xem đất trực tiếp và gặp chính chủ. Cơ hội tốt để an cư hoặc đầu tư đất khu vực Hùng Vương giá đang lên từng ngày!",Đồng Nai,Đất,2870000000,220.8,2860000000.0,0.0034965034965034965,matched_2pct,"[{""source"": ""description"", ""text"": ""2tỷ860 triệu (13tr"", ""parsed_value_vnd"": 2860000000.0, ""basis"": ""total"", ""total_equivalent_vnd"": 2860000000.0}, {""source"": ""description"", ""text"": ""13tr/m2) giá tốt kh"", ""parsed_value_vnd"": 13000000.0, ""basis"": ""per_m2"", ""total_equivalent_vnd"": 2870400000.0}]"
shard_0002.parquet,347891,"Bán lô góc xẻ khe mặt đường Bùi Viện siêu đẹp. Trước mặt TĐC Tam Kỳ giá 7,99 tỷ","593. Bán lô góc xẻ khe mặt đường Bùi Viện trước mặt khu TĐC Tam Kì - Ngay ngã tư không lỗi lầm - Đầu tư đường Vành Đai 2 hoàn thành sẽ cấm container khác gì đại lộ Võ Nguyên Giáp và Lê Hồng Phong đâu ạ. - Gần bến xe Vĩnh Niệm, cục thuế khu vực. Vinmec Vinhomes marina, Aeon Mall. - Lô xẻ khe hiếm thông sang TĐC Tam Kì. - Diện tích: 72m2 mặt tiền ~5m. - Hướng Nam siêu đẹp. Giá chào bán: 7,99 tỷ đồng. LH: Văn Cường (Phone, Zalo).",Hải Phòng,Đất,7990000000,72.0,7990000000.0,0.0,matched_2pct,"[{""source"": ""title"", ""text"": ""7,99 tỷ"", ""parsed_value_vnd"": 7990000000.0, ""basis"": ""total"", ""total_equivalent_vnd"": 7990000000.0}, {""source"": ""description"", ""text"": ""7,99 tỷ đồng. LH: Văn "", ""parsed_value_vnd"": 7990000000.0, ""basis"": ""total"", ""total_equivalent_vnd"": 7990000000.0}]"
shard_0008.parquet,172119,"Quận 3 4.Xtỷ TL bán nhà Cách Mạng Tháng Tám DT: 28m2 (4.02x8.3m) hẻm ba gác, hẻm cụt an","Quận 3 4. X tỷ TL. Bán nhà Cách Mạng Tháng Tám. DT: 28m2(4.02x8.3m). Hẻm ba gác, hẻm cụt an ninh, Nhà 1 trệt 2 lầu 2PN 3WC, phòng khách, bếp. Nhà chủ đang ở, còn ở tốt. Nhà đối diện nhà vừa xây mới 4 tấm. LH: [phone_number]",Hồ Chí Minh,Nhà,4200000000,28.0,,,no_supported_price,[]
shard_0006.parquet,18442,Bán đất tặng biệt thự - Biệt thự chuẩn nghỉ dưỡng homestay Hòa Lạc view hồ 1106m2,"Dành cho đại gia săn lùng - biệt thự chuẩn nghỉ dưỡng homestay Hòa Lạc view hồ 1106m² giá 23 tr x tiểu học. Biệt thự nghỉ dưỡng độc bản nằm ngay giữa trung tâm đô thị công nghệ Hòa Lạc, tầm nhìn hồ điều hòa thiết kế Kiểu Âu đẳng cấp nội thất hoàn thiện 5 sao. Vị trí: Đồng Vỡ, Phú Mãn, Quốc Oai, cách trung tâm Hà Nội 30 phút qua cao Tốc Láng Hòa Lạc. Nhà 2 tầng mới tinh thiết kế theo mô hình nghỉ dưỡng kết hợp kinh doanh homestay 5 phòng ngủ full nội thất cao cấp. Trước nhà là bể bơi, sân vườn có nhà để xe riêng không gian mở thoáng mát. Đường lớn xe tải vào tận nhà gần các trường đại học lớn như FPT, quần thể ĐH Quốc Gia, các bệnh viện lớn TW. Thiết kế bởi kiến trúc sư danh tiếng đạt nhiều giải thưởng quốc tế. Sổ đỏ chính chủ pháp lý sẵn sàng giao dịch. Liên hệ Em Tùng",Hà Nội,Biệt thự/Nhà liền kề,,1106.0,23000000.0,,missing_structured_price,"[{""source"": ""description"", ""text"": ""23 tr x tiểu học. Bi"", ""parsed_value_vnd"": 23000000.0, ""basis"": ""total"", ""total_equivalent_vnd"": 23000000.0}]"
shard_0003.parquet,220177,"Bán căn hộ chung cư tại The Fibonan Ecopark, 5,258 tỷ, 71,45m2, 2PN, 2WC","Nhanh tay sở hữu căn hộ chung cư tại The Fibonan Ecopark, Xã Xuân Quan, Văn Giang, Hưng Yên. Căn hộ có diện tích 71,45m2 với 2 phòng ngủ, 2 phòng tắm, hướng cửa chính Đông Bắc và ban công Tây Nam. Nội thất cơ bản đầy đủ với điều hòa, giường, tủ lạnh... Pháp lý đầy đủ, sổ đỏ/sổ hồng. Tiện ích xung quanh: Gần bệnh viện Kusumi - ĐH Y khoa Tokyo, công viên Mùa Hạ Ecopark, trường Đại học Anh Quốc Việt Nam. Để biết thêm thông tin và nhận tư vấn miễn phí, vui lòng liên hệ Nam Tô qua số điện thoại",Hưng Yên,Căn hộ chung cư,5258000000,71.45,5258000000000.0,0.999,mismatch,"[{""source"": ""title"", ""text"": ""5,258 tỷ, 71,45m2, 2PN,"", ""parsed_value_vnd"": 5258000000000.0, ""basis"": ""total"", ""total_equivalent_vnd"": 5258000000000.0}]"
shard_0005.parquet,207322,"Bán nhà HXH Tôn Thất Thuyết, phường 4 43,7m2x3,5x3 tầng giá chỉ 5,280 tỷ","Nhà xây tháng 3/2022, đúc BTCT cứng cáp, còn mới, dọn vào ở ngay, khu dân cư yên tĩnh, không quy hoạch, không lộ giới. Diện tích: 43,7m2 ngang 3,5m. Tầng trệt: Sân để xe, phòng khách, phòng bếp, phòng ăn. Tầng lửng: 1 phòng ngủ, 1 nhà vệ sinh. Tầng 1: 2 phòng ngủ, 1 nhà vệ sinh chung. Tầng 2: 1 phòng ngủ lớn, 1 nhà vệ sinh. Vị trí: Trục đường Tôn Thất Thuyết, hẻm thông tứ phía, hẻm xe hơi rộng rãi 5m, đầy đủ tiện nghi như trường học, đồn cảnh sát, bệnh viện, siêu thị tiện lợi nên cực kỳ yên tĩnh và văn minh, hàng xóm thân thiện. Pháp lý chuẩn, giao dịch nhanh. Giá chỉ 5,280 tỷ cho 1 căn nhà đẹp, không quy hoạch, hẻm xe hơi quận 4. Liên hệ ngay để xem nhà trực tiếp.",Hồ Chí Minh,Nhà,5280000000,43.7,5280000000000.0,0.999,mismatch,"[{""source"": ""title"", ""text"": ""5,280 tỷ"", ""parsed_value_vnd"": 5280000000000.0, ""basis"": ""total"", ""total_equivalent_vnd"": 5280000000000.0}, {""source"": ""description"", ""text"": ""5,280 tỷ cho 1 căn nhà "", ""parsed_value_vnd"": 5280000000000.0, ""basis"": ""total"", ""total_equivalent_vnd"": 5280000000000.0}]"
shard_0008.parquet,204066,Cần bán căn hộ P2 - 2310 studio view sông Hàn cầu Trần Thị Lý ĐÃ HOÀN THIỆN NỘI THẤT,"Căn hộ studio Sun Cosmo | View sông Hàn, dòng sông ánh Sáng. Vị trí: Trung tâm trực diện sông Hàn, Đà Nẵng. Loại căn: Studio. Tầng: 23 Diện tích: 40m2 Tình trạng: đã hoàn thiện nội thất Giá bán: LH [phone_number] - Phương Đức BĐS View: Sông Hàn thoáng, lộng lẫy, hiếm. Pháp lý: Sổ hồng lâu dài. Ưu điểm nổi bật. Thiết kế gọn gàng, tối ưu công năng. View sông Hàn không bị mất giá & tăng giá tốt. Studio dễ cho thuê, dễ bán lại. Thanh khoản cao, tỉ lệ lấp đầy cao. Mua ở vùng lõi trung tâm giá trị tăng bền vững. Tiện ích xung quanh. Cầu Rồng: ~10 phút. Biển Mỹ Khê: ~5 phút. Công viên APEC: ~5 phút. Sân bay Đà Nẵng: ~12 phút. Khu nhà hàng café Trần Hưng Đạo: 5 phút. Cơ hội hiếm sở hữu studio view sông Hàn với mức giá tốt nhất tại Sun Cosmo. Anh/chị quan tâm chi tiết giá, layout hoặc phương án khai thác cho thuê, liên hệ ngay [phone_number] Phương Đức QLDA dẫn đi xem thực tế.",Đà Nẵng,Căn hộ chung cư,0,40.0,,,no_supported_price,[]
shard_0007.parquet,323233,"Cuối năm hạ giá 100 triệu còn 4TỶ bán nhà 3 phòng ngủ -đường Lê Văn Sỹ P10 Phú Nhuận, sổ hồng riêng","Nằm gần ngã 4 Đặng Văn Ngữ. Nhà 1 trệt 2 lầu -(3 PN, 3 WC). Diện tích: 39,5m2 (3,9 x 10m). Giá: Thỏa thuận (TL). Khu dân cư an ninh, yên tĩnh. Tiện tích đầy đủ, nhà thờ trường học,.. LH: [phone_number]Thiện). Sổ hồng riêng, sang tên công chứng ngay. Ngân hàng hỗ trợ vay đến 60%.",Hồ Chí Minh,Nhà,0,39.5,,,multiple_text_prices,"[{""source"": ""title"", ""text"": ""100 triệu còn 4TỶ bán nh"", ""parsed_value_vnd"": 100000000.0, ""basis"": ""total"", ""total_equivalent_vnd"": 100000000.0}, {""source"": ""title"", ""text"": ""4TỶ bán nhà 3 phòn"", ""parsed_value_vnd"": 4000000000.0, ""basis"": ""total"", ""total_equivalent_vnd"": 4000000000.0}]"
shard_0001.parquet,107212,"Bán căn hộ toà Lilama DT 78m2 2 ngủ 2 WC tại 124 Minh Khai, Hai Bà Trưng, giá 5,55tỷ. LH [phone_number]","Căn hộ chung cư này tọa lạc tại vị trí đắc địa ở Minh Khai, Hai Bà Trưng, Hà Nội, với diện tích 78m2. Đây là cơ hội tuyệt vời cho những ai đang tìm kiếm không gian sống thoải mái và tiện nghi. + Diện tích rộng 78m2, thiết kế hợp lý, tối ưu hóa không gian sống. + Giá bán 5,55 tỷ, là một trong những mức giá hợp lý cho khu vực này. + Đầy đủ tiện nghi, sẵn sàng để ở ngay. Thiết kế gồm 2 ngủ 2 wc. Điểm nổi bật: Căn hộ được trang bị nhiều tiện ích hiện đại, giúp cư dân tận hưởng cuộc sống thoải mái và thuận tiện nhất. Khu vực xung quanh: Gần bệnh viện phổi Hà Nội, bệnh viện tai mũi họng trung ương, bệnh viện đa khoa quốc tế Vinmec Times City. Công viên Park Hill, công viên hồ Đền Lừ. Siêu thị Winmart Vincom Times City, Winmart, siêu thị T Mart Lĩnh Nam. Trường VTC Academy, trường mầm non Kinder Green. Liên hệ để biết thêm chi tiết qua số điện thoại [phone_number] và người liên hệ Nguyễn Văn Th",Hà Nội,Căn hộ chung cư,5550000000,78.0,5550000000.0,0.0,matched_2pct,"[{""source"": ""title"", ""text"": ""5,55tỷ. LH [phone_num"", ""parsed_value_vnd"": 5550000000.0, ""basis"": ""total"", ""total_equivalent_vnd"": 5550000000.0}, {""source"": ""description"", ""text"": ""5,55 tỷ, là một trong "", ""parsed_value_vnd"": 5550000000.0, ""basis"": ""total"", ""total_equivalent_vnd"": 5550000000.0}]"
shard_0007.parquet,80301,"Chính chủ gửi bán nhà 2 tầng 5 x 22m, mặt tiền đường Xuân Thới Sơn 31, gần UBX Xuân Thới Sơn","* Bán nhà mặt tiền đường Xuân Thới Sơn 31, đường nhựa trước nhà 8m thông... - Cách đường Nguyễn Thị Thử 200m, gần Trạm y tế, Ủ bán Xã, trường học cấp 1 - 2, Chợ chữ S, công viên du Lịch sinh Thái Hóc Môn. * Diện tích: 5 x 22m nhà xây dựng 2 tầng, có sân xe hơi, sân thượng, P. Khách, 3P. ngủ, nhà bếp, giếng trời, 3WC. - Sổ hồng riêng - giá bán: 5 tỷ 650 triệu có thương Lượng. - LH [phone_number] gặp Khánh.",Hồ Chí Minh,Nhà,5650000000,110.0,5650000000.0,0.0,matched_2pct,"[{""source"": ""description"", ""text"": ""5 tỷ 650 triệu có t"", ""parsed_value_vnd"": 5650000000.0, ""basis"": ""total"", ""total_equivalent_vnd"": 5650000000.0}]"
shard_0006.parquet,84985,"Bán đất tại đường Liên Xã, Xã Vĩnh Trung, Nha Trang, Khánh Hòa, 2,45 tỷ, 80m2","Đất nền tại Đường Liên Xã, Xã Vĩnh Trung, Nha Trang, Khánh Hòa đang được rao bán với giá hấp dẫn 2,45 tỷ. Diện tích 80m2, thích hợp cho xây dựng nhà ở hoặc đầu tư. - Pháp lý đầy đủ, sổ đỏ sẵn sàng. - Mặt tiền rộng 5.5m, thuận lợi cho kinh doanh. - Ngõ vào rộng 8m, dễ dàng di chuyển cho xe ô tô. - Hướng cửa chính Tây, phong thủy tốt. Đặc biệt, khu vực này có không gian sống thoáng đãng, gần gũi với thiên nhiên. Tiện ích xung quanh phát triển, tạo điều kiện thuận lợi cho cuộc sống hàng ngày. - Cách siêu thị Bách Hóa Xanh Phú Lộc Đông khoảng 2km. - Cách trường học và chợ trong vòng 2km. - Gần công viên giải trí, tạo không gian vui chơi cho gia đình. Liên hệ ngay để biết thêm thông tin chi tiết và đặt lịch xem đất: Hiếu.",Khánh Hòa,Đất,2450000000,80.0,2450000000.0,0.0,matched_2pct,"[{""source"": ""title"", ""text"": ""2,45 tỷ, 80m2"", ""parsed_value_vnd"": 2450000000.0, ""basis"": ""total"", ""total_equivalent_vnd"": 2450000000.0}, {""source"": ""description"", ""text"": ""2,45 tỷ. Diện tích 80m"", ""parsed_value_vnd"": 2450000000.0, ""basis"": ""total"", ""total_equivalent_vnd"": 2450000000.0}]"
shard_0000.parquet,131527,"Bán nhà phố Hạ Hồi, Hoàn Kiếm, DT 78m2 x 9 tầng thang máy, 14 CHDV khép kín full NT dòng tiền cao","Bán toà căn hộ dòng tiền phố Hạ Hồi, Hoàn Kiếm. - Nhà Vị trí đẹp, vài bước chân ra Quang Trung, Trần Quốc Toản, khu vực hiếm nhà bán, tập trunh nhiều công ty, văn phòng buôn bán kinh doanh sầm uất. - Nhà mới xây được vài năm, còn rất mới, thiết kế hiện đại tối ưu, tất cả các phòng đều có cửa sổ, ban công, giếng trời thoáng sáng. - DT 78m2 x 9 tầng tông 14 phòng khép kín full nội thất, nhà đã full khách thuê lâu dài. Khách mua về chỉ việc thu tiền. - Sổ vuông đẹp chính chủ sang tên ngay. Liên hệ: - Hương Mơ. Không tiếp môi giới, trung gian, xin cảm ơn.",Hà Nội,Nhà,29000000000,78.0,,,no_supported_price,[]
shard_0007.parquet,90681,Cần bán gấp lô đất 125m2 giá 850tr đường Lê Thị Vui Xã Phước Hiệp Củ Chi gần trường sổ hồng riêng,"Tôi cần bán lô đất thổ cư ngay mặt tiền đường nhựa, đường Lê Thị Vui xã Phước Hiệp Củ Chi. Ngay trung tâm khu dân cư đông, cách Trường học, chợ chỉ vài trăm mét. Diện tích 125m²(5x25m) thổ cư 124m, đường nhựa lộ giới 12m ô tô tới tận đất. Giá 850tr. Sổ hồng riêng chính chủ. Liên hệ tôi để đi xem đất trực tiếp.",Hồ Chí Minh,Đất,850000000,125.0,850000000.0,0.0,matched_2pct,"[{""source"": ""title"", ""text"": ""850tr đường Lê Thị V"", ""parsed_value_vnd"": 850000000.0, ""basis"": ""total"", ""total_equivalent_vnd"": 850000000.0}, {""source"": ""description"", ""text"": ""850tr. Sổ hồng riêng"", ""parsed_value_vnd"": 850000000.0, ""basis"": ""total"", ""total_equivalent_vnd"": 850000000.0}]"
shard_0004.parquet,322508,"Bán biệt thự 366m2 tại Trần Khánh Dư, Tân Định, Q1, TP.HCM, giá ưu đãi 165 tỷ","Biệt thự liền kề nằm ở vị trí đắc địa, thuận tiện cho cuộc sống hàng ngày. Diện tích rộng lớn 366m2, mang lại không gian sống thoải mái cho gia đình. Pháp lý đầy đủ, đảm bảo an tâm cho khách hàng. Thiết kế sang trọng, hiện đại, phù hợp với nhu cầu sống đẳng cấp. Phong thủy tốt, mang lại tài lộc cho gia chủ. Cách trường học chỉ 1km, thuận tiện cho con cái đi học. Cách chợ và siêu thị trong bán kính 2km, dễ dàng mua sắm hàng ngày. Gần công viên Lê Văn Tám, nơi lý tưởng để thư giãn và tập thể dục. Liên hệ ngay để được tư vấn chi tiết và xem nhà: Võ Văn Việt [phone_number] #90882",Hồ Chí Minh,Biệt thự/Nhà liền kề,165000000000,366.0,165000000000.0,0.0,matched_2pct,"[{""source"": ""title"", ""text"": ""165 tỷ"", ""parsed_value_vnd"": 165000000000.0, ""basis"": ""total"", ""total_equivalent_vnd"": 165000000000.0}]"
shard_0005.parquet,86824,"Bán lô đất 100m2 giá 570tr - thị trấn Củ Chi, MT đường Huỳnh Văn Cọ, sổ riêng, full thổ","101m2 vuông vứt (5x26m) cách cầu vượt Củ Chi 5p ngay thị Trấn Củ Chi, Dân cư hiện hữu lâu đời, có sổ sẳn, sổ hồng riêng. Có thể công chứng được liền, Đã kiểm tra không dính quy hoạch, pháp lý sạch sẽ. - Diện tích 5x26 - 101m2, full thổ. - Giá 570tr còn thương lượng nhẹ. - Sổ hồng riêng, bao sang tên công chứng được trong ngày. - Gần trường học, chợ, siêu thị, tiện ích nội khu... Nhắn em Nhi hỗ trợ em trực tiếp đất và gặp chủ thương lượng.",Hồ Chí Minh,Đất,570000000,101.0,570000000.0,0.0,matched_2pct,"[{""source"": ""title"", ""text"": ""570tr - thị trấn Củ "", ""parsed_value_vnd"": 570000000.0, ""basis"": ""total"", ""total_equivalent_vnd"": 570000000.0}, {""source"": ""description"", ""text"": ""570tr còn thương lượ"", ""parsed_value_vnd"": 570000000.0, ""basis"": ""total"", ""total_equivalent_vnd"": 570000000.0}]"
shard_0007.parquet,80532,"Bán nhà mặt tiền đường lê tự tài , p4 quận phú nhuận 6m x 12m giá 15,9 tỷ","BÁN NHÀ MẶT TIỀN ĐƯỜNG LÊ TỰ TÀI , P4 QUẬN PHÚ NHUẬN 6m x 12m giá 15,9 tỷ - Vị trí thông qua Đường Phan Xích Long, Thích Quản Đức - Kết cấu ; 1Trệt , 2Lầu , Sân Thượng - Công năng có 4phòng ngủ, 5wc - Dt ; 6m X 12m , sổ vuông vức , DTCN 72m² - VỊ TRÍ : Đắc địa ngay khu trung tâm Phú Nhuận gần chợBình Chiểu, trường học - Xe hơi vào nhà thoải mái Giá ; 15ty9 TL Liên hệ làm việc trực tiếp và xem nhà [phone_number][phone_number] Phúc.",Hồ Chí Minh,Nhà,15900000000,72.0,15900000000.0,0.0,matched_2pct,"[{""source"": ""title"", ""text"": ""15,9 tỷ"", ""parsed_value_vnd"": 15900000000.0, ""basis"": ""total"", ""total_equivalent_vnd"": 15900000000.0}, {""source"": ""description"", ""text"": ""15,9 tỷ - Vị trí thông"", ""parsed_value_vnd"": 15900000000.0, ""basis"": ""total"", ""total_equivalent_vnd"": 15900000000.0}, {""source"": ""description"", ""text"": ""15ty9 TL Liên hệ là"", ""parsed_value_vnd"": 15900000000.0, ""basis"": ""total"", ""total_equivalent_vnd"": 15900000000.0}]"
shard_0003.parquet,306366,"Cần bán lô đất góc 2 mặt thoáng, đường chính ô tô tải tránh tại Tuy Lai, Mỹ Đức","Cần bán lô đất góc 2 mặt thoáng tại Tuy Lai, Mỹ Đức, Hà Nội. - Diện tích: 60m2. - Thuộc lô đất 2 mặt thoáng. - Đường chính trước đất thông rộng ô tô tải tránh. - Bán kính 300m đầy đủ các tiện ích chợ trường, trạm. - Kết nối thuận tiện ra Tỉnh Lộ 419. - 500m là ra tới Hồ Sinh thái rộng 850ha. A/c liên hệ cho e để biết thêm thông tin, kết nối giao dịch minh bạch và chuyên nghiệp nhất ạ.",Hà Nội,Đất,1650000000,60.0,,,no_supported_price,[]
shard_0004.parquet,60443,Hot!Về Quê!CHỦ BÁN NHÀ 3 TẦNG ST - HUỲNH TẤN PHÁT- SÂN RỘNG- NGAY NAM LONG PHÚ THUẬN- VẠN PHÁT HƯNG,"Xây Dựng : Trệt, 2 Lầu / Sân Rộng , Sân Thượng Phía Trước , Giếng Trời Thoáng Mát Hẻm An Ninh, Gần MT/ HXH , kế bên Phú Mỹ Hưng , Vạn Phát Hưng, Hoàng Quốc Việt .",Hồ Chí Minh,Nhà,4300000000,45.0,,,no_supported_price,[]
shard_0006.parquet,31218,Bán Căn hộ Rivera Park Thành Thái.Q10.DT:88m2 căn góc Hướng Đông nam.Giá 6.9 tỷ TL,"BÁN CĂN GÓC RIVERA PARK THÀNH THÁI, QUẬN 10 VIEW ĐẸP, GIÁ TỐT Diện tích: 88m² Căn góc siêu thoáng 2 Phòng ngủ | 2 WC Thiết kế rộng rãi, đón nắng gió tự nhiên Hướng Đông Nam Mát mẻ quanh năm, phong thủy tốt Vị trí trung tâm Q.10 kết nối nhanh Q.1, Q.5, Q.3 Chung cư cao cấp, đầy đủ tiện ích: Hồ bơi, gym, sân chơi trẻ em, siêu thị... Giá bán: 6,9 tỷ Hỗ trợ vay ngân hàng VCB lãi suất ưu đãi Liên hệ ngay để xem nhà thực tế và thương lượng giá tốt! Liên hệ : Sơn",Hồ Chí Minh,Căn hộ chung cư,6900000000,88.0,6900000000.0,0.0,matched_2pct,"[{""source"": ""title"", ""text"": ""6.9 tỷ TL"", ""parsed_value_vnd"": 6900000000.0, ""basis"": ""total"", ""total_equivalent_vnd"": 6900000000.0}, {""source"": ""description"", ""text"": ""6,9 tỷ Hỗ trợ vay ngâ"", ""parsed_value_vnd"": 6900000000.0, ""basis"": ""total"", ""total_equivalent_vnd"": 6900000000.0}]"
shard_0006.parquet,340297,"Bán nhà đi mỹ 4 tầng, hẻm 6m, dt 4x16, nguyễn tư giản, p12,gò vấp, chỉ hơn 6 tỷ- còn tl","HẺM XE TẢI TRÁNH- 4 TẦNG BTCT- 63M2- VIP PHƯỜNG 12- CHỈ NHỈNH 6 TỶ. Nguyễn Tư Giản , phường 12 Gò Vấp DT 4X16M Vị trí rất đẹp, hẻm xe tải tránh trước nhà, gần mặt tiền. Khu vực an ninh, dân trí cao. Kết cấu 1 trệt 2 lầu sân thượng- 4 phòng 3 wc. Chính chủ ở 1 đời, khách mua về ở ngay, sổ đẹp, hoàn công đủ. LH [phone_number] Quỳnh để xem nhà và gặp chủ",Hồ Chí Minh,Nhà,,63.0,6000000000.0,,missing_structured_price,"[{""source"": ""title"", ""text"": ""6 tỷ- còn tl"", ""parsed_value_vnd"": 6000000000.0, ""basis"": ""total"", ""total_equivalent_vnd"": 6000000000.0}, {""source"": ""description"", ""text"": ""6 TỶ. Nguyễn Tư Giả"", ""parsed_value_vnd"": 6000000000.0, ""basis"": ""total"", ""total_equivalent_vnd"": 6000000000.0}]"
shard_0005.parquet,130587,"Chủ nhà cần tiền, bán gấp căn chung cư Nguyễn Ngọc Phương 68m2, 2PN 2WC","Chủ nhà cần tiền, bán gấp căn chung cư Nguyễn Ngọc Phương 68m2, 2PN 2WC. + Diện tích 68m2, căn hộ được thiết kế hợp lý, mang lại cảm giác rộng rãi và thoải mái. + Tầng trung yên tĩnh, riêng tư, view thoáng mát. + Chính chủ, SHR. + Đầy đủ tiện ích cho cư dân. + 2 phòng ngủ rộng rãi, phù hợp cho gia đình hoặc làm văn phòng. + 2 phòng vệ sinh hiện đại, tiện lợi cho sinh hoạt hàng ngày. + Phòng khách thoáng đãng, kết nối với bếp mở, tạo không gian sinh hoạt chung ấm cúng.",Hồ Chí Minh,Căn hộ chung cư,,68.0,,,no_supported_price,[]
shard_0000.parquet,289420,"Bán đất tặng nhà 2 tầng phố Xã Đàn DT 45 m2, mặt tiền siêu rộng 11.6 m, phù hợp xây CCMN, giá 11,2t","SIÊU HIẾM TT ĐỐNG ĐA - MẶT TIỀN ĐỈNH - CÁCH 10M RA 2 MẶT NGÕ THÔNG - Ô TÔ TRÁNH Vị trí nhà siêu đẹp, cách 10m ra 2 mặt ngõ thông Ô Tô tránh, cách 40m ra mặt phố Xã Đàn, Tiện ích bạt ngàn. Dân trí cao, cạnh Khu Tập Thể - KTQS. THIẾT KẾ: Nhà 2 tầng cũ về sơn sửa ở tạm hoặc đập đi xây toà CHDV thì hái ra tiền. - Tầng 1: Để xe + P. Khách + P. Ngủ + Bếp + Wc. - Tầng 2: 1 Phòng ngủ + Sân Phơi + Wc. Sổ đỏ chính chủ giao dịch ngay. Liên hệ xem nhà Mr Hùng [phone_number]",Hà Nội,Đất,11200000000,45.0,,,no_supported_price,[]
shard_0003.parquet,47349,"Miếng 2000m2 nóng hổi ở ven Đà Lạt, do đến thời hạn đáo hạn nên cần bán gấp có 508tr",Diện tích 2000m2. Xung quanh phủ xanh. View đồi. Làm homestay - farmstay. Săn mây. Cách sân bay 10P. Gần chợ.,Lâm Đồng,Đất,508000000,2000.0,508000000.0,0.0,matched_2pct,"[{""source"": ""title"", ""text"": ""508tr"", ""parsed_value_vnd"": 508000000.0, ""basis"": ""total"", ""total_equivalent_vnd"": 508000000.0}]"
shard_0008.parquet,310458,"Bán Nhà DT siêu to: 11x23m ( 299m2), HXH Phan Đăng Lưu, Nhà cấp 4 thích hợp xây mới, Giá 42 tỷ TL","*** Cam kết: Chỉ đăng thông tin thật - Nhà tốt - Đang còn bán - Pháp lý rỏ ràng - Làm việc Chính chủ - Không qua trung gian : *** Liên hệ làm việc chính chủ: gặp Toàn Lê Realtor ( Hoặc Add zalo để xem thêm nhà) THÔNG TIN CHI TIẾT: HXH 6M 20/21B phan đăng.Phường 6. Bình Thạnh - DT : 11 x 23m - CN gần: 299 m2 - Hiện trạng thực tế 330m2 - Đang cho thuê 55 triệu/tháng - Hướng : Nam - Giá 42 tỷ thương lượng *** Liên Hệ Xem Nhà, Tư Vấn Hoặc Làm Việc Trực Tiếp Chủ Nhà Qua Điện Thoại & Zalo : Toàn Lê Realtor",Hồ Chí Minh,Nhà,42000000000,299.0,42000000000.0,0.0,matched_2pct,"[{""source"": ""title"", ""text"": ""42 tỷ TL"", ""parsed_value_vnd"": 42000000000.0, ""basis"": ""total"", ""total_equivalent_vnd"": 42000000000.0}]"
shard_0000.parquet,74913,Bán căn hộ view sông Riverpark Premier lầu cao giá chỉ 14tỷ200,"Bán Căn Hộ Riverpark Premier 127m², 3PN, View Sông Trực Diện. Thông tin căn hộ: Diện tích: 127m2. Kết cấu: 3 phòng ngủ rộng rãi. View: Sông trực diện, không gian thoáng đãng, đón gió và ánh sáng tự nhiên. Tình trạng: Nhà mới, sạch đẹp, nội thất sang trọng. Pháp lý: Hợp đồng mua bán - công chứng sang tên nhanh. Giá bán tốt nhất khu chỉ: 14ty200. Cơ hội sở hữu căn hộ hiếm có tại khu vực đáng sống bậc nhất Phú Mỹ Hưng. Riverpark Premier không chỉ mang đến không gian sống đẳng cấp mà còn tích hợp đầy đủ tiện ích: Hồ bơi, gym, công viên, khu vui chơi trẻ em, an ninh 24/7. Liên hệ ngay để xem nhà và thương lượng giá tốt! Hotline/Zalo/ Viber: [phone_number] Thanh Xuân PMH. https://batdongsandaiphat.vn/ban-can-ho-riverpark-premier-ngay-canh-truong-ssis-phu-my-hung-gia-tot/",Hồ Chí Minh,Căn hộ chung cư,14200000000,127.0,14200000000.0,0.0,matched_2pct,"[{""source"": ""title"", ""text"": ""14tỷ200"", ""parsed_value_vnd"": 14200000000.0, ""basis"": ""total"", ""total_equivalent_vnd"": 14200000000.0}, {""source"": ""description"", ""text"": ""14ty200. Cơ hội sở "", ""parsed_value_vnd"": 14200000000.0, ""basis"": ""total"", ""total_equivalent_vnd"": 14200000000.0}]"
shard_0002.parquet,199456,3.4 tỷ/ Bán đất ngang 6mx25m Khu tái định cư Hố Lang nằm gần Liên Huyện ngã 6 An Phú. Xây tự do,"3.4 tỷ/ Hàng rẻ giá đầu tư Bán đất ngang 6m, gần đường Liên Huyện, p.Tân Bình, Tp.Dĩ An DT: 150,7m2 ( 6x25m ) thổ cư 100% Đường trước đất 12m, đường thông 2 đầu Gần đường Nguyễn Thị Tươi 500m Xây dựng tự do, làm kho xưởng ok, Biệt Thự, Nhà Vườn ok Gần khu di tích Hố Lang 600m Sổ hồng riêng Hỗ trợ ngân hàng 70% Giá: 3,4 tỷ TL quá rẻ Liên hệ: Ms Sa",Bình Dương,Đất,3400000000,150.0,3400000000.0,0.0,matched_2pct,"[{""source"": ""title"", ""text"": ""3.4 tỷ/ Bán đất ngang"", ""parsed_value_vnd"": 3400000000.0, ""basis"": ""total"", ""total_equivalent_vnd"": 3400000000.0}, {""source"": ""description"", ""text"": ""3.4 tỷ/ Hàng rẻ giá đ"", ""parsed_value_vnd"": 3400000000.0, ""basis"": ""total"", ""total_equivalent_vnd"": 3400000000.0}, {""source"": ""description"", ""text"": ""3,4 tỷ TL quá rẻ Liên"", ""parsed_value_vnd"": 3400000000.0, ""basis"": ""total"", ""total_equivalent_vnd"": 3400000000.0}]"
shard_0000.parquet,54680,"Bán nhà 3 tầng khu vực La Chợ, Mỹ Tiến, Mỹ Lộc, Nam Định","Bán nhà 3 tầng tại khu vực La Chợ, Mỹ Tiến, Mỹ Lộc, thành phố Nam Định. Diện tích: 220m2. Hướng: Tây tứ trạch. Thiết kế gồm phòng khách, bếp, 3 phòng ngủ (có phòng ngủ ở tầng 1), 2 nhà vệ sinh, phòng thờ, sân phơi riêng biệt và sân cổng rộng rãi. Giá bán: 1.680 tỷ đồng, có thương lượng. Liên hệ: [phone_number]. Văn phòng nhà đất Hưng Thịnh, số 7 Nguyễn Văn Cừ, thành phố Nam Định.",Nam Định,Nhà,1680000000,220.0,1680000000000.0,0.999,mismatch,"[{""source"": ""description"", ""text"": ""1.680 tỷ đồng, có thươn"", ""parsed_value_vnd"": 1680000000000.0, ""basis"": ""total"", ""total_equivalent_vnd"": 1680000000000.0}]"
shard_0006.parquet,337518,"Giá cắt lỗ sốc! Bán gấp căn góc liền kề Ocean Park 3, dt 522m2 sàn, cạnh hồ giá không tưởng 22 tỷ","Cơ hội vàng! Bán cắt lỗ căn góc liền kề Ocean Park 3, diện ticsh 148m2, tổng 522m2 sàn - Vị trí rất gần biển hồ giá rẻ không tưởng chỉ 22 tỷ thu nét - Gọi em ngay kẻo lỡ. Liên hệ ngay: - Vị trí cực đẹp ngay cạnh Vịnh biển và khu du lịch Mega Grand World. - Thiết kế cực đẹp, tổng 522m2, nhà cao cửa rộng, mặt tiền 25m siêu rộng. + Kiến trúc biệt lập với 3 mặt thoáng, đón trọn ánh sáng tự nhiên và không khí trong lành. + Chủ nhân thỏa sức sáng tạo không gian sống theo phong cách riêng, tạo dấu ấn cá nhân độc nhất. - Thừa hưởng trọn vẹn hệ sinh thái tiện ích All - In - One của đại đô thị Ocean City. - Chủ đầu tư Vinhomes uy tín, vận hành bài bản, chuyên nghiệp. - Tiềm năng tăng giá tại Ocean Park 3 rất lớn khi Vành đai 3,5 và Vành đai 4 dự kiến hoàn thành năm 2028. - Đất sổ đỏ lâu dài, ngân hàng hỗ trợ vay 70%. - Cơ hội mua nhà Vinhomes Ocean Park 3 giá rẻ cuối cùng trước xu hướng tăng giá m",Hưng Yên,Biệt thự/Nhà liền kề,22000000000,148.0,22000000000.0,0.0,matched_2pct,"[{""source"": ""title"", ""text"": ""22 tỷ"", ""parsed_value_vnd"": 22000000000.0, ""basis"": ""total"", ""total_equivalent_vnd"": 22000000000.0}, {""source"": ""description"", ""text"": ""22 tỷ thu nét - Gọi "", ""parsed_value_vnd"": 22000000000.0, ""basis"": ""total"", ""total_equivalent_vnd"": 22000000000.0}]"
shard_0009.parquet,68340,E bán nhanh căn hộ Hưng Ngân Q12. 1PN chỉ 2.050tỷ 56 m2 sổ hồng riêng,"E bán căn hộ Hưng Ngân Q12. 1 PN 1 WC 56m2 chỉ 2,050tỷ. Sổ hồng đầy đủ. Vay bank thoải mái. LH",Hồ Chí Minh,Căn hộ chung cư,2050000000,56.0,2050000000000.0,0.999,mismatch,"[{""source"": ""title"", ""text"": ""2.050tỷ 56 m2 sổ hồng "", ""parsed_value_vnd"": 2050000000000.0, ""basis"": ""total"", ""total_equivalent_vnd"": 2050000000000.0}, {""source"": ""description"", ""text"": ""2,050tỷ. Sổ hồng đầy đ"", ""parsed_value_vnd"": 2050000000000.0, ""basis"": ""total"", ""total_equivalent_vnd"": 2050000000000.0}]"
shard_0002.parquet,109893,BÁN ĐẤT TẶNG NHÀ - DƯƠNG QUẢNG HÀM P5 GV - HẺM XE HƠI - 4.5 x 20 - 86m2 - SÁT HẺM XE TẢI,"BÁN ĐẤT TẶNG NHÀ - DƯƠNG QUẢNG HÀM P5 GV - HẺM XE HƠI - 4.5 x 20 - 86m2 - CHỈ 8 TỶ 2 - Diện tích: 4.5 x 20 cn 75m2, sd 86m2, sổ vuông vức - Hẻm xe hơi tới nhà, cách 200m ra đường xe tải - Hiện trạng nhà 2 tầng gồm 2 PN có thể cải tạo thêm. Chủ xác định bán đất tặng nhà - Phù hợp khách mua xây ở, mua giữ tiền, xây căn hộ dịch vụ .",Hồ Chí Minh,Nhà,8200000000,86.0,8000000000.0,0.025,mismatch,"[{""source"": ""description"", ""text"": ""8 TỶ 2 - Diện tích:"", ""parsed_value_vnd"": 8000000000.0, ""basis"": ""total"", ""total_equivalent_vnd"": 8000000000.0}]"
shard_0000.parquet,297196,"Bán nhà riêng tại Bông Sao, 7,5 tỷ, 90 m2, 4PN + 3WC + 4 tầng - 3.9*23m","Nhà riêng 4 tầng nằm tại đường Bông Sao, Phường 5, Quận 8, Hồ Chí Minh, có diện tích 90 m2 - 3.9*23m. - Điểm đặc sắc: 4PN + 3WC + bếp, nội thất cơ bản đầy đủ như điều hòa, tủ lạnh, giường. Pháp lý đầy đủ, phù hợp với phong thủy tốt, tạo không gian sống thoải mái và an lành. - DT 3.9*23m. - Địa điểm xung quanh: + Bệnh viện Quận 8. + Công viên Tạ Quang Bửu. + Trường mầm non Hoa Mai Quận 5. + Siêu thị Bách Hóa Xanh 823 Tạ Quang Bửu. Liên hệ để được tư vấn miễn phí qua số hoặc gặp Trang Quốc Thái.",Hồ Chí Minh,Nhà,7500000000,90.0,7500000000.0,0.0,matched_2pct,"[{""source"": ""title"", ""text"": ""7,5 tỷ, 90 m2, 4PN + "", ""parsed_value_vnd"": 7500000000.0, ""basis"": ""total"", ""total_equivalent_vnd"": 7500000000.0}]"
shard_0005.parquet,216135,"[Siêu hiếm] Bán Nhà Kim Ngưu, Lô góc, thang máy, ô tô đỗ cửa, kinh doanh đỉnh, chỉ 15,5tỷ","Bán nhà riêng Phố Yên Lạc, Kim Ngưu, Quận Hai Bà Trưng. Nhà sẵn 5tầng, thang máy, công năng đầy đủ về chỉ việc ở luôn, vừa ở vừa kinh doanh, ô tô Morning Đỗ cửa. Căn nhà này Cô Hà mới xây dựng cuối năm 2022, gia đình cô ở đây cả nhà, giờ con cháu đông lên cô chú quyết định chuyển đổi lên chung cư 93 Lò Đúc ở một sàn cho rộng rãi gần chị em trong họ hàng. Vị trí nhà trung tâm, gần các trường ĐH lớn như Bách Khoa, Kinh Tế, Xây Dựng. Hàng xóm dân trí cao, an ninh tốt, ngõ trước cửa nhà như ảnh rộng rãi, nhà cũng thuộc đoạn đẹp nhất phố, thời điểm xây, cô chú chính mình bỏ công việc ở nhà giám sát thợ thuyền, làm việc cực kỳ chỉnh chu, từng đường nét phào chỉ, tới giờ vẫn nét căng như mới. Nhà cách Hồ Hoàn Kiếm chỉ ước chừng 1 km, cách siêu thị Đức Thành 600m,... Chợ, bệnh viện Thanh Nhàn,... Chỉ chừng 5 phút đi xe. Sổ đỏ chính chủ, vuông đẹp, nở hậu. Chi tiết xin liên hệ Mr. Tuấn",Hà Nội,Nhà,15500000000,55.0,15500000000.0,0.0,matched_2pct,"[{""source"": ""title"", ""text"": ""15,5tỷ"", ""parsed_value_vnd"": 15500000000.0, ""basis"": ""total"", ""total_equivalent_vnd"": 15500000000.0}]"
shard_0008.parquet,33240,Chủ đi nước ngoài cần bán gấp lô đất 150m2 SHR nằm ngay trục DL8 Thới Hoà nằm sát chợ Mỹ Phước 3,"Nằm ngay DL8 Thới Hoà Bến Cát cách chợ Mỹ Phước 3 chỉ 200m ra Quốc Lộ 13 chỉ 2p đi xe. Diện tích 150m2 (5x30) thổ cư 100% xây dựng tự do đường 8m có vỉa hè 2 bên thông thoáng. Giấy tờ rõ ràng, sổ sẵn, sang tên công chứng liền trong ngày, ngân hàng hỗ trợ 70% giá trị. LH: Khánh Hoà giáp chủ, Chuyên nhận ký gửi nhà đất khu vực Bình Dương.",Bình Dương,Đất,1150000000,150.0,,,no_supported_price,[]
shard_0007.parquet,69409,"Chủ mong muốn bán nhanh căn góc đường 10,5m, nhà tâm huyết của chủ với DT 110m2","Chủ mong muốn bán nhanh lô góc đường Phan Đăng Lưu 10,5m Hải Châu. Chỉ cần 23,5 tỷ có ngày lô đất góc 110m2. Mô tả: DT: 110m2 góc ngã 4 đường 10,5m và 5,5m, mặt tiền đường Phan Đăng Lưu kinh doanh đỉnh. Hiện trạng đang có dòng tiền 50 triệu. Vị trí lô đất nằm đoạn đẹp nhất của đường, KD đỉnh.. 10,5m, dân trí ở đây quá ok, an ninh cực kỳ tốt. Sát các trường học Lê Thanh nghị, sát đường núi thành. Chỉ cần mua có ngay dòng tiền hàng tháng. Căn góc độc nhất vô nhị đường 10,5,m kinh doanh đỉnh không có lô thứ 2. Yêu thương giá 23.5 tỷ. LH: [phone_number] Em Chiến.",Đà Nẵng,Nhà,23500000000,110.0,23500000000.0,0.0,matched_2pct,"[{""source"": ""description"", ""text"": ""23.5 tỷ. LH: [phone_nu"", ""parsed_value_vnd"": 23500000000.0, ""basis"": ""total"", ""total_equivalent_vnd"": 23500000000.0}]"
shard_0000.parquet,335273,"Bán đất hẻm 1 sẹc hẻm xe hơi 5m ngay Liên Khu 4-5, Bình Tân giá chỉ 14tỷ","Bán đất hẻm 1 sẹc hẻm xe hơi 5m ngay Liên Khu 4-5, Bình Tân giá chỉ 14 tỷ. Vị trí: Hẻm 1 sẹc, đường xe hơi 6m, hẻm thông, ngay trường tiểu học Kim Đồng, đường Liên Khu 4 - 5, Q. Bình Tân. Giá bán: 14 tỷ (bớt lộc cho khách thiện chí). Thông tin chi tiết: - Diện tích: 250m2, đất thổ cư 100%. - Xây dựng tự do, không quy hoạch, không lỗi phong thủy. - Hẻm rộng 5m, xe hơi ra vào thoải mái Hẻm thông, tiện kết nối các tuyến đường lớn. - Pháp lý chuẩn: Sổ hồng riêng, công chứng ngay. - Hỗ trợ tài chính lên đến 70%, hỗ trợ hồ sơ pháp lý đầy đủ. Lợi thế đầu tư: Đất vuông vức, vị trí đắc địa trong khu dân cư hiện hữu. Phù hợp xây nhà ở, cho thuê, đầu tư lâu dài hoặc xây căn hộ dịch vụ mini. Hiếm có lô đất rộng nở hậu đẹp tại Bình Tân, giá cực kỳ hợp lý. * Giá chỉ: 14 Tỷ còn bớt lộc. Liên hệ ngay để xem đất & thương lượng chính chủ: gặp Trâm để được tư vấn nhanh & hỗ trợ tận tâm!",Hồ Chí Minh,Đất,14000000000,250.0,14000000000.0,0.0,matched_2pct,"[{""source"": ""title"", ""text"": ""14tỷ"", ""parsed_value_vnd"": 14000000000.0, ""basis"": ""total"", ""total_equivalent_vnd"": 14000000000.0}, {""source"": ""description"", ""text"": ""14 tỷ. Vị trí: Hẻm 1"", ""parsed_value_vnd"": 14000000000.0, ""basis"": ""total"", ""total_equivalent_vnd"": 14000000000.0}, {""source"": ""description"", ""text"": ""14 tỷ (bớt lộc cho k"", ""parsed_value_vnd"": 14000000000.0, ""basis"": ""total"", ""total_equivalent_vnd"": 14000000000.0}, {""source"": ""description"", ""text"": ""14 Tỷ còn bớt lộc. L"", ""parsed_value_vnd"": 14000000000.0, ""basis"": ""total"", ""total_equivalent_vnd"": 14000000000.0}]"
shard_0006.parquet,263745,"Bán căn hộ 2PN, 82m2 tại Mandarin Garden 2, 8,65 tỷ, Hoàng Mai, Hà Nội! Căn hộ tầng trung đẹp","Nhanh tay sở hữu căn hộ chung cư tại Mandarin Garden 2, Tân Mai, Hoàng Mai, Hà Nội. Căn hộ 2 phòng ngủ, 2WC, diện tích 82m2, giá 8,65 tỷ VND. Nội thất đầy đủ với + điều hòa + giường + tủ lạnh + bếp âm + tủ quần áo. Căn hộ có phong thủy tốt, mang lại không gian sống thoải mái và tiện nghi. Pháp lý đầy đủ, tạo sự yên tâm cho khách hàng. Gần nhiều tiện ích như cách trường mầm non Vườn Xanh Nam Đô, cách siêu thị Đức Thành, cách công viên Hồ Đền Lừ khoảng 2km. Liên hệ để biết thêm thông tin chi tiết qua số điện thoại [phone_number] và tên Phương.",Hà Nội,Căn hộ chung cư,8650000000,82.0,8650000000.0,0.0,matched_2pct,"[{""source"": ""title"", ""text"": ""8,65 tỷ, Hoàng Mai, Hà"", ""parsed_value_vnd"": 8650000000.0, ""basis"": ""total"", ""total_equivalent_vnd"": 8650000000.0}, {""source"": ""description"", ""text"": ""8,65 tỷ VND. Nội thất "", ""parsed_value_vnd"": 8650000000.0, ""basis"": ""total"", ""total_equivalent_vnd"": 8650000000.0}]"
shard_0009.parquet,245747,"Chính chủ cần bán nhanh căn hộ Graden Plaza DT 150m2, 3PN, 2WC, Giá 18ty view kênh đào [phone_number]","Chính chủ cần bán nhanh căn hộ Graden Plaza - Phú Mỹ Hưng DT 150m², 3PN, 2WC, Giá 18ty giá tốt nhất thị trường. Tiện ích gồm hồ bơi, khu vui chơi trẻ em, căn hộ nằm ngay trung tâm Quận Phú Mỹ Hưng, gần trường Đinh Thiện Lý. Khu vực an ninh, cao cấp, gần các quán ăn cửa hàng tiện lợi. Vui lòng LH [phone_number]",Hồ Chí Minh,Căn hộ chung cư,18000000000,150.0,18000000000.0,0.0,matched_2pct,"[{""source"": ""title"", ""text"": ""18ty view kênh đào "", ""parsed_value_vnd"": 18000000000.0, ""basis"": ""total"", ""total_equivalent_vnd"": 18000000000.0}, {""source"": ""description"", ""text"": ""18ty giá tốt nhất t"", ""parsed_value_vnd"": 18000000000.0, ""basis"": ""total"", ""total_equivalent_vnd"": 18000000000.0}]"
shard_0000.parquet,38464,"Bán nhà Đường Ngô Gia Tự, ngõ rộng 6m, ngõ thông, ô tô ra vào thoải mái. DT 60m2 4 tầng","Chủ nhà làm ăn phát đạt, cần bán gấp căn nhà để chuyển lên nhà mặt đường! Vị trí: Đường Ngô Gia Tự, ngõ rộng 6m, ngõ thông, ô tô ra vào thoải mái Nhà lô góc cực thoáng Dt 60m2 ngang 4m Hướng nhà: Hướng Đông, đón ánh sáng tự nhiên, phong thủy tốt Diện tích xây dựng: 240m, Nhà 4 tầng độc lập, thiết kế hiện đại, công năng tối ưu Có garage ô tô Phòng khách, phòng thờ, 4 phòng ngủ đầy đủ, rộng rãi Pháp lý: Bìa đỏ chính chủ Giá chào bán: 4,7 tỷ (có thương lượng) Liên hệ [phone_number]",Hải Phòng,Nhà,4700000000,60.0,4700000000.0,0.0,matched_2pct,"[{""source"": ""description"", ""text"": ""4,7 tỷ (có thương lượ"", ""parsed_value_vnd"": 4700000000.0, ""basis"": ""total"", ""total_equivalent_vnd"": 4700000000.0}]"
shard_0008.parquet,168811,"Tống Diễn [phone_number]. Bán biệt thự đơn lập góc sát biển hồ và hồ nước ngọt, 288m2, 70 tỷ","Bán biệt thự đơn lập góc sát biển hồ & hồ nước ngọt. Lợi thế nổi bật. - Vị trí cực hiếm: Gần biển hồ và hồ nước ngọt không khí mát, cảnh quan đẹp, giá trị sống và giá trị tài sản đều cao. - Căn góc hai mặt thoáng, không gian riêng tư, ánh sáng tự nhiên tốt. - Phù hợp khách mua ở đẳng cấp hoặc giữ tài sản dài hạn. Thông tin chi tiết: - Loại hình: Biệt thự đơn lập góc. - Diện tích đất: 288 m². - Diện tích sàn: 417.9 m². - Giá bán: 70 tỷ. Anh chị có nhu cầu tư vấn, tham khảo và xem nhà, vui lòng liên hệ: Tống Diễn [phone_number] Thông tin chuẩn xem nhà nhanh làm việc trực tiếp chính chủ.",Hà Nội,Biệt thự/Nhà liền kề,70000000000,288.0,70000000000.0,0.0,matched_2pct,"[{""source"": ""title"", ""text"": ""70 tỷ"", ""parsed_value_vnd"": 70000000000.0, ""basis"": ""total"", ""total_equivalent_vnd"": 70000000000.0}, {""source"": ""description"", ""text"": ""70 tỷ. Anh chị có nh"", ""parsed_value_vnd"": 70000000000.0, ""basis"": ""total"", ""total_equivalent_vnd"": 70000000000.0}]"
shard_0002.parquet,293264,BÁN TOÀ NHÀ CHDV MỸ ĐÌNH 120M2 x 9 TẦNG 16 CĂN FULL ĐỒ + MB KD DÒNG TIỀN KHỦNG CHỈ 44.8 TỶ,"BÁN TOÀ NHÀ CHDV MỸ ĐÌNH 120M2 x 9 TẦNG 16 CĂN FULL ĐỒ + MB KD DÒNG TIỀN KHỦNG CHỈ 44.8 TỶ Vị trí: Ngõ lớn Phú Mỹ, Mỹ Đình, Nam Từ Liêm, Hà Nội Giá bán: 44.8 tỷ (thương lượng) Diện tích: 120m (mặt tiền 12m) Kết cấu: 8 tầng nổi + 1 tầng hầm Thang máy Thiết kế 2 căn hộ/tầng Số phòng: 16 căn hộ (2PN + 1PK) full nội thất + 1 mặt bằng kinh doanh siêu vip Ngõ lớn ô tô tránh, giao thông thông thoáng --- ƯU ĐIỂM NỔI BẬT: Nhà mới xây, thiết kế hiện đại, mặt tiền rộng 12m, cực kỳ thoáng và nổi bật 16 căn hộ full nội thất (Điều hoà, nóng lạnh, bếp, tủ...) khách mua chỉ việc khai thác cho thuê ngay 1 mặt bằng kinh doanh riêng biệt, vị trí đắc địa thu hút khách thuê kinh doanh, spa, văn phòng... Dòng tiền cực kỳ ổn định, tỷ lệ lấp đầy cao do khu vực tập trung nhiều văn phòng, sinh viên, người đi làm Thang máy, tầng hầm, hệ thống PCCC đầy đủ, đảm bảo tiêu chuẩn vận hành nhà ở - căn hộ dịch vụ Pháp lý ",Hà Nội,Nhà,44800000000,120.0,44800000000.0,0.0,matched_2pct,"[{""source"": ""description"", ""text"": ""44.8 tỷ (thương lượng)"", ""parsed_value_vnd"": 44800000000.0, ""basis"": ""total"", ""total_equivalent_vnd"": 44800000000.0}, {""source"": ""description"", ""text"": ""44.8 tỷ (có thương lượ"", ""parsed_value_vnd"": 44800000000.0, ""basis"": ""total"", ""total_equivalent_vnd"": 44800000000.0}]"
shard_0008.parquet,21578,"Bán đất 2 mặt tiền Trịnh Hoài Đức, phường 11 Đà Lạt, 300m2 giá ưu đãi.","Đất nền có vị trí thuận lợi tại Đường Trịnh Hoài Đức, Phường 11, Đà Lạt, Lâm Đồng, với diện tích 300m2, giá 15 tỷ VND. - Pháp lý đầy đủ, sổ đỏ, sổ hồng. - Mặt tiền rộng 12m phù hợp cho nhiều mục đích sử dụng. - Đường vào rộng 8m thuận tiện cho xe hơi đi lại. Với môi trường sống yên tĩnh, không khí trong lành, đất tại đây là lựa chọn lý tưởng cho việc xây dựng nhà ở hoặc đầu tư lâu dài. Liên hệ ngay để biết thêm chi tiết và xem đất: Nguyễn Viết Kiền [phone_number]",Lâm Đồng,Đất,15000000000,300.0,15000000000.0,0.0,matched_2pct,"[{""source"": ""description"", ""text"": ""15 tỷ VND. - Pháp lý"", ""parsed_value_vnd"": 15000000000.0, ""basis"": ""total"", ""total_equivalent_vnd"": 15000000000.0}]"
shard_0002.parquet,178540,"Căn 3PN mặt tiền Trương Văn Bang, giá bán nhanh 6.4 tỷ chưa bao gồm VAT. Gọi em [phone_number]","Căn 3PN mặt tiền Trương Văn Bang, giá bán nhanh 6.4 tỷ chưa bao gồm VAT ( vẫn đang là căn tốt nhất ) - Tầng trug đẹp. - Có thông báo chuẩn bị ký HDMB vào tháng 8/2025 - Thiết kế căn 3PN 2WC . Diện tích sử dụng 80m2 - CĐT bàn giao thô với độ cao trần 3m. Nội thất cơ bản - Gọi em Anna Oanh : [phone_number] nhận báo giá chi tiết nhé ( zalo, viber ) hỗ trợ Anh Chị 24/7",Hồ Chí Minh,Căn hộ chung cư,6400000000,82.0,6400000000.0,0.0,matched_2pct,"[{""source"": ""title"", ""text"": ""6.4 tỷ chưa bao gồm V"", ""parsed_value_vnd"": 6400000000.0, ""basis"": ""total"", ""total_equivalent_vnd"": 6400000000.0}, {""source"": ""description"", ""text"": ""6.4 tỷ chưa bao gồm V"", ""parsed_value_vnd"": 6400000000.0, ""basis"": ""total"", ""total_equivalent_vnd"": 6400000000.0}]"
shard_0006.parquet,300450,"Bán nhanh căn 3PN sẵn sổ giá tốt nhất tòa C Masteri Đông Nam, view công viên 36ha & sông ĐN","HÀNG HIẾM TRỤC ĐẸP 3PN MASTERI CENTRE POINT TOÀ C - View trực diện công viên 36ha & sông Đồng Nai không bị chắn - Căn trục hiếm, view cực xịn số lượng gần như không còn trên thị trường - Diện tích: 95,16m² bố trí rộng rãi, tối ưu công năng - Hướng: Đông Nam phong thủy tốt, mát mẻ quanh năm - Tình trạng: Bàn giao nội thất CĐT, nhà mới, sẵn thẻ pass xem nhà - Pháp lý: Đã có sổ hồng riêng - Giá bán: 9 tỷ all-in mức giá tốt nhất cho căn cùng tầm view Vị trí vàng Masteri Centre Point - Chỉ vài phút di chuyển đến Vincom Mega Mall, Quảng trường trung tâm - Kết nối nhanh công viên 36ha, trường học, tiện ích cao cấp nội khu - Khu dân cư hiện hữu, an ninh, đẳng cấp Ưu điểm nổi bật: -Trục căn hiếm đẹp giữ giá tốt -View công viên & sông mở rộng, thoáng, không bị chắn -Phù hợp ở thực lâu dài hoặc đầu tư giữ tài sản Hàng đẹp hàng hiếm view đỉnh, khách tìm 3PN view công viên không nên bỏ lỡ. Liên hệ Nh",Hồ Chí Minh,Căn hộ chung cư,9140000000,95.16,9000000000.0,0.015555555555555555,matched_2pct,"[{""source"": ""description"", ""text"": ""9 tỷ all-in mức giá"", ""parsed_value_vnd"": 9000000000.0, ""basis"": ""total"", ""total_equivalent_vnd"": 9000000000.0}]"
shard_0008.parquet,225144,"Cần bán gấp nhà (SHR) 1 xẹc TL37, 3PN, đường 4,5m","Em Long còn căn nhà vị trí đẹp ngay TL37, P. Thạnh Lộc, quận 12. * Liên hệ em Long xem nhà: [phone_number] * Diện tích: 4x12m. Có 38m2 thổ cư. * Thiết kế: Trệt 1 lầu, 3PN, 3WC, phòng bếp, phòng khách, sân để xe cực kỳ rộng rãi. * Đường rộng 4,5m. * Vị trí: Ngay 1 / ngắn TL37, sát bên cao đẳng Điện Lực, uỷ ban Thạnh Lộc. Rất thuận tiện di chuyển về Gò Vấp theo đường Hà Huy Giáp chỉ mất 10P. * Tiện ích gần trường học các cấp, siêu thị, chợ trong bán kính 200m. * Khu dân cư khép kín rất an ninh và sạch sẽ. Gọi hoặc liên hệ em Long: [phone_number]",Hồ Chí Minh,Nhà,4280000000,48.0,,,no_supported_price,[]
shard_0005.parquet,28085,"Chính chủ cần bán đất tại Thư Trung 2, Hải An gần dự án 833, 193 Văn Cao","Chính chủ cần bán đất thổ cư tại Thư Trung 2, Phường Đằng Lâm, Hải An, Hải Phòng, diện tích 284 m2. + Diện tích rộng 284 m2, phù hợp cho xây dựng nhà ở hoặc đầu tư. + Mặt tiền rộng 22m, thuận lợi cho việc kinh doanh hoặc xây dựng biệt thự. + Đường vào rộng 3m, dễ dàng di chuyển xe cộ. + Pháp lý đầy đủ, sổ đỏ sẵn có. + Đi vào thuận tiện theo 193 Văn Cao và Ngô Gia Tự. Liên hệ ngay chính chủ qua số để biết thêm chi tiết.",Hải Phòng,Đất,15620000000,284.0,,,no_supported_price,[]
shard_0003.parquet,194884,"Bán đất 80m2 Ngọc Chi, Vĩnh Ngọc trục chính kinh doanh đỉnh","Bán đất 80m2 Ngọc Chi, Vĩnh Ngọc trục chính kinh doanh đỉnh. Vị trí vàng ngay mặt trục chính Ngọc Chi, tuyến đường kinh doanh sầm uất nhất Vĩnh Ngọc. Diện tích: 80m2 vuông vắn. Vỉa hè rộng, để xe thoải mái, phù hợp mở cửa hàng, showroom, văn phòng. Khu dân cư đông đúc, tiềm năng sinh lời cao, dòng tiền kinh doanh ổn định. Gần cầu Nhật Tân trung tâm kết nối khu vực nội đô và sân bay. Giá bán: Có thương lượng trực tiếp cơ hội đầu tư siêu lợi nhuận! Liên hệ ngay: Mr Tuyền) để xem đất và chốt lô đẹp nhất Ngọc Chi.",Hà Nội,Đất,18200000000,80.0,,,no_supported_price,[]
shard_0002.parquet,35937,Tôi chính chủ lô ngang 7m giá cực hấp dẫn cần bán nhanh,"Thông tin: Dt: 7x23,5m=164,5 m2. Hướng Bắc. Đường 7,5m. Lô đất vuông vức đã có sổ đỏ. Lô đất cách KĐT FPT 500m, cách sông Cổ Cò 200m đấu lưng với trục 33m Lê Đỉnh thông ra biển. Phù hợp xây dựng biệt thự, căn hộ cho thuê. Có hoa hồng cho anh em môi giới. Nhờ anh em chạy giúp.",Quảng Nam,Đất,3150000000,164.5,,,no_supported_price,[]
shard_0003.parquet,46347,"Bán nhà đường đông hưng thuận 42, dt 5x16m, hẻm thông","_ NHÀ ĐƯỜNG ĐÔNG HƯNG THUẬN 42, QUẬN 12 CŨ _ 4 tỷ 200, Còn thương lượng _ 5m X 16m _ 1 Trệt 1 lầu _ 3 Phòng ngủ, 2 Wc _ Hẻm ba gác thông 3m, cách hẻm xe hơi 20m _ Cách Tham Lương 1,2km, An Sương 800m _ Hướng Đông _ Sổ Hồng Riêng _ Hỗ trợ vay ngân hàng lãi suất thấp _ PHONE/ZALO: [phone_number] . ̣ _ Tư Vấn Xem Nhà Miễn Phí và Tìm Nhà Theo Nhu Cầu",Hồ Chí Minh,Nhà,4200000000,80.0,4000000000.0,0.05,mismatch,"[{""source"": ""description"", ""text"": ""4 tỷ 200, Còn thươn"", ""parsed_value_vnd"": 4000000000.0, ""basis"": ""total"", ""total_equivalent_vnd"": 4000000000.0}]"
shard_0009.parquet,22373,"Chính chủ bán gấp căn hộ 1-2PN view biển CC Ori Bàu Tràm Đà Nẵng, Giá từ 1,9x tỷ. Sổ hồng lâu dài","2023 gia đình có mua 1 căn hộ chung cư tại Đà Nẵng. Tìm hiểu rất kỹ khu vực xung quanh và các tiện ích nên tôi rất hài lòng và tâm huyết tính dọn về ở năm nay. Tuy nhiên do kế hoạch công việc thay đổi nên gia đình đành bán lại căn này cho ai mua ở, hoặc đầu tư cho thuê 5,5 tr/tháng. Thông tin căn hộ như sau: Toà CT1. - Căn hộ nằm toà CT1 chung cư thương mại. - Tầng trung số rất đẹp, ko quá cao k quá thấp nên tiện lợi di chuyển, đi lại. - DT: 57m2. - Bao gồm 2PN và 2 toilets. - Sổ hồng lâu dài, công chứng ngay. - Nội thất liền tường khá đầy đủ, đồng thời tặng 3 máy điều hoà tiết kiệm điện mới sắm. - Đang thuê được 5,5 triệu/tháng. - Giá bán chỉ 2,1x tỷ. Rất mong gặp người hữu duyên và tiếp người thiện chí. Ưu tiên bán lại cho KH mua ở có cơ hội hộ khẩu Đà Nẵng và các anh chị có tiền nhàn dỗi mua để dành cho con cháu sau này. LVCC: [phone_number] Thuỳ Dương để được xem nhà.",Đà Nẵng,Căn hộ chung cư,0,57.0,,,no_supported_price,[]
shard_0002.parquet,266210,"Bán nhà 4x12m, 1 lững, sát Song Hành, 2ty8. Tân Hưng Thuận, Q12","BÁN GẤP NHÀ SHR 4x12M HẺM TRƯỜNG CHINH Q12 - 2,8 TỶ Hẻm 2m, cách MT Song Hành chỉ 20m P.Tân Hưng Thuận, Q12 Diện tích: 4x12m 1 lửng, nhà sạch đẹp vào ở ngay Khu an ninh, dân cư hiện hữu, đầy đủ tiện ích xung quanh Giá: 2.8 tỷ còn thương lượng nhẹ Liên hệ: Mr Vũ cg",Hồ Chí Minh,Nhà,2800000000,50.0,2800000000.0,0.0,matched_2pct,"[{""source"": ""title"", ""text"": ""2ty8. Tân Hưng Thu"", ""parsed_value_vnd"": 2800000000.0, ""basis"": ""total"", ""total_equivalent_vnd"": 2800000000.0}, {""source"": ""description"", ""text"": ""2,8 TỶ Hẻm 2m, cách M"", ""parsed_value_vnd"": 2800000000.0, ""basis"": ""total"", ""total_equivalent_vnd"": 2800000000.0}, {""source"": ""description"", ""text"": ""2.8 tỷ còn thương lượ"", ""parsed_value_vnd"": 2800000000.0, ""basis"": ""total"", ""total_equivalent_vnd"": 2800000000.0}]"
shard_0003.parquet,106354,"Chuyển nhượng căn hộ 2PN Vinhomes Ocean Park Ban công Đông Nam Giá chỉ 3,94 tỷ","Chính chủ cần chuyển nhượng căn hộ tại Vinhomes Ocean Park: Loại căn: 2 phòng ngủ, 2 vệ sinh, thiết kế hiện đại, phòng khách rộng thoáng. Diện tích: 63 mét vuông thông thủy. Ban công: Hướng Đông Nam, view thoáng, mát mẻ quanh năm. Pháp lý: Sổ hồng lâu dài đang vay bank Tiện ích: Hưởng trọn hệ sinh thái Vinhomes: VinUni, Vincom Mega Mall, biển hồ nước mặn 6.1ha, hồ Ngọc Trai 24.5ha, bể bơi, gym, công viên BBQ, khu thể thao An ninh: 24/7, cư dân văn minh, dịch vụ quản lý chuyên nghiệp. Giá bán: Chỉ 3,94 tỷ cơ hội tốt cho khách mua ở thực hoặc đầu tư. Liên hệ ngay để xem căn trực tiếp và chốt nhanh trong tháng!",Hà Nội,Căn hộ chung cư,3940000000,63.0,3940000000.0,0.0,matched_2pct,"[{""source"": ""title"", ""text"": ""3,94 tỷ"", ""parsed_value_vnd"": 3940000000.0, ""basis"": ""total"", ""total_equivalent_vnd"": 3940000000.0}, {""source"": ""description"", ""text"": ""3,94 tỷ cơ hội tốt cho"", ""parsed_value_vnd"": 3940000000.0, ""basis"": ""total"", ""total_equivalent_vnd"": 3940000000.0}]"
shard_0003.parquet,350041,Bán nhà đẹp Hẻm xe hơi đường Lê Đình Quản gần bệnh viện Lê Văn Thịnh Quận 2 nhà đẹp ở ngay,"BÁN NHÀ ĐẸP HẺM 1/ĐƯỜNG LÊ ĐÌNH QUẢN , P.CÁT LÁI QUẬN 2 Diện tích : 96m2 (6x16,1m) đất vuông A4 siêu đẹp. Kết cấu: NHÀ MỚI XÂY 1 Trệt 2 Lầu - Phòng khách, 3 phòng ngủ, 4WC, 1 nhà bếp , 1 phòng thờ riêng , 1 sân thượng ngắm view pháo hoa Landmark 81 - TẶNG HẾT NỘI THẤT CÒN SỬ DỤNG TỐT Trước nhà hẻm nội bộ an ninh, xe tải tới nhà. Vị trí tiện di chuyển, gần Lê Văn Thịnh, cách Nguyễn Thị Định 200m. Tiện ích xung quanh đầy đủ. Chợ Cây Xoài, bệnh viện Lê Văn Thịnh, Trường cấp 1,2,3 Giồng Ông Tố gần trong bán kính 2km. Vào Trung Tâm Q7, Quận 1, Bình Thạnh khoảng 20p. Giá bán: 9,1tỷ (thương lượng) Chi tiết liên hệ: - Ms. Vi hỗ trợ 24/7 xem vị trí và thương lượng giá tốt. Nhận ký gửi, mua bán, cho thuê Nhà phố, đất nền, căn hộ, Nhà đất dân cư hiện hữu,... Khu vực Tp Thủ Đức.",Hồ Chí Minh,Nhà,9100000000,96.0,9100000000.0,0.0,matched_2pct,"[{""source"": ""description"", ""text"": ""9,1tỷ (thương lượng)"", ""parsed_value_vnd"": 9100000000.0, ""basis"": ""total"", ""total_equivalent_vnd"": 9100000000.0}]"
shard_0005.parquet,40450,BÁN ĐẤT ĐƯỜNG HỮU HƯNG . VF3 ĐỖ TẬN CỬA . GẦN NGAY ĐƯỜNG LỚN,"MẢNH ĐẤT ĐẸP - SỔ HOA HẬU - NGÕ THẲNG SẠCH ĐẸP Mô tả :Mảnh đất đẹp đang để không Ngõ rộng,thẳng đẹp Khu vực đang hiếm đất bán,thông số vàng Diện tích 61 m2 giá 8,6 Tỷ Sổ đỏ chính chủ , sẵn sàng giao dịch Liên hệ e Thuyết xem đất 24/7",Hà Nội,Đất,8600000000,61.0,8600000000.0,0.0,matched_2pct,"[{""source"": ""description"", ""text"": ""8,6 Tỷ Sổ đỏ chính ch"", ""parsed_value_vnd"": 8600000000.0, ""basis"": ""total"", ""total_equivalent_vnd"": 8600000000.0}]"
shard_0007.parquet,174583,"Bán nhà mặt phố Võng Thị 295m2, 8 tầng 1 hầm giá: 168 tỷ. Tây Hồ","VỊ TRÍ VIP - MĂT PHỐ - VỈA HÈ - 8 TẦNG - 1 HẦM - THANG MÁY - NỘI THẤT XỊN - DÒNG TIỀN KHỦNG - ÔTÔ TRÁNH - SỔ PHÂN LÔ - THÔNG SỐ VÀNG - KINH DOANH SẦM UẤT Bán bán mặt phố tại đường Lạc Long Quân diện tích: 295m2, giá: 168 tỷ. - Sổ đỏ đẹp, cất két sẵn sàng giao dịch. + LH A Thái [phone_number]",Hà Nội,Nhà,168000000000,295.0,168000000000.0,0.0,matched_2pct,"[{""source"": ""title"", ""text"": ""168 tỷ. Tây Hồ"", ""parsed_value_vnd"": 168000000000.0, ""basis"": ""total"", ""total_equivalent_vnd"": 168000000000.0}, {""source"": ""description"", ""text"": ""168 tỷ. - Sổ đỏ đẹp, "", ""parsed_value_vnd"": 168000000000.0, ""basis"": ""total"", ""total_equivalent_vnd"": 168000000000.0}]"
shard_0008.parquet,290879,"Bán đất Lạc Long Quân, P. 3, Q. 11, 87m2 hẻm ba gác 4.95 tỷ","Bán đất đường Lạc Long Quân P. 3, Q. 11, TP. HCM. Vị trí đẹp phù hợp xây CHDV / đầu tư. Diện tích: 87m2. Khu dân cư: An ninh, dân trí cao. Hẻm: Ba gác, thông thoáng. Tiềm năng tăng giá tốt. Thích hợp xây căn hộ dịch vụ, cho thuê. Gần chợ, trường học, siêu thị đầy đủ tiện ích xung quanh. Giá bán: 4.95 tỷ (thương lượng). Liên hệ:",Hồ Chí Minh,Đất,4950000000,87.0,4950000000.0,0.0,matched_2pct,"[{""source"": ""title"", ""text"": ""4.95 tỷ"", ""parsed_value_vnd"": 4950000000.0, ""basis"": ""total"", ""total_equivalent_vnd"": 4950000000.0}, {""source"": ""description"", ""text"": ""4.95 tỷ (thương lượng)"", ""parsed_value_vnd"": 4950000000.0, ""basis"": ""total"", ""total_equivalent_vnd"": 4950000000.0}]"
shard_0000.parquet,102672,"Bán gấp căn hộ 2 phòng ngủ, 4,26 tỷ tại Tòa Tháp Thiên Niên Kỷ, Quang Trung, Hà Đông, Hà Nội","Căn hộ chung cư tại Tòa Tháp Thiên Niên Kỷ, Quang Trung, Hà Đông, Hà Nội là lựa chọn lý tưởng cho những ai tìm kiếm không gian sống tiện nghi và hiện đại. Căn hộ có diện tích 49m2, được thiết kế với 2 phòng ngủ và 1 phòng tắm, phù hợp với gia đình nhỏ hoặc những người yêu thích sự thoải mái. - Căn hộ có đầy đủ nội thất: Điều hòa, giường, tủ lạnh, giúp tiết kiệm thời gian và chi phí cho người mua. - Giá 4,26 tỷ VND, phù hợp với chất lượng và tiện ích của căn hộ. Đặc biệt, pháp lý đầy đủ, tạo sự yên tâm cho khách hàng khi quyết định sở hữu căn hộ này. Gần trường học, gần chợ/siêu thị, có công viên, tạo điều kiện thuận lợi cho cuộc sống hàng ngày. Liên hệ ngay để biết thêm thông tin chi tiết và đặt lịch xem căn hộ: [phone_number] - em Trang tầng 18.",Hà Nội,Căn hộ chung cư,4260000000,49.0,4260000000.0,0.0,matched_2pct,"[{""source"": ""title"", ""text"": ""4,26 tỷ tại Tòa Tháp T"", ""parsed_value_vnd"": 4260000000.0, ""basis"": ""total"", ""total_equivalent_vnd"": 4260000000.0}, {""source"": ""description"", ""text"": ""4,26 tỷ VND, phù hợp v"", ""parsed_value_vnd"": 4260000000.0, ""basis"": ""total"", ""total_equivalent_vnd"": 4260000000.0}]"
shard_0004.parquet,119603,"Bán gấp nhà phố đẹp, sân cổng riêng, ôtô đỗ ngay gần nhà, giá cực tốt Trần Nguyên Hãn, Lê Chân, HP","Bán gấp nhà phố đẹp vừa mắt - ấm vừa tim Trần Nguyên Hãn, Lê Chân, Hải Phòng. - Diện tích: 74m², 4 tầng tối ưu công năng. - 3 phòng ngủ, 3 vệ sinh có phòng master rộng thoáng. - Trước sân cổng riêng, sau vườn chill + bồn tắm thư giãn. - Nhà xây mới ngõ nông, ô tô tránh cách nhà ~ 20m. - Vị trí trung tâm Lê Chân - Hải Phòng, đi đâu cũng tiện. Giá 4,79 tỷ (có thoả thuận). Liên hệ: Hoàng Việt.",Hải Phòng,Nhà,4790000000,74.0,4790000000.0,0.0,matched_2pct,"[{""source"": ""description"", ""text"": ""4,79 tỷ (có thoả thuận"", ""parsed_value_vnd"": 4790000000.0, ""basis"": ""total"", ""total_equivalent_vnd"": 4790000000.0}]"
shard_0002.parquet,305117,"Bán đất Sơn Đông, 1100m2, đường mở rộng 4m, gần khu tái định cư Rạch Miễu 2","Cần vốn cho con em ăn học, cắt bán mảnh đất 1100m2 thuộc phường Sơn Đông (Tam Phước cũ). Đường bê tông dưới 3m (đã đo đạc mở rộng 4m) từ Rạch Miễu 2 thông ra 173 cũ (Đường DH01) đang mở rộng 16m ngang tái định cư Rạch Miễu 2. Đất cao ráo sạch đẹp, sau lưng Khu Tái Định Cư Rạch Miễu 2. Dân cư hiện hữu, dân địa phương. Liên hệ [phone_number] (TTC) để biết thêm thông tin chi tiết.",Bến Tre,Đất,,1100.0,,,no_supported_price,[]
shard_0005.parquet,173021,Chính chủ bán gấp rẻ: 3N góc -mới 100% Căn hộ CT4 Cán bộ quần đội gần ĐH Phenikaa Yên Nghĩa Hà Đông,"Gia đình trước được mua căn hộ ưu đãi, suất ngoại giao, nhưng do thay đổi công việc và để tiện cho công việc mới, nên mình cần bán nhanh trong ngày 10 và 11 CHCC thuộc tòa Bộ Tư Lệnh nhà còn rất mới, vừa bán giao đầu năm, nền khách mua về ở luôn không phải sửa chữa nhiều, CH nằm trên trục đường Tố Hữu, Lê Văn Lương kéo dài, đi lại thuận tiện phù hợp kinh tế các bạn trẻ điều kiện kinh tế chưa có nhiều cần không gian rộng thoáng mát không ầm và bụi đang công tác khu vực Hà Đông. * Thông tin chi tiết căn hộ: Diện tích 90m2, 3PN, 2WC, 1 phòng khách, 1 bếp riêng rẽ. Gia đình mua từ đợt đầu nên đã thuê thiết kế nội thất rất tỉ mỉ, cẩn thận, nhà có trần thạch cao, hệ thống đèn trang trí, tủ bếp, bếp hút mùi, sofa, tủ các phòng, tủ giấy nhà mình đều thiết kế âm tường, 3 điều hòa, nóng lạnh, rèm lưới an toàn, nhà mình để hết cho gia chủ các bạn mua về ở luôn. Mình cần bán nhanh nên cắt lỗ sâu, vì",Hà Nội,Căn hộ chung cư,,92.0,5600000000.0,,missing_structured_price,"[{""source"": ""description"", ""text"": ""5.6 tỷ. Giá này mình "", ""parsed_value_vnd"": 5600000000.0, ""basis"": ""total"", ""total_equivalent_vnd"": 5600000000.0}]"
shard_0001.parquet,23449,Chính chủ bán quỹ 5 lô đất đẹp tại Đông Nam Xuân Mai Chương Mỹ Hà Nội,"Chính chủ mở bán quỹ 5 lô đất đẹp tại Đông Nam Xuân Mai Chương Mỹ Hà Nội. - Vị trí đắc địa tại Đông Nam, Xuân Mai khu vực đang phát triển nhanh, hạ tầng đồng bộ, kết nối dễ dàng tới trung tâm Hà Nội qua Quốc Lộ 6 và Đại lộ Thăng Long. - Đường ô tô tránh nhau thoải mái, ngõ rộng, thoáng, giao thông thuận tiện. Diện tích đẹp, vuông vắn, phù hợp xây nhà ở, nhà vườn, đầu tư ngắn và dài hạn. - Khu dân cư đông đúc, an ninh tốt, gần chợ, trường học, UBND, trạm y tế sổ đỏ riêng từng lô pháp lý rõ ràng sang tên trong ngày. + Giá bán cực kỳ hợp lý. Duy nhất 5 lô đẹp số lượng có hạn mua sớm được giá tốt!",Hà Nội,Đất,2040000000,97.0,,,no_supported_price,[]
shard_0000.parquet,33900,"Bán nhà sách Nguyễn Văn Cừ, 15 x 47m 659m3 446m2 thổ cư gia 50 Tỷ TL mặt tiền Phan Văn Hớn.","/-heart - Bán nhà sách Nguyễn Văn Cừ, mặt tiền Phan Văn Hớn. - Tổng 659m2, trong đó có 446m2 thổ cư - Ngang 15m dài 47m * Giá bán 50 tỷ thương lượng. Lh: [phone_number] Trần chân",Hồ Chí Minh,Nhà,50000000000,659.0,50000000000.0,0.0,matched_2pct,"[{""source"": ""title"", ""text"": ""50 Tỷ TL mặt tiền Ph"", ""parsed_value_vnd"": 50000000000.0, ""basis"": ""total"", ""total_equivalent_vnd"": 50000000000.0}, {""source"": ""description"", ""text"": ""50 tỷ thương lượng. "", ""parsed_value_vnd"": 50000000000.0, ""basis"": ""total"", ""total_equivalent_vnd"": 50000000000.0}]"
shard_0001.parquet,269573,"Bán nhà ô góc 2 mặt thoáng, đầu phố Ký Con, Cột 5 Hồng Hải","Bán nhà ô góc đầu phố Ký Con, phía biển Cột 5, phường Hồng Hải. Nhà ở vị trí góc, có 2 mặt thoáng. Diện tích 72m2, mặt tiền 4m, hướng Đông. Giá bán: 5.xx tỷ.",Quảng Ninh,Nhà,5000000000,72.0,,,no_supported_price,[]
shard_0009.parquet,171796,"Gấp. Chủ gửi bán gấp căn hộ góc 2PN chung cư Aurora giá 8,970 tỷ","Chủ gửi bán gấp căn hộ góc 2PN chung cư Aurora PMH. Diện tích căn hộ bán 74,5m2. Gồm 2pn 2wc 01 ô xe ô tô định danh hầm. Hiện trạng nhà hoàn thiện nội thất cơ bản cđt. Vị trí căn góc view hướng Đông Bắc mát mẻ. Giá bán 8,970 tỷ all in. Liên hệ gặp Lợi. Trân trọng.",Hồ Chí Minh,Căn hộ chung cư,8970000000,74.5,8970000000000.0,0.999,mismatch,"[{""source"": ""title"", ""text"": ""8,970 tỷ"", ""parsed_value_vnd"": 8970000000000.0, ""basis"": ""total"", ""total_equivalent_vnd"": 8970000000000.0}, {""source"": ""description"", ""text"": ""8,970 tỷ all in. Liên h"", ""parsed_value_vnd"": 8970000000000.0, ""basis"": ""total"", ""total_equivalent_vnd"": 8970000000000.0}]"
shard_0007.parquet,123566,Bán nhà Mã Lò - tặng toàn bộ nội thất,"Bán nhà Mã Lò. DT: 3,5x11m - đúc 1 lầu, gồm 2 phòng ngủ 2WC Nhà mới đẹp vô ở liền, vị trí căn góc 2 mặt hẻm 5m thông, vị trí kinh doanh buôn bán hoặc mở tiệm tóc rất ok, gần UBND, bệnh viện Bình Tân và chợ Bình Trị Đông.. Sổ hồng riêng.. Tặng hết nội thất trong nhà. Tel [phone_number] xem nhà (Vân).",Hồ Chí Minh,Nhà,,38.5,,,no_supported_price,[]
shard_0001.parquet,73795,"Bán căn hộ Jade Square Phạm Văn Đồng, CH 2 - 3pn, trả trước 20% kí HĐMB, 2027 bàn giao","Trả trước chỉ từ 1 tỷ/ căn sở hữu ngay căn hộ cao cấp đối diện KĐT Ciputra. Tên dự án: Jade Square Phạm Văn Đồng, KĐT Bắc cổ nhuế, cách đường Vành Đai 3 chỉ 200m. Thời gian bàn giao nhà: Quý 3/2027. Pháp lý sở hữu lâu dài. Diện tích căn hộ: - Căn hộ 2PN 72,1 79,2m2. - Căn hộ 2PN 1 đa năng 80,6m2 87,6m2. - Căn hộ 3PN 1 đa năng 125,1m2 125,8m2. - Căn hộ 4PN: 152,7m2 tỷ lệ 2%. + Vị trí dự án: + Chủ đầu tư CTCP BĐS JS - phát triển bởi Infinity Group. + Giai đoạn 1: 6,8ha mật độ xây dừng 39% gồm 5 toà chung cư căn hộ S1 - 2 - 3. Và CT1 - 2 tổng 1275 căn hộ, 104 căn liền kề và 20 căn biệt thự. + Quy mô 3 toà cao 26 tầng, Mỗi sàn căn hộ có 3 thang máy, Số lượng sản phẩm căn hộ 3 toà. - 249 căn / 1 toà. - Tổng 747 căn. + Cơ cấu tầng: 2 tầng Shophouse thông tầng 1,2 tầng kỹ thuật. 21 tầng căn hộ thường, 3 tầng hầm. + Tầng 3: Văn phòng cho thuê, phòng sinh hoạt cộng đồng 200m2, góc vui chơi trẻ em",Hà Nội,Căn hộ chung cư,6448000000,80.6,2000000000.0,2.224,mismatch,"[{""source"": ""description"", ""text"": ""2 tỷ lệ 2%. + Vị tr"", ""parsed_value_vnd"": 2000000000.0, ""basis"": ""total"", ""total_equivalent_vnd"": 2000000000.0}]"
shard_0006.parquet,242564,BÁN BIỆT THỰ LIỀN LỀ - GIÁ CẮT LỖ - CHỈ 1O TỶ CÓ NGAY CĂN HỘ VỊ TRÍ TÀI LỘC ĐẮC ĐỊA,"BÁN BIỆT THỰ LIỀN KỀ GIÁ CẮT LỖ SÂU CHỈ 10 TỶ SỞ HỮU NGAY BĐS VỊ TRÍ TÀI LỘC ĐẮC ĐỊA Cơ hội hiếm cho khách mua ở hoặc đầu tư lâu dài! Chủ nhà cần bán gấp, chấp nhận cắt lỗ mạnh, giá cực tốt so với thị trường. Thông tin bất động sản: Loại hình: Biệt thự liền kề Kết cấu: Nhà xây kiên cố, thiết kế hiện đại Diện tích sử dụng rộng rãi, công năng tối ưu Phù hợp để ở, làm văn phòng, hoặc kinh doanh cao cấp Vị trí đắc địa khu vực tài lộc: Nằm trong khu dân cư đồng bộ, dân trí cao Giao thông thuận tiện, kết nối nhanh trục đường lớn Xung quanh đầy đủ tiện ích: ngân hàng, trường học, trung tâm dịch vụ Giá trị gia tăng bền vững theo thời gian Giá bán: CHỈ 10 TỶ GIÁ THỰC, KHÔNG ẢO Chủ thiện chí bán nhanh cơ hội tốt cho khách chốt sớm Liên hệ ngay để xem nhà và làm việc trực tiếp với chủ Hàng đẹp giá tốt nhanh tay kẻo lỡ!",Hải Phòng,Biệt thự/Nhà liền kề,10000000000,67.5,10000000000.0,0.0,matched_2pct,"[{""source"": ""description"", ""text"": ""10 TỶ SỞ HỮU NGAY BĐ"", ""parsed_value_vnd"": 10000000000.0, ""basis"": ""total"", ""total_equivalent_vnd"": 10000000000.0}, {""source"": ""description"", ""text"": ""10 TỶ GIÁ THỰC, KHÔN"", ""parsed_value_vnd"": 10000000000.0, ""basis"": ""total"", ""total_equivalent_vnd"": 10000000000.0}]"
shard_0005.parquet,24204,Bán gấp chung cư nguyễn ngọc phương 68m2 2pn2wc 2ty880,"Căn hộ chung cư Nguyễn Ngọc Phương, Bình Thạnh. Diện tích: 68m². Kết cấu: 2 phòng ngủ, 2 phòng tắm. Đầy đủ nội thất. Pháp lý: Sổ hồng. Căn hộ có vị trí cách Trường Đại học Kinh Tế Tài Chính 1.0 km, cách Trường Đại học Giao thông Vận tải TP. HCM 1.9 km... Tọa lạc tại vị trí thuận tiện di chuyển với đầy đủ các tiện ích về y tế, giáo dục và giải trí xung quanh như: Bệnh viện quận Bình Thạnh, Bệnh viện Thẩm Mỹ Quốc Tế - Seoul Center Quận 1...",Hồ Chí Minh,Căn hộ chung cư,,68.0,2880000000.0,,missing_structured_price,"[{""source"": ""title"", ""text"": ""2ty880"", ""parsed_value_vnd"": 2880000000.0, ""basis"": ""total"", ""total_equivalent_vnd"": 2880000000.0}]"
shard_0004.parquet,96090,Bán gấp nhà Đà Lạt gần Hồ Than Thở giá sập sàn,"Tin nóng hổi từ Đà Lạt mộng mơ! Khách hàng 'say goodbye' căn nhà xinh xắn gần khu du lịch Hồ Than Thở, phường 9 (cũ). Diện tích 60m2, diện tích sử dụng lên đến 120m2, tha hồ cho gia đình nhỏ vui sống. Nhà 1 trệt 1 lầu bê tông cốt thép chắc chắn, thiết kế ấm cúng với phòng khách, bếp tiện nghi, 2 phòng ngủ thoải mái, phòng thờ trang nghiêm, 2 toilet sạch sẽ và sân để xe máy riêng biệt. Đất ở ổn định, pháp lý rõ ràng, thuế đóng hàng năm, có xác nhận nhà ở đầy đủ. Hẻm vào nhà rộng 2.5m, cách đường ô tô chỉ 50m, đi bộ vài bước là tới. Giá bán cực kỳ hấp dẫn chỉ 2.050 tỷ (giá cũ 2.250 tỷ). Liên hệ ngay hotline [phone_number] để biết thêm thông tin chi tiết và sở hữu ngay căn nhà mơ ước tại Đà Lạt!",Lâm Đồng,Nhà,2049999999,60.0,,,multiple_text_prices,"[{""source"": ""description"", ""text"": ""2.050 tỷ (giá cũ 2.250 "", ""parsed_value_vnd"": 2050000000000.0, ""basis"": ""total"", ""total_equivalent_vnd"": 2050000000000.0}, {""source"": ""description"", ""text"": ""2.250 tỷ). Liên hệ ngay"", ""parsed_value_vnd"": 2250000000000.0, ""basis"": ""total"", ""total_equivalent_vnd"": 2250000000000.0}]"
shard_0007.parquet,131926,BÁN NHÀ HIẾM Chợ Khâm Thiên diện tích 32m2 5 tầng 7 tỷ Đống Đa Hà Nội,"NHÀ ĐẸP ĐỐNG ĐA + Mô tả: + Phố ngõ chợ Khâm Thiên có vị trí trung tâm quận Đống Đa, chiều dài 750m rộng 6m đi từ phố Khâm Thiên tới phố Đê La Thành nhỏ, thông ra hồ Ba Mẫu và phố Lê Duẩn. + Đây là phố chợ nên sáng và chiều có họp chợ đông đúc sầm uất nhộn nhịp, hàng quán không thiếu thứ gì. Hệ thống trường mẫu giáo, tiểu học, cấp 1 cấp 2 bố trí với mật độ cao phục vụ tối đa nhu cầu của dân cư tại đây. + Bố cục: - Tầng 1: Phòng khách, bếp, vệ sinh. - Tầng 2: Phòng khách master(có thể làm phòng ngủ) - Tầng 3,4: Mỗi tầng 1 ngủ và WC. - Tầng 5: Tum và sân phơi. Liên hệ ngay MINH VÕ PRO - Chuyên bất động sản triệu đô - nhanh tay kẻo lỡ siêu phẩm!",Hà Nội,Nhà,7000000000,32.0,7000000000.0,0.0,matched_2pct,"[{""source"": ""title"", ""text"": ""7 tỷ Đống Đa Hà Nội"", ""parsed_value_vnd"": 7000000000.0, ""basis"": ""total"", ""total_equivalent_vnd"": 7000000000.0}]"
shard_0003.parquet,126858,"Tôi cần bán lô đất 150m2 đường DJ3A Mỹ Phước 3,sát trường THCS Thới Hòa,trường mầm non Sao Mai","Kẹt tiền tôi cần bán lô đất diện tích 5x30m = 150m², thổ cư 100% nằm trên đường DJ3A, ngay khu J, khu đầu cổng của khu công nghiệp và dân cư Mỹ Phước 3 ,P.Thới Hòa, TP.HCM - Lô đất hướng Đông, mặt tiền 16m đường DJ3A thông dài, dân cư đông tiện xây nhà ở, kinh doanh buôn bán, đầu tư lâu dài, xây trọ cho thuê đều được. - Lô đất có vị trí đẹp gần lô gôc, gần đường lớn DJ5 và Mỹ Phươcs Tân Vạn. Cơ sở hạ tầng hoàn thiện, và đồng bộ, giao thông thuận tiện. - Được xây dựng tự do, không quy định kiểu cách. - Sẵn sổ hồng, mua bán sang tên công chứng ngay. Liên hệ tôi đi xem đất: [phone_number]- chị Thúy (kb ZALO tôi gửi thông tin cụ thể).",Bình Dương,Đất,1720000000,150.0,,,no_supported_price,[]
shard_0004.parquet,34530,"Bán nhà gần chợ Đồng Đồng Dinh Long Biên 60m2, 7t full đồ, kinh doanh, đường 8m thông, giá 16.7 tỷ","+ Vị trí rất đẹp đường 2 oto tránh thông tư tung, kinh doang tốt vì khu vực đông dân cư qua lại, hay làm văn phòng đều đẹp. + Nhà thiết kế đẹp phong cách mới xây 7 tầng thang máy, gara 2 oto, full nội thất. T1: gara 2 oto, văn phòng, vs. T2: lửng ( phòng khách, phòng GĐ...). T345: mỗi tầng 1 phòng maste khép kín. T6: phòng khách, bếp, vs. T7: phòng thờ sân phơi. Pháp lý chuẩn, sổ đỏ chính chủ. Liên hệ ngay xem nhà: A Tuấn chuyên nhà đất phân lô. Nhận mua bán ký gửi nhà đất.",Hà Nội,Nhà,16700000000,60.0,16700000000.0,0.0,matched_2pct,"[{""source"": ""title"", ""text"": ""16.7 tỷ"", ""parsed_value_vnd"": 16700000000.0, ""basis"": ""total"", ""total_equivalent_vnd"": 16700000000.0}]"
shard_0009.parquet,272260,Chủ định cư bán gấp căn Sky9 Q9-2PN2WC-63m2-1tỷ9(Ưu tiên nữ giảm 50tr),"Diện tích: 63m2 Kết cấu:2 phòng ngủ 2 nhà vệ sinh, Có ban công. Nội thất có sẵn đầy đủ tiện ích Nội khu:Hồ bơi,Phòng gym,Khu vui chơi trẻ em,Siêu thị, quán cafe , quán ăn ngay dưới chung cư Ngoại khu:Gần chợ, trường học các cấp, Khu vực an ninh Vị trí gần vòng xoay Liên Phường & Võ Chí Công rất tiện di chuyển về trung tâm quận 1, quận 2, quận 7, Địa chỉ: Đường Liên Phường, Phú Hữu, Quận 9 Liên hệ sdt/zalo: [phone_number]Minh Phương)",Hồ Chí Minh,Căn hộ chung cư,0,63.0,,,multiple_text_prices,"[{""source"": ""title"", ""text"": ""1tỷ9(Ưu tiên nữ gi"", ""parsed_value_vnd"": 1900000000.0, ""basis"": ""total"", ""total_equivalent_vnd"": 1900000000.0}, {""source"": ""title"", ""text"": ""50tr)"", ""parsed_value_vnd"": 50000000.0, ""basis"": ""total"", ""total_equivalent_vnd"": 50000000.0}]"
shard_0008.parquet,101950,"BÁN NHANH LÔ ĐẤT ĐỐI DIỆN TRƯỜNG CẤP 1 HOÀ XUÂN CS2, ĐÀ NẴNG","BÁN ĐẤT SẠCH ĐẸP ĐỐI DIỆN TRƯỜNG CẤP 1 HOÀ XUÂN CƠ SỞ 2 - ĐÀ NẴNG Diện tích: 100m2 Ngang 5 x 20m Hướng chính nam Đường 5m5 - lề 3m Lô đất sạch đẹp, không cống trụ Vị trí đắc địa, đối diện cổng sau trường học cấp 1,2 Hoà Xuân cơ sở 2 đang xây dựng Giá bán: 4,79 Tỷ,có thương lượng",Đà Nẵng,Đất,4790000000,100.0,4790000000.0,0.0,matched_2pct,"[{""source"": ""description"", ""text"": ""4,79 Tỷ,có thương lượn"", ""parsed_value_vnd"": 4790000000.0, ""basis"": ""total"", ""total_equivalent_vnd"": 4790000000.0}]"
shard_0000.parquet,269854,"Bán nhà 6 tầng có thang máy - Tứ Hiệp, Thanh Trì. DT 32.6m2","Bán nhà 6 tầng có thang máy - tứ hiệp, thanh trì. Giá chào: Hơn 6 tỷ đồng (có thương lượng). Diện tích: 32.6m2. Ô tô đỗ cửa, nhà đầu ngõ, vị trí đẹp cực hiếm! Vị trí trung tâm Thanh Trì, sau 1 nhà là ô tô tải tránh sát cạnh dự án IEC, khu vực hạ tầng đồng bộ, đang phát triển mạnh, giá đất tăng từng ngày. An ninh cực tốt, gần đường lớn. Nhà mới xây 6 tầng có thang máy, 4 phòng ngủ rộng, mỗi tầng 1 phòng thiết kế hiện đại. Chủ nhà đang cần bán gấp rút hoàn thiện, khách cọc có thể hoàn thiện theo ý và nhận nhà ở ngay. E Hương BĐS Thanh Trì [phone_number] để được gặp chủ nhà.",Hà Nội,Nhà,6300000000,32.6,6000000000.0,0.05,mismatch,"[{""source"": ""description"", ""text"": ""6 tỷ đồng (có thươn"", ""parsed_value_vnd"": 6000000000.0, ""basis"": ""total"", ""total_equivalent_vnd"": 6000000000.0}]"
shard_0008.parquet,197766,Bán nhà 3 tầng Thịnh Hào 3 Tôn Đức Thắng Đống Đa 35m2 MT 5.5m SĐCC nhỉnh 7 tỷ [phone_number],"BÁN NHÀ THỊNH HÀO - TÔN ĐỨC THẮNG - TT ĐỐNG ĐA Diện tích: 35m2 Thiết kế: 3 tầng Mặt tiền: 5.5m Pháp lý: SĐCC Giá bán: 7,x tỷ Liên hệ: [phone_number] để đi xem nhà!",Hà Nội,Nhà,7900000000,35.0,7000000000.0,0.12857142857142856,mismatch,"[{""source"": ""title"", ""text"": ""7 tỷ [phone_number]"", ""parsed_value_vnd"": 7000000000.0, ""basis"": ""total"", ""total_equivalent_vnd"": 7000000000.0}]"
shard_0000.parquet,164913,"Cần bán nhà 2 mặt tiền Mân Quang 8 đường 7,5m Sơn Trà đẹp giá rẻ, lô góc Sơn Trà giá rẻ","Bán nhà 2 mặt tiền đường 7.5m trung tâm Sơn Trà sát biển, gần chợ nhà mới đẹp vào ở ngay! Vị trí cực đẹp, hiếm có khó tìm: Nhà 2 mặt tiền đường rộng 7m5 kẹp kiệt sau, giao thông thông thoáng, vỉa hè rộng, khu dân cư an ninh tốt. Nằm sát Quốc lộ 14B, Ngô Quyền, tuyến đường cao ráo nhất nhì Sơn Trà, không bao giờ lo ngập lụt. Cách biển chỉ 800m, đi bộ vài phút ra bãi tắm. Cách chợ, trường học các cấp chỉ 200300m, tiện ích sống đầy đủ ngay xung quanh. Di chuyển vào trung tâm thành phố chỉ vài phút bằng xe máy. Thông tin căn nhà: Nhà mới xây hoàn toàn, thiết kế hiện đại, tràn ngập ánh sáng và gió tự nhiên nhờ 2 mặt tiền. Diện tích sử dụng tối ưu, công năng đầy đủ: Phòng khách rộng thoáng, bếp gọn gàng sạch sẽ. 2 phòng ngủ riêng biệt. 2 nhà vệ sinh tiện lợi. Nội thất cơ bản, sàn gạch đá bóng kính, trần cao thoáng, ánh sáng tự nhiên tràn ngập. Khu dân cư hiện hữu, hàng xóm thân thiện, dân trí ",Đà Nẵng,Nhà,7300000000,102.0,,,no_supported_price,[]
shard_0004.parquet,300141,"7 chỗ vào nhà, chính chủ Bán nhanh nhà đẹp,60m2,19,6 tỷ phố Trung Kính, Cầu Giấy, ở sướng, KD đỉnh","Nhà riêng 6 tầng, 6PN + 6WC, đầy đủ nội thất, hướng Đông, ban công Đông Nam. Mặt tiền 4.5m, ngõ rộng 4m, pháp lý đầy đủ. Giá bán 19,6 tỷ VND. Được thiết kế hiện đại và tiện nghi, căn nhà nổi bật với không gian sống thoải mái. Nội thất bao gồm điều hòa, tủ lạnh, giường,... Phù hợp cho gia đình lớn. Gần bệnh viện thận Hà Nội, bệnh viện đa khoa Bảo Sơn 2, công viên Cầu Giấy, công viên Yên Hòa, và các siêu thị như Winmart Trung Hòa, Winmart + . Liên hệ ngay để biết thêm thông tin chi tiết: Dương",Hà Nội,Nhà,19600000000,65.0,19600000000.0,0.0,matched_2pct,"[{""source"": ""description"", ""text"": ""19,6 tỷ VND. Được thiế"", ""parsed_value_vnd"": 19600000000.0, ""basis"": ""total"", ""total_equivalent_vnd"": 19600000000.0}]"
shard_0006.parquet,49026,"Bán nhà 52m2 phố Vĩnh Phúc - Ba Đình - Ngõ to, thông, gần phố, chỉ 9 tỷ","Vĩnh Phúc - Ba Đình - ngõ to - gần phố - giá đầu tư. 52m2 x 3 tầng - 9 tỷ. Nhà dân xây chắc chắn, lên tầng thoái mái. Sổ đỏ chính chủ, sẵn sàng sang tên. LH e Nhung: [phone_number]",Hà Nội,Nhà,9000000000,52.0,9000000000.0,0.0,matched_2pct,"[{""source"": ""title"", ""text"": ""9 tỷ"", ""parsed_value_vnd"": 9000000000.0, ""basis"": ""total"", ""total_equivalent_vnd"": 9000000000.0}, {""source"": ""description"", ""text"": ""9 tỷ. Nhà dân xây c"", ""parsed_value_vnd"": 9000000000.0, ""basis"": ""total"", ""total_equivalent_vnd"": 9000000000.0}]"
shard_0003.parquet,341386,"Bán biệt thự tại TNR Stars Gành Hào, DT 100m2, giá cực chất, view đẹp","Biệt thự nằm tại TNR Stars Gành Hào, một trong những khu vực phát triển tại Đông Hải, Bạc Liêu. Diện tích 100m2, mang lại không gian sống thoải mái và tiện nghi. Giá thỏa thuận, một mức giá hấp dẫn cho bất động sản chất lượng cao. Pháp lý đầy đủ, đảm bảo an tâm cho khách hàng. Có ưu đãi cho khách hàng. Liên hệ để biết thêm chi tiết qua số điện thoại hoặc gặp Nguyễn Lê Hoa Ngọc Lan.",Bạc Liêu,Biệt thự/Nhà liền kề,,100.0,,,no_supported_price,[]
shard_0009.parquet,22941,Bán lô đất nền full thổ cư - xã Đức Trọng - gần sân bay Liên Khương.,"Bán lô đất nền xã Đức Trọng - tỉnh Lâm Đồng - Diện tích: 5m x 30m - Đã chuyển toàn bộ đất thổ cư - Đường rộng 5m, gần chợ, khu dân cư, .. - Thế đất bằng, view núi rất thoáng & đẹp - Pháp lý: sổ riêng - Giá bán: 550triệu/sổ.",Lâm Đồng,Đất,550000000,150.0,550000000.0,0.0,matched_2pct,"[{""source"": ""description"", ""text"": ""550triệu/sổ."", ""parsed_value_vnd"": 550000000.0, ""basis"": ""total"", ""total_equivalent_vnd"": 550000000.0}]"
shard_0001.parquet,34403,Bán lô đất kiệt Oto kẹp cống đường Lê Văn Hiến sát Bệnh Viện 600g,"Bán lô đất kiệt Oto kẹp cống đường Lê Văn Hiến sát Bệnh Viện 600g, Khuê Mỹ, Ngũ Hành Sơn - Diện tích: 72,4m2. Ngang 7.5 m, Hướng: Nam . Kiệt oto 5m. - Vị trí: Lô đất kẹp cống thoáng, cách đường chính Lê Văn Hiến 170m, gần Bvien 600g. - Giá bán đến công chứng: 3.85 tỷ",Đà Nẵng,Đất,3850000000,72.0,3850000000.0,0.0,matched_2pct,"[{""source"": ""description"", ""text"": ""3.85 tỷ"", ""parsed_value_vnd"": 3850000000.0, ""basis"": ""total"", ""total_equivalent_vnd"": 3850000000.0}]"
shard_0007.parquet,63629,"Bán gấp đất 64m2 tại Hà Huy Giáp, 3,9 tỷ, Q12, HCM","Nằm trên đường Hà Huy Giáp, P Thạnh Lộc, Q12, TP. HCM, miếng đất này có diện tích 64m2, mặt tiền rộng 4m, đường vào rộng 8m, phù hợp cho việc xây dựng nhà ở hoặc đầu tư. Pháp lý đầy đủ, sổ đỏ sẵn sàng. Mức giá 3,9 tỷ VND cho một vị trí đẹp, gần gũi với thiên nhiên. Cuộc sống ở đây rất thoải mái với những tiện ích xung quanh, như công viên Thạnh Lộc 37, siêu thị Bách Hóa Xanh và các trường học nổi tiếng như trường cao đẳng điện lực TP. HCM. Khu vực này không chỉ yên tĩnh mà còn rất thuận tiện cho việc phát triển kinh doanh. Địa điểm xung quanh. + Công viên Thạnh Lộc 37. + Siêu thị Bách Hóa Xanh Hà Huy Giáp. + Trường cao đẳng điện lực TP. HCM. Liên hệ ngay để biết thêm chi tiết và không bỏ lỡ cơ hội này! Quỳnh Nhà Phố",Hồ Chí Minh,Đất,3900000000,64.0,3900000000.0,0.0,matched_2pct,"[{""source"": ""title"", ""text"": ""3,9 tỷ, Q12, HCM"", ""parsed_value_vnd"": 3900000000.0, ""basis"": ""total"", ""total_equivalent_vnd"": 3900000000.0}, {""source"": ""description"", ""text"": ""3,9 tỷ VND cho một vị"", ""parsed_value_vnd"": 3900000000.0, ""basis"": ""total"", ""total_equivalent_vnd"": 3900000000.0}]"
shard_0004.parquet,155754,"Bán nhà Bùi Thế Mỹ - Tân Bình - hẻm 4m - 69m2 vuông vức - 6,2 tỷ - mua xây mới tuyệt vời","(Q. Tân Bình) P10, Bùi Thế Mỹ - nhà cũ - hẻm 4m - 69m2 vuông vức - 6,2 tỷ - mua xây mới tuyệt vời. - DT: 69m2 (4x17,2m), gồm 1 trệt 1 lửng, 3pn. - Nhà cũ mua xác định mua xây dựng mới, Giấy phép được 4 tầng. - Hẻm 4m, thông từ chợ Bùi Thế Mỹ ra hẻm 130 Ni Sư Huỳnh Liên. Vị trí đẹp gần Trường QT Trí Đức, Chợ Tân Bình vào trung tâm 10p. - Sổ vuông vức như tờ A4, công chứng ngay (ĐCHUNG #79195).",Hồ Chí Minh,Nhà,6200000000,69.0,6200000000.0,0.0,matched_2pct,"[{""source"": ""title"", ""text"": ""6,2 tỷ - mua xây mới "", ""parsed_value_vnd"": 6200000000.0, ""basis"": ""total"", ""total_equivalent_vnd"": 6200000000.0}, {""source"": ""description"", ""text"": ""6,2 tỷ - mua xây mới "", ""parsed_value_vnd"": 6200000000.0, ""basis"": ""total"", ""total_equivalent_vnd"": 6200000000.0}]"
shard_0008.parquet,187132,"Bán gấp lô 2 mặt tiền đường 16m &12m nằm trong khu BCR. DT: 8x16m. LH: 0902.746,319","Lô đất có vị trí tuyệt đẹp, lô 2 mặt tiền trước sau, đường 16m& 12m, gần ngay sân tennis, gần cụm chung cư, công viên. - Nằm trong khu BCR, khu quy hoạch đồng bộ, hạ tầng điện nước âm. - Dự án nằm ngay 2 mặt tiền sông Tắc và rạch môn, không khí và cây xanh mát mẻ trong lành. - Được quy hoạch đồng bộ, có hồ bơi, đường đi bộ ven sông, công viên, sân tennis. - DT: 8 x16m. - Giá 45 tr/m2. - LH: [phone_number] Trúc Nguyễn.",Hồ Chí Minh,Đất,5760000000,128.0,5760000000.0,0.0,matched_2pct,"[{""source"": ""description"", ""text"": ""45 tr/m2. - LH: [pho"", ""parsed_value_vnd"": 45000000.0, ""basis"": ""per_m2"", ""total_equivalent_vnd"": 5760000000.0}]"
shard_0006.parquet,199007,Bán gấp căn Thủ Thiêm Sky 2PN 2WC view Landmark đẹp,"Căn 2PN 2WC, full NT đẹp, lầu cao, thoáng. Hướng ban công nắng sáng, view Landmark cực đẹp. Vị trí trung tâm thuận tiên đi lại.",Hồ Chí Minh,Căn hộ chung cư,5500000000,65.0,,,no_supported_price,[]
shard_0002.parquet,248692,Bán gấp nhà Dương Văn Bé. Vị trí cực đẹp diện tích 40m2 6 tầng thang máy. 13.4tỷ,"Nhà đẹp Dương Văn Bé hàng xóm Time City ô tô vào nhà 2 mặt ngõ thang máy xịn. Diện tích: 40m2. Nhà xây 6 tầng hiện đại, thang máy nhập khẩu. Ô tô vào tận nhà, 2 mặt ngõ thoáng sáng, tiện ích ngập tràn. Vị trí cực đẹp, ngay cạnh Time City, hạ tầng đồng bộ, dân trí cao, an sinh đỉnh. Giá chào: 13,4 tỷ (có thương lượng). Liên hệ: Zalo Bình An).",Hà Nội,Nhà,13400000000,40.0,13400000000.0,0.0,matched_2pct,"[{""source"": ""title"", ""text"": ""13.4tỷ"", ""parsed_value_vnd"": 13400000000.0, ""basis"": ""total"", ""total_equivalent_vnd"": 13400000000.0}, {""source"": ""description"", ""text"": ""13,4 tỷ (có thương lượ"", ""parsed_value_vnd"": 13400000000.0, ""basis"": ""total"", ""total_equivalent_vnd"": 13400000000.0}]"
shard_0003.parquet,243199,Bán biệt thự đơn lập đồi Monaco Bãi Cháy 100% view hồ và biển,"Bán biệt thự đơn lập Monaco Bãi Cháy. Diện tích: 470m², biệt thự đơn lập hiếm hoi trong dự án Monaco Bãi Cháy. Hướng: Đông Nam, đón gió biển mát lành, hợp phong thủy. View: Kép hồ & biển, mang lại giá trị sống thượng lưu và đầu tư sinh lời. Vị trí: Nằm trong quần thể Monaco khu đô thị cao cấp, kết nối nhanh tới biển, Sun World, trung tâm Bãi Cháy. Tiềm năng: Sở hữu lâu dài, giữ giá trị bền vững. Thích hợp ở, nghỉ dưỡng hoặc kinh doanh villa cao cấp cho thuê. Giá: 26.5 tỉ (có thương lượng). Liên hệ: để xem nhà trực tiếp.",Quảng Ninh,Biệt thự/Nhà liền kề,26500000000,470.0,26500000000.0,0.0,matched_2pct,"[{""source"": ""description"", ""text"": ""26.5 tỉ (có thương lượ"", ""parsed_value_vnd"": 26500000000.0, ""basis"": ""total"", ""total_equivalent_vnd"": 26500000000.0}]"
shard_0004.parquet,12908,Bán nhà Lý Chính Thắng 57m² 4 tầng - 20 tỷ - phù hợp kinh doanh,"Diện tích: 57m² - Kết cấu: 4 tầng, 5 phòng ngủ, sân thượng - Tiện ích: Có sân thượng, nở hậu phong thủy, dòng tiền ổn định - Địa chỉ: Lý Chính Thắng, Phường Võ Thị Sáu, Quận 3 - Giá bán: 20 tỷ - Mặt tiền vàng kinh doanh sầm uất, vỉa hè rộng 10m, đang cho thuê 42 triệu/tháng. Nhà gần ĐH Sư Phạm, chợ Cây Quéo, siêu thị Co.opmart, bệnh viện Nhân Dân Gia Định. - Mã sản phẩm: #99981",Hồ Chí Minh,Nhà,20000000000,57.0,20000000000.0,0.0,matched_2pct,"[{""source"": ""title"", ""text"": ""20 tỷ - phù hợp kinh"", ""parsed_value_vnd"": 20000000000.0, ""basis"": ""total"", ""total_equivalent_vnd"": 20000000000.0}, {""source"": ""description"", ""text"": ""20 tỷ - Mặt tiền vàn"", ""parsed_value_vnd"": 20000000000.0, ""basis"": ""total"", ""total_equivalent_vnd"": 20000000000.0}]"
shard_0009.parquet,164585,"Bán nhà quận 10, Điện Biên Phủ, 3,6x17m, 2 tầng, 7,2tỷ","Bán nhà quận 10, Điện Biên Phủ, 3,6x17m, 2 tầng, 7,2tỷ. - Nhà có kết cấu trệt, 1 lầu, đúc BTCT kiên cố chắc chắn. - Nằm ngay trung tâm quận 10, liền kề với các trục đường lớn như: 3 tháng 2, Lê Hồng Phong, Lý Thái Tổ, Cao Thắng, Nguyễn Thiện Thuật... Đầy đủ tiện ích xung quanh. - Thuận tiện di chuyển sang các quận 1, quận 3, quận 5, quận 6, Tân Bình,... - Pháp lý chuẩn, công chứng ngay. - Liên hệ: Nguyện (call/zalo). Miễn hợp tác môi giới. -------------------- MÃ: ĐP25282521.",Hồ Chí Minh,Nhà,7200000000,51.0,7200000000.0,0.0,matched_2pct,"[{""source"": ""title"", ""text"": ""7,2tỷ"", ""parsed_value_vnd"": 7200000000.0, ""basis"": ""total"", ""total_equivalent_vnd"": 7200000000.0}, {""source"": ""description"", ""text"": ""7,2tỷ. - Nhà có kết "", ""parsed_value_vnd"": 7200000000.0, ""basis"": ""total"", ""total_equivalent_vnd"": 7200000000.0}]"
shard_0004.parquet,319093,BÁN GẤP 2pn tại Thảo Điền - View sông lầu cao,"Chính chủ gửi bán căn hộ 2 phòng ngủ tâng cao, view sông tại Tropic Garden Thảo Điên. Hiện đang có căn hộ 2PN tại Tropic Garden, Thảo Điền không còn nhu cầu ở nên cần bán lại. Căn hộ năm ở tâng cao, view sông Sài Gòn rất thoáng, gió mát cả ngày. Diện tích hợp lý, thiết kế thông minh, các phòng đều có ánh sáng tự nhiên. Khu căn hộ an ninh, dân trí cao, nhiều chuyên gia nước ngoài sinh sông. Nội khu đầy đủ tiện ích: Hồ bơi, gym, BBQ, siêu thị mini, công viên rất tiện lợi cho gia đình. Vị trí trung tâm Thảo Điền, thuận tiện di chuyển vào trung tâm thành phố. Sang tên nhanh gọn. Giá bán đế lại rất tốt cho khách thiện chí.",Hồ Chí Minh,Căn hộ chung cư,6700000000,75.0,,,no_supported_price,[]
shard_0007.parquet,278671,"Bán nhà 2 tầng 2 mặt kiệt Trần Cao Vân gần biển Nguyễn Tất Thành giá 2,65 tỷ","Bán nhà 2 tầng 2 mặt kiệt Trần Cao Vân, Tam Thuận, Thanh Khê gần biển Nguyễn Tất Thành giá 2,65 tỷ. Cần bán nhà 2 tầng 2 mặt kiệt Trần Cao Vân, phường Tam Thuận, quận Thanh Khê, TP Đà Nẵng. Vị trí gần đường lớn Nguyễn Tất Thành, di chuyển ra biển nhanh, khu dân cư hiện hữu, tiện ích đầy đủ. Diện tích: 35m². Kết cấu: Nhà gác lửng kiên cố. Công năng: 2 phòng ngủ, 1 phòng khách, 2 WC, phòng thờ. Ưu điểm: Nhà 2 mặt kiệt thông thoáng, đón gió và ánh sáng tự nhiên, không gian sống dễ chịu. Hiện trạng: Đang cho thuê 3,5 triệu/tháng, phù hợp mua đầu tư hoặc ở. Giá bán: 2,65 tỷ (còn thương lượng cho khách thiện chí). Liên hệ xem nhà:",Đà Nẵng,Nhà,2650000000,35.0,2650000000.0,0.0,matched_2pct,"[{""source"": ""title"", ""text"": ""2,65 tỷ"", ""parsed_value_vnd"": 2650000000.0, ""basis"": ""total"", ""total_equivalent_vnd"": 2650000000.0}, {""source"": ""description"", ""text"": ""2,65 tỷ. Cần bán nhà 2"", ""parsed_value_vnd"": 2650000000.0, ""basis"": ""total"", ""total_equivalent_vnd"": 2650000000.0}, {""source"": ""description"", ""text"": ""2,65 tỷ (còn thương lư"", ""parsed_value_vnd"": 2650000000.0, ""basis"": ""total"", ""total_equivalent_vnd"": 2650000000.0}]"
shard_0009.parquet,238180,"Bán đất khu dân cư 1181 Lê Văn Lương Phước Kiển DT 90m2 sổ hồng riêng, XD tự do, giá 78tr/m2","Bán đất nền sổ hồng riêng khu dân cư 1181 Lê Văn Lương Phước Kiển. Vị trí dân cư giao thông thuận tiện, xung quanh tiện ích đầy đủ, dân cư đông đúc. Diện tích: 5 x 18m (90m2). Hướng chính Tây. Sổ hồng riêng. Giá 78tr/m2. LH: Em Nguyên.",Hồ Chí Minh,Đất,7020000000,90.0,7020000000.0,0.0,matched_2pct,"[{""source"": ""title"", ""text"": ""78tr/m2"", ""parsed_value_vnd"": 78000000.0, ""basis"": ""per_m2"", ""total_equivalent_vnd"": 7020000000.0}, {""source"": ""description"", ""text"": ""78tr/m2. LH: Em Ngu"", ""parsed_value_vnd"": 78000000.0, ""basis"": ""per_m2"", ""total_equivalent_vnd"": 7020000000.0}]"
shard_0004.parquet,283269,"Bán căn hộ 113 Trung Kính, giá ưu đãi 9,4 tỷ, 94m2, Cầu Giấy, Hà Nội","Căn hộ chung cư 113 Trung Kính tọa lạc tại Trung Kính, Yên Hòa, Cầu Giấy, Hà Nội, mang đến không gian sống lý tưởng với diện tích 94m2 và thiết kế hiện đại. - 3 phòng ngủ rộng rãi, thích hợp cho gia đình. - 2 nhà vệ sinh tiện nghi. - Hướng cửa chính Đông Bắc, ban công Tây Nam, giúp đón gió và ánh sáng tự nhiên. - Pháp lý đầy đủ, sổ đỏ chính chủ Ưu điểm: - Phong thủy tốt, mang lại tài lộc cho gia chủ. - Khu vực an ninh cao, yên tĩnh, lý tưởng cho cuộc sống gia đình. Gần các tiện ích: - Cách trường học, bệnh viện, siêu thị, chợ... - Cách siêu thị Winmart+ 1,5km. - Cách công viên Yên Hòa 1km. Liên hệ Anh Đức [phone_number]",Hà Nội,Căn hộ chung cư,9400000000,94.0,9400000000.0,0.0,matched_2pct,"[{""source"": ""title"", ""text"": ""9,4 tỷ, 94m2, Cầu Giấ"", ""parsed_value_vnd"": 9400000000.0, ""basis"": ""total"", ""total_equivalent_vnd"": 9400000000.0}]"
shard_0007.parquet,39282,"Chính chủ cần bán rẻ 445m2 thổ cư mặt tiền đường Láng Le Bàu Cò, gần Khu di tích, giá chỉ 7,5 tỷ","Bán đất mặt tiền Láng Le Bàu Cò, xã Tân Nhựt, Bình Chánh, TP. HCM. - Diện tích: 7,7m x 65m. - Sổ hồng riêng, công nhận 445m2, có 331m2 thổ cư. - Đường nhựa thông thoáng mới mở rộng, tiện xây kho xưởng và nhà trọ. - Giá bán: 7,5 tỷ. Liên hệ Bảo để xem đất và gặp chính chủ làm việc.",Hồ Chí Minh,Đất,7500000000,445.0,7500000000.0,0.0,matched_2pct,"[{""source"": ""title"", ""text"": ""7,5 tỷ"", ""parsed_value_vnd"": 7500000000.0, ""basis"": ""total"", ""total_equivalent_vnd"": 7500000000.0}, {""source"": ""description"", ""text"": ""7,5 tỷ. Liên hệ Bảo đ"", ""parsed_value_vnd"": 7500000000.0, ""basis"": ""total"", ""total_equivalent_vnd"": 7500000000.0}]"
shard_0003.parquet,64421,"Bán Đất 163m2 tại Nam Sông Mã, Trung Sơn, Sầm Sơn, giá thỏa thuận, view đẹp xuất sắc","Đất nền DTC, diện tích 163m2, tọa lạc tại đường Nam Sông Mã, ph Trung Sơn, Sầm Sơn, Thanh Hóa. Mặt tiền rộng 7m, đường rộng 30m, dễ dàng cho xe vào. Pháp lý đầy đủ, sổ đỏ. Khu vực này rất tiềm năng với dự án của Sun Group, bao gồm nhiều tiện ích như khu quảng trường biển, phố đi bộ, khách sạn 5 sao, và khu vui chơi giải trí Sun World. + Đặc điểm nổi bật: - Diện tích: 163m2 - Hướng cửa chính: Bắc - Mặt tiền: 7m - Đường: 30m - Pháp lý: đầy đủ Giới thiệu tổng quan dự án Dự án Sun Group Sầm Sơn nằm tại 3 xã Quảng Hưng, Quảng Minh, Quảng Đại và 8 phường Quảng Châu, Quảng Tiến, Trung Sơn, Quảng Thọ, Bắc Sơn, Trường Sơn, Quảng Cư thuộc TP. Sầm Sơn, tỉnh Thanh Hóa. Với quy mô 1.260ha, chia thành 2 phân khu: Sông Đơ và Quảng Trường biển Sầm Sơn. Dự án có nhiều loại hình bất động sản như shophouse, biệt thự, căn hộ khách sạn condotel, cùng nhiều tiện ích đỉnh cao như phố mua sắm, khu du thuyền, và",Thanh Hóa,Đất,,163.0,,,no_supported_price,[]
shard_0008.parquet,150351,"CHỦ NGỘP CẦN BÁN GẤP MT CMT8 ngay ngã 6 Dt 7.4x21=163m2 full thổ cư Lô gốc 2 Mt,khu kinh do","CHỦ NGỘP CẦN BÁN GẤP MT CMT8 ngay ngã 6 Dt 7.4x21=163m2 full thổ cư Lô gốc 2 Mt,khu kinh doanh sầm uất nhất đất thủ... Đang cho thuê 30tr/ tháng (HD thuê mới 5 năm) #Giá bán :18ty9",Bình Dương,Nhà,18900000000,163.0,18900000000.0,0.0,matched_2pct,"[{""source"": ""description"", ""text"": ""18ty9"", ""parsed_value_vnd"": 18900000000.0, ""basis"": ""total"", ""total_equivalent_vnd"": 18900000000.0}]"
shard_0006.parquet,246989,"Chính chủ bán căn 1PN - tầng cao - view trực diện sông Hàn - Pháo hoa DIFF, bàn giao 6/2026","Chính chủ bán căn góc 1PN Peninsula Đà Nẵng view trực diện sông Hàn, thưởng thức pháo hoa diff đẳng cấp. Thông tin chi tiết: Vị trí: Dự án Peninsula, trung tâm Đà Nẵng, sát sông Hàn, gần biển Mỹ Khê. Diện tích: 48,4m2 thiết kế căn góc, không gian rộng rãi, thoáng mát. Kết cấu: 2 phòng ngủ, 2WC, phòng khách, bếp, logia lớn. Ban công Đông Nam + Tây Nam, đón gió và ánh sáng tự nhiên cả ngày. View trực diện sông Hàn, tận hưởng cảnh quan thành phố lung linh về đêm. Đặc biệt: Tầm nhìn trực diện lễ hội pháo hoa quốc tế Đà Nẵng (DIFF), không cần chen chúc vẫn có vị trí đẳng cấp nhất để thưởng thức màn trình diễn pháo hoa hàng năm. Tình trạng: Mới 100%, bàn giao nội thất cao cấp. Tiện ích nổi bật: Hồ bơi vô cực, gym, spa, trung tâm thương mại. Công viên cây xanh, khu vui chơi trẻ em. Bãi đỗ xe rộng rãi, hệ thống an ninh 24/7. Để lại thông tin hoặc liên hệ ngay em Dũng để được hỗ trợ tư vấn chi ti",Đà Nẵng,Căn hộ chung cư,3146000000,48.4,,,no_supported_price,[]
shard_0006.parquet,134212,"Bán căn hộ Sun Cora Tower Hòa Xuân, Đà Nẵng","Căn 2PN Sun Cora Tower trung tâm Hòa Xuân sở hữu ngay giá tốt. Sun Cora Tower biểu tượng căn hộ cao cấp giữa lõi đô thị sinh thái Hòa Xuân. Không gian sống chuẩn Sun Group riêng tư đẳng cấp. Căn hộ 2 phòng ngủ lựa chọn hoàn hảo. Thiết kế thông minh tối ưu công năng. Chiều cao trần 3.5m cực kỳ thoáng mát. Bàn giao hoàn thiện trần tường sàn, nhận nhà ở ngay. Phù hợp gia đình trẻ chuyên gia đầu tư cho thuê. Tiện ích nội khu khép kín sống như resort. Hồ bơi Gym Spa Sauna nóng/lạnh. Kid Club quy mô lớn. F&B Shophouse thương mại ngay tầng đế. Căn hộ sân vườn Duplex giới hạn cho cư dân tinh hoa. Vị trí vàng kết nối toàn thành phố. Mặt tiền Nguyễn Phước Lan & 29/03. Trung tâm khu đô thị Hòa Xuân môi trường sống xanh, văn minh. Di chuyển nhanh Hải Châu sân bay biển. Chính sách tài chính cực tốt. Chiết khấu lên đến 18.5%. 0% lãi suất đến 30 tháng hỗ trợ vay 70%. Thanh toán giãn 24 tháng. Miễn phí ",Đà Nẵng,Căn hộ chung cư,3500000000,54.0,,,no_supported_price,[]
shard_0000.parquet,343741,"SIÊU RẺ... Chủ nhà gửi bán căn hộ 2PN + 1 DT 79m2 The Beverly, giá chỉ 55tr/m2","Chủ nhà gửi em bán căn hộ phân khu The Beverly. Diện tích 79m2. Thiết kế 2PN + 1 có thể làm 3PN. Hướng view Đông Bắc, hướng mát, tầm view thoáng không bị chắn. Giá 4,4 tỷ. LH: [phone_number]",Hà Nội,Căn hộ chung cư,4400000000,79.0,4345000000.0,0.012658227848101266,matched_2pct,"[{""source"": ""title"", ""text"": ""55tr/m2"", ""parsed_value_vnd"": 55000000.0, ""basis"": ""per_m2"", ""total_equivalent_vnd"": 4345000000.0}, {""source"": ""description"", ""text"": ""4,4 tỷ. LH: [phone_nu"", ""parsed_value_vnd"": 4400000000.0, ""basis"": ""total"", ""total_equivalent_vnd"": 4400000000.0}]"
shard_0000.parquet,170109,"Chính chủ bán căn 2PN 2VS tòa PR6 rẻ nhất thị trường, giá 3.6 tỷ bao phí, LH [phone_number]","Rẻ nhất thị trường căn 2pn 2vs chỉ 62.9m² tòa Paris. Giá tốt cho khách mua ở thực hoặc đầu tư chỉ dành cho ai ""săn"" giá rẻ! Thông tin căn hộ: Mã căn PR63821. Căn hộ 2 phòng ngủ, 2 vệ sinh. Diện tích: 62.9m² thiết kế tối ưu, không góc chết. Tầng áp mái thoáng mát, yên tĩnh. Hướng Đông Bắc đón gió, không nắng gắt. View thoáng, không bị chắn tầm nhìn. Phù hợp với: Khách hàng ưu tiên giá tốt nhất, không quá quan trọng tầng hoặc hướng. Nhà đầu tư mua cho thuê, mua lướt sóng. Gia đình trẻ cần chốn an cư chất lượng, giá mềm. Ưu điểm: Giá tốt nhất tòa Paris tính đến thời điểm hiện tại. Vị trí gần hồ san hô, ngay cửa ngõ dự án, kết nối thuận tiện với đường Lý Thánh Tông, cao tốc HN - HP. Tiện ích xung quanh đẳng cấp: Hồ bơi ngay nội khu gần 1000m2, hơn 1000 máy tập gym ngoài trời tại công viên hồ san hô chỉ cách 100m, TTTM Vincom mega small, trường học Vinschool, bệnh viện... Liên hệ ngay: [phone",Hà Nội,Căn hộ chung cư,3600000000,62.9,3600000000.0,0.0,matched_2pct,"[{""source"": ""title"", ""text"": ""3.6 tỷ bao phí, LH [p"", ""parsed_value_vnd"": 3600000000.0, ""basis"": ""total"", ""total_equivalent_vnd"": 3600000000.0}]"
shard_0005.parquet,124947,"Bán nhà mặt tiền Nguyễn Thái Bình, P. NTB, Q 1 - 8,2x20m - Hầm + 7 tầng - HĐT 280tr/th - Giá: 78 tỷ","Bán nhà mặt tiền đường Nguyễn Thái Bình, Phường Nguyễn Thái Bình, Quận 1 (Bây giờ là Phường Bến Thành) - Khu vực lõi trung tâm cực kì sang trọng tập trung nhiều tòa, trụ sở ngân hàng, khách sạn, chuỗi thương hiệu cao cấp,... - Diện tích: 8,2x20m - Kết cấu: Chỉ tiêu xây dựng: Hầm + 7 tầng - Hợp đồng thuê: 280 triệu mỗi tháng. - Giá: 78 tỷ. -------------- - Hotline/Zalo: [phone_number] Em Hoàng - Luôn sẵn sàng hỗ trợ tư vấn 24/7. - MIỄN TIẾP MÔI GIỚI, QUẢNG CÁO. - Trân trọng cảm ơn Quý cô chú, anh/chị đã quan tâm và theo dõi tin!",Hồ Chí Minh,Nhà,78000000000,158.0,,,multiple_text_prices,"[{""source"": ""title"", ""text"": ""280tr/th - Giá: 78 t"", ""parsed_value_vnd"": 280000000.0, ""basis"": ""total"", ""total_equivalent_vnd"": 280000000.0}, {""source"": ""title"", ""text"": ""78 tỷ"", ""parsed_value_vnd"": 78000000000.0, ""basis"": ""total"", ""total_equivalent_vnd"": 78000000000.0}, {""source"": ""description"", ""text"": ""78 tỷ. -------------"", ""parsed_value_vnd"": 78000000000.0, ""basis"": ""total"", ""total_equivalent_vnd"": 78000000000.0}]"
shard_0006.parquet,207860,"Duy nhất căn nhà hướng Đông Nam gần bãi tắm An Viên cần bán, 285m2, 3 phòng ngủ, sổ đỏ lâu dài","Cần bán căn Biệt thự tại Khu đô thị biển An Viên, Nha Trang. Vị trí gần biển, cách bãi tắm chỉ 1 dãy nhà. Diện tích 285m2 ngang 12 mét. Nhà 3 tầng, 2WC. Hướng Đông Nam. Full nội thất Giá bán 34,2 tỷ. (Đang cho thuê 30 triệu/tháng) sổ đỏ lâu dài. Quan tâm xin liên hệ: [phone_number] - Trần Sách",Khánh Hòa,Biệt thự/Nhà liền kề,34200000000,285.0,34200000000.000004,1.1154085572002922e-16,matched_2pct,"[{""source"": ""description"", ""text"": ""34,2 tỷ. (Đang cho thu"", ""parsed_value_vnd"": 34200000000.000004, ""basis"": ""total"", ""total_equivalent_vnd"": 34200000000.000004}]"
shard_0002.parquet,89760,"Bán nhà biệt thự 220m2 tại Phan Văn Hớn, Xuân Thới Thượng, Hóc Môn, giá siêu hời chỉ với 6,65 tỷ","Nhà biệt thự đẹp, nằm ở vị trí thuận lợi tại đường Phan Văn Hớn, xã Xuân Thới Thượng, Hóc Môn, Hồ Chí Minh. Với diện tích 220m2, nhà có 2 tầng, 4 phòng ngủ, 4 phòng tắm, phù hợp cho gia đình lớn hoặc những ai yêu thích không gian rộng rãi. + Diện tích: 220m2. + Giá: 6,65 tỷ VND. + 4 phòng ngủ, 4 phòng tắm, 1 phòng khách. + Nội thất đầy đủ: Điều hòa, giường, tủ lạnh, bếp. Nhà có mặt tiền 5m, ngõ vào rộng 20m, thuận tiện cho xe ô tô. Hướng cửa chính và ban công đều là Đông Bắc, mang lại phong thủy tốt cho gia chủ. Pháp lý đầy đủ, sổ đỏ/sổ hồng chính chủ, đảm bảo an toàn cho người mua. Gần các tiện ích như: Cách trường học An An Trading JSC khoảng 2km, cách siêu thị Bách Hóa Xanh 23/2 Phan Văn Hớn chỉ 1km, và công viên du lịch sinh thái Hóc Môn cũng chỉ 2km. Liên hệ ngay để biết thêm thông tin chi tiết và đặt lịch xem nhà: Phạm Tuấn Đạt.",Hồ Chí Minh,Biệt thự/Nhà liền kề,6650000000,220.0,6650000000.0,0.0,matched_2pct,"[{""source"": ""title"", ""text"": ""6,65 tỷ"", ""parsed_value_vnd"": 6650000000.0, ""basis"": ""total"", ""total_equivalent_vnd"": 6650000000.0}, {""source"": ""description"", ""text"": ""6,65 tỷ VND. + 4 phòng"", ""parsed_value_vnd"": 6650000000.0, ""basis"": ""total"", ""total_equivalent_vnd"": 6650000000.0}]"
shard_0008.parquet,11107,"Duy nhất nhà phố đường thông 6x20m - Elite 2 Aqua City giá bán 7,3 tỷ.","Còn duy nhất 1 căn nhà phố diện tích đất 6x20m, thuộc phân khu Elite 2 (khu tai thỏ) , đường thông vị trí đẹp, nhà thiết kế 1 trệt 2 lầu, diện tích sàn 216m² - Giá bán trong tháng 1 chỉ 7,3 tỷ. - Thiết kế được 4PN, 5WC, cho gia đình 2 - 3 thế hệ. - Gần công viên, clubhouse, trường học. - Giá đang thấp nhất toàn khu. - Aqua City có vị thế đắc địa bao quanh là sông Đồng Nai có quy mô 1.000 hecta là dự án có quy mô lớn nhất - Thành phố sinh thái đáng sống bậc nhất khu Đông. - Cơ hội bắt đáy khi mặt bằng giá đang ở 2019 là mức giá thấp nhất tại Aqua city. - Dự án đã hoàn tất pháp lý và bàn giao nhà ở 1 số phân khu. Các phân khu còn lại sẽ hoàn tất pháp lý vào Tháng 7/2025 và triển khai lại toàn bộ dự án để hoàn tất vào 2026 - 2027.",Đồng Nai,Biệt thự/Nhà liền kề,7300000000,120.0,7300000000.0,0.0,matched_2pct,"[{""source"": ""title"", ""text"": ""7,3 tỷ."", ""parsed_value_vnd"": 7300000000.0, ""basis"": ""total"", ""total_equivalent_vnd"": 7300000000.0}, {""source"": ""description"", ""text"": ""7,3 tỷ. - Thiết kế đư"", ""parsed_value_vnd"": 7300000000.0, ""basis"": ""total"", ""total_equivalent_vnd"": 7300000000.0}]"
shard_0007.parquet,236275,"CHÍNH CHỦ CẦN BÁN NHÀ TRỆT LẦU Ở TÂN ĐÔNG HIỆP. GẦN CHỢ, SÂN XE HƠI. DT 100M. 3PN, 3WC. BUÔN BÁN OK","BÁN NHÀ LẦU TRỆT gần chợ Đoàn Thị Kia Phường Tân Đông Hiệp _ Dĩ An nay là P. Dĩ An tp HCM Sát bên chợ tự phát Diện Tích : gần 5 x20 = 100m Thiết Kế : Lầu Trệt Gồm Sân Xe Hơi _ P.Khách Rộng, P.Bếp - P.Ngủ . Đường Thảm Nhựa Rộng - buôn bán OK Hướng Đông Nam Giá Bán : 5 Tỷ 199 Triệu - Thương Lương Lh Đào gc",Bình Dương,Nhà,5199000000,100.0,5199000000.0,0.0,matched_2pct,"[{""source"": ""description"", ""text"": ""5 Tỷ 199 Triệu - Th"", ""parsed_value_vnd"": 5199000000.0, ""basis"": ""total"", ""total_equivalent_vnd"": 5199000000.0}]"
shard_0005.parquet,210200,"Bán đất ngõ 65 Kẻ Tạnh, Giang Biên, Long Biên. Chỉ cách 1 nhà ra hồ, đường ô tô tránh, định cư đỉnh","Bán đất ngõ 65 Kẻ Tạnh, Giang Biên, Long Biên. Chỉ cách 1 nhà ra hồ, đường ô tô tránh, định cư đỉnh: Diện tích: 112m. Mặt tiền: 4m Đường: 6m. Hướng: Đông Vị trí: Bán đất ngõ 65 Kẻ Tạnh, Giang Biên. Lô đất nằm trục đường chính ngõ thông các ngả, + Nằm cách hồ điều hòa chỉ 1 nhà, rất phù hợp xây nhà định cư lâu dài. + Mảnh đất cách chợ Quán Tình chỉ 500m, xung quan có đầy đủ tiện ích an sinh cao cấp, trường chất lượng cao. + Cách vài trăm mét vào dự án VinhomeRiverside, 10p chạy tới phố Cổ. Giá bán: 19 tỷ. Sổ đỏ chính chủ. Có thương lượng cho người mua thiện chí. Liên hệ xem đất: [phone_number] + Miễn phí môi giới, hỗ trợ thủ tục pháp lý, hỗ trợ vay vốn ngân hàng lãi suất thấp.",Hà Nội,Đất,19000000000,112.0,19000000000.0,0.0,matched_2pct,"[{""source"": ""description"", ""text"": ""19 tỷ. Sổ đỏ chính c"", ""parsed_value_vnd"": 19000000000.0, ""basis"": ""total"", ""total_equivalent_vnd"": 19000000000.0}]"
shard_0006.parquet,154731,"Bán đất Xuân Mai, 2,6 tỷ, 76m2, hàng hiếm tại Chương Mỹ, Hà Nội","Đất nền tại Thị trấn Xuân Mai, Chương Mỹ, Hà Nội, sở hữu vị trí đắc địa với diện tích 76m2. - Pháp lý đầy đủ, sổ đỏ/ sổ hồng. - Mặt tiền rộng 5.5m, rất thuận lợi cho việc kinh doanh hoặc xây dựng nhà ở. - Ngõ vào rộng 5m, dễ dàng di chuyển, phù hợp cho cả ô tô. - Hướng cửa chính Đông Bắc, phong thủy tốt, mang lại tài lộc cho gia chủ. Đặc biệt, đất có vị trí gần các tiện ích sống như: - Cách trường Sỹ quan Đặc công chỉ 1km. - Cách Trường Cao đẳng Nông nghiệp & Phát triển Nông thôn Bắc Bộ khoảng 1.5km. - Cách Siêu thị Lan Chi Xuân Mai tầm 1km, thuận tiện cho việc mua sắm. Liên hệ ngay để biết thêm chi tiết về bất động sản này qua số điện thoại hoặc liên hệ với Hùng Mạnh. Không bỏ lỡ cơ hội sở hữu đất nền giá cực chất tại Chương Mỹ.",Hà Nội,Đất,2432000000,76.0,2600000000.0,0.06461538461538462,mismatch,"[{""source"": ""title"", ""text"": ""2,6 tỷ, 76m2, hàng hi"", ""parsed_value_vnd"": 2600000000.0, ""basis"": ""total"", ""total_equivalent_vnd"": 2600000000.0}]"
shard_0001.parquet,29767,BÁN NHÀ MỚI LENG KENG - 4 tầng - FULL NỘI THẤT SỊN SÒ - Khu dân cư yên tĩnh - Đông Nam Mát Mẻ,"NHÀ XÂY MỚI 4 TẦNG SANG -XỊN-MỊN TẶNG KÈM FULL NỘI THẤT XỊN XÒ. Bán nhà 4 tầng đường số 24 phường Linh Đông - Khu dân cư an ninh, yên tĩnh sắp tới sẽ xây kín và nâng cao hẻm sạch sẽ. - Thuộc khu trung tâm phường Linh Đông, đường 24 thông Đường Linh Đông kết nối dễ dàng với tuyến đường Phạm Văn Đồng. - Nhà có tầng trệt: gồm Gara để xe ô tô riêng rộng 25m2, phòng khách + bếp rộng 45 m2, Tầng 1, 2 thiết kế giống nhau gồm 4 phòng ngủ có WC khép kín, Tầng 4: Phòng thờ rộng 10m2, sân thượng trước, sau. - Được thiết kế khoa học, bố trí công năng hợp lý, có ô giếng trời giữa nhà thông thoáng và có thể tận dụng làm ô chờ thang máy, bảo hành 01 năm từ ngày bàn giao. - Đường trước nhà 4,5 m sạch sẽ xe ô tô 5 chỗ vào nhà. - Lưu ý: Khu vực trước nhà không ngập, không lỗi phong thủy, xung quanh không có mồ mả, rất thông thoáng và mát mẻ xem nhà là thích. - Diện tích :4,35x15m =66.1m2 ( thổ cư 100%), t",Hồ Chí Minh,Nhà,6750000000,66.1,,,no_supported_price,[]
shard_0004.parquet,113609,Có 102! Bán nhà Trích Sài - Tây Hồ - Gần phố ôtô đỗ cổng - KD 3 bước ra Hồ Tây 48m2 5T nhỉnh 15 tỷ,"- Vị trí đỉnh - 3 bước ra Hồ Tây, không gian sống trong lành hiếm có! Nhà nằm ngay khu vực trung tâm Tây Hồ, vài bước là ra mặt hồ tận hưởng không khí mát lành, tản bộ ngắm hoàng hôn mỗi chiều. Giao thông thuận tiện, kết nối nhanh các trục đường lớn như Trích Sài, Nguyễn Đình Thi, Thụy Khuê, Lạc Long Quân, di chuyển dễ dàng về Ba Đình, Cầu Giấy. Tiện ích sống cao cấp: Gần trường học, chợ, siêu thị, quán cà phê ven hồ, nhà hàng sang trọng, trung tâm thể thao, khu vui chơi. Khu dân trí cao, an ninh tuyệt đối, hàng xóm thân thiện, xung quanh toàn nhà đẹp, biệt thự, căn hộ cao cấp. - Thiết kế hiện đại, công năng đầy đủ: Tầng 1: Không gian rộng rãi để xe, sinh hoạt chung; chủ mới có thể tùy chỉnh theo nhu cầu. Tầng 2: Phòng khách sang trọng, bếp + khu ăn uống tiện nghi. Tầng 3 - 4: Mỗi tầng 2 phòng ngủ thoáng sáng, vệ sinh chung giữa tầng. Tầng 5: Phòng thờ trang nghiêm, sân phơi thoáng mát. ",Hà Nội,Nhà,15500000000,48.0,15000000000.0,0.03333333333333333,mismatch,"[{""source"": ""title"", ""text"": ""15 tỷ"", ""parsed_value_vnd"": 15000000000.0, ""basis"": ""total"", ""total_equivalent_vnd"": 15000000000.0}, {""source"": ""description"", ""text"": ""15 tỷ. Sổ đỏ chính c"", ""parsed_value_vnd"": 15000000000.0, ""basis"": ""total"", ""total_equivalent_vnd"": 15000000000.0}]"
shard_0008.parquet,48747,Bán căn hộ 2pn Sky forest view BTĐ Nguyên bản tầng đẹp. Lh [phone_number],"Gia đình thay đổi nhu cầu nên bán căn hộ có 2 ngủ Sky forest để mua lên 3 ngủ Chi tiết Diện tích sử dụng 62.7m2 Công năng 2pn2vs View về biệt thự đảo và ngắm pháo hoa, tầng đẹp Giá bán hơn 5 tỷ Bác nào quan tâm gọi em [phone_number] nhé",Hưng Yên,Căn hộ chung cư,,63.0,5000000000.0,,missing_structured_price,"[{""source"": ""description"", ""text"": ""5 tỷ Bác nào quan t"", ""parsed_value_vnd"": 5000000000.0, ""basis"": ""total"", ""total_equivalent_vnd"": 5000000000.0}]"
shard_0007.parquet,59305,"Bán gấp CHCC Newton, Phú Nhuận, 52m2, 2PN, 1WC, giá 4.1 tỷ. LH: Hồng)","Cần bán gấp căn hộ Newton Residence địa chỉ: 38 Trương Quốc Dung, phường 8, quận Phú Nhuận, HCM. - Chủ đầu tư: Novaland. - Giấy tờ pháp lý rõ ràng. - Diện tích: 52m2, gồm 2 phòng ngũ, 1 nhà vệ sinh. - Tiện ích: Hồ bơi nước tràn, phòng gym, khu vui chơi trẻ em, cafe, ngân hàng, khuôn viên... - Vị trí: Gần sân bay Tân Sơn Nhất, di chuyển nhanh chóng đến các quận như Tân Bình, Phú Nhuận, Quận 3, Quận 1... Liên hệ xem nhà: gặp Hồng.",Hồ Chí Minh,Căn hộ chung cư,4100000000,52.0,4099999999.9999995,1.1630174590320123e-16,matched_2pct,"[{""source"": ""title"", ""text"": ""4.1 tỷ. LH: Hồng)"", ""parsed_value_vnd"": 4099999999.9999995, ""basis"": ""total"", ""total_equivalent_vnd"": 4099999999.9999995}]"
shard_0004.parquet,297344,NGỘP BANK gấp bán nhà hẻm 102 Lê Văn Thọ 79m2 nở hậu 5.7m 4 lầu sát CV Làng Hoa chỉ 9 tỷ.,"NGỘP BANK gấp bán nhà hẻm 102 Lê Văn Thọ 79m2 nở hậu 5.7m 4 lầu sát CV Làng Hoa chỉ 9 tỷ. * Gia đình ông anh kẹt vốn kinh doanh, cần bán gấp nhà 4 tầng đang kinh doanh online khu phân lô đồng bộ, xe hơi đậu trước cửa ngày đêm. * Ngộp lắm rồi cần bán gấp có giá tốt cho khách thiện chí mua!!! * Diện tích 79m2, nở hậu phát tài 5.7m, 4 lầu còn mới, hẻm 102 Lê Văn Thọ thẳng 1 trục. * Gần công viên Làng Hoa, chợ Hạnh Thông Tây, siêu thị, trường học, ngân hàng, bệnh viện, tuyến đường lớn Quang Trung - Lê Văn Thọ, ra sân bay chỉ 15 phút, thuận tiện sang Tân Bình, Phú Nhuận, Bình Thạnh... * Giá thương lượng bất ngờ, cơ hội không có lần thứ 2. * Sổ hồng riêng, hoàn công đầy đủ, đang nhờ ngân hàng giữ hộ. Miễn Môi giới và trung gian..! Nhà thật Giá thật Xứng đáng là Tổ ấm mơ ước cho gia đình thành đạt. ** HÃY ĐỂ TÔI ĐỒNG HÀNH CÙNG BẠN TÌM CĂN NÀ MƠ ƯỚC** Còn rất nhiều tiện ích xung quanh để được tư",Hồ Chí Minh,Nhà,9000000000,79.0,9000000000.0,0.0,matched_2pct,"[{""source"": ""title"", ""text"": ""9 tỷ."", ""parsed_value_vnd"": 9000000000.0, ""basis"": ""total"", ""total_equivalent_vnd"": 9000000000.0}, {""source"": ""description"", ""text"": ""9 tỷ. * Gia đình ôn"", ""parsed_value_vnd"": 9000000000.0, ""basis"": ""total"", ""total_equivalent_vnd"": 9000000000.0}]"
shard_0006.parquet,340733,Gia Đình Tôi Cần Bán Gấp Căn Hộ Tầng Cao Tòa PARK2 - 68m2 VIEW Thoáng BC Đông Nam Giá Rẻ Nhất Dự Án,EUROWINDOW PARK bán Tòa PARK2 Tầng Cao View Thoáng BC Đông Nam - Diện Tích : 68m2 - 2N2VS - Nội Thất full đồ víp đẹp sang sẵn sổ giao dịch - LH Để được hỗ trợ nhanh nhất,Hà Nội,Căn hộ chung cư,4500000000,68.0,,,no_supported_price,[]
shard_0004.parquet,289309,"Em gái nhờ bán nhà Đại La DT 56m2 4T MT 4.6m giá 12,8tỷ Hai Bà Trưng Hà Nội. Nhà đep, 10m ra phố","Em gái nhờ bán nhà Đại La DT 56m2 4T MT 4.6m giá 12,8 tỷ Hai Bà Trưng Hà Nội. Cách MP 20m - nhà đẹp full nội thất - phải thật nhanh mới còn ạ. Mô tả: Ngõ to rộng ba gác tránh xe máy thoải mái. Cách mặt phố 10m, khách mua về ở cực đỉnh. - Diện tích rộng, nhà đẹp, 3 mặt thoáng, vị trí gần mặt phố, kc mua về ở sướng. - Gần chợ trường học, trung tâm thương mại lớn an sinh đỉnh cao. - Thiết kế: Nhà 4 tầng, mỗi tầng 2 phòng ngủ. Kiến trúc sư thiết kế tặng full nội thất. - Nhà 3 thoáng phòng nào cũng có ánh sáng tự nhiên. - Sổ đỏ đẹp. LH [phone_number]",Hà Nội,Nhà,12800000000,56.0,12800000000.0,0.0,matched_2pct,"[{""source"": ""title"", ""text"": ""12,8tỷ Hai Bà Trưng H"", ""parsed_value_vnd"": 12800000000.0, ""basis"": ""total"", ""total_equivalent_vnd"": 12800000000.0}, {""source"": ""description"", ""text"": ""12,8 tỷ Hai Bà Trưng H"", ""parsed_value_vnd"": 12800000000.0, ""basis"": ""total"", ""total_equivalent_vnd"": 12800000000.0}]"
shard_0009.parquet,182016,Bán gấp nhà phân lô Thái Hà -32m2* 5 tầng đẹp giá nhỉnh 8 tỷ,"- Diện tích 32m2*5 tầng ,mặt tiền 3.5m - Thiết kế :tầng 1 khách ,bếp các tầng trên mỗi tầng 1 phòng ngủ ,1 vệ sinh - Nhà nằm ngõ đẹp ,khu đông dân ,đang cho thuê dòng tiền cao,sinh hoạt rất tiện lợi -sổ đỏ chính chủ - Giá nhỉnh 8.9 tỷ LH Mr Đức",Hà Nội,Nhà,8000000000,32.0,8000000000.0,0.0,matched_2pct,"[{""source"": ""title"", ""text"": ""8 tỷ"", ""parsed_value_vnd"": 8000000000.0, ""basis"": ""total"", ""total_equivalent_vnd"": 8000000000.0}, {""source"": ""description"", ""text"": ""8.9 tỷ LH Mr Đức"", ""parsed_value_vnd"": 8900000000.0, ""basis"": ""total"", ""total_equivalent_vnd"": 8900000000.0}]"
shard_0003.parquet,261018,Hàng xóm nhờ - Bán nhà ngõ 38 Xuân La - Tây Hồ - Ngay trường đại học bộ Nội Vụ - gần ô tô 40m2 x 5T,"Hàng xóm nhờ bán nhà ngõ 38 Xuân La - Tây Hồ - Ngay trường đại học Bộ Nội Vụ - Ngoại Giao Đoàn - Đại Sứ Quán Hàn Quốc. 40m2 sử dụng, nhà 5 tầng mới tinh. Siêu phẩm nhà mới Xuân La, Tây Hồ, ở luôn chính chủ nhờ bán căn nhà ngõ 38 Xuân La - Tây Hồ chỉ 8.3 tỷ. Nhà 5 tầng đầy đủ công năng 3 ngủ. - Tiện ích vô vàn, không thiếu gì, gần chợ, gần ô tô. - Sổ đỏ đẹp, sẵn giao dịch.",Hà Nội,Nhà,8300000000,40.0,8300000000.000001,1.1490052004894577e-16,matched_2pct,"[{""source"": ""description"", ""text"": ""8.3 tỷ. Nhà 5 tầng đầ"", ""parsed_value_vnd"": 8300000000.000001, ""basis"": ""total"", ""total_equivalent_vnd"": 8300000000.000001}]"
shard_0000.parquet,299064,"Chuyển công tác Gia đình cần bán căn hộ Phúc Thịnh, Quận 5 65m², 2PN, 2WC Giá chỉ 3.5 tỷ","Vì chuyển công tác, gia đình tôi cần bán lại căn hộ tâm huyết tại chung cư Phúc Thịnh, Quận 5 nơi đã gắn bó nhiều năm và mang lại cuộc sống an lành, tiện nghi cho cả gia đình. Diện tích: 65m² Kết cấu: 2 phòng ngủ, 2 nhà vệ sinh, phòng khách rộng rãi, bếp thoáng, ban công đón gió Tầng cao, view đẹp, nhà sáng thoáng tự nhiên Tình trạng nhà: Còn rất mới, sạch đẹp, chỉ cần xách vali vào ở ngay Tiện ích nội khu đầy đủ: Hồ bơi, phòng gym, khu vui chơi trẻ em Siêu thị mini, cửa hàng tiện lợi ngay dưới tầng trệt Hầm để xe rộng, thang máy tốc độ cao An ninh 24/24, hệ thống camera giám sát chuyên nghiệp Vị trí đắc địa: Trung tâm Quận 5, giáp Quận 1 thuận tiện đi lại Gần bệnh viện Chợ Rẫy, Hùng Vương, các trường học cấp 1-2-3 Khu dân cư an ninh, dân trí cao Giá bán: 3.5 tỷ có thương lượng nhẹ cho người mua thiện chí Liên hệ: [phone_number] để xem nhà thực tế và hỗ trợ thủ tục nhanh gọn Nhà thật Hìn",Hồ Chí Minh,Căn hộ chung cư,3500000000,65.0,3500000000.0,0.0,matched_2pct,"[{""source"": ""title"", ""text"": ""3.5 tỷ"", ""parsed_value_vnd"": 3500000000.0, ""basis"": ""total"", ""total_equivalent_vnd"": 3500000000.0}, {""source"": ""description"", ""text"": ""3.5 tỷ có thương lượn"", ""parsed_value_vnd"": 3500000000.0, ""basis"": ""total"", ""total_equivalent_vnd"": 3500000000.0}]"
shard_0001.parquet,307790,"Siêu xịn bán nhà Hoàng Mai 6 tầng - ô tô tránh - chỉ 4,9 tỷ","Bán nhà Tân Mai - Hoàng Mai, nằm mặt ngõ ô tô tránh. Xây chắc chắn, thiết kế hợp lý, full đồ chỉ việc ở. Nhà 6 tầng 4PN 3WC. Giá siêu hời chỉ 4,9 tỷ. Liên hệ em: Xuân",Hà Nội,Nhà,4900000000,29.0,4900000000.0,0.0,matched_2pct,"[{""source"": ""title"", ""text"": ""4,9 tỷ"", ""parsed_value_vnd"": 4900000000.0, ""basis"": ""total"", ""total_equivalent_vnd"": 4900000000.0}, {""source"": ""description"", ""text"": ""4,9 tỷ. Liên hệ em: X"", ""parsed_value_vnd"": 4900000000.0, ""basis"": ""total"", ""total_equivalent_vnd"": 4900000000.0}]"
shard_0003.parquet,23693,"bán nhà phố Hoàng Văn Thái, Thanh Xuân. Phân lô quân đội, ngõ thông Ô TÔ tránh vào nhà, Kinh Doanh.","BÁN NHÀ PHỐ HOÀNG VĂN THÁI, QUẬN THANH XUÂN . PHÂN LÔ QUÂN ĐỘI - NGÕ THÔNG Ô TÔ TRÁNH VÀO NHÀ - KINH DOANH - THANG MÁY . DIỆN TÍCH 60M X 5 TẦNG X MT 4.8M GIÁ 21.5 TỶ ( có thương lượng). + Vị trí nhà đẹp nằm phố Hoàng Văn Thái phố VIP bậc nhất quận Thanh Xuân. + Nhà nằm trong khu phân lô Quân Đội toàn tướng tá ở khu vực dân trí cao an sinh đỉnh, an ninh tốt gần rất nhiều các trường ĐH lớn , bệnh viện y hà nội... + nhà nằm mặt ngõ thông Ô TÔ tránh vào nhà , Kinh Doanh đỉnh, giao thông đi lại thuận tiện. + Thiết kế nhà 5 tầng Thang Máy mới đẹp và hiện đại. + Sổ đỏ chính chủ phân lô giao dịch ngay. LH zalo) để xem nhà.",Hà Nội,Nhà,20500000000,60.0,21500000000.0,0.046511627906976744,mismatch,"[{""source"": ""description"", ""text"": ""21.5 TỶ ( có thương lư"", ""parsed_value_vnd"": 21500000000.0, ""basis"": ""total"", ""total_equivalent_vnd"": 21500000000.0}]"
shard_0006.parquet,278465,"Bán nhà riêng tại Phan Văn Hân, 8,25 tỷ, 60m2, giá cực chất uy tín","Nhà riêng tọa lạc tại đường Phan Văn Hân, phường 17, Bình Thạnh, Hồ Chí Minh với những đặc điểm nổi bật: + Diện tích 60m2, thiết kế 6 tầng, không gian rộng rãi và thoáng đãng. + Giá bán 8,25 tỷ, phù hợp với nhu cầu của nhiều gia đình. + Pháp lý đầy đủ, sổ đỏ, đảm bảo quyền lợi cho chủ sở hữu. Địa điểm tiện ích xung quanh: + Gần bệnh viện Ung Bướu, bệnh viện thẩm mỹ Thanh Vân, bệnh viện Nhi Đồng 2. + Công viên Chi Lăng là nơi lý tưởng để thư giãn và tập thể dục. + Siêu thị điện máy Tự Do, Winmart+, và siêu thị trực tuyến Chiaki đáp ứng nhu cầu mua sắm hàng ngày. + Trường Casa Panda Montessori và Trung tâm KTDH IELTS thuận lợi cho việc học tập. Liên hệ để biết thêm thông tin chi tiết: Phạm Gia Phúc",Hồ Chí Minh,Nhà,8250000000,60.0,8250000000.0,0.0,matched_2pct,"[{""source"": ""title"", ""text"": ""8,25 tỷ, 60m2, giá cực"", ""parsed_value_vnd"": 8250000000.0, ""basis"": ""total"", ""total_equivalent_vnd"": 8250000000.0}, {""source"": ""description"", ""text"": ""8,25 tỷ, phù hợp với n"", ""parsed_value_vnd"": 8250000000.0, ""basis"": ""total"", ""total_equivalent_vnd"": 8250000000.0}]"
shard_0005.parquet,90160,"Bán nhà 2 Tầng - 70m2(4x18) - 5,15 Tỷ - Thạnh Lộc 22, Gần Hà Huy Giáp, Ngã 4 Ga, Quận 12.","Bán nhà 2 Tầng - 70m2(4x18) - 5,15 Tỷ - Thạnh Lộc 22, Gần Hà Huy Giáp, Ngã 4 Ga, Quận 12. Diện tích: 4m 18m 2 tầng, thiết kế hiện đại, vào ở ngay Hẻm xe hơi di chuyển siêu tiện, chỉ 5 phút qua Gò Vấp:",Hồ Chí Minh,Nhà,5150000000,70.0,5150000000.0,0.0,matched_2pct,"[{""source"": ""title"", ""text"": ""5,15 Tỷ - Thạnh Lộc 22"", ""parsed_value_vnd"": 5150000000.0, ""basis"": ""total"", ""total_equivalent_vnd"": 5150000000.0}, {""source"": ""description"", ""text"": ""5,15 Tỷ - Thạnh Lộc 22"", ""parsed_value_vnd"": 5150000000.0, ""basis"": ""total"", ""total_equivalent_vnd"": 5150000000.0}]"
shard_0002.parquet,3283,"Bán đất tặng nhà DT 200m2, mặt tiền đường nhựa 7m5","Bán nhà cấp 4 bề ngang đất 11m. DT đất 200m2. Nhà xây 1/2 đất còn lại để trống ai xây tiếp thêm 1 căn nữa hoặc trồng rau làm sân vườn. Nhà cấp 4 cũ có 1 pn sân rộng rãi. Vị trí mặt tiền đường 7m5 liên thôn la bông - yến nê Hoà Tiến. Phù hợp kinh doanh buôn bán, làm kho bãi, xây biệt thự. Giá 3 tỷ 200.",Đà Nẵng,Đất,3200000000,200.0,3000000000.0,0.06666666666666667,mismatch,"[{""source"": ""description"", ""text"": ""3 tỷ 200."", ""parsed_value_vnd"": 3000000000.0, ""basis"": ""total"", ""total_equivalent_vnd"": 3000000000.0}]"
shard_0001.parquet,1727,Bán lô đất đẹp như ốc đảo view sông & biển cực hiếm,"Vị trí: Đảo Đông Hải P. Đông Hải, Nam Khánh Hòa. Diện tích: 100m² (5x20m) Sổ hồng riêng. Lợi thế độc bản: Trước sông, sau biển thế đất phong thủy vượng. Nằm trong khu dân cư hiện hữu, quy hoạch rõ ràng. Thích hợp xây homestay, nhà vườn, second home ven biển. Hạ tầng hoàn thiện đường ô tô tới tận nơi. Giá chỉ từ 34 - 36 triệu/m² (~3.5 tỷ/lô). Liên hệ ngay để xem đất số lượng cực hiếm!",Ninh Thuận,Đất,3500000000,100.0,,,multiple_text_prices,"[{""source"": ""description"", ""text"": ""36 triệu/m² (~3.5 tỷ/lô"", ""parsed_value_vnd"": 36000000.0, ""basis"": ""per_m2"", ""total_equivalent_vnd"": 3600000000.0}, {""source"": ""description"", ""text"": ""3.5 tỷ/lô). Liên hệ n"", ""parsed_value_vnd"": 3500000000.0, ""basis"": ""total"", ""total_equivalent_vnd"": 3500000000.0}]"
shard_0003.parquet,239862,"Bán Đất tại xã thiểm khê cũ , nay là Phường Lưu Kiếm, Thủy Nguyên, Hải Phòng, giá siêu hời, 60m2","Đất nền cần bán tại xã thiểm khê ,nay là Phường Lưu Kiếm, Thủy Nguyên, Hải Phòng, với diện tích 60m2 và giá 500 triệu VND. + Ngõ vào rộng 5m, thuận tiện cho việc di chuyển + Pháp lý đầy đủ, đảm bảo an toàn cho giao dịch + Khu vực yên tĩnh, thích hợp cho việc xây dựng nhà ở hoặc đầu tư lâu dài + Hạ tầng khu vực phát triển, dễ dàng kết nối giao thông. Đất có vị trí đẹp, rất phù hợp cho những ai muốn tìm kiếm một nơi an cư lạc nghiệp hoặc đầu tư sinh lời. Liên hệ ngay Phạm Duy Vĩnh qua số điện thoại [phone_number]để được tư vấn 24/7",Hải Phòng,Đất,500000000,60.0,500000000.0,0.0,matched_2pct,"[{""source"": ""description"", ""text"": ""500 triệu VND. + Ngõ vào"", ""parsed_value_vnd"": 500000000.0, ""basis"": ""total"", ""total_equivalent_vnd"": 500000000.0}]"
shard_0002.parquet,324724,Bán Nhà 5 Tầng Khu Đồng Bộ Khu Phạm Văn Đồng Cực Tốt hẻm xe hơi quay đầu duy nhất Giá: 9.5ty,"Thông tin chi tiết căn nhà: Kết cấu: 1 trệt, 4 lầu (tổng 5 tầng) xây dựng chắc chắn, thiết kế hiện đại. Công năng đầy đủ: Gara để xe, phòng khách, bếp ăn rộng, 7 phòng ngủ khép kín, sân thượng trước sau thoáng mát, khu giặt phơi riêng biệt. Nội thất cao cấp, sang trọng khách mua chỉ việc dọn vào ở ngay. Ưu điểm vị trí hẻm xe hơi quay đầu duy nhất: Nằm trong khu nhà đồng bộ khang trang, hẻm thông thoáng, sạch sẽ, dân trí cao, an ninh tuyệt đối. Xe hơi vào tận nhà và quay đầu dễ dàng cực hiếm trong phân khúc. Cách trục chính Phạm Văn Đồng chỉ vài bước, di chuyển cực nhanh và thuận tiện đến: Sân bay Tân Sơn Nhất: 10 phút. Bình Thạnh Quận 1: chỉ 15 phút chạy xe. Thủ Đức TP Thủ Đức: 10 phút. Kết nối dễ dàng sang các quận trung tâm khác nhờ đại lộ Phạm Văn Đồng rộng thoáng, ít kẹt xe. Tiện ích xung quanh đa dạng: Gần siêu thị Emart, Coopmart, Vincom, trung tâm thương mại Giga Mall Phạm Văn Đồn",Hồ Chí Minh,Nhà,9500000000,60.0,9500000000.0,0.0,matched_2pct,"[{""source"": ""title"", ""text"": ""9.5ty"", ""parsed_value_vnd"": 9500000000.0, ""basis"": ""total"", ""total_equivalent_vnd"": 9500000000.0}, {""source"": ""description"", ""text"": ""9.5 tỷ còn thương lượ"", ""parsed_value_vnd"": 9500000000.0, ""basis"": ""total"", ""total_equivalent_vnd"": 9500000000.0}]"
shard_0004.parquet,290142,"Cần bán shophouse Masteri An Phú P. Thảo Điền, DTXD: 170m2 1T3L giá 30 tỷ còn TL. LH: [phone_number]","Cần bán shophouse Masteri An Phú vị trí đẹp, kinh doanh đỉnh. Vị trí: Masteri An Phú, mặt tiền Xa Lộ Hà Nội, Phường Thảo Điền, TP. Thủ Đức. Diện tích: 170m². Kết cấu: 1 trệt 3 lầu thiết kế thông thoáng, tối ưu công năng sử dụng. Phù hợp: Mở showroom, spa, văn phòng, nhà hàng, hoặc cho thuê đầu tư sinh lời. Khu dân cư cao cấp, đông đúc, khách hàng tiềm năng. Giao thông thuận tiện, kết nối nhanh Quận 1, Bình Thạnh, Phú Nhuận. Tiện ích nội khu đầy đủ: Hồ bơi, gym, siêu thị, nhà hàng... Giá bán: 30 tỷ thương lượng khách thiện chí. Liên hệ: [phone_number]",Hồ Chí Minh,Shophouse,30000000000,170.0,30000000000.0,0.0,matched_2pct,"[{""source"": ""title"", ""text"": ""30 tỷ còn TL. LH: [p"", ""parsed_value_vnd"": 30000000000.0, ""basis"": ""total"", ""total_equivalent_vnd"": 30000000000.0}, {""source"": ""description"", ""text"": ""30 tỷ thương lượng k"", ""parsed_value_vnd"": 30000000000.0, ""basis"": ""total"", ""total_equivalent_vnd"": 30000000000.0}]"
shard_0008.parquet,55351,"Chủ định cư nước ngoài, cần bán gấp căn hộ Bcons City tháp Green Topaz","- Vị trí kết nối tốt: Tọa lạc tại mặt tiền đường Thống Nhất, phường Đông Hòa, TP. Dĩ An, tỉnh Bình Dương. Tuyến đường chính kết nối dễ dàng với TP. Thủ Đức và TP. HCM. Thuộc khu vực liền kề Làng Đại học Quốc gia TP. HCM, gần các tiện ích giáo dục và khu dân cư phát triển. - Kiến trúc & thiết kế căn hộ thông minh: Thiết kế căn hộ hiện đại, tối ưu không gian sử dụng với đa phần căn 2 phòng ngủ + 2WC. 100% căn hộ có ban công, đón sáng và gió tự nhiên tốt, nâng cao chất lượng sống. Mặt bằng tầng bố trí hợp lý, view hướng mở rộng về hồ tự nhiên & khu Đại học, tạo cảm giác thoáng đãng. - Tiện ích nội khu đầy đủ: Dự án cung cấp nhiều tiện ích phục vụ cư dân ngay trong khuôn viên (tầng thấp và xung quanh): Công viên cây xanh. Nhà trẻ. Phòng sinh hoạt cộng đồng. Vườn nướng BBQ. Shophouse thương mại. Khu vui chơi trẻ em. - Phù hợp cho đầu tư cho thuê: Diện tích căn hộ tương đối phổ biến (51 - 64m2",Bình Dương,Căn hộ chung cư,2200000000,52.0,,,no_supported_price,[]
shard_0007.parquet,234588,"Chính chủ bán căn hộ Green Town Bình Tân 63m2/ 2PN, tặng NT, giá 2.5 tỷ - LH:","Bán căn hộ Green Town Bình Tân, ngay khu dân cư Vĩnh Lộc, cách siêu thị Aeon Tân Phú chỉ 10'. - Diện tích: 63m2. - Thiết kế: 2 phòng ngủ, 2WC, logia phơi giặt riêng. - Tiện ích xung quanh đầy đủ, chỉ cách vài bước chân. - Giá bán: 2.5 tỷ. - Ngân hàng hỗ trợ vay lãi suất ưu đãi. * Liên hệ xem nhà ngay: Ms Nhung (call, zalo).",Hồ Chí Minh,Căn hộ chung cư,2500000000,63.0,2500000000.0,0.0,matched_2pct,"[{""source"": ""title"", ""text"": ""2.5 tỷ - LH:"", ""parsed_value_vnd"": 2500000000.0, ""basis"": ""total"", ""total_equivalent_vnd"": 2500000000.0}, {""source"": ""description"", ""text"": ""2.5 tỷ. - Ngân hàng h"", ""parsed_value_vnd"": 2500000000.0, ""basis"": ""total"", ""total_equivalent_vnd"": 2500000000.0}]"
shard_0004.parquet,46079,"Bán GẤP nhà đẹp Hẽm Ô Tô. Lê Đức Thọ,P15.Gò Vấp.5 lầu.76m2.chỉ 9,5 Tỷ Thương Lượng","Bán gấp nhà đẹp hẽm ô tô, đường Lê Đức Thọ, P15, Gò Vấp. 76m2. chỉ 9,5 Tỷ Thương Lượng * Nhà chính chủ cần bán nhanh để di chuyển chổ ở, ngay trung tâm quận Gò Vấp, di chuyển nhanh đến các quận trung tâm qua những trục đường lớn như, Thống Nhất, Phan Văn Trị, Nguyễn Văn Lượng... + Cần bán gấp với thiết kế 5 tầng,DTSD 216,2m2, 5mx16m, hàng hiếm ngang 5m, dành cho đại gia đình với 5PN lớn, 5 toilet. ô tô ngủ trong nhà * Vị trí đẹp, hơi hiếm nhà bán, tiện ích không thiếu thứ gì, ngay trung tâm thuận lợi mọi thứ từ giao thông đến môi trường sống xung quanh. Liền kề khu đại gia Cityland. Siêu thị Lotte. Gần chợ Xóm Mới, trường học các cấp, cao ốc, cửa hàng tiện ích, kinh doanh buôn bán, ra sân bay Tân Sơn Nhất cũng rất gần, bệnh viện, cơ quan chính quyền... + Pháp lý rõ ràng, chính chủ 1 đời, vuông vức, giao dịch chính chủ. + Giá bán: 9.5 tỷ (có thương lượng). ** Một căn nhà đẹp không chờ ai ",Hồ Chí Minh,Nhà,9500000000,76.0,9500000000.0,0.0,matched_2pct,"[{""source"": ""title"", ""text"": ""9,5 Tỷ Thương Lượng"", ""parsed_value_vnd"": 9500000000.0, ""basis"": ""total"", ""total_equivalent_vnd"": 9500000000.0}, {""source"": ""description"", ""text"": ""9,5 Tỷ Thương Lượng *"", ""parsed_value_vnd"": 9500000000.0, ""basis"": ""total"", ""total_equivalent_vnd"": 9500000000.0}, {""source"": ""description"", ""text"": ""9.5 tỷ (có thương lượ"", ""parsed_value_vnd"": 9500000000.0, ""basis"": ""total"", ""total_equivalent_vnd"": 9500000000.0}]"
shard_0005.parquet,178744,- Bán lô góc ngõ trải nhựa Đoàn Xá - Kiến Thụy,"- Bán lô góc ngõ trải nhựa Đoàn Xá - Kiến Thụy - Diện tích 90m2 - Ngang 4m - Lô 2 mặt ngõ đẹp - Mặt ngõ rộng rãi, trải nhựa đẹp - Khu dân cư đông đúc và phát triển cao - Gần các dự án lớn như : Cảng biển, logistic, KCN - Tiện ích xung quanh đầy đủ - Giá bán 1.8 tỷ Liên hệ để biết thêm chi tiết: ====================== NHÀ ĐẤT ANH MINH - Chuyên đất nền Dương Kinh - Kiến Thụy - Đồ Sơn - Địa chỉ: 782 Phạm Văn Đồng, Dương Kinh, Hải Phòng. Liên hệ: [phone_number]",Hải Phòng,Đất,1800000000,90.0,1800000000.0,0.0,matched_2pct,"[{""source"": ""description"", ""text"": ""1.8 tỷ Liên hệ để biế"", ""parsed_value_vnd"": 1800000000.0, ""basis"": ""total"", ""total_equivalent_vnd"": 1800000000.0}]"
shard_0009.parquet,160494,"Bán Nhà Riêng 4,8 tỷ, 57m2 tại Ngô Chí Quốc, Tam Bình, Thủ Đức, TP.HCM - Hot! uy tín","Nhà riêng 3 tầng, diện tích 57m2 tại Đường Ngô Chí Quốc, Phường Tam Bình, Hồ Chí Minh (địa chỉ cũ: Thành phố Thủ Đức, Hồ Chí Minh) là lựa chọn lý tưởng cho những ai đang tìm kiếm một không gian sống thoải mái và tiện nghi. Với 4m mặt tiền và 6m ngõ vào, dễ dàng di chuyển và tiếp cận. - Giá: 4,8 tỷ VND - 3 tầng, 3PN, 2WC - Không nội thất, thuận tiện tự thiết kế theo ý thích - Pháp lý đầy đủ, sổ hồng Nhà nằm trong khu vực yên tĩnh, thuận lợi cho sinh hoạt hàng ngày. Ngõ vào rộng rãi, phù hợp cho ô tô. Mặt tiền rộng, có thể sử dụng cho mục đích kinh doanh nếu cần. Gần các tiện ích như: + Gần trường mầm non song ngữ Hoa Sen Bình Chiểu + Gần siêu thị Bách Hóa Xanh và siêu thị Mẹ Bầu & Em Bé Con Cưng + Có công viên Bình Đức gần kề + Gần Bệnh viện Quân Y 4 và Trạm Y Tế Phường Bình Chiểu Liên hệ ngay để biết thêm chi tiết và đặt lịch xem nhà. Thanh Tuyền",Hồ Chí Minh,Nhà,4800000000,57.0,4800000000.0,0.0,matched_2pct,"[{""source"": ""title"", ""text"": ""4,8 tỷ, 57m2 tại Ngô "", ""parsed_value_vnd"": 4800000000.0, ""basis"": ""total"", ""total_equivalent_vnd"": 4800000000.0}, {""source"": ""description"", ""text"": ""4,8 tỷ VND - 3 tầng, "", ""parsed_value_vnd"": 4800000000.0, ""basis"": ""total"", ""total_equivalent_vnd"": 4800000000.0}]"
shard_0009.parquet,277209,"Bán nhà hẻm CMT8 ngay vòng xoay Thánh Gióng, Phước Nguyên, Tp Bà Rịa","Chính chủ gửi bán nhà gần vòng xoay Thánh Gióng, CMT8 P. Phước Hiệp Cũ, Bà Rịa. DT: 4,5x12,8m nở hậu, tổng 58,5m2 (thổ cư 100%). Hẻm bê tông ôtô vào trước nhà. Nhà có 2 phòng ngủ, wc, bếp, khách. Nhà đẹp xách vali vào ở luôn không cần sửa chữa ak. 2 tỷ 486tr. Lh: Nắm chủ. Ms1998.",Bà Rịa - Vũng Tàu,Nhà,2486000000,58.5,2486000000.0,0.0,matched_2pct,"[{""source"": ""description"", ""text"": ""2 tỷ 486tr. Lh: Nắm"", ""parsed_value_vnd"": 2486000000.0, ""basis"": ""total"", ""total_equivalent_vnd"": 2486000000.0}]"
shard_0007.parquet,98320,"Bán nhà 3 lầu - Thạnh Xuân 24,Q12. Giá : 5,6 tỷ","- Nhà SHR 3 lầu,hẻm ô tô - Thạnh Xuân 24, Q12 *** Giá bán : 5 tỷ 600 triệu còn bớt - Diện tích : 4x 13.5M. - Thiết kế: 1 trệt, 2 lầu, 3PN, 4WC, ban công, phòng thờ, sân xe, giếng trời. - Đường nhựa 7m khu dân trí cao, an ninh. Vị trí đẹp nằm ngay UBND Thạnh Xuân 25, Chợ, Hà Huy Giáp, Tô Ngọc Vân. - Sổ hồng riêng, đã hoàn công, hướng Đông Bắc.",Hồ Chí Minh,Nhà,5600000000,57.0,5600000000.0,0.0,matched_2pct,"[{""source"": ""title"", ""text"": ""5,6 tỷ"", ""parsed_value_vnd"": 5600000000.0, ""basis"": ""total"", ""total_equivalent_vnd"": 5600000000.0}, {""source"": ""description"", ""text"": ""5 tỷ 600 triệu còn "", ""parsed_value_vnd"": 5600000000.0, ""basis"": ""total"", ""total_equivalent_vnd"": 5600000000.0}]"
shard_0002.parquet,128362,Bán biệt thự Louis Hoàng Mai - Mặt đường 32m - Lô góc - View hồ - 195m2 x 5T. Giá bán 68.5 tỷ,"+ Thông số - khu vực: - Diện tích: 195m², 5 tầng, mặt tiền 8.6m. - Khu vực: Louis Cty Hoàng Mai - Đại lộ Hoàng Mai. + Điểm nổi bật - tiện ích: - Vị trí tuyệt đẹp, mặt đường 32m, lô góc, view hồ, kinh doanh sầm uất đa dạng... - Hiện trạng nhà xây thô hoàn thiện mặt ngoài, kiến trúc đẹp sang trọng và hiện đại, khách mua hoàn thiện trong theo ý muốn... - Khu đô thị có hạ tầng đồng bộ, vỉa hè rộng đá bóng, ô tô dừng đỗ ngày đêm, nơi sinh sống đẳng cấp... - Giao thông thuận tiện, kết nối tới các tuyến phố Tam Trinh, Gamuda, Vành Đai 2,5, Vành Đai 3... - Bán kính 2 km đến các bệnh viện lớn: Bệnh viện Bạch Mai - Bệnh viện Thanh Nhàn - Bệnh viện Vinmec... - Gần các trường đại học lớn: Kinh tế - Bách Khoa - Xây dựng - Kinh doanh công nghệ - Kinh tế Kỹ thuật Công nghiệp. + Pháp lý chuẩn: Sổ chính chủ, vuông vắn, cất két sẵn sàng giao dịch. + Hãy liên hệ ngay để biết thêm thông tin: Đt/Zalo: [phone",Hà Nội,Biệt thự/Nhà liền kề,68500000000,195.0,68500000000.0,0.0,matched_2pct,"[{""source"": ""title"", ""text"": ""68.5 tỷ"", ""parsed_value_vnd"": 68500000000.0, ""basis"": ""total"", ""total_equivalent_vnd"": 68500000000.0}]"
shard_0004.parquet,138709,Bán nhà phố Yên Lãng - 30m2 x 4 tầng - lô góc 2 mặt thoáng - chậm là hết,"Vị trí quá đẹp, đi bộ ra mặt phố Yên Lãng, nhà lô góc 2 mặt thoáng, ngõ thông các ngả. - Nhà 4 tầng với 3 Phòng ngủ khép kín đầy đủ công năng sử dụng, tiện ích xung quanh không thiếu thứ gì. - Trung tâm quận Đống Đa cách phố 20M, lô góc cực thoáng, quy hoạch ổn định, các phòng đều có cửa sổ rộng và ban công hai mặt thoáng sáng. - Phố Yên Lãng di chuyển Đường Láng, Thịnh Quang, Thái Thịnh, Hoàng Cầu...! Thiết kế: + Tầng 1: Chỗ để xe, Bếp và WC. + Tầng 2,3,4: Tổng 3 phòng ngủ khép kín. Sổ đỏ chính chủ, nở hậu.",Hà Nội,Nhà,7500000000,30.0,,,no_supported_price,[]
shard_0001.parquet,78083,"Bán đất tại mặt tiền đường Cao Thị Chính 40m, ngay chợ Phú Thuận, diện tích 130m2 giá 25,5 tỷ TL","Chính chủ gửi bán lô góc 2 mặt tiền chợ Phú Thuận, Quận 7. Diện tích: 6.5 x 20 = 130m². GPXD: 1 trệt 3 lầu xây dựng ngay. Pháp lý đầy đủ sang tên nhanh. Giá: 25,5 tỷ thương lượng. Địa chỉ: Lô góc đường Cao Thị Chính ngay cổng chính chợ Phú Thuận, khu vực cực kỳ sầm uất. Đường rộng 40m, khu dân cư đông đúc thuận tiện kinh doanh đa ngành nghề. Hiện đang cho thuê: Nail, quần áo, trái cây... Thu nhập ổn định. Bao quanh là hàng loạt chung cư lớn: Nam Long, Tấn Trường, V - Star, Ngọc Lan, Phát Đạt, Sunshine Homes, Riviera Point, Star Hill... Tất cả đều gắn liền với chợ Phú Thuận. Cách 500m: Công viên Mũi Đèn Đỏ khu phức hợp quốc tế 117.8ha (Vạn Thịnh Phát Pavilion Genting Group đầu tư). Gần UBND Q. 7, BQL Khu Nam, SECC, Crescent Mall, Phú Mỹ Hưng... Liên hệ: Phước Sửu [phone_number]",Hồ Chí Minh,Đất,25500000000,130.0,25500000000.0,0.0,matched_2pct,"[{""source"": ""title"", ""text"": ""25,5 tỷ TL"", ""parsed_value_vnd"": 25500000000.0, ""basis"": ""total"", ""total_equivalent_vnd"": 25500000000.0}, {""source"": ""description"", ""text"": ""25,5 tỷ thương lượng. "", ""parsed_value_vnd"": 25500000000.0, ""basis"": ""total"", ""total_equivalent_vnd"": 25500000000.0}]"
shard_0006.parquet,50569,Bán đất chính chủ 50m2 tại trung tâm thành phố,"Mặt đường Hoàng Pha - Hoàng Động chỉ từ 1,x tỷ. Kinh doanh buôn bán gì chẳng được. Mặt đường nhựa 7m kinh doanh gì cũng được. Vị trí: Ngay khu công nghiệp Nam Cầu Kiền, đường thông các ngả, kinh doanh buôn bán cực sầm uất. Đất đẹp, bằng phẳng, không lỗi phong thủy. Pháp lý rõ ràng, sổ sẵn mua là sang tên ngay. Phù hợp Kinh doanh buôn bán, sát khu công nghiệp. Liên hệ ngay:",Hải Phòng,Đất,2000000000,50.0,,,no_supported_price,[]
shard_0008.parquet,28546,Mình bán đất Bình Nhâm 38 gần Nguyễn Chí Thanh | 117m2 (8 x15) full OĐT,"Mình bán đất Bình Nhâm 38 gần Nguyễn Chí Thanh | 117m2 (8 x15) full OĐT. Chính chủ gửi bán lô đất đường Bình Nhâm 38, thông ra Nguyễn Chí Thanh. Đường xe hơi vào tận đất, khu dân cư ở đẹp. Đi trung tâm Sài Gòn ~40 phút. Diện tích: 117m² (8 x15m). Pháp lý: Full ODT, không quy hoạch không tranh chấp. Xung quanh hàng xóm thân thiện, xây dựng tự do. Giá bán: 2,85 tỷ. Liên hệ: Tuấn em chủ).",Bình Dương,Đất,2850000000,117.0,2850000000.0,0.0,matched_2pct,"[{""source"": ""description"", ""text"": ""2,85 tỷ. Liên hệ: Tuấn"", ""parsed_value_vnd"": 2850000000.0, ""basis"": ""total"", ""total_equivalent_vnd"": 2850000000.0}]"
shard_0007.parquet,31479,Bán nhà cấp 4 giá rẻ đường Hưng Nhơn - SHR,"Bán nhà cấp 4 giá rẻ đường Hưng Nhơn - SHR. - Diện tích: 5x20m. - Kết cấu: Nhà cấp 4, phòng khách, 2 phòng ngủ, 2 nhà vệ sinh, sân trước, sân sau. - Gần chợ Bờ Ngựa, bệnh viện, ủy ban nhân dân, trường học. - Sổ hồng riêng. - Ngân hàng hỗ trợ vay 70%. - DT cho thuê 5 - 7 tr/tháng. Liên hệ: [phone_number] Phương Linh để được trực tiếp xem nhà (miễn tiếp cò lái).",Hồ Chí Minh,Nhà,,100.0,,,no_supported_price,[]
shard_0000.parquet,323652,"Bân chung cư mặt đường Trần Phú. Dt: 74m2 nhà đẹp. Nội thất sang trọng. Dân trí cao. Giá: 4,65 tỷ","Chung cư mặt đường Trần Phú. Dt: 74m2. Nội thất 5 sao. An ninh tốt. Dân trí cao. Giá: 4,65 tỷ. - Vị trí cực đẹp. Dưới chân chung cư là các cửa hàng, siêu thị, phòng khám, bể bơi, phòng Gym, trường mẫu giáo. Nhìn sang là ga tàu điện ngầm. Cách 200m là chợ trung tâm.. Nói chung là vô vàn tiện ích. - Giao thông thuận tiện. Gần các trường đại học lớn như Bưu Chính, Hà nội, kiến trúc. - Nhà nội thất cực đẹp. Chủ nhà là kiến trúc sư. Nên thẩm mỹ rất tinh tế. Gần như nhập khẩu toàn đồ nước ngoài. Thiết kế bên trong theo kiểu Châu Âu. - Nhà 2 mặt đều thoáng. Ban công đón khí trời. Mùa đông ấm áp. Mùa hè thoáng mát. - Nhà rất có lộc. Chủ nhà con cái đều thành đạt. Do nhu cầu đổi nhà to hơn nên họ mới bán. - Sổ đỏ đẹp. Chủ nhà dễ tính và thiện chí bán. - Tặng toàn bộ nội thất và đồ dùng gia đình cho chủ mới. - Giá có thương lượng. Liên hệ: [phone_number]. Mr Dũng. Uy tín - Trung thực.",Hà Nội,Căn hộ chung cư,4650000000,74.0,4650000000.0,0.0,matched_2pct,"[{""source"": ""title"", ""text"": ""4,65 tỷ"", ""parsed_value_vnd"": 4650000000.0, ""basis"": ""total"", ""total_equivalent_vnd"": 4650000000.0}, {""source"": ""description"", ""text"": ""4,65 tỷ. - Vị trí cực "", ""parsed_value_vnd"": 4650000000.0, ""basis"": ""total"", ""total_equivalent_vnd"": 4650000000.0}]"
shard_0001.parquet,226683,BÁN GẤP LÔ ĐẤT THỔ CƯ P. ĐÔ VINH - 126M2 - 1 TỶ 2 - SHR,"CẦN BÁN LÔ ĐẤT THỔ CƯ - PHƯỜNG ĐÔ VINH, TP. PHAN RANG Thông tin lô đất: Diện tích: 126m² (ngang 7,6m nở hậu) sổ riêng Đường bê tông rộng, ô tô ra vào thoải mái Tiện ích xung quanh: Gần chợ, trường tiểu học Đô Vinh, UBND, trạm y tế Khu dân cư hiện hữu, an ninh, hàng xóm thân thiện Đầy đủ điện, nước máy, internet, đèn đường",Ninh Thuận,Đất,1200000000,126.0,1000000000.0,0.2,mismatch,"[{""source"": ""title"", ""text"": ""1 TỶ 2 - SHR"", ""parsed_value_vnd"": 1000000000.0, ""basis"": ""total"", ""total_equivalent_vnd"": 1000000000.0}]"
shard_0005.parquet,141706,"79M2 RẺ HƠN LÔ KẾ BÊN 100TR, LIỀN KỀ DÃY NHÀ ĐANG XÂY BÁN, CHỦ CẦN BÁN GẤP","- Chủ cần bán gấp lô đất để xử lý công việc, nên chấp nhân giảm 100 triệu, rẻ hơn lô kế bên để bán nhanh trong tháng lô đất đường Nguyễn Văn Thành phường Định Hòa, Thủ Dầu Một Cũ, nay là P. Chánh Hiệp, TP. Hồ Chí Minh mới. ngay trung tâm ngã tư Sở Sao, cách trung tâm hành chính TP. Mới, siêu thị AEON, Cappital land chỉ 2km... - Diện tích: Ngang 5,8m Dài 14m (79m2) Thổ cư 60m2 xây dựng - Pháp lý đầy đủ, Sổ Hồng Riêng đảm bảo an toàn cho giao dịch - Gía bán 1,690 tỷ còn thương lượng Điểm nổi bật: + Nằm ở vị trí thuận lợi, dễ dàng di chuyển + Mặt tiền rộng, lý tưởng cho các hoạt động thương mại + Gần trường cấp 1,2,3 thuận lợi cho các chau đi học + Gần Bệnh Viện Đa Khoa Phương Chi, Đa Khoa 1500 giường + Siêu thị, bách hóa xanh chỉ 100m là tới Liên hệ Thanh để xem đất và thêm nhiều sản phẩm tại Định Hòa",Bình Dương,Đất,1690000000,79.0,100000000.0,15.9,mismatch,"[{""source"": ""title"", ""text"": ""100TR, LIỀN KỀ DÃY N"", ""parsed_value_vnd"": 100000000.0, ""basis"": ""total"", ""total_equivalent_vnd"": 100000000.0}, {""source"": ""description"", ""text"": ""100 triệu, rẻ hơn lô kế "", ""parsed_value_vnd"": 100000000.0, ""basis"": ""total"", ""total_equivalent_vnd"": 100000000.0}, {""source"": ""description"", ""text"": ""1,690 tỷ còn thương lượ"", ""parsed_value_vnd"": 1690000000000.0, ""basis"": ""total"", ""total_equivalent_vnd"": 1690000000000.0}]"
shard_0003.parquet,22164,"Bán nhà riêng tại Đoàn Thị Điểm, Phú Nhuận, 8,6 tỷ, 31m2, giá ưu đãi","Nhanh tay sở hữu căn nhà riêng 4 tầng tại Đoàn Thị Điểm, Phường 1, Phú Nhuận, Hồ Chí Minh. Với diện tích 31m2, giá bán 8,6 tỷ VND, căn nhà này sở hữu pháp lý đầy đủ, là lựa chọn lý tưởng cho những ai đang tìm kiếm không gian sống tiện nghi và hiện đại. - Điểm đặc sắc: + 4 tầng thiết kế thông minh. + Khu vực yên tĩnh, dân trí cao. - Khu vực xung quanh: + Gần bệnh viện An Sinh, Bệnh viện Đa khoa Hoàn Mỹ Sài Gòn, Bệnh viện Tai Mũi Họng TP.HCM. + Công viên Hồ Văn Huê cho những buổi thư giãn cuối tuần. + Siêu thị Winmart+ và Chiaki đáp ứng nhu cầu mua sắm hàng ngày. + Các trường học như Toán Tư Duy Mathnasium Cù Lao, Trường Quốc Tế Á Châu - Trannhatduat Campus, Miraiku Little Hands Nursery. Để biết thêm thông tin chi tiết, liên hệ Lê Đăng Anh qua số [phone_number]",Hồ Chí Minh,Nhà,8600000000,31.0,8600000000.0,0.0,matched_2pct,"[{""source"": ""title"", ""text"": ""8,6 tỷ, 31m2, giá ưu "", ""parsed_value_vnd"": 8600000000.0, ""basis"": ""total"", ""total_equivalent_vnd"": 8600000000.0}, {""source"": ""description"", ""text"": ""8,6 tỷ VND, căn nhà n"", ""parsed_value_vnd"": 8600000000.0, ""basis"": ""total"", ""total_equivalent_vnd"": 8600000000.0}]"
shard_0005.parquet,79960,Bán căn hộ chung cư The Botanica (chủ đầu tư Novaland) thiết kế 2pn 2wc 73m2,"Bán căn hộ 2PN 2WC y hình. Căn hộ Chung cư cao cấp The Botanica - Chủ đầu dc tư Novaland. Đ/c: 104 Phổ Quang, Phường 2, quận Tân Bình, TP. HCM. - Giá: 5.5 tỷ. - Diện tích: 73m2, 2 phòng ngủ, 2WC. - Đầy đủ nội thất y hình. - Sử dụng miễn phí: Hồ bơi, gym, BBQ. LH: Xem nhà bất kỳ lúc nào nhé Phone/zalo/viber)ol.",Hồ Chí Minh,Căn hộ chung cư,5500000000,73.0,5500000000.0,0.0,matched_2pct,"[{""source"": ""description"", ""text"": ""5.5 tỷ. - Diện tích: "", ""parsed_value_vnd"": 5500000000.0, ""basis"": ""total"", ""total_equivalent_vnd"": 5500000000.0}]"
shard_0000.parquet,159163,"Bán lô góc kinh doanh mặt tiền 10m khu Sơn Trà, gần phố Hàn Dương Đình Nghệ, view công viên","Bán lô góc kinh doanh mặt tiền 10m khu Sơn Trà, gần phố Hàn Dương Đình Nghệ, view công viên. - DT: 98m2, ngang 10m. - Khu sầm uất, trục thông Ngô Quyền và Phạm Văn Đồng, view công viên. - Thích hợp mua ở, đầu tư xây tòa căn hộ cho thuê. - Giá: 11,5 tỷ (thương lượng chính chủ).",Đà Nẵng,Đất,11500000000,98.0,11500000000.0,0.0,matched_2pct,"[{""source"": ""description"", ""text"": ""11,5 tỷ (thương lượng "", ""parsed_value_vnd"": 11500000000.0, ""basis"": ""total"", ""total_equivalent_vnd"": 11500000000.0}]"
shard_0000.parquet,134565,"Bán gấp căn 3 PN 100m2,giá 8x tỷ, Full nội thất đẹp ở ngay, Toà Discovery Complex LH:[phone_number]","Bán gấp căn 3 phòng ngủ 100m2, giá 8x tỷ, Full nội thất đẹp ở ngay, Toà Discovery Complex 302 cầu giấy LH: [phone_number]G Do có nhu cầu chuyển lên căn rộng hơn gia đình tôi cần bán lại căn 3 phòng ngủ, 2 WC tại tòa 302 Cầu Giấy. + Diện tích 105m². Giá bán 8x tỷ. - Cao 54 tầng, 10 tầng trung tâm thương mại đã hoạt động, 5 tầng hầm để xe. - Đầy đủ mọi tiện ích. - Bể bơi 4 mùa rộng 400m. - Tầng 2 của trung tâm thương mại kết nối trực tiếp với ga số 7 tuyến tàu điện trên cao Nhổn - Ga Hà Nội. Liên hệ: [phone_number]f để được tư vấn 24/7 Cảm ơn quý khách đã xem tin!",Hà Nội,Căn hộ chung cư,8200000000,105.0,,,no_supported_price,[]
shard_0004.parquet,313489,"BÁN NHÀ NGUYỄN ĐÌNH HOÀN CẦU GIẤY DT 40/45M x 6T x MT 4,3M GIÁ 18,6 TỶ CÓ THƯƠNG LƯỢNG",HÀ MỚI 6 TẦNG THANG MÁY - NGÕ THÔNG Ô TÔ KINH DOANH - 20M RA PHỐ - NGÕ THÔNG -Vị trí vài bước ra phố-Mặt ngõ thông ô tô kinh doanh-6 tầng thang máy -Thiết kế: 6 TẦNG SỔ ĐỎ CHÍNH CHỦ SSGD LH :E DƯƠNG ) TƯ VẤN,Hà Nội,Nhà,18600000000,40.0,18600000000.0,0.0,matched_2pct,"[{""source"": ""title"", ""text"": ""18,6 TỶ CÓ THƯƠNG LƯỢN"", ""parsed_value_vnd"": 18600000000.0, ""basis"": ""total"", ""total_equivalent_vnd"": 18600000000.0}]"
shard_0006.parquet,249319,"Cần bán lô đất tại Cư Yên, Lương Sơn với diện tích 401,6m2","Phân lô vỉa hè 6 lô đất Cư Yên, Lương Sơn phân khúc 2 tỷ. Diện tích 390 - 450m2, có 66m2 ont. Cách hồ Đồng Chanh chỉ vài trăm mét. Giao thông thuận tiện: QL6 & đường HCM: 2km. TT Xuân Mai: 5km. Trung tâm Hà Nội: 40km. Sổ đỏ chuẩn công chứng ngay bao phí sang tên. Liên hệ: Đơn vị bán hàng: Green Land Hòa Bình.",Hòa Bình,Đất,1930000000,401.6,2000000000.0,0.035,mismatch,"[{""source"": ""description"", ""text"": ""2 tỷ. Diện tích 390"", ""parsed_value_vnd"": 2000000000.0, ""basis"": ""total"", ""total_equivalent_vnd"": 2000000000.0}]"
shard_0005.parquet,58402,"Mặt tiền gần khu sân bay T3, 4 tầng mới, DT: 4x20m trệt 3 lầu ST, giá bán chỉ 13.9 tỷ","Gấp Gấp! Cần bán căn nhà mặt tiền khu sang trọng, gần Ngã Tư Bảy Hiền, Cách Mạng Tháng Tám, Cộng Hòa sân bay Tân Sơn Nhất - Diện tích: 4x20m. - Hiện trạng nhà 5 tầng, có thể cho thuê 40tr/tháng, thu nhập ổn định, thuận tiện anh chị mua giữ tài sản. - Vị trí đẹp, đường trước nhà rộng rãi, thông thoáng, kinh doanh sung túc, gần Ngã Tư Bảy Hiền, đường Trường Chinh, Cách Mạng Tháng Tám. - Giao thông di chuyển thuận tiện, gần trung tâm thành phố. - Giá chỉ 13,9 tỷ còn thương lượng. - Liên hệ xem nhà: [phone_number] Nguyễn Hoàng",Hồ Chí Minh,Nhà,13900000000,80.0,13900000000.0,0.0,matched_2pct,"[{""source"": ""title"", ""text"": ""13.9 tỷ"", ""parsed_value_vnd"": 13900000000.0, ""basis"": ""total"", ""total_equivalent_vnd"": 13900000000.0}, {""source"": ""description"", ""text"": ""13,9 tỷ còn thương lượ"", ""parsed_value_vnd"": 13900000000.0, ""basis"": ""total"", ""total_equivalent_vnd"": 13900000000.0}]"
shard_0008.parquet,47934,"Cần bán căn 80m2 HH2 có 3 ngủ nội thất rồi giá 5,65 tỷ","Chuyển xuống mặt đất cần bán căn hộ 80m2 chung cư HH2 Xuân Mai Dương Nội. Căn hộ trong khu đô thị đầy đủ tiện ích, cơ sở hạ tầng tốt. Thiết kế 3 phòng ngủ và 2 nhà vệ sinh, 2 ban công. Tòa nhà 25 tầng / 11 căn trên 1 sàn/ 4 thang máy. Có lốt để xe ô tô. Sổ lâu dài. Giá bán 5,65 tỷ có thương lượng. Ai có nhu cầu liên hệ:",Hà Nội,Căn hộ chung cư,5750000000,80.0,5650000000.0,0.017699115044247787,matched_2pct,"[{""source"": ""title"", ""text"": ""5,65 tỷ"", ""parsed_value_vnd"": 5650000000.0, ""basis"": ""total"", ""total_equivalent_vnd"": 5650000000.0}, {""source"": ""description"", ""text"": ""5,65 tỷ có thương lượn"", ""parsed_value_vnd"": 5650000000.0, ""basis"": ""total"", ""total_equivalent_vnd"": 5650000000.0}]"
shard_0009.parquet,33869,Mở bán căn hộ 2PN sân vườn 80.3m2 siêu đẹp,"Lần đầu tiên CĐT mở bán 2 căn hộ sân vườn 2PN 2WC 80,3m², dòng sản phẩm cực hiếm trong toàn khu, dành cho khách thích không gian sống riêng tư thư giãn đẳng cấp. Căn hộ sở hữu sân vườn rộng riêng biệt, có thể thiết kế khu trà đạo, thiền, đọc sách, tiếp khách ngoài trời hoặc trồng cây, cảm giác như ở villa nhưng vẫn đầy đủ tiện ích căn hộ cao cấp. Đặc biệt CĐT tặng gói nội thất 500.000.000đ trừ thẳng vào giá bán. Giá hiện tại đang là mức tốt nhất, chỉ có 2 căn duy nhất, sau đợt này gần như không còn quỹ hàng. Anh/chị quan tâm dòng căn hiếm này liên hệ em Hằng để nhận. Giá chi tiết từng căn. Chính sách mới nhất. Chọn vị trí đẹp trước khi hết hàng. Chiết khấu hấp dẫn lên đến 15%. Tặng gói nội thất 500 triệu. Tặng gói dịch vụ quản lý 24 tháng. Cam kết thuê lại 20 triệu/ tháng. Thanh toán 20% cho đến khi nhận nhà. Hỗ trợ vay 70%, lãi suất 0% lên đến 24 tháng. Ân hạn nợ gốc lên đến 36 tháng. T",Hồ Chí Minh,Căn hộ chung cư,5900000000,80.3,500000000.0,10.8,mismatch,"[{""source"": ""description"", ""text"": ""500 triệu. Tặng gói dịch"", ""parsed_value_vnd"": 500000000.0, ""basis"": ""total"", ""total_equivalent_vnd"": 500000000.0}]"
shard_0002.parquet,226740,"Bán nhà mặt ngõ thông phố Tây Sơn Đống Đa sổ đỏ 28m2 4 tầng giá 7,4 tỷ","Ô tô vào nhà - nhà mới - lô góc - full nội thất. + Nhà nằm ở vị trí trung tâm Đống Đa. Trước nhà ngõ rộng thênh thang, trên 5m, đặc biệt nhà lô góc cực kỳ bề thế. + Nhà mới lô góc sáng, nhiều cửa sổ ánh sáng tự nhiên ngập tràn. Mô tả: Tầng 1: 25m2, từ tầng 2 - 4: 30m2. - Tầng 1: Phòng khách, để xe, wc. - Tầng 2 + 3: Mỗi tầng 1 PN rộng 28m2 + WC. - Tầng 4: Phòng thờ - sân phơi. Sổ đỏ chính chủ - sẵn sàng GD Quý khách quan tâm xin vui lòng liên hệ chú Tuấn 1953 ĐT [phone_number]",Hà Nội,Nhà,7400000000,28.0,7400000000.0,0.0,matched_2pct,"[{""source"": ""title"", ""text"": ""7,4 tỷ"", ""parsed_value_vnd"": 7400000000.0, ""basis"": ""total"", ""total_equivalent_vnd"": 7400000000.0}]"
shard_0005.parquet,177914,Bán nhanh lô góc 82m2 full sẵn sổ giao dịch ngay. Đông Lai Quang Tiến giá rất tốt cho bạn quan tâm,Lô góc - Đông Lai - Quang Tiến. - DT: 82m2 full - MT: 8m. Giá: Hơn 3tỷ xíu. Lô góc 2 mặt thoáng trục chính kinh doanh. Đường thông tứ tung rộng 6m. Cách các cụm CN 2.3 chỉ 300m. 5p đến trường ĐH thủ đô. Gần trường gần chợ chỉ vài phút di chuyển. LH: . E Len.,Hà Nội,Đất,3300000000,82.0,3000000000.0,0.1,mismatch,"[{""source"": ""description"", ""text"": ""3tỷ xíu. Lô góc 2 "", ""parsed_value_vnd"": 3000000000.0, ""basis"": ""total"", ""total_equivalent_vnd"": 3000000000.0}]"
shard_0007.parquet,291381,"BÁN NHÀ, 115m2, 5M X 23M, ĐƯỜNG 10M, THẠNH LỘC 37 , AN PHÚ ĐÔNG, GIÁ 7.75 TỶ TL","BÁN NHÀ 5M X 23M, ĐƯỜNG 10M, THẠNH LỘC 37 , AN PHÚ ĐÔNG, GIÁ 7.75 TỶ TL + Diện tích: 5 x 23m (115m²) , Vuông vức A4 đẹp + Kết cấu: 1 Trệt 1 Lầu 2 Phòng ngủ rộng rãi 3 WC hiện đại Không gian thoáng, + Sổ hồng vuông A4 , công chứng nhanh. + Lh ; , em Duy tư vấn hỗ trợ xem nhà miễn phí. # Được Gặp trực tiếp chủ nhà khi ưng ý để thương thảo # Cam kết thông tin thật 100%",Hồ Chí Minh,Nhà,7750000000,115.0,7750000000.0,0.0,matched_2pct,"[{""source"": ""title"", ""text"": ""7.75 TỶ TL"", ""parsed_value_vnd"": 7750000000.0, ""basis"": ""total"", ""total_equivalent_vnd"": 7750000000.0}, {""source"": ""description"", ""text"": ""7.75 TỶ TL + Diện tích"", ""parsed_value_vnd"": 7750000000.0, ""basis"": ""total"", ""total_equivalent_vnd"": 7750000000.0}]"
shard_0008.parquet,45373,Bán đất đẹp đường rộng 16m -(10x20) hiếm có MTKD - Khu Tên lửa pháp lý chuẩn - Giá 23 tỷ(TL),"Bán đất đẹp đường rộng 16m -(10x20) hiếm có MTKD Khu Tên Lửa - pháp lý chuẩn - Giá 23 tỷ (TL). + Đường số, Bình Trị Đông B, Bình Tân. + Diện tích: 10 x 20m (200m2) căn góc 2 mặt tiền, #gA. (đdB). + Vị trí đỉnh: Khu vip Tên Lửa, xung quanh toàn biệt thự sang trọng hiếm còn sót lại + Kinh doanh sầm uất, đang cho thuê 60 triệu/tháng, thuận tiện xây biệt thự, tòa nhà văn phòng, CHDV hoặc giữ tài sản sinh lời...-FFD6FD + Pháp lý: Sổ hồng riêng, sang tên ngay. Liên hệ: (Ms Tâm) hỗ trợ xem nhà nhanh và thực tế!",Hồ Chí Minh,Đất,23000000000,200.0,23000000000.0,0.0,matched_2pct,"[{""source"": ""title"", ""text"": ""23 tỷ(TL)"", ""parsed_value_vnd"": 23000000000.0, ""basis"": ""total"", ""total_equivalent_vnd"": 23000000000.0}, {""source"": ""description"", ""text"": ""23 tỷ (TL). + Đường "", ""parsed_value_vnd"": 23000000000.0, ""basis"": ""total"", ""total_equivalent_vnd"": 23000000000.0}]"
shard_0009.parquet,264773,Bán nhà đường 6m không lún không ngập bao đẹp,"Nhà riêng 124/14/23, Đường Võ Văn Hát, Phường Long Trường, Hồ Chí Minh (địa chỉ cũ: Quận 9, Hồ Chí Minh) có thiết kế hiện đại với 2PN + 2WC/PT + bếp, phù hợp cho gia đình nhỏ. Giá bán 4,4 tỷ VND với diện tích 53,2m2. Cửa chính hướng Đông Nam, ngõ vào rộng 6m, tạo không gian thoáng đãng và thuận tiện di chuyển. Đặc biệt, nhà nằm trong khu vực yên tĩnh, lý tưởng cho cuộc sống gia đình, các tiện ích chợ, trường cấp 1,2,3, đại học tài chính marketting bán kính 1km đầy đủ. Liên hệ ngay để biết thêm chi tiết: Nguyễn Quốc Hưng . Còn tin đăng là còn nhà, bán sẽ xóa tin liền. Xin cảm ơn",Hồ Chí Minh,Nhà,4400000000,53.2,4400000000.0,0.0,matched_2pct,"[{""source"": ""description"", ""text"": ""4,4 tỷ VND với diện t"", ""parsed_value_vnd"": 4400000000.0, ""basis"": ""total"", ""total_equivalent_vnd"": 4400000000.0}]"
shard_0006.parquet,252436,"Bán nhà mặt phố Vân Đồn, đường lớn ô tô vỉa hè rộng, mặt tiền 3.8m, kinh doanh hợp lý giá 14.5 tỷ","- DT: 30.69/31m, MT rộng 3.8m, nhà 3 tầng cũ chắc chắn - Bên cạnh có ngõ nhỏ thoáng - Mặt phố Vân Đồn ô tô tránh, vỉa hè rộng rãi để xe - Khu vực kinh doanh sầm uất, phát triển. Gần có dự án cầu Trần Hưng Đạo- Long Biên - Khu vực hiếm nhà bán - Sổ đỏ chính chủ, sẵn sàng giao dịch ngay - Giá 14.5 tỷ có thương lượng",Hà Nội,Nhà,14500000000,31.0,14500000000.0,0.0,matched_2pct,"[{""source"": ""title"", ""text"": ""14.5 tỷ"", ""parsed_value_vnd"": 14500000000.0, ""basis"": ""total"", ""total_equivalent_vnd"": 14500000000.0}, {""source"": ""description"", ""text"": ""14.5 tỷ có thương lượn"", ""parsed_value_vnd"": 14500000000.0, ""basis"": ""total"", ""total_equivalent_vnd"": 14500000000.0}]"
shard_0002.parquet,167974,"Bán Nhà Thạch Bàn Cổ Linh 45mx6T 9 tỷ. Ô tô tránh, Thang máy ở luôn","SIÊU PHẨM LÔ GÓC 6 TẦNG THANG MÁY GARA Ô TÔ GẦN AEON MALL Phường Long Biên Gần công viên, hồ điều hòa Cách phân lô vỉa hè chỉ 10m Diện tích 40m² Xây 6 tầng kiên cố Thang máy xịn Gara ô tô vào nhà Lô góc 2 mặt thoáng Thiết kế hiện đại Ở ngay, làm VP, cho thuê căn hộ dịch vụ cực hợp - Gi/á chào: 8,x tỷ Thương lượng chính chủ , Liên hệ: [phone_number]- E Hằng xem nhà",Hà Nội,Nhà,9000000000,45.0,9000000000.0,0.0,matched_2pct,"[{""source"": ""title"", ""text"": ""9 tỷ. Ô tô tránh, T"", ""parsed_value_vnd"": 9000000000.0, ""basis"": ""total"", ""total_equivalent_vnd"": 9000000000.0}]"
shard_0007.parquet,181701,Bán biệt thự compound phố Tây Xuân Thủy Thảo Điền Q2 DT: 10x 25m (250m2 đất) hầm 4 tầng giá 76 tỷ,"Bán biệt thự khu compound phố Tây Xuân Thủy - Thảo Điền Quận 2. - Diện tích: 10m x 25m (250m2 đất). - Kết cấu: Hầm, 4 Tầng, có thang máy, trang bị full nội thất cao cấp. - Vị trí vô cùng đắc địa, ngay trung tâm quận 2, khu compound an ninh dân trí cao đáng để sinh sống và đầu tư. - Giá bán: 76 tỷ TL.",Hồ Chí Minh,Biệt thự/Nhà liền kề,76000000000,250.0,76000000000.0,0.0,matched_2pct,"[{""source"": ""title"", ""text"": ""76 tỷ"", ""parsed_value_vnd"": 76000000000.0, ""basis"": ""total"", ""total_equivalent_vnd"": 76000000000.0}, {""source"": ""description"", ""text"": ""76 tỷ TL."", ""parsed_value_vnd"": 76000000000.0, ""basis"": ""total"", ""total_equivalent_vnd"": 76000000000.0}]"
shard_0005.parquet,30201,Chính chủ cần bán gấp để định cư nước ngoài. Trung tâm phường Bồ Để phố vip Hồng Tiến,"Sốc! Giảm chào 2tỷ. Một bước chân ngàn tiện ích - . Chính chủ cần bán gấp để định cư nước ngoài. Trung tâm phường bồ để phố vip hồng tiến thông ái mộ. Nhà 6 tầng x 100m2 và 27m sân vườn. Mặt tiền 11m quyền lực - thang máy 750kg nhập khẩu - full nội thất nhập khẩu tinh tế sang trọng! Ô tô vào nhà - ngõ thông kinh doanh dòng tiền - khu lõi bồ đề long biên - cực tiện ích (gần trường quốc tế wellspring, bệnh viện đa khoa tâm anh). Dt: 100m2 x 6 tầng thang máy (tổng diện tích sổ đỏ 127m2). Giá chỉ 25tỷ(còn thương lượng). Sổ đỏ chính chủ - sẵn sàng giao dịch nhà phố luxury.",Hà Nội,Nhà,25000000000,127.0,,,multiple_text_prices,"[{""source"": ""description"", ""text"": ""2tỷ. Một bước chân"", ""parsed_value_vnd"": 2000000000.0, ""basis"": ""total"", ""total_equivalent_vnd"": 2000000000.0}, {""source"": ""description"", ""text"": ""25tỷ(còn thương lượ"", ""parsed_value_vnd"": 25000000000.0, ""basis"": ""total"", ""total_equivalent_vnd"": 25000000000.0}]"
shard_0004.parquet,250575,Tôi cần bán gấp lô đất dịch vụ Dương Nội đối diện Aeon Mall Hà Đông. Có sẵn nhà C4. Giá 10tỷ5,"Chính chủ bán đất tặng nhà C4 tại khu DV Dương Nội - ngay mặt đường Lê Trọng Tấn - p. Dương Nội, Hà Đông. Cạnh Đại học Kiểm Sát. Có thể xây 7 tầng thang máy làm văn phòng công ty hoặc xây mô hình kinh doanh phòng trọ, cho thuê Doanh Thu 50 - 60tr/th (~600 - 700tr/năm). Nhà nằm tại trung tâm nhiều trường ĐH lớn của Hà Đông nói riêng và cả nước nói chung... Liên hệ trực tiếp chính chủ: gặp Anh Hoàn để xem và mua nhà đúng giá). * Diện tích: 50m². * Mặt tiền: 5m. * Đường 15m, có vỉa hè 2 bên. Ô tô tránh. Cách đường Vành Đai 4 chỉ 100m. - Vị trí: Nằm trong hệ thống đường trục chính huyết mạch của Quận Hà Đông thông các ngả, đi Đại lộ Thăng Long, KĐT Vin Smart City, sang Tố Hữu, Quang Trung - Trần Phú - Nguyễn Trãi hay Trung Văn, Lương Thế Vinh - Nam Từ Liêm, rất thuận tiện đi Vành Đai 3, Đại lộ Chu Văn An hay Đại lộ Thăng Long, cũng như các tuyến phố vào trung tâm TP Hà Nội. - Nhà nằm ngay cạ",Hà Nội,Đất,10500000000,50.0,10500000000.0,0.0,matched_2pct,"[{""source"": ""title"", ""text"": ""10tỷ5"", ""parsed_value_vnd"": 10500000000.0, ""basis"": ""total"", ""total_equivalent_vnd"": 10500000000.0}, {""source"": ""description"", ""text"": ""10,5 tỷ (có thương lượ"", ""parsed_value_vnd"": 10500000000.0, ""basis"": ""total"", ""total_equivalent_vnd"": 10500000000.0}]"
shard_0004.parquet,303350,"Bán đất nền tại Tân Phong, Kiến Thụy, Hải Phòng, 970 triệu, 75 m2 đẹp, nhiều tiện ích","CƠ HỘI SỞ HỮU LÔ ĐẤT ĐẸP TẠI TÂN PHONG KIẾN THỤY Giá siêu tốt chỉ 970 TRIỆU Sở hữu ngay lô đất tiềm năng, pháp lý rõ ràng, dân cư đông đúc! Vị trí: Tân Phong Kiến Thụy Diện tích: 75m² Mặt tiền: 6,56m rộng, dễ thiết kế nhà đẹp Đường trước đất: 3,4m xe vào tận nơi Lợi thế nổi bật: Đất nở hậu, thoáng mát, không lỗi phong thủy. Khu dân cư hiền hòa, an ninh tốt, gần trường, chợ, trạm y tế, cực kỳ thuận tiện cho sinh hoạt. Giá đất khu vực Tân Phong đang tăng nhanh khi hạ tầng được mở rộng và các tuyến đường kết nối trung tâm Kiến Thụy Đồ Sơn TP. Hải Phòng hoàn thiện. Tiềm năng phát triển trong tương lai: Tân Phong đang được quy hoạch thành khu dân cư kiểu mẫu, hưởng trọn lợi thế từ các dự án hạ tầng trọng điểm của huyện. Gần khu công nghiệp, cụm trường học và các tuyến giao thông huyết mạch, phù hợp để ở lâu dài hoặc đầu tư sinh lời. Chỉ cần mua bây giờ, 3-5 năm tới giá trị sẽ tăng vượt bậc kh",Hải Phòng,Đất,970000000,75.0,970000000.0,0.0,matched_2pct,"[{""source"": ""title"", ""text"": ""970 triệu, 75 m2 đẹp, nh"", ""parsed_value_vnd"": 970000000.0, ""basis"": ""total"", ""total_equivalent_vnd"": 970000000.0}, {""source"": ""description"", ""text"": ""970 TRIỆU Sở hữu ngay lô"", ""parsed_value_vnd"": 970000000.0, ""basis"": ""total"", ""total_equivalent_vnd"": 970000000.0}]"
shard_0001.parquet,246013,Bán nền đất 5x12m đường Bình Lợi - Đặng Thùy Trâm SHR sang sổ,"Bán đất biệt thự vị trí vip đường Bình Lợi - Đặng Thùy Trâm, phường 13, quận Bình Thạnh. - Vị trí nằm trong khu biệt thự cao cấp. Gần sát Sông Sài Gòn, trục 1 sẹc tiện xây ở hoặc làm VPCTY... - Nội khu có đầy đủ hệ thống trường công và quốc tế từ mầm non đến Đại học (ĐH Văn Lang, Trường quốc tế Nam Mỹ), trung tâm thương mại Emart, Vincom Plaza.",Hồ Chí Minh,Đất,,60.0,,,no_supported_price,[]
shard_0005.parquet,6553,Bán đất nam hòa xuân block b2.52 lô 9 (sạch đẹp),"BÁN ĐẤT NAM HÒA XUÂN BLOCK B2.52 LÔ 9 (SẠCH ĐẸP) Hướng Tây Bắc | Đối diện Công viên Gần Sông | Đường 7.5m thông thoáng Vị trí: Block B2.52 Lô 9, khu dân cư đẹp, hạ tầng hoàn thiện Đối diện công viên lớn, không gian sống thoáng mát Gần sông, khí hậu mát mẻ quanh năm Đường 7,5m thông, thuận tiện di chuyển tiềm năng tăng giá mạnh Hướng: Tây Bắc Lô đất sạch đẹp vuông vức, thích hợp xây nhà hoặc đầu tư giữ tiền Giá chỉ: 5 tỷ 2xx Giá cực tốt cho lô CV + gần sông Nam Hòa Xuân Liên hệ: [phone_number]Thúy) Xem đất nhanh hỗ trợ quy hoạch & pháp lý tận tâm!",Đà Nẵng,Đất,5200000000,105.0,5000000000.0,0.04,mismatch,"[{""source"": ""description"", ""text"": ""5 tỷ 2xx Giá cực tố"", ""parsed_value_vnd"": 5000000000.0, ""basis"": ""total"", ""total_equivalent_vnd"": 5000000000.0}]"
shard_0006.parquet,201931,"Tôi chính chủ cần bán gấp căn hộ 54m2 đầy đủ nội thất Giá 4,8 tỷ bao tất thuế phí LH:","Tôi chính chủ căn hộ i5 tầng 19 - 54m2 2 phòng ngủ 1 vệ sinh - Nhà đầy đủ nội thất + đồ diện tử ( máy rửa bát , tủ lạnh...) - Tầng 19 , view thoáng mát k bị chắn - Giá tôi cần bán 4,8 tỷ bao toàn bộ thuế phí Anh Chị Khách hay bạn sale nào có khách liên hệ tôi Xin Cảm Ơn",Hà Nội,Căn hộ chung cư,4850000000,54.0,4800000000.0,0.010416666666666666,matched_2pct,"[{""source"": ""title"", ""text"": ""4,8 tỷ bao tất thuế p"", ""parsed_value_vnd"": 4800000000.0, ""basis"": ""total"", ""total_equivalent_vnd"": 4800000000.0}, {""source"": ""description"", ""text"": ""4,8 tỷ bao toàn bộ th"", ""parsed_value_vnd"": 4800000000.0, ""basis"": ""total"", ""total_equivalent_vnd"": 4800000000.0}]"
shard_0005.parquet,175779,"Bán gấp đất đường Nguyễn Thị Nê, An Phú, Củ Chi 260m2 full thổ cư","Cần bán gấp lô đất đường Nguyễn Thị Nê, xã An Phú, Củ Chi. Đất đang ngộp bán bằng giá của ngân hàng cho vay. Chính chủ nên vào việc ngay. Diện tích 260m2, rộng 5.3m dài 53m. Đất trống tiện xây nhà để ở hoặc mua để đầu tư sinh lời. Sổ hồng đang vay ngân hàng. Ngân hàng cho vay đúng đủ 2.1 tỷ (Bao ngân hàng - Người mua không cần bỏ tiền đầu tư). Gọi nhanh: [phone_number] - Tuân.",Hồ Chí Minh,Đất,,260.0,2100000000.0,,missing_structured_price,"[{""source"": ""description"", ""text"": ""2.1 tỷ (Bao ngân hàng"", ""parsed_value_vnd"": 2100000000.0, ""basis"": ""total"", ""total_equivalent_vnd"": 2100000000.0}]"
shard_0002.parquet,253755,"Siêu phẩm! Bán nhà đẹp Phan Đình Giót 40m 5 tầng Phân lô, Sát mặt phố, sổ vuông, ở sướng chỉ 10tỷ","VỊ TRÍ CỰC ĐẸP - SIÊU PHẨM - NHÀ ĐẸP - SÁT PHỐ HÀ KẾ TẤN - SỔ VUÔNG ĐÉT - VỊ TRÍ ĐẸP - 5M RA PHỐ - KHU PHÂN LÔ - DÂN TRÍ CAO - YÊN TĨNH - Ở SƯỚNG - Thiết kế 5 tầng:Tầng 1 : phòng bếp + để xe + vs.Tầng 2 : phòng khách + phòng ngủ.Tầng 3,4 : mỗi tầng 2 ngủ + vs.Tầng 5 : phòng thờ + sân phơi.LH Ms.Quỳnh [phone_number] xem nhà ngay",Hà Nội,Nhà,10000000000,40.0,10000000000.0,0.0,matched_2pct,"[{""source"": ""title"", ""text"": ""10tỷ"", ""parsed_value_vnd"": 10000000000.0, ""basis"": ""total"", ""total_equivalent_vnd"": 10000000000.0}]"
shard_0006.parquet,22871,Bán nhà kề Lê Văn Quới 4x15m 4 tầng hẻm xe hơi 5 tỷ hơn,"Diện tích 4x15m hẻm xe hơi, vào ở ngay Nhà thiết kế 4 tầng có sân thượng trước sau, 3PN, 3W Vị trí: ngay ngã tư bốn xã, kề Lê Văn Quới, Mã Lò, Chiến Lược, Bình Trị Đông, kề quận 6, Tân Phú... ( 95C) Sổ hồng riêng, mua bán công chứng ngay.",Hồ Chí Minh,Nhà,5500000000,60.0,5000000000.0,0.1,mismatch,"[{""source"": ""title"", ""text"": ""5 tỷ hơn"", ""parsed_value_vnd"": 5000000000.0, ""basis"": ""total"", ""total_equivalent_vnd"": 5000000000.0}]"
shard_0006.parquet,139686,"Bán đất mặt phố 35A, Đường Hùng Thắng EC, TP Hạ Long, tỉnh Quảng Ninh","Vị trí: Lô đất tại số 35A mặt phố Hùng Thắng, trung tâm TP Hạ Long, tỉnh Quảng Ninh. Diện tích sổ đỏ - chính chủ: 109m² (thêm gần 30m² ngoài sổ, tổng diện tích sử dụng 136m2). Mặt tiền rộng: 8.4m, đường trước nhà 15m, vỉa hè 5m, phù hợp xây khách sạn, nhà hàng, căn hộ cho thuê. Cách hồ điều hòa chỉ 150m, không gian sống thoáng đãng, tiềm năng tăng giá mạnh. Giá bán 5.2 tỷ. LH: [phone_number]",Quảng Ninh,Đất,5200000000,136.0,5200000000.0,0.0,matched_2pct,"[{""source"": ""description"", ""text"": ""5.2 tỷ. LH: [phone_nu"", ""parsed_value_vnd"": 5200000000.0, ""basis"": ""total"", ""total_equivalent_vnd"": 5200000000.0}]"
shard_0000.parquet,198887,Chính chủ gửi bán căn hộ 2 phòng ngủ rộng và đẳng cấp nhất Landmark Onsen Ecopark 74m full nội thất,"Chính chủ gửi em tiến bán. Siêu phẩm 2PN Landmark Ecopark, giá rẻ hơn thị trường 300 triệu! Diện tích rộng rãi 74m2 thiết kế 2 phòng ngủ, 2 vệ sinh thoáng đãng. Hướng Đông Nam đón gió mát, ánh sáng tự nhiên dễ chịu quanh năm. View hồ tuyệt đẹp không gian sống gần gũi thiên nhiên, thư giãn mỗi ngày. Giá chỉ hơn 6 tỷ rẻ hơn thị trường 300 triệu. Full nội thất cao cấp chỉ cần xách vali vào ở, thiết kế sang trọng, hiện đại. Thuộc phân khu Landmark Ecopark khu căn hộ cao cấp bậc nhất Ecopark. Cộng đồng cư dân văn minh, tiện ích đầy đủ, không gian sống chuẩn nghỉ dưỡng. Pháp lý rõ ràng chuyển nhượng nhanh chóng. Anh chị liên hệ em tiến để xem nhà nhé:",Hưng Yên,Căn hộ chung cư,6600000000,74.0,,,multiple_text_prices,"[{""source"": ""description"", ""text"": ""300 triệu! Diện tích rộn"", ""parsed_value_vnd"": 300000000.0, ""basis"": ""total"", ""total_equivalent_vnd"": 300000000.0}, {""source"": ""description"", ""text"": ""6 tỷ rẻ hơn thị trư"", ""parsed_value_vnd"": 6000000000.0, ""basis"": ""total"", ""total_equivalent_vnd"": 6000000000.0}, {""source"": ""description"", ""text"": ""300 triệu. Full nội thất"", ""parsed_value_vnd"": 300000000.0, ""basis"": ""total"", ""total_equivalent_vnd"": 300000000.0}]"
shard_0000.parquet,60129,Bán Nhà Riêng Tây Mỗ 57m2 5 tầng - Oto Vào Nhà - 8Tỷ,"- Chính chủ em cần bán ngôi nhà xây tâm huyết để đổi sang căn diện tích to hơn - Diện tích 57m2 đầy đủ công năng sử dụng. Mặt tiền 5.7m, đường trước nhà oto tránh nhau thoải mái. Oto ngủ trong nhà - Khu vực dân trí cao, gần vin Smart tiện ích tứa lưa - Sổ đỏ chính chủ sẵn sàng giao dịch luôn LH sdt/zalo [phone_number] ( ko tiếp môi giới )",Hà Nội,Nhà,8000000000,57.0,8000000000.0,0.0,matched_2pct,"[{""source"": ""title"", ""text"": ""8Tỷ"", ""parsed_value_vnd"": 8000000000.0, ""basis"": ""total"", ""total_equivalent_vnd"": 8000000000.0}]"
shard_0005.parquet,242122,"Bán nhà riêng 6 tầng Trung Kính, Yên Hòa, Cầu Giấy, 40m2","Hàng chuẩn đẹp cầu giấy - ngay mặt đường ô tô 2 chiều, vỉa hè kinh doanh tốt, thoáng cả trước lẫn sau, ở sướng - kinh doanh đỉnh, thông tứ tung các ngả, k ngập lụt bao giờ. Khu vực sầm uất, view thẳng CC cao cấp kinh doanh buôn bán gì cũng thuận lợi. Chủ xây 6 tầng, bê tông chắc chắn. Sổ đỏ vuông đét, chờ giao dịch. Giá chỉ 2x tỷ x (tiểu học). Liên hệ E Minh",Hà Nội,Nhà,23850000000,40.0,,,no_supported_price,[]
shard_0003.parquet,164666,"Cách mặt tiền 20m, cần bán gấp nhà ở Huỳnh Văn Bánh, Phú Nhuận - 4,5x15m - 4 tầng - Chỉ 9,9 tỷ TL","Đoạn đẹp nhất cung đường Huỳnh Văn Bánh, Phú Nhuận. - Diện tích: 4,5 x 15m. - Kết cấu: Trệt 2 lầu sân thượng, nhà kiên cố vào khai thác ngay. - Khu vực tập trung showroom, spa, thời trang cao cấp. - Pháp lý: Sổ hồng riêng, hoàn công đầy đủ. - Giá chỉ 9,9 tỷ thương lượng. Gọi ngay: [phone_number] Ms Mùi.",Hồ Chí Minh,Nhà,9900000000,70.0,9900000000.0,0.0,matched_2pct,"[{""source"": ""title"", ""text"": ""9,9 tỷ TL"", ""parsed_value_vnd"": 9900000000.0, ""basis"": ""total"", ""total_equivalent_vnd"": 9900000000.0}, {""source"": ""description"", ""text"": ""9,9 tỷ thương lượng. "", ""parsed_value_vnd"": 9900000000.0, ""basis"": ""total"", ""total_equivalent_vnd"": 9900000000.0}]"
shard_0005.parquet,304888,"Bán nhà 4 tầng, sau căn MT Dương Bá Trạc P1-Q8","- Vị trí đẹp: sát mặt tiền đường, cách 500m đến cầu Nguyễn Văn Cừ - DT: 3.5m (nở hậu 3.75m) x 15m = 53m2 - Kết cấu: 1 trệt, 2 lầu, sân thượng đúc BTCT, 4 phòng ngủ lớn, 4WC - Sổ hồng riêng hoàn công đủ, khu dân cư hiện hữu. - Giá: 6ty950 Triệu (TL) Liên hệ Hoàng Minh xem nhà và sổ: Kênh Tiktok: HOÀNG MINH REVIEW BDS Hợp tác môi giới Nhận ký gửi BDS Quận 8",Hồ Chí Minh,Nhà,6950000000,53.0,6950000000.0,0.0,matched_2pct,"[{""source"": ""description"", ""text"": ""6ty950 Triệu (TL) "", ""parsed_value_vnd"": 6950000000.0, ""basis"": ""total"", ""total_equivalent_vnd"": 6950000000.0}]"
shard_0006.parquet,286176,"Bán gấp siêu phẩm hẻm nhựa 8m Nhất Chi Mai DTSD 60m2, 3PN, ngay nhà ga T3 chỉ 6,39 tỷ","Bán gấp siêu phẩm hẻm nhựa 8m Nhất Chi Mai DTSD 60m2, 3PN, ngay nhà ga T3 chỉ 6,39 tỷ. Hẻm nhựa 8m, vị trí vàng ngay trục Cộng Hòa Etown chỉ vài phút đến sân bay T3. Khu vực cực kỳ hiếm nhà bán. Không thể bỏ lỡ. Diện tích: 30m (3m x 10m) vuông vức đẹp. 1 trệt 1 lầu đúc BTCT chắc chắn. 3PN. Có 1 phòng ngủ trệt phù hợp người lớn tuổi hoặc gia đình có trẻ nhỏ. Được kiến trúc sư thiết kế: Phối tone Wabi - Sabi nhẹ, tinh tế từng góc nhỏ. Tặng full nội thất cao cấp. Ban công rộng, giếng trời thoáng sáng tự nhiên. Khu nhà đồng bộ, sạch đẹp, an ninh. Dân trí cao. Chỉ 6.39 tỷ (thương lượng thiện chí). Gọi Hằng Lúa ngay gặp chính chủ xem nhà. Làm việc chính chủ - Miễn tiếp mua giới và trung gian.",Hồ Chí Minh,Nhà,6390000000,30.0,6390000000.0,0.0,matched_2pct,"[{""source"": ""title"", ""text"": ""6,39 tỷ"", ""parsed_value_vnd"": 6390000000.0, ""basis"": ""total"", ""total_equivalent_vnd"": 6390000000.0}, {""source"": ""description"", ""text"": ""6,39 tỷ. Hẻm nhựa 8m, "", ""parsed_value_vnd"": 6390000000.0, ""basis"": ""total"", ""total_equivalent_vnd"": 6390000000.0}, {""source"": ""description"", ""text"": ""6.39 tỷ (thương lượng "", ""parsed_value_vnd"": 6390000000.0, ""basis"": ""total"", ""total_equivalent_vnd"": 6390000000.0}]"
shard_0005.parquet,279070,Chính chủ bán lô góc ô tô 5 chỗ qua nhà ngõ thông kd 3 thoáng,"Lợi thế nổi bật: Lô góc 3 mặt thoáng vĩnh viễn, ngõ thông ô tô 5 chỗ qua nhà, kinh doanh nhỏ cực hợp. Thiết kế 4 tầng, cầu thang giữa, 4 ngủ đầy đủ công năng. Nhà khung cột chắc chắn, có thể cải tạo đẹp long lanh. Sổ đỏ chính chủ giao dịch nhanh.",Hà Nội,Nhà,11000000000,48.0,,,no_supported_price,[]
shard_0005.parquet,11061,BÁN NHÀ ĐẸP VIP GIÁ NHỈNH 6 TỶ ĐƯỜNG SỐ 8 LINH XUÂN THỦ ĐỨC HẺM XE HƠI,"BÁN NHÀ ĐẸP VIP GIÁ NHỈNH 6 TỶ Đường Số 8, Linh Xuân, Thủ Đức Cách QL1K chỉ 200m Hẻm xe hơi Diện tích 120m (ngang 4.9m 25m2) Nhà 1 trệt 1 lầu gồm: 2PN, PK, bếp, sân để ô tô. Vị trí đẹp, dân cư an ninh, gần TTTM, trường học, bệnh viện. Chính chủ lâu năm Sổ hồng riêng, sang tên ngay. Liên hệ: Chị Nhung",Hồ Chí Minh,Nhà,6400000000,120.0,6000000000.0,0.06666666666666667,mismatch,"[{""source"": ""title"", ""text"": ""6 TỶ ĐƯỜNG SỐ 8 LIN"", ""parsed_value_vnd"": 6000000000.0, ""basis"": ""total"", ""total_equivalent_vnd"": 6000000000.0}, {""source"": ""description"", ""text"": ""6 TỶ Đường Số 8, Li"", ""parsed_value_vnd"": 6000000000.0, ""basis"": ""total"", ""total_equivalent_vnd"": 6000000000.0}]"
shard_0009.parquet,12648,"CHÍNH CHỦ TÔI CẦN BÁN BIỆT THỰ KIÊN CỐ GARA TRONG NHÀ MẶT TIỀN RỘNG ÔTÔ,1NHÀ RA MẶT PHỐ CẦU GIẤY KD","MỘT NHÀ RA PHỐ CẦU GIẤY BIỆT THỰ KIẾN TRÚC PHÁP GARA TRONG NHÀ MẶT TIỀN 22M RA PHỐ CHỈ 1 NHÀ Một bước ra phố vị trí cực kỳ thuận tiện Phù hợp vừa ở đẳng cấp, vừa làm Văn phòng/ Công ty lâu dài Thông tin chi tiết: Diện tích đất: 118m (thực tế 122m) Mặt tiền siêu rộng: 22m Xây dựng: 5 tầng kiên cố Gara ô tô trong nhà Ngõ rộng ô tô đỗ cửa bảo vệ 24/24 Cách mặt phố chỉ 1 nhà Thiết kế công năng: Tầng 1 + 2: Thông sàn, cực đẹp làm Văn phòng / Công ty (Riêng tầng 1 có thể tách biệt 100m làm VP riêng) Tầng 3 4 5: Mỗi tầng 2 phòng, vệ sinh giữa Nội thất, thiết bị cao cấp phong cách Biệt thự Pháp sang trọng Nhà phù hợp: Gia đình ở kết hợp kinh doanh Công ty, văn phòng đại diện Trung tâm đào tạo, spa cao cấp Sổ đỏ chính chủ giao dịch nhanh gọn, ace QT LH xem nhà miễn phí.",Hà Nội,Biệt thự/Nhà liền kề,39000000000,122.0,,,no_supported_price,[]
shard_0006.parquet,43402,"Bán gấp lô đất Giao Phong, Giao Thuỷ 150m2 mặt tiền 8m chỉ hơn 15 tr/m2","Bán gấp lô đất Giao Phong, Giao Thuỷ, 150m2 mặt tiền 8m chỉ hơn 15 tr/m2. Sổ đỏ chính chủ có thương lượng. LH",Nam Định,Đất,,150.0,2250000000.0,,missing_structured_price,"[{""source"": ""title"", ""text"": ""15 tr/m2"", ""parsed_value_vnd"": 15000000.0, ""basis"": ""per_m2"", ""total_equivalent_vnd"": 2250000000.0}, {""source"": ""description"", ""text"": ""15 tr/m2. Sổ đỏ chín"", ""parsed_value_vnd"": 15000000.0, ""basis"": ""per_m2"", ""total_equivalent_vnd"": 2250000000.0}]"
shard_0001.parquet,263609,"Chính chủ bán siêu phẩm Trường Chinh 79m 6T giá 22,6 tỷ Đống Đa HN, mặt ngõ đẹp,, thang máy, ôtô","Chính chủ bán sản phẩm mặt ngõ Trường Chinh dt 79m giá 22,6tỷ Đống Đa Hà Nội, nhà đẹp, Lõi Đống Đa 2 thoáng - thang máy, trước nhà oto đỗ cửa, đang cho thuê làm đẹp, 15 m ra phố, ôtô tránh. + Nhà nằm ở vị trí đẹp, khu vực đông dân cư, nhiều khách tìm. Tiện ích bạt ngàn. + Ngõ thông khắp ngả, + Nhà 6 tầng, thiết kế: - T1: Kd, wc. - T2: Bếp 1ngủ, vs. - T, 3,4,5: Mỗi tầng 2 ngủ + wc). + T6 Ban công, sân phơi. + Sổ đỏ chính chủ, đẹp, nở hậu. Lh [phone_number]",Hà Nội,Nhà,22600000000,79.0,22600000000.0,0.0,matched_2pct,"[{""source"": ""title"", ""text"": ""22,6 tỷ Đống Đa HN, mặ"", ""parsed_value_vnd"": 22600000000.0, ""basis"": ""total"", ""total_equivalent_vnd"": 22600000000.0}, {""source"": ""description"", ""text"": ""22,6tỷ Đống Đa Hà Nội"", ""parsed_value_vnd"": 22600000000.0, ""basis"": ""total"", ""total_equivalent_vnd"": 22600000000.0}]"
shard_0006.parquet,296896,"Bán đất hẻm dân sinh Thạnh Xuân 43 - 5x20m, 3 tỷ",Chính chủ đăbg tin. Đất chưa lên thổ cư. Lên thổ cư khoảng 870triệu. Diện tích có thể lên thổ cư 50m2. Còn lại là đất trồng cây lâu năm. Đường ngoài ô tô vào được. Hẻm cụt an ninh. Duy nhất đất mình chưa từng xây dựng. Mình chuyển vị trí ở nên bán gấp.,Hồ Chí Minh,Đất,,100.0,3000000000.0,,missing_structured_price,"[{""source"": ""title"", ""text"": ""3 tỷ"", ""parsed_value_vnd"": 3000000000.0, ""basis"": ""total"", ""total_equivalent_vnd"": 3000000000.0}, {""source"": ""description"", ""text"": ""870triệu. Diện tích có "", ""parsed_value_vnd"": 870000000.0, ""basis"": ""total"", ""total_equivalent_vnd"": 870000000.0}]"
shard_0009.parquet,304371,"Chính chủ cần bán nhanh căn 2 phòng ngủ, 63m2 giá 4.6 tỷ full nội thất đẹp ở ngay, rẻ nhất khu vực","Chính chủ cần bán nhanh căn hộ: 2 phòng ngủ 2 vệ sinh 63m², khu đô thị Định Công. + Nội thất đầy đủ, chỉ việc xách vali về ở. + Ban công thoáng mát, view đẹp. + Sổ đỏ đầy đủ, pháp lý rõ ràng. Thông tin dự án: + Vị trí vàng phường Định Công, KĐT Định Công. + Vị trí của chung cư rất thuận tiện giao thông, ngay mặt đường 2,5 sắp hoàn thành. Nó mang lại sự tiện lợi cho cuộc sống hàng ngày, công việc và học tập. * Tiện ích tòa nhà: + Tòa nhà CT có dân trí cao và an ninh tốt. + Ngoài ra, xung quanh tòa nhà có đầy dịch vụ chất lượng cao cấp như phòng tập gym, bể bơi bốn mùa, siêu thị, cafe, nhà trẻ, nhà hàng, trường học cấp 1, 2, 3, các trung tâm tiếng Anh... + Tòa nhà có sân chơi chung rộng rãi, khu vui chơi trẻ em, cây xanh rợp bóng mát. ---------------------------------------------- Liên hệ xem nhà Mr Huy Hoàng: Đã sao chép. Chuyên Nhà đẹp tại Hà Nội. Với phương châm làm việc: Quý Khách hàng",Hà Nội,Căn hộ chung cư,4600000000,63.0,4600000000.0,0.0,matched_2pct,"[{""source"": ""title"", ""text"": ""4.6 tỷ full nội thất "", ""parsed_value_vnd"": 4600000000.0, ""basis"": ""total"", ""total_equivalent_vnd"": 4600000000.0}]"
shard_0000.parquet,269076,BÁN NHÀ PHỐ HƯƠNG VIÊN - Q. HBT-NHÀ ĐẸP- VÀI BƯỚC RA PHỐ- HỒ HBT- TRƯỜNG MN VIỆT BUN -35m2 - 7.8 TỶ,"Nhà ở vị trí đẹp, ngõ thông kinh doanh, vài bước ra phố, hồ Hai Bai Bà Trưng, trường học các cấp xung quanh nhà, trung tâm phố sầm uất Hai Bà Trưng, tiện ích đủ đầy. Nhà 3 tầng, xây khung cột chắc, thiết kế hiện đại, có thể lên thêm 2 tầng. Pháp lý chuẩn, sổ đỏ sẵn giao dịch. Liên hệ em Hằng",Hà Nội,Nhà,7800000000,35.0,7800000000.0,0.0,matched_2pct,"[{""source"": ""title"", ""text"": ""7.8 TỶ"", ""parsed_value_vnd"": 7800000000.0, ""basis"": ""total"", ""total_equivalent_vnd"": 7800000000.0}]"
shard_0002.parquet,278361,"Bán đất 1.240m2, 200m thổ cư, tiện ích đầy đủ, có thể xây nhà làm vườn","Một lô đất đẹp xã Bạch Dằng Tân Uyên - tỉnh Bình Dương. DT 1.240m2, 200m thổ cư giá chỉ 4ty700triệu. Trên đất có điện có giếng nước đầy đủ.",Bình Dương,Đất,4700000000,1240.0,4700000000.0,0.0,matched_2pct,"[{""source"": ""description"", ""text"": ""4ty700triệu. Trên "", ""parsed_value_vnd"": 4700000000.0, ""basis"": ""total"", ""total_equivalent_vnd"": 4700000000.0}]"
shard_0003.parquet,149434,"Bán gấp căn hộ 1PN giá chỉ 2.270 tỷ toà S1 full NT đẹp,sẵn sổ tại Vinhomes ocean park Gia Lâm","Căn hộ chung cư tại The Sapphire 1 thuộc Vinhomes Ocean Park, tọa lạc ở Xã Đa Tốn, Gia Lâm, Hà Nội, mang đến không gian sống lý tưởng cho gia đình. + Diện tích 28m2, thiết kế thông minh, tối ưu hóa không gian sống. + 1 phòng ngủ và 1 phòng tắm, phù hợp cho cặp đôi hoặc người độc thân. + Nội thất đầy đủ, chỉ cần xách vali vào ở ngay. + Giá bán 2,27 tỷ VND, hợp lý so với tiện ích và chất lượng dự án. Điểm đặc sắc: Căn hộ được thiết kế theo phong thủy tốt, mang đến sự thịnh vượng cho gia chủ. Pháp lý đầy đủ, đảm bảo an tâm cho người mua. Giới thiệu thêm về dự án: The Sapphire 1 nằm trong phân khu Sapphire của đại đô thị Vinhomes Ocean Park, gần hồ Ngọc Trai. Dự án bao gồm 11 toà nhà với tổng số khoảng 6.000 căn hộ, cung cấp nhiều loại hình sản phẩm như căn hộ studio, 1 - 3 phòng ngủ, shophouse. Các tiện ích nổi bật như khu bể bơi ngoài trời, sân thể thao, sân chơi trẻ em, và khu shop thương",Hà Nội,Căn hộ chung cư,2270000000,28.0,2270000000000.0,0.999,mismatch,"[{""source"": ""title"", ""text"": ""2.270 tỷ toà S1 full NT"", ""parsed_value_vnd"": 2270000000000.0, ""basis"": ""total"", ""total_equivalent_vnd"": 2270000000000.0}, {""source"": ""description"", ""text"": ""2,27 tỷ VND, hợp lý so"", ""parsed_value_vnd"": 2270000000.0, ""basis"": ""total"", ""total_equivalent_vnd"": 2270000000.0}]"
shard_0008.parquet,158911,Bán nhà 5 tầng - pl 106 hoàng quốc việt 52m2 - pl ô tô - vỉa hè - kinh doanh! lh: [phone_number],"Nhà dân 5 tầng kiên cố, 2 thoáng. Khu vực phân lô vỉa hè ô tô dừng đỗ. Vài bước ra KĐT Starlake, KĐT Nghĩa Đô, Trần Tử Bình, Nghĩa Tân. Xung quanh đầy đủ tiện ích an sinh. Sổ đỏ vuông đét. Giá 23 tỷ. Liên hệ [phone_number]",Hà Nội,Nhà,23000000000,52.0,23000000000.0,0.0,matched_2pct,"[{""source"": ""description"", ""text"": ""23 tỷ. Liên hệ [phon"", ""parsed_value_vnd"": 23000000000.0, ""basis"": ""total"", ""total_equivalent_vnd"": 23000000000.0}]"
shard_0003.parquet,58051,"Bán căn hộ Saigon Pearl 85m2 2PN 2WC 10.5 tỷ, có sổ hồng. LH:","Bán căn hộ Saigon Pearl 85m2 2PN 2WC 10.5 tỷ, có sổ hồng. LH: - ĐC: Nguyễn Hữu Cảnh, P. 22, Q. Bình Thạnh, TP. HCM. - 85m2 - 2PN - 2WC - phòng khách - bếp - ban công rộng. - Rộng rãi, thoáng mát. - Toàn bộ nhà sửa đẹp, cao cấp. - Chung cư có hồ bơi & sân thể dục, xung quanh đủ mọi tiện ích như siêu thị, chợ, quán ăn, café, ngân hàng, bệnh viện, nhà thuốc, trường học,... - Ngay trung tâm, thuận tiện đi các quận thành phố. - Sổ hồng vĩnh viễn, ngân hàng hỗ trợ 70%. - Giá: 10.5 tỷ. Liên hệ xem nhà: điện thoại, zalo hỗ trợ 24/7).",Hồ Chí Minh,Căn hộ chung cư,10500000000,85.0,10500000000.0,0.0,matched_2pct,"[{""source"": ""title"", ""text"": ""10.5 tỷ, có sổ hồng. L"", ""parsed_value_vnd"": 10500000000.0, ""basis"": ""total"", ""total_equivalent_vnd"": 10500000000.0}, {""source"": ""description"", ""text"": ""10.5 tỷ, có sổ hồng. L"", ""parsed_value_vnd"": 10500000000.0, ""basis"": ""total"", ""total_equivalent_vnd"": 10500000000.0}, {""source"": ""description"", ""text"": ""10.5 tỷ. Liên hệ xem n"", ""parsed_value_vnd"": 10500000000.0, ""basis"": ""total"", ""total_equivalent_vnd"": 10500000000.0}]"
shard_0005.parquet,230947,"Cần bán nhanh CHCC Phú Thạnh - Tân Phú. DT: 100m2, 2PN, 2WC. Giá: 2.9 tỷ. LH: [phone_number], Quyền","- Mình cần cho thuê căn hộ chung cư Phú Thạnh - Nguyễn Sơn - Tân Phú. + Diện tích: 100m² - 2 phòng ngủ - 2WC. + Giá tốt: 2.9 tỷ. Nhà đẹp thoáng mát. + Pháp lý rõ ràng, sang tên công chứng nhanh gọn. * Liên hệ mình: [phone_number], tư vấn và xem nhà thực tế.",Hồ Chí Minh,Căn hộ chung cư,2900000000,100.0,2900000000.0,0.0,matched_2pct,"[{""source"": ""title"", ""text"": ""2.9 tỷ. LH: [phone_nu"", ""parsed_value_vnd"": 2900000000.0, ""basis"": ""total"", ""total_equivalent_vnd"": 2900000000.0}, {""source"": ""description"", ""text"": ""2.9 tỷ. Nhà đẹp thoán"", ""parsed_value_vnd"": 2900000000.0, ""basis"": ""total"", ""total_equivalent_vnd"": 2900000000.0}]"
shard_0003.parquet,115919,Bán nhà hẻm xe tải đường Huỳnh Thị Hai,"Thông tin thửa đất: 1. Địa chỉ hẻm 160/15 Huỳnh Thị Hai, Phường Tân Chánh Hiệp, Q12 nay thuộc phường Trung Mỹ Tây Tp.HCM. 2. Diện tích: 157.4m2 3. Mục đích sử dụng: Đất ở đô thị Thông tin nhà ở trên đất: 1. Loại nhà: Nhà ở riêng lẻ. 2. Diện tích sàn: 92m2 3. Nhà cấp 4 4: kết cấu: bê tông, cốt thép Thông tin pháp lý: 1. Sổ hồng 2. Không tranh chấp 3. Đồng sở hữu vợ chồng Thông tin mô tả vị trí tài sản: - Hẻm xe tải 5.5 - Đường bê tông - Gần UBND, công an, trạm sạc vinfast khoảng vài trăm mét - cách ngã 4 Dương Thị Mười, Trương Thị Hoa khoảng 500m - Cách siêu thị Mega Hiệp Phú khoảng 2km - cách Bệnh viện Q12 khoảng 1km- Khu vực an ninh, có nhiều công ty xung quanh-Nhà đất nằm trong khu dân cư hiện hữu, thuận tiện sinh sống",Hồ Chí Minh,Nhà,7500000000,157.0,,,no_supported_price,[]
shard_0002.parquet,78117,"Hàng hiếm! Bán gấp CHCC giá 3,55tỷ tại Investco Babylon có 77m2, 2PN, 2WC nhà đẹp giá lại còn rẻ","Investco Babylon, nằm ở vị trí đắc địa tại Âu Cơ, Tân Thành, Tân Phú, Hồ Chí Minh, mang đến một căn hộ chung cư lý tưởng cho gia đình. Căn hộ có thiết kế hiện đại với 2 phòng ngủ, 2 phòng tắm, và không gian bếp rộng rãi, tổng diện tích lên đến 77m2. Với mức giá hợp lý 3,55 tỷ VND, đây là cơ hội tuyệt vời cho những ai tìm kiếm một nơi an cư lý tưởng. Căn hộ được thiết kế theo phong thủy tốt, hướng đến sự tiện nghi và thoải mái cho cư dân. Khu vực sinh sống xung quanh mang đến nhiều tiện ích phục vụ cuộc sống hàng ngày như bệnh viện quận Tân Phú, bệnh viện Thống Nhất, và bệnh viện Đa khoa Mỹ Đức, cùng với các siêu thị như Japana và siêu thị mẹ & bé Con Cưng. Các công viên như Bàu Cát 3 và Nguyễn Thế Truyền cũng tạo ra không gian xanh mát, lý tưởng cho những buổi chiều thư giãn. Tiện ích xung quanh: - Bệnh viện: Bệnh viện quận Tân Phú, Bệnh viện Thống Nhất, Bệnh viện Đa khoa Mỹ Đức. - Siêu ",Hồ Chí Minh,Căn hộ chung cư,3550000000,77.0,3550000000.0,0.0,matched_2pct,"[{""source"": ""title"", ""text"": ""3,55tỷ tại Investco B"", ""parsed_value_vnd"": 3550000000.0, ""basis"": ""total"", ""total_equivalent_vnd"": 3550000000.0}, {""source"": ""description"", ""text"": ""3,55 tỷ VND, đây là cơ"", ""parsed_value_vnd"": 3550000000.0, ""basis"": ""total"", ""total_equivalent_vnd"": 3550000000.0}]"
shard_0006.parquet,181223,"BÁN NHÀ DÒNG TIỀN HỒ TÙNG MẬU 6 TẦNG THANG MÁY , 2 THOÁNG TRƯỚC SAU .20M Ô TÔ TRÁNH .DT 65M2","+CCMN DÒNG TIỀN 6 TẦNG THANG MÁY , 2 THOÁNG TRƯỚC SAU ,20M Ô TÔ TRÁNH ,10 PHÒNG KHÉP KÍN,FULL ĐỒ Siêu phẩm dòng tiền +,vị trí đẹp vô cùng 10 phòng khép kín full nội thất , hệ thông phòng cháy chữa cháy đầy đủ Doanh thu 65t /tháng xung quanh bạt ngàn các trường ĐH .300M Tới đại học thương mại.ĐH Quốc gia .ĐH Sư phạm. Nhu cầu thue cực cao . 5 phút tới bến xe mỹ đình kết nối giao thông thuận tiện đường hồ tùng mậu. Xuân thủy.phạm hùng.phạm văn đồng +Sổ đỏ chính chủ giao dịch nay Lh e Quốc để giao dịch",Hà Nội,Nhà,15700000000,65.0,,,no_supported_price,[]
shard_0004.parquet,258939,"Mặt tiền đẹp, đường thoáng, bán gấp lô đất ứng Hòa, Giá siêu tốt","Bán đất mặt tiền đẹp Ứng Hòa, Hà Nội. - Vị trí cực đẹp ngay khu dân cư đông đúc, hạ tầng hoàn thiện, cách chợ trường trung tâm hành chính chỉ vài bước chân. - Đường trước đất rộng thoáng, ô tô vào tận nơi. - Diện tích gần 90m², vuông vắn xây nhà ở, đầu tư hay cho thuê đều sinh lời cao. - Khu vực đang phát triển mạnh, tiềm năng tăng giá nhanh! - Giá chỉ: 2 tỷ 3 sổ đỏ sẵn sàng giao dịch! - Liên hệ ngay để xem đất thực tế và chốt lô đẹp trong tuần này!",Hà Nội,Đất,2300000000,90.0,2000000000.0,0.15,mismatch,"[{""source"": ""description"", ""text"": ""2 tỷ 3 sổ đỏ sẵn sà"", ""parsed_value_vnd"": 2000000000.0, ""basis"": ""total"", ""total_equivalent_vnd"": 2000000000.0}]"
shard_0001.parquet,2737,"CẦN BÁN CĂN HỘ The Harmona 55m2 1PN 1WC view thoáng, giá 2,99Tỷ có sổ, LH: 0835,498,888 phát","BÁN Chung cư Harmona tại 21 Trương Công Định Phường 14 Quận Tân Bình. + Diện tích: 55m² gồm 1PN 1WC. + Tiện ích nội khu: Quán cafe, sân vui chơi ở tầng 2 giữa block a và block b, siêu thị, nhà sách, spa, ngân hàng,... + Tiện ích ngoại khu: Trường học, uỷ ban nhân dân, bệnh viện, viện thẩm mỹ và những quán ăn, cafe nổi tiếng, rạp chiếu phim,... + Gần đường Bàu Cát, Đồng Đen - 2 con đường kinh doanh sầm uất của phường 14 quận Tân bình, dễ dàng di chuyển đến các quận trung tâm. * Gần ngay tuyến Metro số 2 sắp được khởi công, điều đó giúp cho bất động sản khu vực này sẽ tăng giá và di chuyển thuận lợi hơn đến các quận trung tâm. + Khu vực phát triển và tiềm năng tăng giá vẫn tốt khi cơ sở hạ tầng giao thông vẫn đang được đầu tư. + PQL: 8.000đ/m; Phí xe máy: 90.000đ/tháng; Phí xe hơi: 1.200.000đ/tháng. LIÊN HỆ : 0835,498,888 PHÁT ZALO",Hồ Chí Minh,Căn hộ chung cư,2990000000,55.0,2990000000.0,0.0,matched_2pct,"[{""source"": ""title"", ""text"": ""2,99Tỷ có sổ, LH: 083"", ""parsed_value_vnd"": 2990000000.0, ""basis"": ""total"", ""total_equivalent_vnd"": 2990000000.0}]"
shard_0000.parquet,146656,"Bán đất tại Kim Bôi, Hòa Bình, giá ưu đãi chỉ với 18 triệu / m2, diện tích 80 m2","Đất nền Kim Bôi, Hòa Bình là một cơ hội tuyệt vời cho những ai đang tìm kiếm một mảnh đất lý tưởng. Điểm nổi bật: + Diện tích 80 m2, giá chỉ 18 triệu / m2. + Mặt tiền rộng 5m, phù hợp kinh doanh hoặc xây dựng nhà ở. + Pháp lý đầy đủ, đảm bảo an tâm cho khách hàng. + Hướng cửa chính Đông Bắc, mang lại tài lộc cho gia chủ. Đừng bỏ lỡ cơ hội này. Liên hệ ngay [phone_number] để biết thêm chi tiết từ Nguyễn Văn Bắc.",Hòa Bình,Đất,1440000000,80.0,1440000000.0,0.0,matched_2pct,"[{""source"": ""title"", ""text"": ""18 triệu / m2, diện tíc"", ""parsed_value_vnd"": 18000000.0, ""basis"": ""per_m2"", ""total_equivalent_vnd"": 1440000000.0}, {""source"": ""description"", ""text"": ""18 triệu / m2. + Mặt ti"", ""parsed_value_vnd"": 18000000.0, ""basis"": ""per_m2"", ""total_equivalent_vnd"": 1440000000.0}]"
shard_0003.parquet,243177,"Bán đất sổ đỏ Thuận Tốn-Bát Tràng,giáp Vin1.DT 68m2 giá 6,5tỉ đường 3,5m.Chính chủ,miễn trung gian","- Lô đất vị trí VIP, đón đầu dự án công viên Safari bao quanh với vài bước chân ra tới nơi, đi bộ 800 mét tới ga Bát Tràng, thuộc metro số 8 vài năm nữa khởi công. - Xe bán tải ra vào thoải mái và ngủ trong đất, cam kết 100% không ngập(kể cả thời điểm đợt mưa to 8/2025). - DT 3,8*18 m sổ đỏ chính chủ, kích thước vàng cho việc xây dựng (tầng 1 có gara, PK, Bếp). - Khu dân cư lâu đời, thân thiện và lịch sự cũng như hạ tầng đồng bộ (Công viên sát nhà, cách bãi đỗ xe 24/24 free 200m, cách chợ Bún 500m, trường học 1/2/3 từ 1 - 2km). - 50 cây vàng - Sang tên ngay lô đất VIP, hãy nhấc máy gọi cho chính chủ (100% không qua trung gian). Cúc [phone_number]",Hà Nội,Đất,6500000000,68.0,6500000000.0,0.0,matched_2pct,"[{""source"": ""title"", ""text"": ""6,5tỉ đường 3,5m.Chí"", ""parsed_value_vnd"": 6500000000.0, ""basis"": ""total"", ""total_equivalent_vnd"": 6500000000.0}]"
shard_0001.parquet,293514,"Bán nhà HXH 1 sẹc Bà Hom, 4m x 9m, 1 lầu 3 PN, 2 WC","Bán nhà hẻm xe hơi, 1 sẹc Bà Hom, phường 13 quận 6. Giá chỉ 4 tỷ 300 triệu (bớt lộc)! *** Mô tả: ++ Diện tích: 4m x 9m. ++ Kết cấu: 1 trệt, 1 lầu, 3 phòng ngủ (có 1 phòng dưới đất), 2 WC. Nhà mới, đẹp như hình, dọn vào ở ngay. *** Vị trí: Gần Coop mart Phú Lâm, trường Mạc Đĩnh Chi, lân cận Kinh Dương Vương, Tân Hòa Đông, giáp Quận 11. Sổ hồng chính chủ công chứng trong ngày. Liên hệ Bình xem nhà!",Hồ Chí Minh,Nhà,4300000000,36.0,4300000000.0,0.0,matched_2pct,"[{""source"": ""description"", ""text"": ""4 tỷ 300 triệu (bớt"", ""parsed_value_vnd"": 4300000000.0, ""basis"": ""total"", ""total_equivalent_vnd"": 4300000000.0}]"
shard_0009.parquet,85996,Bán nhà Thông Phong Đống Đa 45m2 4 tầng mặt tiền 4.2m Hơn 8 Tỷ ôtô gần nhà đẹp ở ngay CC [phone_number],"+ Cần bán nhà gấp phố Thông Phong - Văn Miế - Quốc Tử Giám - Đống Đa, Hà Nội. + Mặt tiền: 4m. + Diện tích: 45m2 x 4 tầng. + THIẾT KẾ CỤ THỂ ++ Tầng 1: Phòng khách + bếp + vệ sinh ++ Tầng 2 3: Mỗi tầng 2 phòng ngủ + 1 vệ sinh ++ Tầng 4: Phòng thờ + sân phơi rộng thoáng + Nhà đẹp mang đồ về ở ngay. + Vị trí trung tâm Đông Đa trục hướng tâm nội thành đi các ngả gần Văn Miếu, Lăng Bác, Hồ Tây, Phố Cổ,... Thuận tiện di chuyển, vài bước ra phố cực nhiều tiện ích. + Văn phòng. + Gần bệnh viện. + Khu dân trí cao, gần trường học, gần chợ, gần siêu thị, gần sân vận động, gần khu kinh doanh nhu cầu về cuộc sống: Cafe, vật tư, vật liệu. + Sổ đỏ chính chủ. Chủ nhà rất thiện chí muốn bán gấp. + Hỗ trợ vay ngân hàng. + Giá thỏa thuận. Liên hệ Anh Minh Thổ Cư [phone_number] để đi xem nhà sớm không là bị mua mất. (Xem nhà miễn phí, nhiệt tình tận nơi, tư vấn pháp lý 24/7 để giao nhà nhanh).",Hà Nội,Nhà,8800000000,45.0,8000000000.0,0.1,mismatch,"[{""source"": ""title"", ""text"": ""8 Tỷ ôtô gần nhà đẹ"", ""parsed_value_vnd"": 8000000000.0, ""basis"": ""total"", ""total_equivalent_vnd"": 8000000000.0}]"
shard_0004.parquet,21762,Bán nhà khu sân bay phường 4 - tân bình gần tsn ngang 7m - 24 tỷ,"- BÁN NHÀ KHU SÂN BAY PHƯỜNG 4 - TÂN BÌNH GẦN TSN NGANG 7M - 24 TỶ - Diện tích : 7 x 17m - Kết cấu : 1 Trệt - 3 Lầu Sân thượng - Khai thác kinh doanh CHDV, nhiều cỡ phòng lớn nhỏ, doanh thu 60 - 80 triệu/tháng - GIÁ BÁN : 24 tỷ",Hồ Chí Minh,Nhà,24000000000,119.0,24000000000.0,0.0,matched_2pct,"[{""source"": ""title"", ""text"": ""24 tỷ"", ""parsed_value_vnd"": 24000000000.0, ""basis"": ""total"", ""total_equivalent_vnd"": 24000000000.0}, {""source"": ""description"", ""text"": ""24 TỶ - Diện tích : "", ""parsed_value_vnd"": 24000000000.0, ""basis"": ""total"", ""total_equivalent_vnd"": 24000000000.0}, {""source"": ""description"", ""text"": ""24 tỷ"", ""parsed_value_vnd"": 24000000000.0, ""basis"": ""total"", ""total_equivalent_vnd"": 24000000000.0}]"
shard_0002.parquet,231954,"Bán nhà Trần Phú, Hà Đông mặt ngõ ô tô tránh kinh doanh đỉnh 90m2 x 6 tầng, mt 6.8m","Bán nhà Trần Phú, Hà Đông mặt ngõ ô tô tránh kinh doanh đỉnh. Giá chỉ: 26.5 tỷ cơ hội sở hữu nhà mặt ngõ siêu hiếm khu vực trung tâm Hà Đông. Vị trí: Trần Phú, Hà Đông. Diện tích: 86/90m2. Kết cấu: 6 tầng bê tông chắc chắn. Mặt tiền: 6.8m cực rộng, tầm nhìn thông thoáng. Đường trước nhà: Ô tô tránh kinh doanh cực tốt. Lợi thế vượt trội: Mặt tiền rộng, nhà thoáng sáng 2 mặt. Ngõ lớn, ô tô tránh thoải mái, phù hợp mở văn phòng, spa, café, showroom. Khu vực sầm uất, gần trường học, bệnh viện, siêu thị, giao thông thuận tiện. Sổ đỏ chính chủ, sẵn sàng giao dịch. Liên hệ ngay.",Hà Nội,Nhà,26500000000,90.0,26500000000.0,0.0,matched_2pct,"[{""source"": ""description"", ""text"": ""26.5 tỷ cơ hội sở hữu "", ""parsed_value_vnd"": 26500000000.0, ""basis"": ""total"", ""total_equivalent_vnd"": 26500000000.0}]"
