name,description_excerpt,price,area,province_name,property_type_name,published_at,rule_label,rule_reason,source_shard,source_row
cần bán nhà mặt tiền đường số 79 Tân Quy Quận 7. 230 triệu / m2,cần bán nhà mặt tiền đường số 79 Tân Quy Quận 7. 230 triệu / m2 giá nhà bằng giá đất. có thương lượng thêm diện tích 4.5 x 20 giá 230 triệu / m2 = 19 tỷ 500 liên hệ mr Phú: [phone_number] hẹn xem nhà và đặt cọc,19500000000,88.0,Hồ Chí Minh,Nhà,2026-02-24T04:46:04,SALE_HIGH_CONFIDENCE,explicit_sale_title_no_opposing_primary_offer,shard_0008.parquet,146669
Bán gấp nhà phố mặt tiền trục Ánh Sáng. Giá 9.9 tỷ,"Nhà phố nằm trục đường Ánh Sáng 34, gần Toà nhà 108 tầng, Vinhomes Cần Giờ Diện tích: 75m2 Bán chuyển nhượng giá: 9.9 tỷ Liên hệ: [phone_number]",9900000000,75.0,Hồ Chí Minh,Nhà,2025-12-03T15:49:59.135000,SALE_HIGH_CONFIDENCE,explicit_sale_title_no_opposing_primary_offer,shard_0007.parquet,80414
"(Bán nhanh) chỉ 3 tỷ 35 lô MT 7m5 khu bộ đội sát Âu Cơ, Hòa Khánh | sạch đẹp","(Bán nhanh) lô đất MT 7m5 khu bộ đội sát Âu Cơ - Hòa Khánh | chỉ 3 tỷ 35. Vị trí: MT đường 7m5 khu bộ đội Trinh Sát, gần Âu Cơ, chợ Hoà Khánh, trường ĐH Bách Khoa. Khu CN, dân cư đông đúc.. + Đường 7m5, vỉa hè 4m. + Diện tích: 95m2 (5mx19m) sạch đẹp. + Hướng Đông Bắc mát mẻ. Giá bán chỉ: 3 tỷ 350 còn bớt. Quý anh chị quan tâm vui lòng gọi ngay hoặc nhắn tin Zalo để tôi kịp gửi thông tin, sổ đến anh chị. Cảm ơn đã đọc tin!",3350000000,95.0,Đà Nẵng,Đất,2025-07-10T21:56:10.744000,SALE_HIGH_CONFIDENCE,explicit_sale_title_no_opposing_primary_offer,shard_0000.parquet,329721
"Bán đất TT Liên Nghĩa đường thông DT 5x39m TC 75m2, giá 2 tỷ. Cách sân bay 10 phút","Bán đất TT Liên Nghĩa, khu bàn cờ đông dân cư. DT 5x39m TC 75m2. Giá 2 tỷ quá rẻ. Cách sân bay 10 phút. Cách Đà Lạt 35 phút. Mua đầu tư, làm nhà. Liên hệ Mr. Thành chuyên nhà đất Đức Trọng để được biết thêm nhiều sẩn phẩm khác.",2000000000,190.0,Lâm Đồng,Đất,2025-07-01T08:17:16.668000,SALE_HIGH_CONFIDENCE,explicit_sale_title_no_opposing_primary_offer,shard_0001.parquet,164749
"Bán Đất Khu Hỗn hợp VSIP Quảng Ngãi | Suất Ngoại Giao giá tốt, vị trí đẹp","Bán đất khu dịch vụ hỗn hợp VSIP Quảng Ngãi. Em cần bán gấp Duy nhất 01 lô đất tại dự án Khu hỗn hợp VSIP Quảng Ngãi. Lô đất thuộc sản phẩm ngoại giao, giá rẻ nhất thị trường. Thông tin như sau: - Diện tích: 132m2 (6x22m). - Đường nhựa 12m (trong đó lòng đường 6m, vỉa hè mỗi bên 3m có cây xanh). - Phía sau đất có đường kỹ thuật 2m. - Điện, nước máy có sẵn. - Sổ hồng riêng, công chứng chuyển nhượng trong ngày. - Xung quanh hàng quán Kinh doanh hiện hữu, Khu Công Nghiệp VSIP Quảng Ngãi & Khu Công nghiệp Tịnh Phong, thuận di chuyển và làm việc ở khu kinh tế dung quất. - Tiện ích: Gần trường học các cấp, gần chợ Tịnh Phong và cách TTTP Quảng Ngãi chỉ 4km. - Ngân hàng cho vay lên đến 70%, thẩm định và giải ngân nhanh trong ngày. - Mua để ở hay mua đầu tư sinh lời rất tốt. Anh chị quan tâm liên hệ Việt xem đất và chốt nhanh. Thông tin liên hệ: Nguyễn Việt [phone_number] Email: vietvsip@gmail.c",985000000,132.0,Quảng Ngãi,Đất,2025-08-18T20:10:40.896000,SALE_HIGH_CONFIDENCE,explicit_sale_title_no_opposing_primary_offer,shard_0002.parquet,257129
"Bán đất biệt thự 300m2 đối diện công viên ngay cầu Khuê Đông, 36 tr/m2 - hàng hiếm tại hot","Khu đất nền dự án khu đô thị biệt thự sinh thái quần thể du lịch sông nước và công viên văn hóa làng quê mở rộng tọa lạc tại Hòa Quý, Ngũ Hành Sơn, Đà Nẵng. Vị trí đối diện công viên là một lựa chọn lý tưởng cho những ai đang tìm kiếm một không gian sống chất lượng và tiềm năng đầu tư cao. - Diện tích 300m2, phù hợp cho nhiều mục đích sử dụng. - Giá bán hấp dẫn chỉ 36 tr/m2 VND. - Ngõ vào rộng 7,5m, thuận tiện cho việc đi lại, ô tô vào thoải mái. - Mặt tiền rộng 12m, lý tưởng cho các hoạt động kinh doanh. - Pháp lý đầy đủ, đảm bảo an tâm khi đầu tư. - Phong thủy tốt, giúp gia chủ an khang thịnh vượng. - Trang bị đầy đủ điều hòa, hệ thống điện nước. Tiện ích xung quanh: - Gần Vichi Market - siêu thị chất lượng Hòa Xuân, siêu thị mẹ và bé Baby House. - Các cơ sở giáo dục như Trung tâm Anh ngữ Popodoo Hòa Xuân, Nora Preschool. Để biết thêm thông tin chi tiết, vui lòng liên hệ Trương Thị Tha",10800000000,300.0,Đà Nẵng,Đất,2025-06-06T08:19:15.081000,SALE_HIGH_CONFIDENCE,explicit_sale_title_no_opposing_primary_offer,shard_0000.parquet,117362
"Bán đất tại ngõ 52, Quyết Tiến 2, Vân Côn, Hoài Đức, Hà Nội, 205m2, giá tốt, hướng Nam","Mảnh đất nằm ở vị trí thuận lợi tại ngõ 52, Thôn Quyết Tiến, xã Vân Côn, Hoài Đức, Hà Nội, với diện tích 205m2 và giá bán 70 triệu/m2 (có thương lượng). Điểm đặc sắc: + Hướng cửa chính: Nam, mang lại ánh sáng tự nhiên và không khí thoáng đãng. + Chiều ngang mặt tiền: 8m, phù hợp cho các hoạt động kinh doanh nếu cần. + Chiều rộng ngõ trước: 4m, dễ dàng tiếp cận và di chuyển bằng xe ô tô. + Pháp lý đầy đủ, đảm bảo an tâm cho người mua. Khu vực xung quanh có nhiều tiện ích, thuận tiện cho cuộc sống hàng ngày, bao gồm trường THCS Vân Côn và các dịch vụ khác. Liên hệ trực tiêp chính chủ qua số điện thoại [phone_number], Cô Dương.",15380000000,205.0,Hà Nội,Đất,2025-08-04T05:26:45.111000,SALE_HIGH_CONFIDENCE,explicit_sale_title_no_opposing_primary_offer,shard_0001.parquet,293574
Gia đình kẹt tiền. Cần bán gấp lô đất 4285m2 ở Lộc Châu - Bảo Lộc,"Tôi chính chủ bán lô đất 4285m2 tại Lộc Châu - Tp Bảo Lộc. * Vị trí đất nằm ngay tuyến đường tránh QL 20 kết nối thuận tiện. * Cách trung tâm thành phố Bảo Lộc chỉ 3km. * Xung quanh tiện ích đầy đủ, dân cư đông đúc. * Đất hiện đang trồng cà phê cho thu hoạch hàng năm. * Phù hợp cho người có nhu cầu mua đầu tư sinh lợi nhuận lâu dài. * Giá bán chính xác 100%, mong muốn tìm khách thiện chí. * Quan tâm liên hệ trực tiếp chính chủ không qua trung gian.",1200000000,4285.0,Lâm Đồng,Đất,2025-09-29T16:13:19.001000,SALE_HIGH_CONFIDENCE,explicit_sale_title_no_opposing_primary_offer,shard_0003.parquet,57476
Tổng quan dự án Alluvia City Văn Giang Hưng Yên - Vị trí - Quy mô - Giá bán - Tiện ích - Tiến độ,"Tổng quan dự án. - Tên: Alluvia City. - Vị trí: Thị trấn Văn Giang, huyện Văn Giang, tỉnh Hưng Yên. - Diện tích: Khoảng 198,3 ha, phát triển theo 3 giai đoạn: Giai đoạn 1 (50 ha), giai đoạn 2 (56 ha), giai đoạn 3 (92,3 ha). - Mật độ xây dựng: 16%. - Chủ đầu tư: Công ty Cổ phần Xuân Cầu Holdings; phối hợp với EDGE phát triển dự án. - Pháp lý: Sở hữu lâu dài (sổ đỏ lâu dài). Bảng giá dự kiến Alluvia City: https://www.luongmanhtoan.com/alluviacity Sản phẩm & Quy hoạch. - Biệt thự song lập đơn lập sinh thái (200 - 360 m²). - Biệt thự đảo (khoảng 300 - 600 m²). - Shophouse (120 - 180 m²). - Nhà liền kề (120 - 140 m²). - Căn hộ chung cư Detox Living (1 - 3 phòng ngủ). - Khách sạn, thương mại dịch vụ Onsen & Wellness. Tiện ích nổi bật. - Nguồn khoáng nóng tự nhiên: Điểm nhấn trị liệu & chăm sóc sức khỏe, có công viên khoáng nóng & biệt thự khoáng nóng. - 20% diện tích dành cho cây xanh và mặt n",16000000000,120.0,Hưng Yên,Biệt thự/Nhà liền kề,2025-08-01T07:19:31.510000,SALE_HIGH_CONFIDENCE,explicit_sale_title_no_opposing_primary_offer,shard_0002.parquet,27220
"Bán gấp Nhà riêng 52m2, 7,1 tỷ ở Đường Số 50, p Hiệp Bình Chánh, Thủ Đức, HCM","Nhà riêng tại Đường Số 50, Phường Hiệp Bình Chánh, Thủ Đức, Hồ Chí Minh với diện tích 52m2 là lựa chọn lý tưởng cho gia đình. + 5PN và 5WC, phù hợp cho gia đình đông thành viên. + Pháp lý đầy đủ, đảm bảo an toàn cho giao dịch. + Mặt tiền 4m, phù hợp cho kinh doanh hoặc cho thuê. + Ngõ vào rộng 5m, dễ dàng di chuyển bằng ô tô. + Hướng cửa chính và ban công Tây Bắc, phong thủy tốt. + Nội thất cơ bản, dễ dàng tùy biến theo sở thích. Cách trường mầm non Hiếu Trung chỉ 1km, gần siêu thị Bách Hóa Xanh và cửa hàng WinMart + trên đường số 38, thuận tiện cho cuộc sống hàng ngày. Liên hệ ngay để biết thêm chi tiết qua số điện thoại [phone_number] hoặc gặp Trình nhà đất Thủ Đức.",7100000000,52.0,Hồ Chí Minh,Nhà,2025-11-18T14:50:32.944000,SALE_HIGH_CONFIDENCE,explicit_sale_title_no_opposing_primary_offer,shard_0005.parquet,204552
"8.4 tỷ TL, 108m. 2 tầng BTCT. Bán nhà 80/ Dương Quảng Hàm Phường 5 Gò Vấp.","8.4 tỷ TL, 108m. 2 tầng BTCT. Bán nhà 80/ Dương Quảng Hàm Phường 5 Gò Vấp. + Chủ cần bán gấp đi định cư, sổ sẵn sàng công chứng, giao nhà ngay. DT 108m, ngang 10m. Hoàn công đủ Kết cấu: 2 tầng gồm 1 trệt, 1 lầu BTCT Hẻm thông thoáng, khu an ninh, thoáng mát, dân trí cao. Liên hệ xem nhà: [phone_number]",8400000000,100.0,Hồ Chí Minh,Nhà,2025-10-12T05:35:11.001000,SALE_HIGH_CONFIDENCE,explicit_sale_title_no_opposing_primary_offer,shard_0003.parquet,303818
"Bán nhà mặt tiền Phường Bửu Hòa, TP Biên Hoà. DT: 7,6x16=126m2. Nở hậu: 9m. Giá: 5tỷ6","Siêu phẩm mặt tiền Phường Bửu Hoà. Bán mặt tiền đường Bùi Hữu Nghĩa Phường Bửu Hòa, Tp Biên Hòa. DT: 7,6x16m = 126m2. Nở hậu: 9m. Vị trí đẹp hiện trạng nhà cấp 4 đang cho thuê. 2 mặt tiền trước và sau. Mặt tiền trước ngang 7m6 ngăn đôi cho thuê ok. Có vỉa hè 5m cách chợ Đồn Bửu Hoà 50m đi bộ. Giá 5tỷ6. Lh: [phone_number]",5600000000,126.0,Đồng Nai,Nhà,2026-02-21T16:39:25.088000,SALE_HIGH_CONFIDENCE,explicit_sale_title_no_opposing_primary_offer,shard_0008.parquet,193162
"Chủ ngộp cần bán đất Thới Hòa BD, 360m2, mặt tiền đường 12m gần ngay ĐH Thủ Dầu Một","Miếng đất nằm ngay mặt tiền đường 12m gần ngay trường đại học Thủ Dầu Một (cơ sở 2). Diện tích 360m2 ngang 12m dài 30m. Giá còn TL. Diện tích lớn phù hợp cho khách muốn đầu tư hoặc xây dựng xưởng, kinh doanh nhà trọ. Chính chủ đang kẹt tiền cần bán gấp để giá 980tr (giá còn thương lượng). Đất chính chủ có sổ hồng pháp lý rõ ràng. Hỗ trợ trực tiếp làm việc với chủ không qua trung gian. Liên hệ Tài Trương để được tư vấn hỗ trợ trực tiếp.",,360.0,Bình Dương,Đất,2025-07-06T08:57:05.942000,SALE_HIGH_CONFIDENCE,explicit_sale_title_no_opposing_primary_offer,shard_0001.parquet,96624
"Giảm sâu 3 tỷ, bán nhà góc 2 mặt tiền, Linh Xuân, Thủ Đức","Bán nhà góc 2 mặt tiền đường 15m và 5m, P. Linh Xuân, Thủ Đức. Lợi thế lớn kinh doanh đa ngành nghề, KD mặt bằng, Cty, căn hộ, khách sạn, TT Spa, dạy học... Là một trong những BĐS hiếm có, vị trí đẹp, tạo dòng tiền ngay khi sở hữu. Chủ nhà kẹt tiền bán gấp trong tháng này. - Vị trí chiến lược: Là điểm nút thuận tiện di chuyển nhiều nơi qua các trục đường lớn khu đông. + 5 phút qua QL 1K đến Vành Đai 2 và Vành đai 3. Tuyến đường huyết mạch kết nối, di chuyển nhanh đến các nơi. + Cách Metro Suối Tiên Bến Thành 5 phút. + Là điểm trung tâm vào TP. HCM qua đại lộ Phạm Văn Đồng, đi các tỉnh Miền Trung, Hà Nội, các tỉnh Tây Nguyên và Tây Nam Bộ... - KT đất: 5,3m x 25m (134m²). - DTSD: 550m². - Kết cấu: Nhà BTCT kiên cố, 01 trệt, 03 lầu và sân thượng. - Gồm: Tầng trệt kinh doanh, 1 P. Khách, 1 bếp, 1 P. Thờ, 5PN, 4WC. - Chủ nhà cam kết thuê lại ngay khi ký hợp đồng đặt cọc. - Giá bán gấp: 19,5 t",19500000000,134.0,Hồ Chí Minh,Nhà,2025-11-27T08:30:58.611000,SALE_HIGH_CONFIDENCE,explicit_sale_title_no_opposing_primary_offer,shard_0006.parquet,54185
"Bán Nhà Biệt Thự Đông Dương Residence 13,5 tỷ, 80m2, giá cực chất","Nhà biệt thự tại Đông Dương Residence, Đường Quốc lộ 32, Xã Đức Thượng, Huyện Hoài Đức, Hà Nội. Với diện tích 80m2 và giá bán 13,5 tỷ VND, căn nhà sở hữu mặt tiền rộng 5m cùng ngõ vào 30m thuận tiện cho xe ô tô. Căn nhà không nội thất, hướng cửa chính và ban công đều hướng Đông Bắc, mang lại phong thủy tốt cho gia chủ. Thông tin nổi bật: + Pháp lý đầy đủ. + Khu vực yên tĩnh, thoáng đãng, lý tưởng cho gia đình. Thông tin dự án: + Địa điểm: Đức Thượng, Hoài Đức, Hà Nội (cách Nhổn 3,5 km, cách Trạm Trôi 1,5 km, trên mặt đường Quốc lộ 32). + Chủ đầu tư: Đông Dương. + Quy mô: 8ha, bao gồm 342 căn nhà liền kề và shophouse, mật độ xây dựng 81%, diện tích mỗi lô từ 80 - 150m2, xây thô bên trong, hoàn thiện mặt ngoài. + Tiện ích: Khu cây xanh và mặt hồ chiếm 5,39% diện tích, không gian yên tĩnh, cảnh quan đa dạng. Gần các tiện ích như: + Gần siêu thị t-mart, winmart Hoài Đức. + Gần trường học. + ",13500000000,80.0,Hà Nội,Biệt thự/Nhà liền kề,2025-11-07T07:51:32.085000,SALE_HIGH_CONFIDENCE,explicit_sale_title_no_opposing_primary_offer,shard_0005.parquet,255018
"Chính chủ cần bán căn hộ 2 ngủ, 2VS S: 65m2 căn góc 3 mặt thoáng giá rẻ nhất toà nhà","Căn góc hiếm full nội thất, dòng tiền cho thuê cực tốt! Chính chủ cần tiền bán gấp căn hộ 2 ngủ, 2 vệ sinh, diện tích 65m thiết kế góc thoáng, sáng tự nhiên. Tầng cao, full nội thất... Mua ở hoặc cho thuê dòng tiền cực tốt. Vị trí: Cách bãi tắm Marina khoảng 800k. Cách chợ Hùng Thắng khoảng 100m. Tiện ích xung quanh ko thiếu thứ gì. Liên hệ ngay: [phone_number] để xem nhà và chốt giá tốt nhất!",2200000000,65.0,Quảng Ninh,Căn hộ chung cư,2025-11-09T03:05:39.399000,SALE_HIGH_CONFIDENCE,explicit_sale_title_no_opposing_primary_offer,shard_0005.parquet,236596
"Bán đất 4.98x31.2m, mặt tiền KD đường N2 KDC Sóng Thần B, P. Dĩ An, kế Vincom 550","Vị trí trục chính, kinh doanh sầm uất, mặt tiền rộng 4.98m, đang thuê đất 4tr/th, hợp đồng thuê 10 năm, giá 7.4 tỷ và còn thương lượng chủ. Địa chỉ: Đường N2, KDC Sóng Thần B, P. Dĩ An, TP. Dĩ An, Bình Dương. Sổ hồng riêng, hỗ trợ sang tên miễn phí. Diện tích 143.8m2 (4.98x31.2m), thổ cư: 100%. Hướng Đông. Đường rộng 23m (lòng đường 13m, vỉa hè 5m). Cách Vincom 550 và ĐT.743 350m. Hỗ trợ vay ngân hàng. ------------------------------- Xem hơn 5 nhà đất KDC Toa Xe và Sóng Thần B: cuongbds.vn/tx. Xem hơn 70 đất KDC TP. Dĩ An: cuongbds.vn/dkd. Xem hơn 95 nhà KDC TP. Dĩ An: cuongbds.vn/nkd. Xem hơn 75 mặt tiền sầm uất Dĩ An: cuongbds.vn/kd1.",7400000000,143.0,Bình Dương,Đất,2026-02-06T11:44:13.223000,SALE_HIGH_CONFIDENCE,explicit_sale_title_no_opposing_primary_offer,shard_0008.parquet,210185
"Bán căn hộ Tô Ký Tower, 51m2, 2PN-1WC, có sổ, đầy đủ nội thất, giá 2tỷ5","Vị trí: Mặt tiền đường Tô Ký, cách Công viên phần mềm Quang Trung 900m. Diện tích 51m2 2PN-1WC Có sổ (sở hữu không thời hạn) Đầy đủ nội thất Giá 2tỷ5 Tiện ích: Hồ bơi, sân bóng, gần chợ, gần bệnh viện, gần trường học. Liên hệ ngay để em hỗ trợ thông tin tốt nhất ạ!",2500000000,51.0,Hồ Chí Minh,Căn hộ chung cư,2026-03-23T10:24:49.916000,SALE_HIGH_CONFIDENCE,explicit_sale_title_no_opposing_primary_offer,shard_0009.parquet,170959
"Chính chủ bán căn hộ Hei Tower Ngụy Như Kon Tum: 80m² 2N2VS giá 6,3tỷ, sổ đỏ cất két, LH [phone_number]","Gia đình tôi chuyển trường học cho con nên cần bán căn hộ chung cư Hei Tower số 1 Ngụy Như Kon Tum - Thanh Xuân - Hà Nội: - Thiết kế 2 ngủ, 2 vệ sinh. - Ban công của tòa Hei được thiết kế rộng rãi, thoáng đãng, tạo không gian thư giãn, đón ánh sáng và gió trời tự nhiên. - Sổ đỏ lâu dài. - Giá bán: Nhỉnh 6 tỷ có thương lượng. + Thông tin chi tiết xin liên hệ Trà Giang: [phone_number]miễn trung gian).",6300000000,80.0,Hà Nội,Căn hộ chung cư,2025-08-04T14:02:36.723000,SALE_HIGH_CONFIDENCE,explicit_sale_title_no_opposing_primary_offer,shard_0002.parquet,106192
"Bán nhà biệt thự lô góc Đường Nguyễn Đình Chiểu, Phường Ngũ Hành Sơn, Đà Nẵng - diện tích : 198m2","Bán nhà biệt thự lô góc Đường Nguyễn Đình Chiểu, Phường Ngũ Hành Sơn, Đà Nẵng - diện tích : 198m2 - nổi bật với thiết kế hiện đại và tiện nghi đầy đủ. - Ưu điểm của căn biệt thự này bao gồm 4PN, 5WC - không gian sống thoải mái và sang trọng, phù hợp cho gia đình lớn. - Nội thất gồm điều hòa, tủ lạnh, giường,... mang đến sự tiện lợi trong sinh hoạt hàng ngày. Căn biệt thự tọa lạc tại vị trí đắc địa, gần các tiện ích. - Giá: 23tỷ ( thương lượng chính chủ)",23000000000,198.0,Đà Nẵng,Nhà,2026-03-04T10:13:25.063000,SALE_HIGH_CONFIDENCE,explicit_sale_title_no_opposing_primary_offer,shard_0009.parquet,321430
NGỘP BANK GIẢM 1.1 TỶ BÁN GẤP. HẺM XE TẢI TỚI ĐẤT. GẦN CHỢ & TRƯỜNG LÁY XE THÀNH CÔNG,"(NHÀ BÈ) - TỔNG GIẢM 1.1 TỶ - ĐUỐI BANK BÁN GẤP - HẺM NHỰA 6M - 153M - 7 x 22M - GẦN ĐƯỜNG NGUYỄN VĂN TẠO - CHỢ BÀ CHỒI - CHỈ CÒN 4.2 TỶ - HỖ TRỢ VAY NGÂN HÀNG / Nguyễn Văn Tạo. Long Thới Nhà Bè - 153 m - 7 x 22m - Còn 4.2 tỷ - Mô tả: + Đất vị trí và thông số đẹp, 7 22m mặt tiền hẻm nội bộ đã quy hoạch rộng 6m. Cách Phú Mỹ Hưng chừng 15p xe máy. + Khu dân cư hiện hữu, an ninh và yên tĩnh, tiện ích xung quanh, vài trăm mét ra mặt tiền đường chính, UBND xã nhà, trường cấp 1 & 2, Trường Quốc Tế Mỹ Việt, trường Mầm Non Đồng Xanh, cách khu công nghiệp Hiệp Phước & Long Hậu chừng hơn 2km, giao thông thuận tiện cả đường bộ và thủy. Huyện Nhà Bè định hướng phát triển thành quận đô thị vệ tinh. Huyện đang tập trung xây dựng quy hoạch đô thị mang tính chiến lược, linh hoạt có tính đa địa phương, xây dựng kết cấu hạ tầng đồng bộ và lành mạnh, giao thông thông suốt, tập trung xây dựng chính quyền số",4190000000,153.0,Hồ Chí Minh,Đất,2025-10-30T08:33:49.753000,SALE_HIGH_CONFIDENCE,explicit_sale_title_no_opposing_primary_offer,shard_0004.parquet,248150
"BÁN NHÀ GẦN KCN VĨNH LỘC 2 - chợ Bình Chánh , giá 1 tỷ. Sổ riêng Lh xem nhà Oanh","BÁN NHÀ GẦN KCN VĨNH LỘC 2 - chợ Bình Chánh Nhà 1 phòng ngủ, 1 wc, phù hợp vợ chồng trẻ hoặc người độc thân. Vị trí: Đường quốc lộ 1A. gần KCN Vĩnh Lộc 2, thuận tiện đi làm, sinh hoạt. Giá chỉ 1 tỷ sở hữu ngay căn nhà nhỏ xinh an cư lạc nghiệp. Liên hệ ngay để xem nhà và chốt giá tốt! Oanh #NhàGiáRẻ #NhàGầnKCNVĩnhLộc2 #Nhà1Tỷ #AnCưLạcNghiệp #NhàChoVợChồngTrẻ #BấtĐộngSảnBìnhChánh",,35.0,Hồ Chí Minh,Nhà,2025-09-25T10:01:29.554000,SALE_HIGH_CONFIDENCE,explicit_sale_title_no_opposing_primary_offer,shard_0003.parquet,35265
"CHÍNH CHỦ CẦN BÁN GẤP NHÀ 66M2 (5,5X12) BÙI HỮU NGHĨA P2 BÌNH THẠNH GIÁ CHỈ 2TỶ890 PHÁP LÝ CHUẨN","- Bán căn đường Bùi Hữu Nghĩa, P2, Bình Thạnh. - Giá bán: (thương lượng). Đang có hợp đồng cho thuê 17tr/tháng. Diện tích: 66m2 (5,5x12m). Kết cấu: 1T 2L, 3PN 4WC. Vị trí đẹp, hẻm thông thoáng nhiều đường, khu vực tập trung nhiều văn phòng công ty. Pháp lý rõ ràng, sổ hồng chính chủ. - Cô chú chủ nhà thiện chí bán do đang kẹt vốn. LH: Kiều Anh để được hỗ trợ đi xem nhà!",,66.0,Hồ Chí Minh,Nhà,2026-01-07T17:30:12.054000,SALE_HIGH_CONFIDENCE,explicit_sale_title_no_opposing_primary_offer,shard_0007.parquet,207113
"Chính chủ bán đất dọc bún 2, 50 m2, mặt tiền 4m, phân lô vỉa hè, kinh doanh, ô tô tránh, 14.5 tỷ","Chính chủ cần bán gấp thửa đất dịch vụ Dọc Bún 2, La Khê, diện tích 50 m2, mặt tiền 4m, phân lô vỉa hè, ô tô tránh, kinh doanh. Vị trí đẹp, nằm trong KĐT Văn Khê, hưởng trọn mọi tiện ích cao cấp, cơ sở hạn tầng đồng bộ, giao thông kết nối Tố Hữu, Lê Trọng Tấn, Ngô Quyền, .. Khách mua giữ tiền, mua xây ở, xây thương mại, xây buiding 7 tầng vừa ở vừa làm văn phòng đều có lợi. Sổ đỏ vuông vắn, thiện chí bán. Giá bán : 14.5 tỷ có bớt. Liên hệ Khánh Ly ngay hôm nay để xem vị trí.",14500000000,50.0,Hà Nội,Đất,2026-03-30T11:57:38.522000,SALE_HIGH_CONFIDENCE,explicit_sale_title_no_opposing_primary_offer,shard_0009.parquet,158040
"Bán căn hộ Riverside 90 Nguyễn Hữu Cảnh view siêu đẹp, 40.2m2 giá nhỉnh 3 tỷ, sẵn sổ","Chủ gửi bán căn Riverside 90 Nguyễn Hữu Cảnh. Diện tích: 40.2m2, 1PN, 1WC. Giá bán: 3.7 tỷ. Sổ hồng sẳn sang tên ngay. Liên hệ ngay để biết thêm chi tiết về căn hộ này qua số điện thoại [phone_number] - Hà Nguyễn.",3700000000,40.2,Hồ Chí Minh,Căn hộ chung cư,2026-02-05T23:59:12.817000,SALE_HIGH_CONFIDENCE,explicit_sale_title_no_opposing_primary_offer,shard_0008.parquet,115788
CHÍNH CHỦ BÁN GẤP đất mặt tiền giá 459tr/126m2 rẽ hơn thị trường 20% có sổ sẵn gần KCN GIAO LONG,"Hiện mình đang cần ra gấp lô đất mặt tiền ngay đường Liên Ấp, An Phước, huyện Châu Thành, tỉnh bến tre với diện tích 126m2 mà giá siêu hời chỉ 459tr/nền. - Giá thương lượng cho người thiện chí chốt nhanh. - Cần ra đất gấp nên giá rẻ hơn thị trường tới 20%. Mua ngay sẽ có lời. - Có sổ riêng, mua bán sang tên trong ngày. - Gần KCN Gia Long dân cư đông đúc, chợ, trường mẫu giáo và trung học cơ sở An Phước, bệnh viện, - Thuận tiện di chuyển sang các khu vực lân cận, dân trí cao. - Đường ô tô dô tới đất, tiện ích đầy đủ, không khí trong lành. Anh/Chị thiện chí gọi trực tiếp chính chủ Tiên).",459000000,126.0,Bến Tre,Đất,2025-08-11T13:58:09.765000,SALE_HIGH_CONFIDENCE,explicit_sale_title_no_opposing_primary_offer,shard_0002.parquet,285961
Bán nhà riêng 90m2 hẻm ô tô phường Tam Hiệp giá chỉ 3 tỷ,"Bán nhà hẻm ô tô phường Tam Hiệp giá chỉ 3 tỷ. Vị trí đẹp, gần Giáo xứ Xuân Hòa, Chợ Lý Văn Sâm. Hẻm ô tô vào tận nhà, ngang 6m thông thoáng. Diện tích: 6m x 15m (90m²). Kết cấu: Nhà cấp 4 gồm 2 phòng ngủ, WC, sân để xe máy. Pháp lý: Sổ hồng riêng, thổ cư 100%. Tiện ích xung quanh: Gần trường học, chợ, nhà thờ, khu dân cư an ninh. Giá bán: 3 tỷ (thương lượng).",3000000000,90.0,Đồng Nai,Nhà,2026-01-06T08:18:16.377000,SALE_HIGH_CONFIDENCE,explicit_sale_title_no_opposing_primary_offer,shard_0007.parquet,224944
Chuyển đổi công tác Chính chủ Tôi Cần Bán Gấp căn liền kề 115m2 mặt đường 30m view Hồ Yên Sở giá rẻ,"Chính chủ Tôi Cần Bán Gấp căn liền kề mặt đường 30m view Hồ Yên Sở - Diện tích 115m2, mặt tiền 5m xây dựng 5 tầng -Hướng Nam, view Hồ vượng khí, mát mẻ quanh năm -Giá thị trường Liên hệ:[phone_number] mr Hải",0,115.0,Hà Nội,Biệt thự/Nhà liền kề,2026-03-24T13:15:50.686000,SALE_HIGH_CONFIDENCE,explicit_sale_title_no_opposing_primary_offer,shard_0009.parquet,208932
"Giảm 500 triệu! Bán nhanh lô đất cực đẹp 4m x 20m vuông vức, đường rộng 12m Đặng Thùy Trâm","Giảm 500 triệu! Bán nhanh lô đất cực đẹp đường rộng 12m Đặng Thùy Trâm. - Chính chủ bán nhà đường Đặng Thùy Trâm, Phường 13, Bình Thạnh. - Diện tích: 4m x 20m vuông vức không lỗi phong thuỷ. - Vị trí cách Phạm Văn Đồng chỉ 200m trục đường kết nối nhiều quận trung tâm, đi sân bay chỉ 10 phút. - Khu vực quy hoạch chuẩn chỉnh, đường bàn cờ xe hơi thông thoáng, nhiều cây xanh. Giá: 9.5 tỷ. Liên hệ: Mạnh Cường.",9500000000,80.0,Hồ Chí Minh,Đất,2025-10-11T09:42:14.759000,SALE_HIGH_CONFIDENCE,explicit_sale_title_no_opposing_primary_offer,shard_0004.parquet,47267
"Bán lô đất biệt thự Bình Minh giá 13 tỷ, gần Bãi Sau với Lotte, Phường 8, Vũng Tàu. LH [phone_number]","Bán lô đất biệt thự Bình Minh, Bãi Sau Vũng Tàu. 127.5m2, giá 13 tỷ. Với chiều ngang rộng, rất dễ dàng thiết kế ngôi nhà đẹp. Vị trí đất gần đường 3/2, gần Lotte Mark, vị trí trung tâm thành phố đầy đủ mọi tiện ích. Ngay biển du lịch Bãi Sau. Khu vực này rất ít lô bán, quý anh chị mua ngay khi giá tốt, sự lựa chọn tốt mua xây ở, hay đầu tư cho thuê về dòng tiền cũng đều hợp lý! - Giá: 13 tỷ. - Địa chỉ: Bình Minh, phường 8, thành phố Vũng Tàu. - Đường trước nhà: 11 mét có vỉa hè. - Hướng: Đông Nam. - Pháp lý: Sổ đỏ. Lô ngang 7.5m dài 16m. Giá 13 tỷ. Liên hệ [phone_number]zalo sms).",13000000000,127.5,Bà Rịa - Vũng Tàu,Đất,2025-11-10T20:27:40.073000,SALE_HIGH_CONFIDENCE,explicit_sale_title_no_opposing_primary_offer,shard_0005.parquet,230854
Bán nhà riêng mặt tiền hẻm 302/ Lê Đình Cẩn Tân Tạo Bình Tân - 73m2 - TL nhẹ,"Chủ cần bán nhà mặt tiền hẻm 5m Lê Đình Cẩn, Bình Tân. Nhà đang có sẵn hợp đồng thuê Kinh Doanh karaoke 7,5 triệu/tháng. - DTCN: 73m2, nhà 2 lầu 3 phòng + 3 WC có sân để xe rộng. - MT hẻm cách MT đường chỉ hơn 100m khu kinh doanh tấp nập nhiều công nhân, gần KCN Tân Tạo và gần QL1A rất thuận tiện đi chuyển các nơi. - Nhà hiện đang cho thuê kinh doanh Karaoke 7,5 triệu/tháng (chỉ xem ngoài và tư vấn pháp lý). - Pháp lý: Sổ hồng riêng chính chủ. - Hướng Đông Nam. - Giá: Thỏa thuận.",,73.0,Hồ Chí Minh,Nhà,2025-06-25T08:20:45.587000,SALE_HIGH_CONFIDENCE,explicit_sale_title_no_opposing_primary_offer,shard_0000.parquet,37516
"Định cư bán nhanh nhà mặt tiền Thống Nhất, Gò Vấp - 12x33m - 4 tầng - HĐT 170 triệu - giá 41 tỷ","Định cư bán nhanh nhà mặt tiền Thống Nhất, Phường 11, Quận Gò Vấp. - Vị trí tuyến đường sầm uất, ngay siêu thị, trường học. - Diện tích: 12 x33m. - Kết cấu: 4 tầng. - HĐT: 170 triệu/ tháng. - Sổ công chứng ngay. - Giá bán: 41 tỷ. - Liên hệ Em Hiếu xem nhà và làm việc trực tiếp chính chủ, sdt [phone_number]",41000000000,396.0,Hồ Chí Minh,Nhà,2025-11-25T17:13:50.112000,SALE_HIGH_CONFIDENCE,explicit_sale_title_no_opposing_primary_offer,shard_0005.parquet,202291
"Bán nhà riêng Ngọc Hồi, 4,3 tỷ, 42m2, 2PN, 3WC, pháp lý đầy đủ. Ngõ nông , cách mặt phố chỉ 30m.","Nhà riêng 3 tầng siêu xịn tại Ngọc Hồi, Thanh Trì, Hà Nội, cực kỳ thích hợp cho cuộc sống năng động. - 3PN, 3WC, nhà mới, không cần sửa sang, dọn vào ở luôn - Ngõ rộng 2m, xe máy ra vào thoải mái - Pháp lý đầy đủ, không lo lắng gì Cảm giác sống tại đây sẽ rất chill, gần gũi với thiên nhiên, không khí trong lành, phù hợp với phong thủy. - Cách trường tiểu học Ngọc Hồi chỉ 1km - Cách Winmart+ Lưu Phái tầm 1,5km - Gần bệnh viện đa khoa nông nghiệp chỉ 2km Liên hệ ngay Ái Tạ qua số [phone_number] để biết thêm chi tiết!",4300000000,42.0,Hà Nội,Nhà,2025-07-30T07:53:10.880000,SALE_HIGH_CONFIDENCE,explicit_sale_title_no_opposing_primary_offer,shard_0001.parquet,59376
"Bán lô góc tại Công viên Văn hóa Đô thị Đà Lạt 45tỷ, 245m2 hàng hiếm trung tâm","Đất nền tại Công viên Văn hóa Đô thị Đà Lạt (Golf Valley), Phường Xuân Hương-Đà Lạt-Lâm Đồng với diện tích 245m2 lô góc thoáng 2 mặt là một cơ hội đầu tư hấp dẫn cho những ai muốn sở hữu 1 lô đất vị trí vàng tại Đà Lạt - Giá bán: 45tỷ VND. - Pháp lý: sổ hồng sang tên nhanh gọn - Hướng : Tây Nam và Tây Bắc - Ngõ vào rộng 12m, thuận tiện cho xe hơi ra vào dễ dàng. - Phong thủy tốt, mang lại tài lộc cho gia chủ. - Tiện ích xung quanh đa dạng, phù hợp với nhu cầu sinh hoạt hàng ngày. - Nằm Đối diện sân golf đồi cù, Cách Hồ Xuân Hương chỉ 500m Liên hệ ngay để được tư vấn miễn phí: [phone_number] Bảo Trung.",45000000000,245.0,Lâm Đồng,Đất,2026-03-08T18:39:19.516000,SALE_HIGH_CONFIDENCE,explicit_sale_title_no_opposing_primary_offer,shard_0009.parquet,165489
"Bán lô đất đẹp, diện tích lớn đường Nam Kỳ Khởi Nghĩa, Ngũ Hành Sơn, Đà Nẵng","Bán lô đất đẹp tại Hòa Hải, Ngũ Hành Sơn, Đà Nẵng. Vị trí vàng diện tích rộng pháp lý rõ ràng tiềm năng sinh lời cao! Địa chỉ: Hòa Hải, Ngũ Hành Sơn, Đà Nẵng. Diện tích: 618m². Giá: Thỏa thuận linh hoạt theo nhu cầu đầu tư. Pháp lý: Sổ đỏ đầy đủ, giao dịch an toàn, sang tên nhanh chóng. Ngõ rộng 17m, xe hơi ra vào thoải mái. Mặt tiền 25m, cực kỳ lý tưởng để mở nhà hàng, khách sạn, homestay hoặc kinh doanh đa ngành. Ưu điểm vượt trội. Nằm trong khu vực phát triển năng động và sầm uất của Đà Nẵng. Gần các trường học quốc tế lớn như: Trường đại học Mỹ tại Việt Nam (AUV). Trường Quốc tế Hoa Kỳ APU. Trường cao đẳng Quốc tế Pegasus. Liên hệ ngay với Ung Chí Linh qua số để biết thêm chi tiết.",,618.0,Đà Nẵng,Đất,2025-08-07T09:08:32.214000,SALE_HIGH_CONFIDENCE,explicit_sale_title_no_opposing_primary_offer,shard_0002.parquet,56060
"Bán căn hộ chung cư 4PN, 3WC, 160m2 tại Phạm Hùng, Dịch Vọng Hậu, Cầu Giấy, Hà Nội giá cực chất","Căn hộ chung cư Sun Feliza Suites tọa lạc tại Phạm Hùng, Phường Dịch Vọng Hậu, Quận Cầu Giấy, Hà Nội. Với diện tích 160m2 và thiết kế 4 phòng ngủ, 3 toilet, căn hộ này mang đến không gian sống rộng rãi, thoải mái cho gia đình. Ưu điểm nổi bật của căn hộ bao gồm: - 4PN + 3WC + bếp. - Giá bán: 29 tỷ VND. - Nội thất đầy đủ với điều hòa, tủ lạnh, giường,... - Phong thủy tốt với hướng ban công Đông Nam, tạo không khí thoáng đãng và ánh sáng tự nhiên. Tiện ích xung quanh: - Gần siêu thị Winmart và Pico 173 Xuân Thủy. - Công viên Cầu Giấy cho không gian xanh thư giãn. - Bệnh viện đa khoa Y học cổ truyền Hà Nội và Bệnh viện Mắt Quốc tế Việt - Nga. - Trường Đại học Ngoại Ngữ - ĐHQGHN và các trường mầm non. Thông tin dự án: - Khu đô thị Sun Grand City Cầu Giấy với vị trí đắc địa tại ngã ba giao lộ đường Xuân Thủy, Phạm Hùng, Phạm Văn Đồng. - Đầu tư bởi Sun Group với tổng diện tích sàn 292,439m2. -",29000000000,160.0,Hà Nội,Căn hộ chung cư,2025-08-06T17:27:29.414000,SALE_HIGH_CONFIDENCE,explicit_sale_title_no_opposing_primary_offer,shard_0002.parquet,248513
HOT HOT! CẦN T.IỀN BÁN GẤP LÔ ĐẤT - MẶT TIỀN KINH DOANH - GẦN PVĐ - P. HIỆP BÌNH CHÁNH - 399.7M2,"HOT HOT! CẦN T.IỀN BÁN GẤP LÔ ĐẤT - MẶT TIỀN KINH DOANH - GẦN PHẠM VĂN ĐỒNG - P. HIỆP BÌNH CHÁNH - 399.7M2 *Bán lô đất MẶT TIỀN, Đường số 38, P. Hiệp Bình Chánh *Khu dân cư hiện hữu, xây dựng tự do * Khu dân cư đông đúc, rất an ninh...cách Gigamall 2 phút duy chuyển *Mặt tiền, xe lưu thông thuận tiện, vị trí đẹp, gần chợ, siêu thị nhiều, gần bệnh viện, gần trường học, buôn bán, kinh doanh ổn định. *Diện tích sổ: 399.7m2( 12.9m x 32.6m) GIÁ BÁN: 36 TỶ Liên hệ ngay: Anh Khoa để làm việc trực tiệp chính chủ",36000000000,399.7,Hồ Chí Minh,Đất,2025-10-10T17:06:42.587000,SALE_HIGH_CONFIDENCE,explicit_sale_title_no_opposing_primary_offer,shard_0004.parquet,184034
"Bán toà nhà giáp nkkn lý chính thắng,võ thị sáu,q3.giá:7tỷ560/120(6mx20).sổ chính chủ","BÁN TOÀ NHÀ GIÁP NKKN LÝ CHÍNH THẮNG,VÕ THỊ SÁU,Q3. GIÁ:7Tỷ560 còn thương lượng với chính chủ DT: 120(6mx20) vuông vức. KC: xây dựng tầng trệt trần cao - 3Lầu - 9Phòng master - 10WC - Tầng Hầm oto/ xe máy đậu vô tư. Vị trí: giáp đường Nam Kỳ Khởi Nghĩa, giao nhau với Lý Chính Thắng, trung tâm sầm uất dễ kinh doanh. SỔ CHÍNH CHỦ, không tranh chấp ngân hàng.",7560000000,120.0,Hồ Chí Minh,Nhà,2026-03-11T06:37:59.127000,SALE_HIGH_CONFIDENCE,explicit_sale_title_no_opposing_primary_offer,shard_0008.parquet,300278
"Bán căn hộ Sora Garden I 2PN,2WC Giá 2 tỷ 8 - Sổ hồng riêng-TP Mới Bình Dương","SORA GARDEN I Bán căn hộ Sora Garden I -TP Mới Bình Dương - Diện tích :73m2,2PN,2WC - Giá bán :2 tỷ 8 LH xem nhà : - Ms Yến Nhận ký gửi, Mua bán, Cho thuê Nhà Phố, Căn Hộ, Kho Xưởng Bình Dương",2800000000,73.0,Bình Dương,Căn hộ chung cư,2025-11-07T16:34:46.912000,SALE_HIGH_CONFIDENCE,explicit_sale_title_no_opposing_primary_offer,shard_0005.parquet,289196
"Bán đất nền tại khu dịch vụ hỗn hợp VSIP Quảng Ngãi Block B08, giá 1,05 tỷ, 132 m2, lh [phone_number]","Khu dịch vụ hỗn hợp VSIP Quảng Ngãi là một trong những dự án nổi bật tại Quảng Ngãi, cung cấp cơ hội đầu tư hấp dẫn cho những ai đang tìm kiếm đất nền. Em bán Lô đất thuộc Block B08, vị trí gần đầu Block giá chỉ 1 tỷ 050. - Diện tích: 132 m2. - Hướng cửa chính: Đông Bắc. - Chiều ngang mặt tiền: 6m. - Đường trước nhà: 12m. - Pháp lý đầy đủ, đảm bảo an toàn cho giao dịch. - Sổ hồng có sẵn, khách thiện chí hỗ trợ công chứng nhanh. - ANh chị quan tâm đầu tư liên hệ em gửi thêm thông tin nhé: [phone_number]",1050000000,132.0,Quảng Ngãi,Đất,2025-06-18T10:25:49.942000,SALE_HIGH_CONFIDENCE,explicit_sale_title_no_opposing_primary_offer,shard_0000.parquet,77915
Bán gấp trong tháng - Hoàng Văn Thụ 83m² 4 tầng - 20 tỷ,"- Vị trí gần ngã tư Phan Đăng Lưu, đường Hoàng Văn Thụ, Phú Nhuận. Giao các trục: Phan Đăng Lưu, Phan Xích Long, Nguyễn Văn Trỗi, Huỳnh Văn Bánh. - Diện tích: 83m2. - Kết cấu: 4 tầng (trệt, 3 lầu, sân thượng), 5 PN, WC riêng. - Tiện ích: Thang máy. Nội thất cao cấp. Sân thượng. - Địa chỉ: Hẻm thông, đường Hoàng Văn Thụ, P.8, Q.Phú Nhuận. - Giá: 20 tỷ.",20000000000,83.0,Hồ Chí Minh,Nhà,2025-12-23T16:18:44.365000,SALE_HIGH_CONFIDENCE,explicit_sale_title_no_opposing_primary_offer,shard_0006.parquet,295327
"Cần tiền xuống mặt đất, bán nhanh CH chung cư Gemek Tower II, Lê Trọng Tấn, 4,5 tỷ, 72m2, Chính chủ","Căn hộ chung cư Gemek Tower II tọa lạc tại đường Lê Trọng Tấn, xã An Khánh, Hoài Đức, Hà Nội, là lựa chọn lý tưởng cho những ai tìm kiếm không gian sống tiện nghi, hiện đại. + Diện tích 72m2 với thiết kế 2 phòng ngủ và 2 phòng tắm. + Nội thất đầy đủ, bao gồm điều hòa, tủ lạnh, giường ngủ,... + Giá bán 4,5 tỷ VND, pháp lý đầy đủ. Căn hộ nổi bật với không gian sống thoáng đãng và tiện nghi, phù hợp cho gia đình nhỏ hoặc những ai yêu thích cuộc sống hiện đại. Với pháp lý đầy đủ, khách hàng hoàn toàn yên tâm khi sở hữu căn hộ này. Thông tin xung quanh: Cách công viên Thiên Đường Bảo Sơn 500m, cách AEON MALL Hà Đông 3km, Cách BigC Thăng Long 6km, Trường học tiện ích xung quanh Để biết thêm chi tiết, liên hệ ngay Nguyễn Mận qua số điện thoại",4500000000,72.0,Hà Nội,Căn hộ chung cư,2025-12-18T10:16:16.149000,SALE_HIGH_CONFIDENCE,explicit_sale_title_no_opposing_primary_offer,shard_0007.parquet,13913
"Bán nhà Thạch Bàn 6 tầng thang máy, gara ô tô, gần Aeon Mall, Cầu Vĩnh Tuy - Giá 13,5 tỷ","Bán nhà Thạch Bàn diện tích 60m2, xây 6 tầng có thang máy. Vị trí trung tâm Thạch Bàn, gần đường Cổ Linh, cách Aeon Mall, Cầu Vĩnh Tuy 300m. Thiết kế: Tầng 1: Gara ô tô, WC Tầng 2: Phòng khách, bếp, WC Tầng 3, 4: Mỗi tầng 1 phòng ngủ rộng, WC khép kín Tầng 5: Chia 2 phòng ngủ, WC Tầng 6: Phòng thờ, sân phơi Sổ đỏ chính chủ, không tranh chấp, không quy hoạch. Ngân hàng hỗ trợ vay vốn 70%. Giá bán 13.5 tỷ (có thương lượng). Liên hệ [phone_number] (Mr Hiệp) để đi xem nhà miễn phí.",13500000000,60.0,Hà Nội,Nhà,2025-08-20T10:14:36.084000,SALE_HIGH_CONFIDENCE,explicit_sale_title_no_opposing_primary_offer,shard_0001.parquet,288243
"[Chỉ 120tr/m2] Bán gấp nhà riêng tại Bàu Cát 1 (4.4x13m, 57m) - 2 Tầng vuông vức. Chỉ 7.2 tỷ tl","Nhà riêng tọa lạc tại Đường Bàu Cát 1, Phường 14, Tân Bình, Hồ Chí Minh với diện tích 57m2. Cách MT chỉ 10m. + Giá bán hấp dẫn chỉ 7,2 tỷ VND. + Thiết kế hiện đại, không gian sống thoải mái. + Khu vực an ninh, yên tĩnh, phù hợp cho gia đình. + Phong thủy tốt, mang lại tài lộc cho gia chủ. Tiện ích xung quanh: + Gần bệnh viện Quốc Tế Queen, Bệnh viện Đa Khoa Mỹ Đức. + Các công viên Bàu Cát 2, Bàu Cát 3 lý tưởng cho hoạt động ngoài trời. + Siêu thị Mẹ & Bé Con Cưng và nhiều siêu thị tiện ích khác. + Trường mầm non Ngôi Nhà Hạnh Phúc gần đó. Liên hệ ngay Phương My qua số điện thoại để được tư vấn miễn phí.",7200000000,57.0,Hồ Chí Minh,Nhà,2025-12-30T08:44:19.003000,SALE_HIGH_CONFIDENCE,explicit_sale_title_no_opposing_primary_offer,shard_0006.parquet,203865
"Bán nền Nhà Phố Lamaison De,Phước Lộc,Cần Giờ,DT.5x22 giá 4,7 ty có MC.LH [phone_number] Mr Huy","Cần bán nền nhà phố dự án Lamaison De,Phước Lộc,Cần Giờ DT:5x22 TKXD:1 trệt 2 lầu 1 tum Giá bán :4.7 ty Pháp Lý:HDMB LH:[phone_number]",4700000000,110.0,Hồ Chí Minh,Đất,2026-03-01T21:29:23.597000,SALE_HIGH_CONFIDENCE,explicit_sale_title_no_opposing_primary_offer,shard_0009.parquet,302849
"Bán đất đẹp tại Tỉnh lộ 44A, xã Long Điền, Tp Hồ Chí Minh, chỉ 2 tỷ, 100m2","Đất nền đẹp, vị trí đắc địa, lý tưởng cho đầu tư hoặc xây dựng nhà. Giá: 2 tỷ VND Diện tích: 100m2 Thổ cư Mặt tiền: 5m Ngõ trước: 10m, thuận tiện cho xe hơi vào. Pháp lý đầy đủ, sổ đỏ có sẵn. Phong thủy tốt, cực kỳ phù hợp cho kinh doanh. Địa điểm xung quanh: TRường đại học Y dược TP HCM trong tương lai Liền kề dự án Gold Cost Gần trường ins English Phước Hưng. Liên hệ thêm thông tin qua với Nhân Trần.",2000000000,100.0,Bà Rịa - Vũng Tàu,Đất,2025-12-01T08:48:38.660000,SALE_HIGH_CONFIDENCE,explicit_sale_title_no_opposing_primary_offer,shard_0006.parquet,96954
"Bán nhà mặt tiền Điện Biên Phủ. P11. Quận 10 DT: 4,06x22m, 5 tầng 26 tỷ 500","- Bán nhà mặt tiền Điện Biên Phủ P. 11, Q. 10. - Diện tích: 4.05 x 22m (DTCN 81m, đã trừ lộ giới). - Kết cấu: 5 tầng kiên cố. - Hợp đồng thuê: 50 triệu/tháng nguồn thu ổn định. - Vị trí đẹp, khu kinh doanh sầm uất, giao thông thuận tiện, gần trung tâm, trường học, bệnh viện, ngân hàng,... - Giá bán: 26 tỷ 500 . - Liên hệ: Công Minh [phone_number]để được tư vấn và đi xem nhà. ).",26500000000,82.0,Hồ Chí Minh,Nhà,2026-03-01T23:46:19.956000,SALE_HIGH_CONFIDENCE,explicit_sale_title_no_opposing_primary_offer,shard_0009.parquet,327592
"Bán đất nền gần KĐT Phú Cát City, 3 tỷ, 100 m2","Nhanh tay sở hữu đất nền nằm cạnh KĐT Phú Cát City, Đường 21, Phú Cát, Hà Nội. Giá hấp dẫn tầm 3 tỷ VND cho diện tích 100m2. Vị trí cực đẹp để mua đầu tư sinh lời. Pháp lý đầy đủ, sổ đỏ sẵn đảm bảo an tâm cho khách hàng. Mặt tiền rộng 6.8m, thuận lợi cho việc kinh doanh hoặc xây dựng nhà ở. Khu vực có nhiều tiện ích, phù hợp cho cuộc sống hiện đại như gần dân cư phát triển, gần khu hành chính công của xã Phú Cát, rất gần dự án chung cư cao cấp Metro City... Liên hệ để được tư vấn miễn phí qua số điện thoại - Chu Hiền.",3000000000,100.0,Hà Nội,Đất,2026-01-07T11:33:30.016000,SALE_HIGH_CONFIDENCE,explicit_sale_title_no_opposing_primary_offer,shard_0007.parquet,170176
"Chính chủ bán miếng đất full thổ cư, đất ở đô thị, tại tổ dân phố Phong Cốc, phường Minh Đức","Chính chủ bán miếng đất full thổ cư, đất ở đô thị, tại tổ dân phố Phong Cốc, phường Minh Đức, thị xã Mỹ Hào, nay là Phường Thượng Hồng, tỉnh Hưng Yên,cách đường 5A chỉ 30m, ô tô vào tận đất, xung quanh là trường học, chợ, uỷ ban nhân dân phường chỉ bán kính 200m, khách thiện chí gặp vào việc.",1700000000,76.2,Hưng Yên,Đất,2026-03-02T20:12:52.255000,SALE_HIGH_CONFIDENCE,explicit_sale_title_no_opposing_primary_offer,shard_0009.parquet,87686
"Bán đất hoàng cầu ô chợ dừa đống đa, 130m2 mặt tiền 8,6m ngay hông quận ủy nhỉnh 40 tỷ","Bán đất phố Hoàng Cầu phường Ô Chợ Dừa Đống Đa, ngay hông Quận Ủy Diện tích: 130m². Mặt tiền: 8,6m Sổ đỏ vuông vắn Lý tưởng để xây dựng nhà ở, tòa nhà văn phòng 8-9 tầng có hầm Vị trí Vip nhất quận Đống Đa, gần Quận ủy Đống Đa, hồ Hoàng Cầu. Gao thông thuận tiện, khu vực sầm uất, ô tô tránh, đỗ ngày đêm thoải mái, phù hợp kinh doanh hoặc đầu tư. Giá chỉ hơn 40 tỷ Liên hệ Hải Chiến : [phone_number] Chuyên nhà đẹp Đống Đa",40000000000,130.0,Hà Nội,Đất,2025-06-26T16:54:38.694000,SALE_HIGH_CONFIDENCE,explicit_sale_title_no_opposing_primary_offer,shard_0000.parquet,41836
"C/Chủ cần bán nhà MT 47J đường số 3J l khu Cư Xá Ngân Hàng l Q7. DT : 4m x 21m. Giá 13,5 tỷ còn TL","- Vị trí đẹp thích hợp vừa ở vừa làm văn phòng, cách chợ 100m, xung quanh đầy đủ tiện ích, đường trước nhà - DT đất : 4m x 21m - Hiện trạng nhà 01 lầu - Sổ hình chính chủ - Hỗ trợ vay ngân hàng 70% - Giá : 13,5 tỷ còn thương lượng giá tốt cho khách thiện chí - Liên hệ xem nhà và sổ : [phone_number]",13500000000,82.0,Hồ Chí Minh,Nhà,2025-10-04T10:22:59.205000,SALE_HIGH_CONFIDENCE,explicit_sale_title_no_opposing_primary_offer,shard_0004.parquet,245181
"Bán gấp căn Ngọc Thuỵ 38 m2 - 4T - 4 ngủ - ô tô đỗ cửa - full nội thất giá siêu rẻ - 6,95 tỷ","Bán nhanh căn nhà 4tầng - 4 ngủ dân xây gần chợ Ngọc Thụy - Full nội thất đẹp. Diện tích 38m2 xây 4tầng thiết kế đẹp. Vị trí VIP, cách 1 nhà ra ô tô tránh, ô tô đỗ cổng. Cách 1 Km là ra cầu Long Biên, Chương Dương, Ngọc Lâm phố rất gần. Tặng luôn nội thất đẹp, khách chỉ việc xách quần áo về ở, chưa đến 7 tỷ giá quá hợp lý. Sổ đỏ vuông vắn trước sau bằng nhau. Liên hệ em xem nhà:",6950000000,38.0,Hà Nội,Nhà,2025-10-20T10:09:27.092000,SALE_HIGH_CONFIDENCE,explicit_sale_title_no_opposing_primary_offer,shard_0004.parquet,178827
Bán lô góc mặt ngõ ô tô vào thoải mái ngay Ngô Thì Nhậm-đường Ngô Quyền Hà Đông 42m2 giá chỉ 7.69tỷ,"Bán lô góc mặt ngõ ô tô vào thoải mái ngay Ngô Thì Nhậm - Đường Ngô Quyền Hà Đông 42m2. Giá chỉ 7.69tỷ Diện tích 42m2. Mặt tiền 3.6m. Đường trước nhà 3.3m. Lô góc cực thoáng, thoáng 3 mặt trước sau hông. Vị trí trung tâm, kết nối thuận tiện, vài bước chân là ra trục đường đẹp nhất Hà đông, có cảnh quan khuôn viên, trung tâm thương mại... Sổ đỏ chính chủ. Giá: 7.69tỷ (có thương thảo, bao sang tên). Lh e Ba: Zalo).",7690000000,42.0,Hà Nội,Đất,2025-12-23T07:25:18.150000,SALE_HIGH_CONFIDENCE,explicit_sale_title_no_opposing_primary_offer,shard_0006.parquet,338377
"Cần bán gấp, mảnh đất vàng Nguyễn Hoàng, Lê Đức Thọ - diện tích 50,5m2","Vào Nam lập nghiệp nên cần bán gấp đất nền khu vực trung tâm quận Nam Từ Liêm, cách 100m là ra mặt phố Lê Đức Thọ, Nguyễn Hoàng, Mỹ Đình. - Gần bến xe Mỹ Đình, sân vận động Mỹ đình, Bệnh viện 198. - Xung quanh bao bọc nhiều trường ĐH lớn như: ĐH Thương Mại, ĐH Quốc Gia, ĐH Ngoại Ngữ, ĐH Sư Phạm, ĐH Báo Chí.. - Sổ đỏ đẹp, sẵn sàng giao dịch. - Thương lượng và bớt chút lộc cho anh/ chị có thiện chí mua. Liên hệ chị Minh: [phone_number]",9000000000,50.5,Hà Nội,Đất,2025-12-26T03:53:35.484000,SALE_HIGH_CONFIDENCE,explicit_sale_title_no_opposing_primary_offer,shard_0006.parquet,66325
"Bán đất phân lô, vỉa hè, ô tô tránh Hoàng Quốc Việt kéo dài 145m mặt tiền 8m chào 39 tỷ","Lô đất vàng còn xót lại, vị trí đắc địa vỉa hè ô tô tránh dừng đỗ ngày đêm, xung quanh toàn toà nhà văn phòng công ty, nhà hàng khách sạn dây dựng 8,9 tầng, kinh doanh sầm uất ngày đêm Hiện trạng lô đất trống rất thuận tiện việc xây dựng Thửa đất vuông đẹp, pháp lý sạch, giao dịch ngay. Liên hệ Tùng",39000000000,144.0,Hà Nội,Nhà,2025-11-21T10:21:12.831000,SALE_HIGH_CONFIDENCE,explicit_sale_title_no_opposing_primary_offer,shard_0005.parquet,245057
"Bán lô đất gần cửa khẩu Mộc Bài, Tây Ninh,giá 1 tỷ, 107m2","đất thổ cư tại Đường Quốc Lộ 22, Xã Bến Cầu, Tây Ninh, trước đây Huyện Bến Cầu, Tây Ninh với diện tích 107m2. Giá bán chỉ 1 tỷ VND. - Diện tích rộng rãi, phù hợp xây dựng nhà ở hoặc đầu tư. - Đường nhựa rộng rãi, giao thông thuận tiện. - Khu vực dân cư đông đúc, an ninh tốt. - Đầy đủ tiện ích xung quanh, thuận lợi cho cuộc sống hàng ngày. Điểm nhấn: Đất thổ cư có tiềm năng tăng giá cao trong tương lai, thích hợp cho việc đầu tư lâu dài hoặc xây dựng nhà ở. Không thể bỏ lỡ cơ hội này! Liên hệ để biết thêm thông tin chi tiết: , Vũ Trần Nhà Đất.",1000000000,107.0,Tây Ninh,Đất,2026-03-22T21:02:58.451000,SALE_HIGH_CONFIDENCE,explicit_sale_title_no_opposing_primary_offer,shard_0009.parquet,81157
"Bán lô đất đấu giá gần Sản nhi Hưng Yên 94m2, đường 16m (sổ đỏ chính chủ)","Chính chủ cần bán lô góc đất đấu giá gần Sản Nhi Hưng Yên. - Diện tích 94m², hướng Bắc (ngoài ra còn lô góc ngay cạnh giá 3,4 tỷ) đẹp nhất khu đấu giá của nhà nước. Pháp lý chuẩn. - Vỉa hè 5m. - Vị trí: Khu vực dân cư đông đúc. Trung tâm. - Vị trí thuận lợi: Gần viện Sản nhi, khu công nghiệp lớn, công an huyện và các cấp... - Pháp lý: Sổ đỏ chính chủ cầm tay, sẵn sàng sang tên. - Phù hợp đầu tư, chỉ có 3,2 tỷ. LH Mr Hoàn Zalo).",3200000000,94.0,Hưng Yên,Đất,2025-06-26T08:25:18.189000,SALE_HIGH_CONFIDENCE,explicit_sale_title_no_opposing_primary_offer,shard_0000.parquet,41307
"Bán gấp mặt sàn tầng 2 khu dịch vụ thương mại khu Long Biên. DT 1200m2, dân cư đông đúc","Bán gấp mặt sàn tầng 2, khu dịch vụ thương mại khu Long Biên. Cần bán mặt bằng kinh doanh tầng 2 khu dịch vụ. Thương mại chân đế tòa chung cư. DT: 1000m2, sàn thông rộng và tiện ích ngay khu dân cư đông đúc. Tiện làm văn phòng, phòng tập, kinh doanh giáo dục, phòng khám, khu vui chơi, nhà hàngCó khu thang máy riêng, điện nước đầy đủ, đi lại thuận tiện. Giấy tờ pháp lý rõ ràng. Liên hệ: C Huyền",,1200.0,Hà Nội,Shophouse,2025-12-05T10:21:48.674000,SALE_HIGH_CONFIDENCE,explicit_sale_title_no_opposing_primary_offer,shard_0007.parquet,45745
"( nhỉnh 8 tỷ) Bán Nhanh Trong tháng Căn Hộ 3PN, S:108m2 Nội Thất Full Đồ tại dự án SUN QUARE","Chính Chủ gửi em bán độc quyền căn hộ tại sự án Sun Quare, địa chỉ 21 Lê Đức Thọ - Thông tin căn hộ: - Căn 3 PN-2WC- Diện tích : 108m2, nội thất full đồ - Ban công Đông Bắc tầng trung đẹp, căn hộ có slot oto - Pháp lý: sẵn sổ, giao dịch luôn trong ngày - Toà nhà tiện ích đầy đủ, an ninh bảo vệ 24/07 - Giá bán nhỉnh 8 tỷ - Liên hệ Ms Trang: / zalo Để biết thông tin và chi tiết nhất, ngoài ra em còn quỹ căn 2PN",,108.0,Hà Nội,Căn hộ chung cư,2025-10-30T18:51:12.219000,SALE_HIGH_CONFIDENCE,explicit_sale_title_no_opposing_primary_offer,shard_0004.parquet,84836
Bán nhà Minh Khai - lô góc - thang máy - gara ô tô - kinh doanh - 40m2 - 6 tầng - giá 18.3 tỷ,"+ Gần chợ Mơ, nhà xây mới đẹp và full nội thất. * Lô góc, thang máy, gara ô tô, kinh doanh. + Ngõ thông, mặt tiền 5.5m, cách 30m ra mặt phố Minh Khai. + Sổ đỏ chính chủ và nở hậu nhẹ. + Giá 18.3 tỷ (còn thương lượng). LH: E Tùng để xem nhà và gặp chính chủ.",18300000000,40.0,Hà Nội,Nhà,2026-03-16T07:44:43.561000,SALE_HIGH_CONFIDENCE,explicit_sale_title_no_opposing_primary_offer,shard_0009.parquet,141661
Bán Đất Vạn Phúc - Thanh Trì - - Ô Tô Đỗ Sát Nhà - Vị trí đẹp - mặt tiền rộng - Giá Nhỉnh 3 Tỷ,"Bán Đất Thôn 3, Vạn Phúc - Thanh Trì - - Ô Tô Đỗ Sát Nhà - Vị trí đẹp - mặt tiền rộng - ở sướng Cơ hội có 1-0-2 tại Thôn 3 Vạn Phúc! Mảnh đất 40m2 (thực tế 42m2) vuông vức, giá nhỉnh 3 tỷ! Vị trí: 10m ra đường ô tô tránh (đỗ xe sát nhà siêu tiện lợi!). Tầm tiền: Nhỉnh 3 tỷ Giá rẻ nhất khu vực cho đất có chỗ đỗ ô tô. Diện tích thực tế lời 2m2. Chủ cần bán gấp, thiện chí thương lượng sâu. Pháp lý: Sổ đỏ chính chủ cất két (Cam kết tin thật). Liên hệ NGAY để kiểm tra vị trí đỗ xe chính xác và chốt cọc! Vượng nhà phố:",3350000000,42.0,Hà Nội,Đất,2025-11-01T00:33:39.018000,SALE_HIGH_CONFIDENCE,explicit_sale_title_no_opposing_primary_offer,shard_0005.parquet,8611
"Bán đất 2 mặt tiền tại Xã Phước Kiển, Nhà Bè, Hồ Chí Minh, 16,5 tỷ, 278 m2, vị trí đắc địa","Đất nền tại Xã Phước Kiển, Nhà Bè, Hồ Chí Minh với diện tích trên sổ 278m2, diện tích sử dụng thực tế 340 m2, 2 mặt tiền trước sau. Rất thuận lợi cho việc xây dựng vừa ở vừa kinh doanh căn hộ dịch vụ ( Chủ sử dụng mặt trước, người thuê sử dụng lối sau). Xung quanh đang xây căn hộ 6 tầng + 1 hầm, khu an ninh, gần sông vô cùng thoáng mát. Nằm sát vách KDC Đào Sư Tích - Phong thủy tốt, đem lại tài lộc cho chủ nhân - Địa điểm lý tưởng cho những ai muốn tìm kiếm không gian sống yên tĩnh, trong lành. Liên hệ chính chủ : Anh Văn",16600000000,278.0,Hồ Chí Minh,Đất,2025-12-30T21:59:43.210000,SALE_HIGH_CONFIDENCE,explicit_sale_title_no_opposing_primary_offer,shard_0006.parquet,239596
Bán nhà 6.3 tỷ xây 2 tầng với diện tích 80m cách đường Nguyễn Duy Trinh 30m,"Bán nhà 6.3 tỷ xây 2 tầng với diện tích 80m cách đường Nguyễn Duy Trinh 30m DT: 80m ( ngang 6m x 13.3m ) Nhà xây 1 trệt 1 lầu có 4PN, 2WC Nhà cách đường Nguyễn Duy Trinh 30m Hướng: Tây nam, sổ hồng, bán 6.3 tỷ LH: [phone_number] SƠN BẢY",6300000000,80.0,Hồ Chí Minh,Nhà,2025-08-28T23:09:43.604000,SALE_HIGH_CONFIDENCE,explicit_sale_title_no_opposing_primary_offer,shard_0002.parquet,91719
"Bán đất 299m2 tại Đường Số 1, An Phú, Thuận An, giá ưu đãi 18 tỷ VND","Tọa lạc tại Đường Số 1, Phường An Phú, Hồ Chí Minh (địa chỉ cũ: Thành phố Thuận An, Bình Dương), mảnh đất lý tưởng với diện tích 299m2, mặt tiền rộng 22m, đường vào 9m, pháp lý đầy đủ. Đây là cơ hội tuyệt vời cho những ai đang tìm kiếm không gian để xây dựng nhà ở hoặc đầu tư. Điểm đặc sắc: Mảnh đất có mặt tiền rộng, rất phù hợp cho việc kinh doanh hoặc xây dựng nhà ở. Đường vào rộng rãi, dễ dàng cho xe hơi ra vào. Giá bán 18 tỷ VND, một mức giá hợp lý cho vị trí đắc địa này. Gần đó có nhiều tiện ích như bệnh viện đa khoa An Phú, siêu thị Mẹ Bầu & Em Bé Con Cưng, siêu thị Bách Hóa Xanh, cùng với công viên Thuận Giao, tạo điều kiện sống thoải mái và thuận tiện. Để biết thêm thông tin chi tiết, vui lòng liên hệ Nguyễn Nga.",18000000000,299.0,Bình Dương,Đất,2026-02-17T16:54:36.644000,SALE_HIGH_CONFIDENCE,explicit_sale_title_no_opposing_primary_offer,shard_0008.parquet,273084
"Chính chủ gửi bán lô đất bám đường Quốc lộ 6, diện tích 3733m2 tại Cao Phong Hòa Bình (cũ)","Lô đất có DT 3733m2 (DT thực tế hơn 4000m2) trong đó có 400m2 đất thổ cư, còn lại là đất trồng cây lâu năm. Bám đường Quốc lộ 6 tận 46m, giá rẻ nhất khu vực phù hợp đầu tư sinh lời hoặc làm cây xăng và trạm dừng nghỉ... Địa chỉ tại phố bằng Tây Phong Cao Phong Hòa Bình (cũ), nay thuộc xã Mường Thàng tỉnh Phú Thọ. Pháp lý chuẩn không tranh chấp, sổ hồng sẵn sàng CC. Giá chỉ 2tr/m2. Cam kết thông tin và hình ảnh chuẩn 100%. Quý anh chị hãy gọi cho em 24/24h để sở hữu lô đất tuyệt đẹp này.",7466000000,3733.0,Hòa Bình,Đất,2025-12-27T10:49:02.171000,SALE_HIGH_CONFIDENCE,explicit_sale_title_no_opposing_primary_offer,shard_0006.parquet,285494
"Cần bán căn góc 74m Sky3, PMH, Q7, TPHCM, 3PN, 2WC, 7ty290, nhà đẹp lung linh, khu an ninh, đẹp","Căn hộ 3PN, 2WC ở Sky Garden 3, Tân Phong, Q7, HCM cực chất với diện tích 74m2. Nội thất full, có giường, tủ, bàn ghế, bếp đầy đủ luôn. Pháp lý đầy đủ, không cần lo lắng về giấy tờ. Ban công hướng Tây Bắc, cửa chính Đông, thoáng mát cả ngày. Giá chỉ 7,29 tỷ, không thể bỏ qua. Thông tin dự án Sky Garden 3 do Công ty TNHH Phát triển Phú Mỹ Hưng đầu tư. Nằm tại đường Phạm Văn Nghị, liền kề đường Nguyễn Văn Linh, cực tiện lợi cho việc di chuyển, chỉ cách Q1 có 5km. Dự án thiết kế 22 block cao từ 12-20 tầng, tổng cộng 1715 căn hộ và 56 shophouse, diện tích căn hộ từ 56-106m2. Các tiện ích như khu thương mại - dịch vụ, bể bơi, sân tennis, phòng tập đa năng, và công viên 3000m2, không thiếu thứ gì. Liên hệ để biết thêm chi tiết qua số và tên Nguyễn Thị Kim Hiền.",7290000000,74.0,Hồ Chí Minh,Căn hộ chung cư,2026-02-06T20:08:11.651000,SALE_HIGH_CONFIDENCE,explicit_sale_title_no_opposing_primary_offer,shard_0008.parquet,165900
"Bán nền thổ cư Long Tuyền, Bình Thủy, ô tô tới, xây dựng tự do","Chào mừng bạn đến với cơ hội sở hữu nền thổ cư tuyệt vời tại phường Long Tuyền, quận Bình Thủy, thành phố Cần Thơ! Diện tích nền là 84,2 m2 (thực tế 91 m2), mặt tiền rộng 5 m, sâu 17,4 m (thực tế 18,7 m), rất lý tưởng để xây dựng tổ ấm hoặc đầu tư sinh lời. Nền nằm ở vị trí giao thông thuận tiện, hẻm ô tô tới tận cửa, giúp bạn di chuyển dễ dàng. Hướng đông nam mang lại vượng khí và tài lộc cho gia chủ. Pháp lý rõ ràng với 63,4 m2 đất thổ cư, phần còn lại là đất trồng lúa nước, đảm bảo an toàn và tiềm năng phát triển. Giá bán chỉ 1,15 tỷ (còn thương lượng), quá hấp dẫn cho một vị trí đắc địa và tiềm năng phát triển vượt trội. Liên hệ ngay Kha qua số điện thoại [phone_number] để biết thêm thông tin chi tiết và sở hữu cơ hội đầu tư tuyệt vời này!",1150000000,87.0,Cần Thơ,Đất,2025-09-10T09:22:46.046000,SALE_HIGH_CONFIDENCE,explicit_sale_title_no_opposing_primary_offer,shard_0002.parquet,311254
Charm City Dĩ An bán gấp căn hộ 1PN 1WC (50m2)giá bán lỗ: 1tỷ850 (bao thuế phí).View thoáng mát.,"Chính chủ bán căn hộ Charm City Dĩ An. Thiết kế: 50m2 1PN 1WC Giá bán lỗ: 1tỷ850 (bao full thuế phí). View cực kì đẹp. View thoáng mát cực kì đẹp. Nhà có thể mua ở hay cho thuê điều được. Vị trí: Ngã tư 550 đường DT 743B, ngay Vincom Plaza Dĩ An, Phường Dĩ An, TP. Dĩ An. Tiện ích đầy đủ: Hồ bơi ốc đảo 1000m2, khu vui chơi trẻ em, thư viện, BBQ, sân vườn, Spa, Co. Op Food, Win Mart, GS25, 7 - Eleven, ngân hàng Vietcom, MB, VIB... Anh chị quan tâm liên hệ em xem nhà [phone_number]Em Nhật Tân).",1850000000,50.0,Bình Dương,Căn hộ chung cư,2026-03-01T20:32:41.236000,SALE_HIGH_CONFIDENCE,explicit_sale_title_no_opposing_primary_offer,shard_0009.parquet,36058
Bán Nhà Tây Trà - Lô góc 60m2 x 5 Tầng Thang Máy - MT 5m - Ô Tô Tránh - Giá 19.3 Tỷ,"1. VỊ TRÍ & TIỆN ÍCH - Vị trí vàng: Nhà nằm tại khu Tây Trà, Lĩnh Nam - Trung tâm phát triển sôi động bậc nhất Hoàng Mai. Lô góc 2 mặt tiền cực thoáng, mặt tiền quyền lực 5m. - Kết nối giao thông: Ngõ thông, đường rộng 2 ô tô tránh nhau thoải mái, xe vào tận nhà (Sức chứa 2 ô tô trong gara). Chỉ mất 5 phút ra Vành đai 3, cầu Thanh Trì, cực kỳ thuận tiện di chuyển vào trung tâm hoặc đi các tỉnh. - Tiện ích xung quanh: * Cạnh khu đô thị Gamuda, hưởng trọn tiện ích cao cấp: Công viên hồ điều hòa, khu vui chơi, cafe sầm uất. - Gần Nhà văn hóa Nam Dư, trường học các cấp, bệnh viện, chợ dân sinh ngay đầu ngõ. - Khu vực VIP, an ninh 24/7 có camera giám sát, hàng xóm toàn cán bộ, giảng viên và chủ doanh nghiệp. 2. CHI TIẾT THIẾT KẾ & NỘI THẤT - Thiết kế hiện đại, tối ưu công năng (5 tầng Thang máy): - Tầng 1: Gara rộng (2 ô tô + nhiều xe máy) - Có thể làm showroom/văn phòng. - Tầng 2: Phòng khác",19300000000,60.0,Hà Nội,Nhà,2026-03-06T06:06:48.643000,SALE_HIGH_CONFIDENCE,explicit_sale_title_no_opposing_primary_offer,shard_0009.parquet,246065
"Bán nhà phân lô, ô tô đỗ cửa, kinh doanh đỉnh tại khu sinh viên Nam Từ Liêm, Hà Nội","Bán nhà phân lô hướng Nam, diện tích 35m2, mặt tiền 3.5m, chiều dài 10m, ô tô đỗ cửa, hai mặt ngõ ô tô, kinh doanh đỉnh. Nhà dân xây cực kỳ tâm huyết, kiên cố, khung cột bê tông, có thể cải tạo thoải mái. Vị trí cạnh KTX Đại học Sư Phạm, Đại học Ngoại Ngữ, Đại học Quốc Gia Hà Nội, khu vực kinh doanh sầm uất. - Tầng 1: Khách bếp. - Tầng 2,3: Mỗi tầng 2 phòng ngủ WC giữa. - Tầng 4: 1 phòng rộng. - Tầng 5: Phòng thờ sân phơi. Sổ phân lô nét căng, pháp lý chuẩn. Giá bán: 15 tỷ. Liên hệ: Hải Nhà Phố [phone_number] để biết thêm thông tin chi tiết.",15000000000,35.0,Hà Nội,Nhà,2025-09-11T08:37:37.096000,SALE_HIGH_CONFIDENCE,explicit_sale_title_no_opposing_primary_offer,shard_0002.parquet,328921
"Bán đất 6x22(132m2) đường xe hơi xã Mỹ Lộc Cần Giuộc LA, 1tỷ250tr SHR đường thông khu dân cư đông","Bán nền đất đẹp, xây dựng tự do. - Nền đất thổ cư mới cách 835B chỉ 90m. - Nền cao đất đẹp, không quy hoạch. - Có hạ tầng đây đủ, đường thông... - Thích hợp xây nhà kinh doanh... - Gần chợ, trường học. - Diện tích: 6 x 22 (132m2). - Giá chào bán: 1 tỷ 250tr. - Thương lượng chính chủ. - Vị trí: Đường 835B vào 90m - Mỹ Lộc Cần Giuộc Long An. Liên hệ Thảo xem nhà đất:",1250000000,132.0,Long An,Đất,2025-08-09T08:16:46.567000,SALE_HIGH_CONFIDENCE,explicit_sale_title_no_opposing_primary_offer,shard_0002.parquet,125950
"BÁN BIỆT THỰ KĐT MỸ ĐÌNH 1, NGUYỄN CƠ THẠCH, 136M VIEW THOÁNG, MẶT TIỀN VIP, 44 TỶ","BIỆT THỰ VIP NGUYỄN CƠ THẠCH, gần LƯU HỮU PHƯỚC, HÀM NGHI - KĐT MỸ ĐÌNH 1 - 44 TỶ - Biệt thự đơn lập 4 tầng 135m, mặt tiền 10m, vị trí siêu đỉnh, vỉa hè đá bóng. Cho thuê dòng tiền 150tr/tháng Sổ vuông đẹp LH em Trang uy tín để được tư vẫn chi tiết - cam kết tin chuẩn, nhà thật 100%",44000000000,136.0,Hà Nội,Biệt thự/Nhà liền kề,2025-11-28T15:10:14.943000,SALE_HIGH_CONFIDENCE,explicit_sale_title_no_opposing_primary_offer,shard_0005.parquet,181600
"Bán đất tại xã Long Hựu Tây, Cần Đước, Long An, DT 600m2 giá tốt","Nhanh tay sở hữu mảnh đất lý tưởng tại Xã Long Hựu Tây, Cần Đước, Long An với diện tích 600m2. Đất có pháp lý đầy đủ, đường vào rộng 6m, thuận tiện cho việc xây dựng và sinh hoạt. + Đặc điểm nổi bật: + Đất thổ cư, phù hợp cho việc xây nhà ở hoặc đầu tư. + Hướng cửa chính: Đông, mang lại ánh sáng và không khí trong lành. + Ngõ vào rộng, dễ dàng tiếp cận bằng xe hơi. + Cơ hội đầu tư hấp dẫn trong khu vực đang phát triển. Liên hệ để được tư vấn miễn phí ngay hôm nay qua số điện thoại - Nguyễn Đặng Gia Huy.",,600.0,Long An,Đất,2025-09-04T09:36:25.974000,SALE_HIGH_CONFIDENCE,explicit_sale_title_no_opposing_primary_offer,shard_0002.parquet,349740
"Chính chủ cần bán chung cư B9 Đại Kim, phố Nguyễn Cảnh Dị diện tích 67m2 3PN 2wc full nội thất","Chính chủ cần bán căn hộ chung cư B9 Đại Kim, phố Nguyễn Cảnh Dị, ngay cạnh 1 loạt dự án Smile Building, Eco Lakeview, Thanh Bình, A5, B15... Thiết kế 3 phòng ngủ, 2 wc, 2 ban công cực thoáng mát. Nhà nội thất đầy đủ chỉ việc xách vali đến ở ngay. Sổ đỏ trao tay 5,2 tỷ sở hữu ngay. Anh chị quan tâm liên hệ:",5200000000,67.0,Hà Nội,Căn hộ chung cư,2026-01-07T09:25:39.867000,SALE_HIGH_CONFIDENCE,explicit_sale_title_no_opposing_primary_offer,shard_0008.parquet,72037
"Bán nhà mặt phố Lê Thanh Nghị, Hai Bà Trưng 100m2, 3 tầng, giá 50 tỷ. Mặt phố đầu tư.","Chính chủ bán nhà mặt phố Lê Thanh Nghị quận Hai Bà Trưng thành phố Hà Nội 100m2, 3 tầng, MT 6.5m, giá 50 tỷ. - Vị trí đắc địa mặt phố trung tâm, giao thông thuận tiện kinh doanh mọi loại hình nhà mặt phố. - Giao thông thuận tiện kết nối Lê Thanh Nghị, Trần Đại Nghĩa, Giải Phóng. - Hiện trạng bán vị trí phù hợp khách mua đầu tư xây mới toà nhà vừa ở vừa kinh doanh. - Sổ đỏ chính chủ. - Giá 50 tỷ. Đầu tư ngay. LH [phone_number]",50000000000,100.0,Hà Nội,Nhà,2025-10-23T06:21:14.315000,SALE_HIGH_CONFIDENCE,explicit_sale_title_no_opposing_primary_offer,shard_0004.parquet,192990
Cần bán căn 68m K Park Văn Phú đẹp như hoa hậu - Lh,Chính chủ gửi bán căn 68m chung cư The K Park - Nhà Full đồ đẹp - Tầng đẹp view công viên - Sẵn sổ - chủ dễ tính thiện chí bán - LH xem nhà,,68.0,Hà Nội,Căn hộ chung cư,2025-12-02T09:39:45.427000,SALE_HIGH_CONFIDENCE,explicit_sale_title_no_opposing_primary_offer,shard_0006.parquet,236677
"Bán căn hộ 2 phòng ngủ tại dự án Sunrise Riverside Giá tốt, đầy đủ nội thất","Vị trí: Chung cư Sunrise Riverside, đường Nguyễn Hữu Thọ, xã Phước Kiển, huyện Nhà Bè. Giao thông thuận tiện, liền kề Phú Mỹ Hưng, chỉ 5 phút di chuyển đến Quận 7. Thông tin căn hộ: Diện tích: 70m² Thiết kế: 2 phòng ngủ, 2 phòng tắm, ban công thoáng mát Tầng trung, view hồ bơi và công viên nội khu Pháp lý: Sổ hồng riêng, sang tên nhanh chóng Nội thất đầy đủ, cao cấp: Đã trang bị đầy đủ: máy lạnh, tủ lạnh, máy giặt, sofa, bàn ăn, giường, nệm, tủ bếp, rèm cửa Thiết bị vệ sinh hiện đại, nước nóng lạnh đầy đủ Căn hộ được giữ gìn kỹ, chỉ cần dọn vào ở ngay Tiện ích nội khu nổi bật: Hồ bơi tràn, phòng gym, khu BBQ, sân chơi trẻ em, công viên An ninh 24/7, hệ thống thẻ từ từng tầng Có siêu thị mini, quán cà phê, nhà trẻ trong khuôn viên Giá bán: 4.5 tỷ (còn thương lượng cho khách thiện chí) Liên hệ: để được tư vấn và hẹn xem nhà thực tế. Hỗ trợ xem nhà tất cả các ngày trong tuần.",4500000000,70.0,Hồ Chí Minh,Căn hộ chung cư,2025-10-07T11:46:52.076000,SALE_HIGH_CONFIDENCE,explicit_sale_title_no_opposing_primary_offer,shard_0004.parquet,10300
"Bán nhà liền kề fujisan đông triều 3,5 tỷ xây sẵn 5 tầng diện tích 80m2","BÁN NHÀ LIỀN KỀ FUJISAN ĐÔNG TRIỀU 3,5 TỶ XÂY SẴN 5 TẦNG DIỆN TÍCH 80M2 Vị trí trung tâm Mạo Khê, khu dân cư sầm uất, hiện hữu. Tiện ích: bể bơi, vườn thiền, khu vui chơi trẻ em, sân thể thao Cách đường cao tốc 10 làn 1km Di chuyển tới Vin Hạ Long Xanh chỉ 20 phút LH ngay [phone_number] để được tư vấn",3500000000,80.0,Quảng Ninh,Biệt thự/Nhà liền kề,2026-01-19T14:43:22.789000,SALE_HIGH_CONFIDENCE,explicit_sale_title_no_opposing_primary_offer,shard_0007.parquet,188690
"Bán gấp 120m2 sát bìa làng Thạc Quả - Dục Tú, giá 46 tr, rẻ hơn TT 20 giá, 100m nút giao Tứ Liên","120m - Thôn Thạc Quả - Dục Tú, Cách bìa làng 40m, 100m đến nút giao Tứ Liên. - Giá rẻ hơn tt 20 giá, giá 46 tr/m2. - Quy hoạch đường 3,5m, đường thông, đất nở hậu 10cm, cách hồ điều hòa 100m,",5520000000,120.0,Hà Nội,Đất,2025-06-26T04:01:29.640000,SALE_HIGH_CONFIDENCE,explicit_sale_title_no_opposing_primary_offer,shard_0000.parquet,204075
Chính chủ cần bán nhà khu dân cư phường Tân Triều chỉ từ 450tr nhận nhà ngay!,"Chính chủ cần bán nhà khu dân cư phường Tân Triều chỉ từ 450tr nhận nhà ngay! - Vị trí đắc địa nằm trong khu dân cư quy hoạch đồng bộ, an ninh cao, dân trí tốt. - Diện tích: 5 x 20m. - Kết cấu: 1 trệt 1 lầu hiện đại. - 3 phòng ngủ 2 WC phòng khách bếp phòng thờ sân ô tô sân sau thoáng mát. - Sổ hồng riêng thổ cư, sổ riêng sang tên ngay trong ngày. - Đường nội khu rộng rãi xe hơi ra vào thoải mái. - Điện riêng nước máy sạch ổn định. Gần chợ, trường học các cấp. - Giá chỉ từ 1,85 tỷ thanh toán trước 450 triệu là có thể sở hữu. - Ngân hàng hỗ trợ vay đến 70% lãi suất cực tốt. - Liên hệ chính chủ: gặp Hoàng).",1850000000,100.0,Đồng Nai,Nhà,2025-09-08T10:06:12.651000,SALE_HIGH_CONFIDENCE,explicit_sale_title_no_opposing_primary_offer,shard_0002.parquet,296283
"Bán biệt thự tại khu biệt thự Hoa Phượng, An Khánh, Hoài Đức, Hà Nội, giá cực chất 37,2 tỷ, 310m2","Khu biệt thự Hoa Phượng, An Khánh, Hoài Đức, Hà Nội là một trong những khu vực phát triển nhanh với không gian sống lý tưởng. Biệt thự 4 tầng này được thiết kế hiện đại, mang đến sự thoải mái và tiện nghi cho gia đình. - Diện tích: 310m2. - Nội thất: Cơ bản. - Hướng cửa chính: Tây. - Hướng ban công: Bắc. - Ngõ vào rộng 15m, thuận tiện cho ô tô ra vào. - Pháp lý đầy đủ. Ưu điểm: - Thiết kế hiện đại, thoáng đãng, phù hợp với nhu cầu sinh hoạt của gia đình. - Không gian sống yên tĩnh, gần gũi với thiên nhiên. Địa điểm xung quanh: - Bệnh viện đa khoa quốc tế Vinmec Smart City. - Siêu thị thú cưng - Pet Spa, Winmart. - Trường THCS Tây Mỗ. - Công viên Thiên Đường Bảo Sơn. Liên hệ để biết thêm thông tin chi tiết qua số điện thoại Em Ngọc: [phone_number]",37200000000,310.0,Hà Nội,Biệt thự/Nhà liền kề,2025-06-02T13:55:50.529000,SALE_HIGH_CONFIDENCE,explicit_sale_title_no_opposing_primary_offer,shard_0000.parquet,21488
"Chính chủ bán căn hộ chung cư 3PN, 2WC, 90m2 tại An Bình City, tầng trung, sổ đó sẵn, giá 7,2 tỷ","Căn hộ chung cư tại An Bình City, Cổ Nhuế 1, Bắc Từ Liêm, Hà Nội, với diện tích 90m2, bao gồm 3PN + 2WC, bếp đầy đủ nội thất. Giá bán 7,2 tỷ VND. - Điểm nhấn: + Thiết kế hiện đại, không gian sống thoáng đãng. + Nội thất đầy đủ với điều hòa, tủ lạnh, giường ngủ... + Phong thủy tốt với hướng cửa chính Tây Nam và ban công Đông Bắc. + Pháp lý đầy đủ. - Tiện ích xung quanh: + Gần bệnh viện Mắt Ánh Sáng, bệnh viện E. + Siêu thị Winmart +. + Công viên Hồ An Bình, Công viên Starlake Tây Hồ Tây, Công viên Hòa Bình. + Trường Đại học Ngoại ngữ - ĐHQGHN, WBS Training Vietnam Company Limited. Liên hệ để biết thêm chi tiết: gặp Hoàng Vinci 3333.",7200000000,90.0,Hà Nội,Căn hộ chung cư,2025-08-16T09:58:56.466000,SALE_HIGH_CONFIDENCE,explicit_sale_title_no_opposing_primary_offer,shard_0002.parquet,153154
"Cần bán nhà lô góc B1.3 KĐT Thanh Hà - Cienco 5, 127m2*5T, đường 30m, 32 tỷ","Gia đình cần bán căn liền kề vip nhất khu vực, hoa hậu của khu đô thị. Cần bán liền kề lô góc B1.3-LK09.12 KĐT Thanh Hà - Cienco 5. Diện tích 127/150m2, 5 tầng, 5 ngủ, ngã tư đường 30m và 25m. Pháp lý đầy đủ, mua bán công chứng. Giá: 32 tỷ. Liên hệ chính chủ anh Trọng miễn trung gian).",32000000000,127.0,Hà Nội,Biệt thự/Nhà liền kề,2026-01-03T07:57:24.803000,SALE_HIGH_CONFIDENCE,explicit_sale_title_no_opposing_primary_offer,shard_0007.parquet,233345
"Bán nhà mặt phố Nguyễn Văn Trỗi/Thanh Xuân. 57m*5tầng. 21,2 tỷ.","21,2 TỶ: NHÀ MẶT PHỐ, KHU PHÂN LÔ, ĐƯỜNG RỘNG, THÔNG LÊ TRỌNG TẤN, TRƯỜNG CHINH. THOÁNG VĨNH VIỄN. - Diện tích: 57m, 5mMT. - Kiến trúc: 5 tầng, 4 ngủ, 4wc, khách, bếp. - Tiện ích: Sát UBND phường, Trường C1,2, Chợ. Kinh doanh sầm uất. Nhiều cây xanh, dân trí cao, an ninh tốt. - Sổ đỏ vuông đẹp - Call/ZALO: [phone_number] để làm việc trực tiếp với chủ nhà",21200000000,57.0,Hà Nội,Nhà,2025-10-19T06:59:38.085000,SALE_HIGH_CONFIDENCE,explicit_sale_title_no_opposing_primary_offer,shard_0004.parquet,149786
Đi nước ngoài cần bán gấp Khách san đang kinh doanh. Đường Xuân Hồng Tân Bình,Khách sạn mặt tiền khu sầm uất nhất Tân Bình. Gồm 11phong có thang máy . Đay đủ trang thiết bị. Đamg cho thuê kinh Doanh ổn định. Ac có nhu cầu xin liên hệ [phone_number] Mr Hùng. Xin cảm ơn.,21500000000,80.0,Hồ Chí Minh,Nhà,2026-01-19T18:13:43.781000,SALE_HIGH_CONFIDENCE,explicit_sale_title_no_opposing_primary_offer,shard_0008.parquet,78975
"8.6 tỷ, 43m2, 4 lầu, bán nhà 29/ Đoàn Thị Điểm, Gần Phan Đăng Lưu, Phan Xích Long, P1, Phú Nhuận","8.6 tỷ, 43m2, 4 lầu, bán nhà 29/ Đoàn Thị Điểm, Gần Phan Đăng Lưu, Phan Xích Long, P1, Phú Nhuận. + Diện tích: 43m. + Giá chỉ: 8.6 tỷ còn thương lượng. + Kết cấu: Trệt, 2 lầu, sân thượng BTCT kiên cố. + Gồm 5PN (Có 1PN dưới trệt dành cho người lớn tuổi), 5WC, PK, bếp, phòng thờ, giếng trời thoáng sáng. + Khu an ninh, yên tĩnh, thoáng mát, dân trí cao. + Nhà thiết kế chắc chắn, đẹp mắt. + Liên hệ ngay: [phone_number] để xem nhà và nhận tư vấn hoàn toàn miễn phí.",8600000000,43.0,Hồ Chí Minh,Nhà,2025-06-04T10:10:27.102000,SALE_HIGH_CONFIDENCE,explicit_sale_title_no_opposing_primary_offer,shard_0000.parquet,82287
"Bán biệt thự khu vip lê đức thọ, gò vấp 209m giá 24 tỷ","Địa chỉ: Đường Lê Đức Thọ, Phường 15, Quận Gò Vấp, TP.HCM Diện tích đất: 209m (ngang rộng, nở hậu, cực thoáng) Kết cấu: 1 trệt 1 lầu, sân trước rộng, thiết kế biệt thự sang trọng Kết cấu nhà: Tường gạch, sàn BTCT, mái BTCT nhà chắc chắn, thoáng mát Nhà mới tiện làm nhà ở, nghỉ dưỡng hoặc văn phòng Hẻm xe hơi 2 chiều, khu dân trí cao, yên tĩnh, an ninh Có sân vườn, cây xanh không gian sống lý tưởng giữa lòng Gò Vấp Pháp lý: Sổ hồng riêng, hoàn công đầy đủ công chứng ngay Nhà Thật-Giá Thật-TL Chính Chủ Liên hệ:[phone_number]",24000000000,209.0,Hồ Chí Minh,Biệt thự/Nhà liền kề,2025-06-18T13:20:03.589000,SALE_HIGH_CONFIDENCE,explicit_sale_title_no_opposing_primary_offer,shard_0000.parquet,18892
"Bán lô đất biệt lập mặt tiền đường nhựa Lý Nam Đế, Đà Lạt, chỉ 11,5 tỷ","Bán lô đất biệt lập mặt tiền đường nhựa Lý Nam Đế Đà Lạt, chỉ 11,5 tỷ. ------------------ Diện tích: 251,5m2 (10,3m * 24m, nở hậu 13,2m) toàn bộ đất ở đô thị. Lộ giới: Đường nhựa mới 5m, quy hoạch 10m. Thế đất lợi hầm, nở hậu vượng phong thủy, không gian thoáng và đã xin GPXD. Vị trí lô nằm trong khu dân cư an ninh, xung quanh là các biệt thự sang trọng và nhà phố cao cấp. Cách Ngã 5 Đại Học tầm 1km thích hợp đầu tư nghỉ dưỡng, kinh doanh lưu trú cao cấp,... Giá bán: 11,5 tỷ. Liên hệ: [phone_number]Cảnh Trần).",11500000000,251.5,Lâm Đồng,Đất,2026-03-22T09:14:28.935000,SALE_HIGH_CONFIDENCE,explicit_sale_title_no_opposing_primary_offer,shard_0009.parquet,136036
"Chính chủ bán nhà tập thể phương mai, kim liên, 2pn, 2wc, nhà đẹp, ở ngay, ô tô đỗ cửa, có sân","-Tập thể Phương Mai, Kim Liên, Đống Đa _ Tòa mới, sạch, thoáng _ Ô tô đỗ cửa, gần ĐH.Bách, Kinh, Xây. -DT 50m, 2PN, 2WC, phòng khách, bếp, ban công siêu thoáng, nhà đẹp, full đồ, ở ngay. -Sổ đỏ chính chủ, lâu dài -Giá 3.480tr (có Thương lượng) -Lh em chủ nhà [phone_number]",3480000000,50.0,Hà Nội,Căn hộ chung cư,2025-07-28T10:56:57.533000,SALE_HIGH_CONFIDENCE,explicit_sale_title_no_opposing_primary_offer,shard_0001.parquet,233862
"Chính chủ cần bán nhà 3 tầng mặt tiền đường Nại Tú 3 (Nại Hiên Đông) Sơn Trà, Đà Nẵng","Chính chủ cần bán nhà 3 tầng mặt tiền đường 5.5m Nại Tú, Nại Hiên Đông, Sơn Trà, Đà Nẵng. Vị trí trung tâm gần sông Hàn gần biển khu vực an cư lý tưởng! Vị trí đắt giá: Sát trục Trần Hưng Đạo chỉ vài phút ra cầu sông Hàn. Gần biển, gần chợ, trường học các cấp tiện ích đầy đủ xung quanh. Nằm ngay trung tâm quận Sơn Trà giao thông thuận tiện. Kết cấu nhà 3 tầng đẹp, kiên cố: 4 phòng ngủ khép kín. Phòng khách bếp phòng thờ riêng biệt. Sân phơi rộng rãi, thoáng mát. Thích hợp để ở, cho thuê căn hộ dịch vụ hoặc làm homestay. Diện tích: 69m2, mặt tiền đường 5.5m, vỉa hè 3m không gian thoáng, đậu xe thoải mái. Giá bán: 6.5 tỷ (thương lượng nhẹ cho khách thiện chí). Sổ hồng chính chủ pháp lý rõ ràng. Liên hệ ngay: [phone_number] [phone_number]Zalo Dũng). Nhà vị trí quá đẹp mua để ở hay đầu tư đều sinh lời chắc chắn!",6500000000,69.0,Đà Nẵng,Nhà,2025-07-28T08:33:35.621000,SALE_HIGH_CONFIDENCE,explicit_sale_title_no_opposing_primary_offer,shard_0001.parquet,121502
Bán căn hộ cao cấp Panorama Phú Mỹ Hưng view sông trực diện full nội thất có ô tô,"Vị trí: Panorama trung tâm Phú Mỹ Hưng, ngay cạnh Crescent Mall, Hồ Bán Nguyệt vị trí vàng hiếm có, tầm nhìn trực diện sông thoáng mát quanh năm. Khu căn hộ cao cấp an ninh 24/7 cộng đồng cư dân văn minh, nhiều chuyên gia & doanh nhân sinh sống. Thông tin căn hộ: Diện tích: 164m rộng rãi. Thiết kế: 3 phòng ngủ 2 WC. Nội thất: Full nội thất cao cấp vào ở ngay. Pháp lý: Sổ hồng. Đặc biệt: Có ô xe hơi riêng cực kỳ tiện lợi. Ưu điểm: View trực diện sông không gian sống thoáng gần công viên, TTTM, trường quốc tế. Giá bán: 21,5 tỷ (thương lượng cho khách thiện chí). Nhà trống xem nhà dễ giao dịch nhanh chóng. Liên hệ ngay để xem nhà thực tế & tư vấn pháp lý: Mr Hoà Lê GreenHouse hỗ trợ xem nhà 24/7 cập nhật giá thị trường chuẩn nhất. Hotline: [phone_number]Zalo | Viber | Whatsapp | KakaoTalk | WeChat). Email: hoalegd@gmail.com Website: https://greenhouseagency.vn https://greenhouseagency.com.v",21500000000,164.0,Hồ Chí Minh,Căn hộ chung cư,2026-03-03T03:19:53.411000,SALE_HIGH_CONFIDENCE,explicit_sale_title_no_opposing_primary_offer,shard_0009.parquet,116627
"Bán nhà riêng tại Lý Thái Tổ, Yên Đỗ, Plei Ku, Gia Lai, 3,5 tỷ, 63,375m2, hàng hiếm tại giá tốt","Nhà riêng tại Lý Thái Tổ, P. Yên Đỗ, Plei Ku, Gia Lai là một cơ hội tuyệt vời cho những ai đang tìm kiếm một không gian sống lý tưởng. Với diện tích 63,375m2, căn nhà này có thiết kế hợp lý và thoáng đãng. - 1 phòng ngủ rộng rãi, thích hợp cho gia đình nhỏ. - 2 toilet tiện lợi, giúp nâng cao sự thoải mái trong sinh hoạt hàng ngày. - 1 tầng, dễ dàng di chuyển và quản lý. - Giá bán 3,5 tỷ VND, phù hợp với nhiều nhu cầu và ngân sách của khách hàng. Căn nhà có pháp lý đầy đủ, đảm bảo cho việc giao dịch an toàn và minh bạch. Đặc biệt, không gian sống được bố trí hợp lý, phù hợp cho những ai yêu thích sự đơn giản và tiện nghi. Địa điểm tiện ích xung quanh: - Gần công viên Nguyễn Đình Chiểu, nơi lý tưởng để thư giãn và tập thể dục. - Siêu thị WinMart trong tầm tay, thuận tiện cho việc mua sắm hàng ngày. - Trường Trung tâm Ngoại ngữ Việt Anh - VES, lý tưởng cho việc học tập và phát triển kỹ năng",3500000000,63.375,Bắc Ninh,Nhà,2025-08-21T12:06:09.716000,SALE_HIGH_CONFIDENCE,explicit_sale_title_no_opposing_primary_offer,shard_0002.parquet,36144
"Nhà MT Trường Chinh, Quận 12 giá 7.8 tỷ (cũ 8 tỷ) cần bán gấp","Vị trí: Phường Đông Hưng Thuận, ngay ngã tư An Sương, thuận tiện kinh doanh. Diện tích: 78.8m2. Kết cấu 1 trệt, 2 lầu. Đang cho thuê: 23 triệu/tháng. Sổ hồng riêng, pháp lý chuẩn thương lượng chính chủ. Liên hệ: [phone_number] Mr. Hiền. Zalo.",7800000000,78.8,Hồ Chí Minh,Nhà,2025-09-17T08:50:46.854000,SALE_HIGH_CONFIDENCE,explicit_sale_title_no_opposing_primary_offer,shard_0002.parquet,339074
Cần bán trước Tết - Đất Mặt tiền đường 10m- cạnh CC Metro Park - Trường Thọ - 86m2 siêu đẹp,"BÁN GẤP: ĐẤT ĐẸP TRƯỜNG THỌ - MẶT TIỀN ĐƯỜNG 10M Bán đất mặt tiền nội khu đường số, Trường Thọ, TP.Thủ Đức. - Đường 10m thông, dân cư đông, hiện hữu, dân trí, khang trang - Sổ hồng riêng. Kế bên chung cư Sài Gòn Metro Park, khu dân cư cao cấp, trí thức, văn minh, sát Vành đai 2 - Diện tích: 86m2 ( 4.2m x 20.47m) - Giá: 7,98 Tỷ ---------//----- Nói không với tin đăng ảo, phá giá, sai giá chính chủ! LH [phone_number] gặp Vân làm việc trực tiếp Chủ. 2103TT",7980000000,86.0,Hồ Chí Minh,Đất,2025-12-03T05:40:34.993000,SALE_HIGH_CONFIDENCE,explicit_sale_title_no_opposing_primary_offer,shard_0006.parquet,110191
"Bán Đất Nguyễn Sắc Kim, 4,9 tỷ, 88m2, Phường Hòa Xuân, Cẩm Lệ, Đà Nẵng","Nhanh tay sở hữu lô đất vị trí đẹp tại Nguyễn Sắc Kim, Phường Hòa Xuân, Cẩm Lệ, Đà Nẵng. Diện tích 88m², pháp lý đầy đủ với sổ đỏ/sổ hồng, giá chỉ 4,95 tỷ VND. + Diện tích 88m², mặt tiền 5m, ngõ vào 7,5m. + Hướng cửa chính Đông Bắc, rất thuận lợi cho phong thủy. + Khu vực dân cư hiện hữu, an ninh. Điểm nhấn: Mặt tiền rộng rãi, phù hợp cho việc kinh doanh. Ngõ vào rộng, dễ dàng cho xe ô tô di chuyển. Pháp lý đầy đủ giúp giao dịch dễ dàng và nhanh chóng. Tiện ích xung quanh đầy đủ: gần trường,chợ,trung tâm thành phố.. Liên hệ ngay để được tư vấn miễn phí qua số 0913 924 ***, Trần Thanh Thúy.",4900000000,88.0,Đà Nẵng,Đất,2025-08-24T16:22:06.839000,SALE_HIGH_CONFIDENCE,explicit_sale_title_no_opposing_primary_offer,shard_0001.parquet,316235
"Bán Nhà Riêng tại Nguyễn Huy Tưởng, Hòa Minh, Liên Chiểu, Đà Nẵng, giá tốt, 60m2","Nhà riêng 2 tầng, 3PN, 2WC, diện tích 60m2, hướng Tây, nội thất cơ bản. - Pháp lý đầy đủ, sổ đỏ/sổ hồng. - Ngõ vào rộng 3m, thuận tiện cho xe hơi. - Mặt tiền 3m, phù hợp cho kinh doanh nhỏ. - Phong thủy tốt, mang lại tài lộc cho gia chủ. - Giá 3,85 tỷ VND, cơ hội sở hữu nhà riêng giá tốt. Xung quanh có nhiều tiện ích như: - Cách trường Cao đẳng Công nghệ Y dược Việt Nam - Đà Nẵng 1km. - Cách Bệnh viện Phổi Đà Nẵng 1,5km. - Cách Bệnh viện Đa khoa Nam Liên Chiểu 2km. Liên hệ ngay Đan San ( Bất động sản 43) theo số [phone_number] để biết thêm thông tin.",3850000000,60.0,Đà Nẵng,Nhà,2025-11-17T07:30:49.913000,SALE_HIGH_CONFIDENCE,explicit_sale_title_no_opposing_primary_offer,shard_0005.parquet,138314
Chính chủ cần bán nhà mới hẻm xe hơi ngay chợ bà chiểu diên hồng - bình thạnh.đang cho thuê 25tr.,"BÁN NHÀ MỚI CỨNG GIÁ TỐT HẺM XE HƠI NGAY CHỢ BÀ CHIỂU - BÌNH THẠNH-ĐANG CHO THUÊ CĂN HỘ DỊCH VỤ THU NHẬP CAO,DỄ THANH KHOẢN. Địa chỉ: Diên Hồng, P.1, Q. Bình Thạnh Giá chỉ nhỉnh 8 tỷ thu nhập thụ động 25 triệu/tháng Thông tin chi tiết: Kết cấu: 1 trệt, 2 lầu, 1 sân thượng Diện tích: 3.8 x 12m =Tổngt 46m² Công năng: 5 phòng ngủ, 6 nhà vệ sinh, phòng khách, phòng bếp Mỗi phòng đều đầy đủ nội thất cao cấp, máy lạnh riêng biệt Nhà mới xây, hiện đang cho thuê dạng căn hộ dòng tiền ổn định Ưu điểm nổi bật: Nhà thiết kế phong cách hiện đại, cực kỳ sang trọng. * Nội Thất,tất cả bộ cửa là gỗ gõ đỏ,tat nắm cầu thang gỗ lim xưa. Vị trí đắc địa: Ngay Chợ Bà Chiểu khu dân cư an ninh, sầm uất Thích hợp để ở, cho thuê hoặc làm căn hộ dịch vụ cao cấp Liên hệ ngay: 0907,.,53,,.19..,19 để xem nhà và thương lượng chính chủ! Pháp lý chuẩn chỉnh, hỗ trợ vay ngân hàng nếu cần",8000000000,46.0,Hồ Chí Minh,Nhà,2025-08-01T05:32:11.635000,SALE_HIGH_CONFIDENCE,explicit_sale_title_with_rental_cashflow_context,shard_0002.parquet,21551
Bán căn hộ cao cấp Thành Thái 3PN full nội thất view thoáng giá 7.6 tỷ (ĐCG69205),"Bán căn hộ cao cấp Thành Thái 3PN full nội thất view thoáng giá 7.6 tỷ (ĐCG69205). Thông tin căn hộ: Diện tích: 86m². Thiết kế: 3 phòng ngủ, 2 vệ sinh. Full nội thất xịn sò giữ gìn kỹ như hình. Cửa chính hướng Đông, ban công hướng Bắc thoáng mát, đón gió. Tầng đẹp, căn hộ thoáng sáng, không bị chắn tầm nhìn. Tiện ích và dịch vụ: Căn hộ đã có 1 suất gửi ô tô trong hầm. Pháp lý: Sổ đỏ chính chủ đã có, cất két. Giá bán: 7.6 tỷ (có thương lượng nhẹ). Liên hệ em Hương . Chuyên BĐS Hà Nội: Cầu Giấy, Mỹ Đình, Phạm Hùng, Nguyễn Hoàng, Hàm Nghi, Hồ Tùng Mậu để xem nhà ngay!",7600000000,86.0,Hà Nội,Căn hộ chung cư,2025-07-25T08:53:27.336000,SALE_HIGH_CONFIDENCE,explicit_sale_title_no_opposing_primary_offer,shard_0001.parquet,64472
"Bán nhà phố Xuân Đỉnh tòa CHDV 7T 95m2 MT 6m, 28ph, dòng tiền 150tr/th ôtô đỗ. PCCC, GPXD đủ, 2xtỷ","Bán nhà phố Xuân Đỉnh, Hà Nội. Tòa CHDV, CCMN 95m2, 7 tầng, MT 6m, 28ph, dòng tiền 150tr/tháng. Vị trí gần ngã 3 Xuân La, Xuân Đỉnh. Ngõ trước nhà ô tô lí thuyết rộng 3.5m, cách oto tránh đỗ 70m, sau quy hoạch cách oto 30m, ngõ thông ra khu BT Ngoại Giao Đoàn, cách ngã 3 Xuân La 100m, thông số tiêu chuẩn giá đầu tư. Gía bán: 28.5tỷ có thương lượng. GPXD, PCCC đạt chuẩn đầy đủ, an toàn tuyệt đối cho khách thuê. Thiết kế thang máy, thang thoát hiểm, 4 giếng trời, phòng nào cũng có ô thoáng, tối ưu công năng sử dụng. Vị trí: Ngõ 75 Xuân Đỉnh, một khu vực có tiềm năng cho thuê tốt. Loại hình: Tòa nhà CHDV/CCMN (chung cư mini dịch vụ). Diện tích: 95m². Số tầng: 7 tầng. Mặt tiền: 6m, khá rộng rãi. Số phòng: 28 phòng, cho thấy công suất cho thuê lớn. Dòng tiền: 150 triệu/tháng, một con số ấn tượng. Tiện ích: Ngõ trước nhà ô tô, cách ô tô tránh 70m, thuận tiện di chuyển. Pháp lý: Sổ đỏ đẹp, sẵn ",28500000000,95.0,Hà Nội,Nhà,2025-10-18T23:10:17.767000,SALE_HIGH_CONFIDENCE,explicit_sale_title_with_rental_cashflow_context,shard_0004.parquet,313914
"Bán đất 53m2, 2,8 tỷ tại tổ 15, Đồng Mai, Hà Đông, Hà Nội","Đất nền tại tổ 15, Đồng Mai, Hà Đông, Hà Nội, diện tích 53m2, giá 2,8 tỷ VND. + Pháp lý đầy đủ. + Ngõ rộng 2.5m, ba gác tránh xe máy. Thoải mái. + Khu vực sầm uất, gần Vinmart. Khu vực xung quanh: - Gần chợ và siêu thị. - Nhiều quán ăn, cafe xung quanh. - Dễ dàng di chuyển đến các khu vực khác. Liên hệ ngay Thái Văn Tuyến qua số để biết thêm chi tiết.",2800000000,53.0,Hà Nội,Đất,2025-07-30T12:37:58.186000,SALE_HIGH_CONFIDENCE,explicit_sale_title_no_opposing_primary_offer,shard_0000.parquet,318995
Bán CCMN Trường Chinh 50m2 x 7 tầng thang máy 13 phòng khép kín 90tr/tháng cách phố 50m,"Nhà mới đẹp, full nội thất từng phòng. Vị trí cực đẹp, gần phố Trường Chinh Khương Thượng Đống Đa. Doanh thu 90tr/tháng Dòng tiền quá tốt Thang máy, PCCC, thang thoát hiểm đầy đủ. Sổ đỏ chính chủ, sẵn sàng giao dịch. LH: Zalo).",15800000000,50.0,Hà Nội,Nhà,2025-10-13T13:54:22.461000,RENT_HIGH_CONFIDENCE,explicit_rent_or_monthly_title_no_sale_opening,shard_0003.parquet,306492
"Siêu phẩm toà căn hộ góc 2 MT phố Tây An Thượng 126.6m2 13 phòng sẵn HĐ thuê 55tr/tháng giá 18,3 tỷ","Chính chủ cần bán tòa căn hộ 5 tầng, góc 2 mặt tiền khu phố Tây Đà Nẵng. - Đang cho một đơn vị vận hành thuê 55 triệu/tháng. Thanh toán 6 tháng/lần. - Địa chỉ: Kiệt Trần Văn Dư, đường 5m. - Diện tích 126,6m2 ngang 7,67m2. - Công năng: 13 phòng căn hộ, thang máy và PCCC đầy đủ. - Bán giá 18,3 tỷ có thương. Liên hệ: [phone_number]",18300000000,126.6,Đà Nẵng,Nhà,2025-06-28T11:34:30.161000,RENT_HIGH_CONFIDENCE,explicit_rent_or_monthly_title_no_sale_opening,shard_0000.parquet,180958
Chính chủ gửi bán: LK 120m2 - Đường 60m - 68 tỷ. Đang cho cty XD thuê 120tr/tháng,"Chỉ nhà cần tiền gấp nên gửi bán: - Căn LK Embassy Xuân Tảo mặt đường Hoàng Minh Thảo Tây Thăng Long 60m. - DT 120m2 MT 6,2m. - Giá đầu tư: 68 tỷ có TL sâu cho anh chị mua nhanh. IB em để xem sổ đỏ:",68000000000,120.0,Hà Nội,Biệt thự/Nhà liền kề,2025-12-29T17:58:19.431000,RENT_HIGH_CONFIDENCE,explicit_rent_or_monthly_title_no_sale_opening,shard_0006.parquet,70412
Building Nguyễn Văn trỗi - Q. Phú Nhuận - 5 tầng ST - DT: 14x19m - HDT 150 triệu/tháng - chỉ 4x tỷ,"* Cam kết: Chỉ đăng thông tin thật - Nhà tốt - Đang còn bán - Pháp lý rỏ ràng - Làm việc Chính chủ - Không qua trung gian: * Liên hệ làm việc chính chủ: gặp Toàn Lê Realtor. (Hoặc Add zalo để xem thêm nhà). Hàng ngộp: Building ngay trục đường VIP Nguyễn Văn Trỗi - Phú Nhuận. * Chủ giảm 15 tỷ bán rất gấp để định cư Mỹ. Building Nguyễn Văn Trỗi - P. 8 - Q. Phú Nhuận. * DT: 14m x 19m (nở hậu) - DTCN 225m2. * Kết Cấu: Xây full tầng - thích hợp làm văn phòng cty, spa, thẩm mĩ viện, biệt thự sân vườn. * Giá giảm bán nhanh còn: 47 tỷ 9 còn thương lượng tốt Liên Hệ Điện Thoại & Zalo: Toàn Lê Realtor.",47000000000,225.0,Hồ Chí Minh,Nhà,2025-06-27T23:58:59.321000,RENT_HIGH_CONFIDENCE,explicit_rent_or_monthly_title_no_sale_opening,shard_0000.parquet,120462
"Rẻ nhất thị trường, 2PN 74m2, suất nội bộ chủ đầu tư, đã có sổ, cho thuê từ 10 - 13 triệu/tháng","* Happy One Central - Căn hộ cao cấp nhất trung tâm Thủ Dầu Một. * Căn 2 phòng ngủ 74m2 suất cuối cùng từ chủ đầu tư. - Giá full VAT, phí bảo trì chỉ 2,7 tỷ. - Thanh toán 30% nhận nhà ở ngay, nộp hồ sơ ra sổ hồng. - Tỉ suất cho thuê cực tốt từ 10 - 13 triệu/tháng. * Chất lượng bàn giao nhà cao cấp, Anh/Chị liên hệ em Lan Anh để trải nghiệm căn hộ thực tế: [phone_number]Zalo).",2700000000,74.0,Bình Dương,Căn hộ chung cư,2026-01-24T19:41:45.347000,RENT_HIGH_CONFIDENCE,explicit_rent_or_monthly_title_no_sale_opening,shard_0008.parquet,36142
"SIÊU PHẨM! Mặt tiền Xô Viết Nghệ Tĩnh, BT - DT 5.3x27m - 4 tầng - HĐT 70 tr/tháng - giá 26 tỷ","Bán mặt tiền Xô Viết Nghệ Tĩnh, Quận Bình Thạnh. - Diện tích: 5.3 x 27m. - Kết cấu: 4 tầng. - HĐ thuê: 70 triệu/tháng. - Pháp lý sổ hồng cá nhân. - Giá bán: 26 tỷ. - Liên hệ: [phone_number] Quốc Định.",26000000000,143.1,Hồ Chí Minh,Nhà,2025-10-14T15:19:47.639000,RENT_HIGH_CONFIDENCE,explicit_rent_or_monthly_title_no_sale_opening,shard_0004.parquet,53380
"HĐT 75 triệu/tháng - Khu VIP Phan Xích Long, Phú Nhuận - DT: 7x21m (sẵn Hầm + 5 tầng) Chỉ 23 tỷ TL","Vị trí đắc địa, ngay trung tâm Phú Nhuận sát quận 1. + Khu kinh doanh sầm uất, chủ đạo Ăn uống - Lưu trú - Văn phòng. + Diện tích: 7 x 21m, công nhận đủ 142m2 trên sổ. + Hiện trạng: Hầm + 5 tầng. + Có 17 phòng CHDV - Thang máy. + Giá: 23 tỷ thương lượng. + Pháp lý chuẩn, công chứng được ngay. * Liên hệ ngay để xem nhà thực tế và tư vấn pháp lý. - Vũ Khoa -.Hotline: Kho hàng hơn 10.000 sản phẩm ( phân khúc 10-1000 tỷ )",23000000000,142.0,Hồ Chí Minh,Nhà,2026-01-21T16:49:34.451000,RENT_HIGH_CONFIDENCE,explicit_rent_or_monthly_title_no_sale_opening,shard_0008.parquet,33202
"Vip 77m2 tại Trần Phú, P9, Q5, giá ưu đãi, đang có HĐ thuê 27 triệu/thang, không môi giới","Nhà riêng 77m2 tại Trần Phú, Phường 9, Quận 5, Hồ Chí Minh với nhiều tiện nghi hiện đại. - 3 phòng ngủ và 4 phòng tắm, không gian rộng rãi cho cả gia đình. - 2 tầng, thiết kế thông minh, thoáng đãng và đầy đủ ánh sáng. - Pháp lý đầy đủ, đảm bảo an tâm cho khách hàng. Tiện ích xung quanh. + Gần siêu thị Winmart + và Siêu thị Sài Gòn, thuận tiện cho việc mua sắm. + Nhiều công viên như Công viên Âu Lạc và Công viên Hòa Bình, lý tưởng cho các hoạt động ngoài trời. + Gần các trường học và bệnh viện như Bệnh viện Nhi đồng 1, tạo điều kiện thuận lợi cho gia đình. Liên hệ ngay để được tư vấn miễn phí qua số điện thoại hoặc liên hệ An Hoa.",,77.0,Hồ Chí Minh,Nhà,2025-07-06T08:28:06.339000,RENT_HIGH_CONFIDENCE,explicit_rent_or_monthly_title_no_sale_opening,shard_0001.parquet,134488
"Gần mặt tiền Thích Quảng Đức P4 PN. DT 4m x19.5m 5T 9PN 4WC. HĐT 33 triệu/ tháng. Giá chỉ: 15,9 tỷ","Thông tin chi tiết. - Diện tích: 3.9m x 19.4m. - DTCN: 74m². - Kết cấu: Lửng + 4 tầng. - Tổng: 9 phòng ngủ 4 WC. - Hướng: Tây Bắc. - Nhà xây kiên cố, bố trí nhiều phòng, phù hợp khai thác cho thuê hoặc đầu tư dòng tiền. - Dòng tiền ổn định. - Nhà hiện đang cho thuê 33 triệu / tháng. - Phù hợp khách đầu tư giữ tài sản tại trung tâm. Vị trí cực thuận tiện. - Nằm trên trục đường Thích Quảng Đức, ra ngay mặt tiền. - Khu dân cư an ninh, sạch sẽ. - Hẻm xe hơi rộng rãi, hẻm cụt, yên tĩnh. - Gần chợ, trường học, bệnh viện, công viên Gia Định thoáng mát, phố ẩm thực Phan Xích Long. - Di chuyển nhanh sang: Quận 1, Quận Bình Thạnh, Quận Gò Vấp, Sân bay. Pháp lý. - Sổ hồng riêng sang tên ngay. Giá: 15,9 tỷ TL. -------------------------------------------- Liên hệ xem nhà: Công Ty Bất Động Sản Thiên Minh Capital. 75 Hoàng Văn Thụ P15 Q. Phú Nhuận. Nhà phố Phú Nhuận. Mai:",15900000000,74.0,Hồ Chí Minh,Nhà,2026-03-16T08:06:13.693000,RENT_HIGH_CONFIDENCE,explicit_rent_or_monthly_title_no_sale_opening,shard_0009.parquet,74685
"Căn góc 5 tầng 38m2-Tổ 12 Yên Nghĩa-gần KĐT Đô Nghĩa, bệnh viện Nhỉ - cho thuê-đầu tư tốt-6.1 tỷ","Chính chủ cần bán căn góc 5 tầng diện tích 38m2 - tại tổ 12 Yên Nghĩa - gần khu đô thị Đô Nghĩa - hoàn thiện đẹp chỉ việc dọn đồ tới ở liên hệ [phone_number] Vị trí trung tâm Yên Nghĩa - ngay gần nhiều trường học công lập các cấp từ mầm non, cấp 1, 2 - xung quanh gần bệnh viện nhi, siêu thị, ngân hàng... Chợ dân sinh, đường sá đi lại đẹp. Nhà thiết kế 4 tầng 1 tum - hiện đại - điều hòa nóng lạnh đầy đủ, hàng xóm thân thiện.. Công năng 4 phòng ngủ - 4 phòng vệ sinh - đầy đủ phòng chức năng, phòng khách bếp, phòng thờ, sân phơi.. Phòng, sân phơi.. Đón sáng tự nhiên. Vị trí nhà tiện đi bến xe Yên Nghĩa chỉ 1,5 km, cách trục Vành Đai 4, bệnh viện Nhi chỉ 500 m - hưởng thêm tiện ích khu đô thị Đô Nghĩa, cũng như kết nối Quang Trung - La Khê - Quốc Lộ 6 - xe bus, tàu điện... Rất thuận lợi. Sẵn sổ mua bán / hỗ trợ mua bán - thông tin thêm nhiều bất động sản quanh yên nghĩa liên hệ [phone_number",6100000000,38.0,Hà Nội,Nhà,2025-07-21T03:53:03.167000,RENT_HIGH_CONFIDENCE,explicit_rent_or_monthly_title_no_sale_opening,shard_0001.parquet,43367
"Shophouse 4 tầng đường Song Hành, hoàn thiện sẵn có thang máy giá 26 tỷ. Ở hoặc cho thuê được ngay","Lakeview City em nắm nhiều căn cho bán giá rẻ nhất dự án, đa dạng các căn. Quý anh/chị tìm mua để ở hoặc đầu tư kinh doanh cho thuê đều tốt. Em hỗ trợ anh/chị tìm được căn ưng ý và phù hợp nhất ạ. Shophouse đường Song Hành giá rẻ nhất khu. - Diện tích: 5x20m (1 trệt 1 lửng 3 lầu). - Giá: 26 tỷ (Có thương lượng). Mặt tiền trục đường chính kinh doanh sầm uất, cực kỳ giá trị tiềm năng tăng giá trong tương lai. Nhà hoàn thiện sẵn có thang máy, phù hợp kinh doanh buôn bán hoặc cho thuê lại đều được giá tốt. - Shophouse 5x20m giá tốt nhất 19,5 tỷ. - Shophouse 5x20m song hành hoàn thiện sẵn thang máy giá 26 tỷ. - Shophouse 5x20m trục đường 17,5m view sông giá 24,5 tỷ. - Shophouse 7x20m góc sẵn nội thất giá 23 tỷ. Khu an ninh bảo vệ 24/7. Giao thông thuận tiện kết nối vào trung tâm. Tiện ích nội khu: Hồ bơi view Landmark 81, hồ điều hoà 3,6ha, công viên nhiều cây xanh, sân bóng rổ, sân cầu lông,",26000000000,100.0,Hồ Chí Minh,Shophouse,2025-07-17T10:21:08.515000,RENT_HIGH_CONFIDENCE,explicit_rent_or_monthly_title_no_sale_opening,shard_0000.parquet,304094
Quỹ căn siêu hot chỉ từ 20tr/m2 tại Tecco SHCH 2PN HTLS 0% 18 tháng sẵn HĐ cho thuê 2 năm 8.3tr/th,"Quỹ căn rẻ nhất trong bảng hàng Tecco Elite. Có CSBH căn kết cho thuê 2 năm, vay 0% lãi trong 18 tháng. Chủ đầu tư chúng tôi ra chính sách đặc biệt tri ân cho khách hàng Tecco elite với quỹ căn đẹp nhất và giá đặc biệt tốt nhất tháng 6. Vô địch về giá chỉ có tại Tecco Elite City (chỉ từ 20 triệu/m²). Liên hệ ngay CĐT: PKD CĐT. I. Thông tin sản phẩm tòa B: - Lợi thế nên mua tòa B: + Tòa B đã xây xong chờ bàn giao. Khách nhận nhà ở ngay khi đóng đủ tiền mua bán. + Có cam kết thuê 24 tháng và chủ nhà được trả tiền thuê ngay sau khi nhận nhà. + Cam kết mua lại: Sau 24 tháng nếu khách không hài lòng chủ đầu tư cam kết mua lại nguyên giá. + Được hoàn thiện nội thất để cho khách thuê. + Đủ hết Pháp lý đang trình hồ sơ cấp sổ. + Gồm rất nhiều tiện ích dưới chân tòa: Rạp chiếu Phim, Bể bơi, Coffee, Nhà hàng Á Âu. I. Thông tin sản phẩm tòa C: - Lợi thế nên mua tòa C: + Tòa C hiện đang xây dựng và ",1440000000,72.4,Thái Nguyên,Căn hộ chung cư,2025-07-09T10:29:33.861000,RENT_HIGH_CONFIDENCE,explicit_rent_or_monthly_title_no_sale_opening,shard_0001.parquet,256258
Mặt phố View Hồ lô góc cho thuê 38 tr/th Thanh Nhàn 57.5m2 5tầng MT 3.9m 35 tỷ Hai Bà Trưng,"CHỦ CẦN BÁN GẤP TRƯỚC TẾT HẠ 1 TỶ CÒN 35 TỶ. Mặt phố View Hồ Công Viên Tuổi Trẻ lô góc cho thuê 38 triệu/ tháng Thanh Nhàn 57.5 m2 5 tầng MT 3.9m 35 tỷ Hai Bà Trưng. Mặt phố, vị trí đắc địa hiếm nhà bán, lô góc, view hồ công viên thoáng sáng, vỉa hè rộng kinh doanh đa ngành nghề Đặc điểm: + Diện tích 57.5m2 xây nhà 5 tầng BTCT thiết kế vừa ở vừa cho thuê. - Tầng 1: Kinh doanh, bếp. - Tầng 2,3,4: mỗi tầng 2 phòng, wc, cầu thang giữa. - Tầng 5 phòng thờ, sân phơi. + Nhà xây trên 5 năm, kết cấu chắc chắn, hiện đang cho người quen thuê nhẹ 38tr/ tháng. + Gia chủ tuổi trẻ tài cao, nhiều nhà nên bán bớt để mua căn to hơn. Liên hệ [phone_number]",35000000000,57.5,Hà Nội,Nhà,2026-01-19T17:21:21.086000,RENT_HIGH_CONFIDENCE,explicit_rent_or_monthly_title_no_sale_opening,shard_0008.parquet,30174
Giảm Sốc 3.85 Tỷ! Nhà MT Nguyễn Gia Trí Bình Thạnh 8x20m - HĐT 120Tr/tháng - Bán 73.15 Tỷ.,"Chủ cần CHỦ CẦN XỬ LÝ VIỆC CÁ NHÂN GẤP, chấp nhận giảm thêm 3.85 Tỷ (tương đương 5%) trên giá 77 Tỷ cho khách thiện chí giao dịch nhanh. Vị trí: Mặt tiền đường Nguyễn Gia Trí (D2 cũ), Phường 25, Quận Bình Thạnh. Đây là cung đường kinh doanh sầm uất bậc nhất khu vực, tập trung nhiều thương hiệu lớn và sinh viên. Diện tích: 8m x 20m = 160m² (Công nhận). Kết cấu: Hiện trạng 3 tầng. Hợp đồng thuê: Đang có dòng tiền ổn định 120 Triệu/tháng. Giá Bán Nhanh: 73.15 Tỷ VNĐ (Giá chốt cuối).",73000000000,160.0,Hồ Chí Minh,Nhà,2025-12-18T19:49:06.690000,RENT_HIGH_CONFIDENCE,explicit_rent_or_monthly_title_no_sale_opening,shard_0006.parquet,160431
Lê đức thọ - mặt tiền 12m - building 9 tầng thang máy - ô tô tránh - cho thuê 200tr/tháng - 50 tỷ.,"Bán toà CHDV Lê Đức Thọ, VIP Cầu Giấy - Từ Liêm: + Diện tích 130m2 x mặt tiền 12m bề thế x 9 tầng thang máy, có hầm để xe, đầy đủ PCCC, GPXD. + Thiết kế 16 căn hộ 2 ngủ 1 khách và mặt sàn kinh doanh, đem về doanh thu 200 triệu/tháng. + Vị trí mặt ngõ ô tô tránh Lê Đức Thọ, thông Mỹ Đình, Phú Mỹ,.. tiện ích bạt ngàn. Sổ đỏ chính chủ, pháp lý chuẩn. Khách quan tâm liên hệ Zalo/SĐT: [phone_number] để xem toà nhà ạ.",50000000000,130.0,Hà Nội,Nhà,2025-07-25T18:01:47.656000,RENT_HIGH_CONFIDENCE,explicit_rent_or_monthly_title_no_sale_opening,shard_0001.parquet,137832
Nhà 5 Tầng -Hẻm Xe Hơi Trường Sa. Phú Nhuận -DT : Ngang ( 9m x 6m ) -HĐT : 50 Triệu / Tháng - 16 Tỷ,"- Vị trí đẹp , hẻm xe hơi Trường Sa. Phường 13. Quận Phú Nhuận - Diện tích : 9 x 6m ( 50m2 ) vuông vức - Kết cấu sẵn : 5 tầng , đầy đủ nội thất - Nhà đang khai thác cho thuê căn hộ : 50 triệu/ tháng - Khu vực an ninh , yên tĩnh , hẻm thông thoáng dễ đi lại . - Pháp lý sạch , công chứng ngay. - Giá 16 tỷ thương lượng. - Liên hệ ngay : [phone_number] - Minh Hải",16000000000,50.0,Hồ Chí Minh,Nhà,2026-03-20T21:21:57.604000,RENT_HIGH_CONFIDENCE,explicit_rent_or_monthly_title_no_sale_opening,shard_0009.parquet,184346
"57m² Mặt tiền kinh doanh Becamex Định Hòa, sổ hồng 1,550 tỷ, cho thuê 5 triệu/th, Sài Gòn mua được","(5629) Becamex Định Hòa. Mặt tiền kinh doanh, diện tích 57 m². Người Sài Gòn mua được. Tầng trệt: 1,550 tỷ (100% tiền). Cho thuê được 5 triệu/tháng. Nhận mua bán, ký gửi: [phone_number] Huy. Becamex Định Hòa: 2/6/25. + Tầng 2(lầu1): 505 triệu. + Tầng 3(lầu2): 495 triệu. + Tầng 4(lầu3): 465 triệu. + Tầng 5(lầu4): 435 triệu.",1550000000,57.0,Bình Dương,Shophouse,2025-06-02T07:57:31.906000,RENT_HIGH_CONFIDENCE,explicit_rent_or_monthly_title_no_sale_opening,shard_0000.parquet,160321
"Ccmn tại chiến thắng - văn quán, 15 phòng kk, dt 70tr/tháng","Giá bán: 12.8 tỷ Diện tích: 40m², mặt tiền gần 4m, Vị trí: tại Chiến Thắng Văn Quán. Vị trí trung tâm cực đẹp vừa khai thác dòng tiền đều đặn vừa tích lũy tài sản vì tiềm năng tăng giá cực tốt. Ngõ nông, rộng, cách đường Chiến Thắng chỉ 30m Tòa nhà xây làm CHUNG CƯ MIN NI với 15 phòng khép kín, full nội thất, đang khai thác hiệu quả. Doanh thu ổn định 60-70 triệu/tháng, khu vực tập trung đông sinh viên & người đi làm thuê trọ quanh năm. Khu trung tâm, gần trường Học viện An Ninh, Kiến Trúc, Bưu Chính, Học viện Mật Mã, thuận tiện đi lại. Đầu tư hôm nay sinh lời đều đặn mỗi tháng.",12800000000,40.0,Hà Nội,Nhà,2025-10-30T04:05:48.083000,RENT_HIGH_CONFIDENCE,explicit_rent_or_monthly_title_no_sale_opening,shard_0004.parquet,175172
Bán Toà VP MP Hoàng Quốc Việt-lô góc 3 mặt tiền-8 tầng mới đẹp-phù hợp khách trên ở dưới cho thuê,"""Bán Nhà Toà Nhà mặt Phố Hoàng Quốc Việt- lô góc 3 mặt tiền-8 tầng thang máy mới đẹp- phù hợp khách trên ở dưới cho thuê cửa hàng, văn phòng, showroom... Diện tích: 165/180m Mặt tiền: 8.3m (Lô Góc 3 thoáng) Nhà Xây 8 tầng - Thông Sàn Đang cho thuê 5 tầng 200tr/th - Tầng 6-7-8 ở Giá bán: 13X tỷ LH: [phone_number] xem nhà và đàm giá ( LV chính chủ, uy tín nhiệt tình)",136000000000,180.0,Hà Nội,Nhà,2025-09-11T19:57:48.669000,RENT_HIGH_CONFIDENCE,explicit_rent_or_monthly_title_no_sale_opening,shard_0002.parquet,323422
"Bán liền kề lotus 8,6 full nội thất kinh doanh 40tr/ tháng vận hành được luôn","bán liền kề lotus 8,6 full nội thất kinh doanh 40tr/ tháng vận hành được luôn diện tíchh: 100m2 mặt tiền : 5mm giá: 8,6 tỷ lhh: [phone_number]",8600000000,100.0,Quảng Ninh,Biệt thự/Nhà liền kề,2025-12-03T18:01:19.900000,RENT_HIGH_CONFIDENCE,explicit_rent_or_monthly_title_no_sale_opening,shard_0006.parquet,345007
"Nhà 19 tỷ, 65 m2, 7T thang máy, TT Hà Đông, Chính chủ, phân lô, vỉa hè, oto, kd, 70tr/tháng, CV 365","Nhanh tay sở hữu căn Nhà riêng, phân lô, ô tô, Đường Hoàng Trinh Thanh, Phường Kiến Hưng, Hà Nội - Quận Hà Đông, Hà Nội cũ với diện tích 65m2 và giá chỉ 19 tỷ VND. - 22 phòng ngủ (PN) rộng rãi, thoáng mát. - 22 toilet (WC) tiện nghi, phục vụ cho nhu cầu sinh hoạt. - 7 tầng thiết kế hiện đại, phù hợp với nhiều mục đích sử dụng. - Mặt tiền 6.03m, thuận lợi cho việc kinh doanh hoặc cho thuê. - Đườngvào rộng 13m, dễ dàng cho xe ô tô di chuyển, - Pháp lý đầy đủ, đảm bảo quyền lợi cho khách hàng. Điểm nhấn: - Mặt tiền lớn phù hợp cho việc kinh doanh. - Ngõ vào rộng rãi, thuận lợi cho việc đi lại. - Pháp lý rõ ràng, giúp khách hàng yên tâm khi giao dịch. Gần các tiện ích: - Gần trường mầm non thần đồng. - Gần bệnh viện đa khoa quốc tế thiên đức, bệnh viện đa khoa 16a hà đông, bệnh viện bỏng quốc gia lê hữu trác. Cách Công Viên 365 200m, dư địa lãi vốn, khai thác dòng tiền 70tr/tháng Liên hệ nga",19000000000,65.0,Hà Nội,Nhà,2026-03-28T21:00:22.164000,RENT_HIGH_CONFIDENCE,explicit_rent_or_monthly_title_no_sale_opening,shard_0009.parquet,253966
"Phân lô vỉa hè KĐT Định Công, ô tô tải tránh, KD, gara, 2 thoáng, cho thuê 50tr, 105m*5T","Vip Hoàng Mai - Vị trí cực đỉnh - Phân lô vỉa hè 3m - 3 ô tô tránh - Kinh doanh bất chấp - Tiện ích đỉnh cao - 2 thoáng trước sau - Cho thuê/tích sản sinh lời Mô tả: - Toạ lạc trong KĐT Định Công có tiếng bấy lâu. Đường to sạch đẹp, văn minh, an ninh tốt vì ngay Công an phường. - Vị trí đông dân, kinh doanh đa dạng, phù hợp nhiều loại hình, cho thuê dễ dàng. Thiết kế: - Nhà phân lô xây 2 mặt thoáng, khung cột chắc chắn, tầng 2 phòng, dễ thay đổi công năng và cải tạo thang máy. - Cho thuê 1 năm khoảng 600 triệu. Pháp lý: Sổ đẹp trước sau như 1, sẵn sàng giao dịch. Giá 33.8 tỷ còn thương lượng. Gọi ngay em Hoàng [phone_number] để xem nhà 24/7!",33800000000,105.0,Hà Nội,Nhà,2025-09-20T09:42:55.636000,RENT_HIGH_CONFIDENCE,explicit_rent_or_monthly_title_no_sale_opening,shard_0003.parquet,820
Gấp! [chỉ 105tr/m2] HXH 5m Núi Thành P13 - 4.4x23.25m [vuông vức] 7P cho thuê. Chỉ 10.8 tỷ TL,"Chủ thiện chí bán nhà không lỗi phong thủy, hiện có 7 phòng cho thuê hơn 25tr/tháng. CN: 102.3m2 [không dính lộ giới. Kết cấu: Trệt. 1 Lầu. Hẻm trước nhà 5m xe hơi ra vào thoải mái. Gần ETOWN Cộng Hòa, Sân Bay & nhà ga T3. Giá: 10.8 tỷ TL. Sổ hồng đầy đủ, pháp lý chuẩn. Công chứng sang tên trong ngày. Liên hệ em Hân: [phone_number] để xem nhà & gặp chính chủ TL ạ. Xin cảm ơn!",10800000000,102.3,Hồ Chí Minh,Nhà,2025-12-08T08:03:41.203000,RENT_HIGH_CONFIDENCE,explicit_rent_or_monthly_title_no_sale_opening,shard_0006.parquet,345290
IXORA HỒ TRÀM 2.3 tỷ/căn Fusion vận hành cho thuê. Có thể ở lâu dài,"IXORA HỒ TRÀM: [phone_number] + Căn hộ Studio 35m²: 2.3 tỷ - 2.7 tỷ. + 1 phòng ngủ 49m²: 3.1 tỷ - 3.6 tỷ. + 2 phòng ngủ chuẩn 65m²: 4.3 tỷ - 4.9 tỷ. + 2 phòng ngủ Luxury 80m²: 5.3 tỷ - 5.9 tỷ. + 1 phòng ngủ có Hồ bơi 60m²: 4.1 tỷ - 4.4 tỷ. + 2 phòng ngủ có Hồ bơi 90m²: 6.1 tỷ - 6.7 tỷ. Giá bán đã bao gồm nội thất & thiết bị vận hành. Hiện tại CĐT đang nhận booking giữ suất chọn căn, với 50tr/booking. Thanh toán 50% nhận nhà giãn thanh toán tới năm 2029. Đặc biệt bàn giao full nội thất. Maia Resort Hồ Tràm CSBH hấp dẫn cho Peace Tower. + Ưu đãi booking sớm: 1%. + Ưu đãi khách hàng thân thiết: 1%. + Ưu đãi thanh toán nhanh: Lên đến 5%. + Bốc thăm may mắn: Cơ hội trúng 5 xe Audi Q2. + Thanh toán đợt 1: Chỉ 5%. + Thanh toán 50% đến khi nhận nhà, 50% còn lại trả trong 2 năm tiếp theo mà không cần vay ngân hàng. Liên hệ: [phone_number]- MS NHUNG PKD CDT",2300000000,35.0,Bà Rịa - Vũng Tàu,Căn hộ chung cư,2025-07-01T08:22:43.617000,RENT_HIGH_CONFIDENCE,explicit_rent_or_monthly_title_no_sale_opening,shard_0000.parquet,346570
"Căn hộ Maison Grand Phú Mỹ chỉ từ 2 tỷ - Cho thuê 10 - 12 triệu/tháng, lợi nhuận hấp dẫn","Căn hộ Maison Grand Phú Mỹ chỉ từ 2 tỷ - Cho thuê 10 - 12 triệu/tháng, lợi nhuận hấp dẫn. Vị trí chiến lược: Mặt tiền Quốc lộ 51, Trung tâm Phú Mỹ (TP. HCM mới). Maison Grand tọa lạc ngay mặt tiền QL51, trung tâm Phú Mỹ khu vực năng động bậc nhất Bà Rịa Vũng Tàu, được quy hoạch trở thành thành phố cảng quốc tế Cái Mép Thị Vải. Từ dự án, cư dân dễ dàng kết nối: - 8 phút đến Cảng quốc tế Cái Mép Thị Vải. - 20 phút đến Sân bay quốc tế Long Thành. - Gần cao tốc Biên Hòa Vũng Tàu và cụm khu công nghiệp lớn. * Loại căn hộ & giá bán. 2 phòng ngủ (58 - 72m2): Từ 2.0 - 2.4 tỷ. Khả năng khai thác cho thuê cao, phù hợp chuyên gia làm việc tại cảng, khu công nghiệp và sân bay. Chính sách thanh toán linh hoạt: - Giãn tiến độ thanh toán trong 24 tháng. - Thanh toán 50% Nhận nhà Quý II/2026. - Hỗ trợ vay, chính sách ưu đãi từ chủ đầu tư Tumys Homes. Tiến độ & pháp lý: - Đã hoàn thiện phần thô 25 tầng, ",2080000000,61.0,Bà Rịa - Vũng Tàu,Căn hộ chung cư,2025-10-08T07:30:07.958000,RENT_HIGH_CONFIDENCE,explicit_rent_or_monthly_title_no_sale_opening,shard_0004.parquet,205798
"Bất kỳ ai cũng có thể mua được căn hộ TT Avio, thanh toán chỉ 9 triệu/tháng trong 6 năm","Em Bách Bre xin tổng hợp giỏ hàng chuyển nhượng view đẹp giá tốt, cắt lỗ tại dự án. LH tư vấn nhanh: [phone_number] Bách BRE. Với kinh nghiệm 12 năm làm trong ngành Bất động sản tại Bình Dương, BRE xin cam kết minh bạch và uy tín cho khách hàng. --- Thanh toán chỉ 9 triệu/tháng đến khi nhận nhà cơ hội hiếm có để sở hữu căn hộ cao cấp TT Avio ngay trung tâm Dĩ An. Sở hữu căn hộ cao cấp chuẩn phong cách Nhật Bản TT AVIO chưa bao giờ dễ dàng đến thế! Chính sách tài chính đột phá chưa từng có: * Thanh toán cố định chỉ 9 triệu/tháng đến khi nhận nhà. * Hỗ trợ đặc biệt từ các Quỹ đầu tư & đối tác tài chính. * Không áp lực dòng tiền linh hoạt tối đa cho khách hàng trẻ, vợ chồng mới cưới, nhà đầu tư dài hạn. TT AVIO Căn hộ cao cấp đáng sống nhất khu vực: * Vị trí trung tâm Dĩ An liền kề TP. HCM, kết nối dễ dàng qua Phạm Văn Đồng, Quốc lộ 1K, Metro. * 100% căn hộ có ban công thoáng mát. * Thiết k",1230000000,40.0,Bình Dương,Căn hộ chung cư,2025-06-03T18:40:45.550000,RENT_HIGH_CONFIDENCE,explicit_rent_or_monthly_title_no_sale_opening,shard_0000.parquet,27263
"Hiếm! Tòa Apartment đẳng cấp 130m2x9T thang máy. 35 phòng cho thuê, PCCC chuẩn phố Hoàng Quốc Việt.","* Bán một tòa Apartment vị trí trung tâm cực đẳng cấp: Cách mặt phố 40m, với thiết kế 9 tầng - thang máy - đầy đủ nội thất cao cấp - Phòng cháy chữa cháy (PCCC) đạt chuẩn - thiết kế 35 phòng khép kín cho thuê (phòng nào cũng có ban công), tỷ suất lãi thuê rất cao phố Hoàng Quốc Việt, Trần Cung, Cầu Giấy. ------ * Thiết kế, công năng: - Diện tích 130m², xây mới 9 tầng - thang máy. - Công năng thiết kế: Tất cả các phòng đều có ban công. - Hệ thống PCCC, thoát hiểm (trong, ngoài) đạt chuẩn. - Dòng tiền 2.3 tỷ/năm, thuê cực ổn định và lâu dài. * Vị trí: - Thuộc khu vực lượng người đi làm thuê rất nhiều, cạnh nhiều trụ sợ Tập Đoàn, tòa văn phòng lớn. - Tọa lạc nơi giao thoa các tuyến phố lớn: Hoàng Quốc Việt, Nguyễn Văn Huyên, Nguyễn Phong Sắc, Nguyễn Khánh Toàn, Phạm Văn Đồng, Võ Chí Công,... Thuận tiện di chuyển. - Bao quanh đầy đủ sự tiện nghi: ĐH Ngoại Ngữ, ĐH Sư Phạm, ĐH Quốc Gia, ĐH Thư",37000000000,130.0,Hà Nội,Nhà,2026-02-27T09:43:28.781000,RENT_HIGH_CONFIDENCE,explicit_rent_or_monthly_title_no_sale_opening,shard_0008.parquet,228433
"Hàng kịch độc, CCMN ngõ 14 Mễ Trì Hạ, 20m ra ô tô, 43m, 9p khép kín, cho thuê full, giá hơn 10 tỷ","Hàng siêu hiếm - căn hộ dịch vụ 9 ngủ khu đô thị Mễ Trì Hạ - 20m ra đường ô tô, trước nhà rộng rãi. Dt 43m, mt 4.2m, hiện đang cho thuê full 9p, thiết kế siêu xịn đẹp. Nhà đủ PCCC, GPXD, đang cho thuê ~50tr/thg, chưa lúc nào trống phòng. Sổ vuông đét, cất két. Giá chỉ hơn 10 tỷ có TL. LH E Linh",10500000000,43.0,Hà Nội,Nhà,2025-12-14T23:03:30.907000,RENT_HIGH_CONFIDENCE,explicit_rent_or_monthly_title_no_sale_opening,shard_0007.parquet,68744
Bán căn 2PN 2WC 76m2 thông thuỷ sẵn HĐ thuê 16 triệu/ tháng (full nội thất) Sora 2 TP Mới BD,Chủ [phone_number]. Cần tiền trong tháng ra nhanh căn hộ Sora Gadens 2 - TP Mới - Bình Dương: + Thiết kế 2PN 2WC 76m2 thông thuỷ. + Vị trí ngay đường hùng vương kế bên Aeon TP Mới. + Full nội thất xịn (ib zalo xem hình nội thất). + Sẵn hợp đồng thuê 16 triệu/ tháng (chuyên gia nước ngoài đang thuê ở lâu dài). + Giá 3.7 tỷ (bao thuế phí sang tên). Liên hệ xem nhà ngay [phone_number],3700000000,76.0,Bình Dương,Căn hộ chung cư,2025-08-19T01:57:24.914000,RENT_HIGH_CONFIDENCE,explicit_rent_or_monthly_title_no_sale_opening,shard_0001.parquet,334073
"7,3 tỷ - 120m2 ngang Khủng 7m 3 tầng cho thuê 25 tr/th - ngay chợ Cát Lái Cách Nguyễn Thị Định 100m","7,3 tỷ - 120m2 - ngang khủng 7m vuông vắn - nhà 3 tầng - cho thuê 25 tr/th - ngay chợ Cát Lái - Cách Nguyễn Thị Định 100m. Diện tích lớn 120m2. Ngang Khủng 7m vuông vắn. Xd 3 tầng hoàn công. Nhà ngay chợ cách NTĐ 100m. Đang có 8 phòng cho thuê 25 tr có thể cho thuê hơn nữa. LH: Nhân nhà quận 2.",7300000000,120.0,Hồ Chí Minh,Nhà,2025-08-07T11:54:52.167000,RENT_HIGH_CONFIDENCE,explicit_rent_or_monthly_title_no_sale_opening,shard_0001.parquet,301298
"Gần phố! Hoàng Hoa Thám Nhà 47m², 4 tầng, 2 thoáng giữ tiền an toàn, cho thuê tốt","Hoàng Hoa Thám Nhà 47m², 4 tầng, 2 thoáng giữ tiền an toàn, cho thuê tốt Diện tích 47m², mặt bằng vuông vắn Xây 4 tầng kiên cố, thiết kế hợp lý 2 mặt thoáng trước sau sáng thoáng cả ngày Vị trí đáng giá: 5m ra ô tô, 20m ra mặt phố Trung tâm Ba Đình, gần nhiều văn phòng & tiện ích Bao quanh đầy đủ dịch vụ: công viên, trường học, chợ, siêu thị Công năng: Ở thoải mái cho gia đình Cho thuê giữ dòng tiền đều Giữ tài sản an toàn, tăng giá theo thời gian Giá: 9 tỷ thương lượng trực tiếp với chủ Liên hệ ngay: Phan Thắng Hẹn lịch xem nhà trong tuần này",9300000000,47.0,Hà Nội,Nhà,2025-10-24T15:47:48.147000,RENT_HIGH_CONFIDENCE,explicit_rent_or_monthly_title_no_sale_opening,shard_0004.parquet,101872
"BÙNG CHÁY! Khu Mạc Đĩnh Chi.Q1 (4,5x16) - Hầm 5 tầng - 8CHDV - 100tr/tháng - 22 tỷ - O925324498","""""""- GỌI NGAY : . BẢO TRÂN * THÔNG TIN THẬT 100% * - Khu Mạc Đĩnh Chi.Q1 . MUA VÀO LỜI NGAY 6 TỶ. - DT: 4.5 x 16 (CN: 70m2) - KC: Hầm 5 tầng - 8CHDV - có thang máy - TN: 100 triệu / 1 tháng , 1.2 tỷ / 1 năm - Gần siêu thị, chợ, trường học, bệnh viện, các thương hiệu thời trang nổi tiếng, đi ra sân bay chưa tới 15 phút. - Sổ hồng chính chủ, pháp lý rõ ràng xem nhà xem sồ trực tiếp. + Giá: 22 tỷ ( THƯƠNG LƯỢNG MẠNH CHO KHÁCH THIỆN CHÍ ) LẤY VỐN LẠI CỰC NHANH . MUA NHANH KẺO HẾT + Hãy gọi ngay: . BẢO TRÂN""""""",22000000000,70.0,Hồ Chí Minh,Nhà,2025-06-12T07:10:45.360000,RENT_HIGH_CONFIDENCE,explicit_rent_or_monthly_title_no_sale_opening,shard_0000.parquet,18069
Siêu phẩm MT Cách Mạng Tháng 8 (đoạn đẹp) - 7x30m - XD: H + 7T - HDT: 200tr/tháng - giá 40 tỷ,"Siêu phẩm MT Cách Mạng Tháng 8 (đoạn đẹp) - 7x30m - XD: Hầm 7 tầng - HDT: 200 tr/tháng - giá 40 tỷ. - DT: 7 x 30m (XD đủ, đã chừa lộ giới). - XD: Hầm + 7 tầng + TM. - HDT: 200 tr/tháng. - Vị trí: Nhà nằm ở đoạn đẹp gần CLB Lan Anh. Tuyến đường thương hiệu tiện kinh doanh đa ngành nghề, mở VP cho thuê,... Nhà 1 đời chủ, chủ nhà thiện chí bán, còn thương lượng cho khách nhanh gọn. - Giá: 40 tỷ TL. LH: [phone_number] gặp Vũ.",40000000000,210.0,Hồ Chí Minh,Nhà,2026-03-03T21:22:21.424000,RENT_HIGH_CONFIDENCE,explicit_rent_or_monthly_title_no_sale_opening,shard_0009.parquet,102746
"Đất An Khê ngang 8m, xây nhà cho thuê, đầu tư siêu lời","Bán gấp lô đất siêu phẩm tại An Khê, diện tích 113m2, mặt tiền rộng 8m Tặng kèm nhà cấp 4, tha hồ sửa sang theo ý thích Vị trí đắc địa, kiệt rộng 3m, ô tô vận liệu vào tận cửa Cách đường chính chỉ 3 căn nhà, tiềm năng kinh doanh và cho thuê cực lớn Xây 2 căn nhà vừa ở vừa cho thuê, hoặc đầu tư căn hộ dịch vụ hốt bạc Giá tốt cho nhà đầu tư thông thái, liên hệ ngay [phone_number] để không bỏ lỡ cơ hội có một không hai này",,113.0,Đà Nẵng,Đất,2025-09-16T12:31:39.704000,RENT_HIGH_CONFIDENCE,explicit_rent_or_monthly_title_no_sale_opening,shard_0003.parquet,125815
"Độc quyền căn 1PN, rẻ nhất giỏ hàng The Legend, sở hữu lâu dài, HĐ cho thuê 25 - 30 triệu/tháng","The Legend Đà Nẵng không chỉ là một dự án căn hộ cao cấp, mà còn là biểu tượng của TP. ĐN. Tọa lạc ngay đầu Cầu Rồng, trên trục đường Võ Văn Kiệt - con đường huyết mạch nối sông Hàn và biển Mỹ Khê, The Legend mang đến một vị trí đắt giá hiếm có, nơi giao thoa của thịnh vượng, văn minh và phong thủy. Thông tin căn hộ: * Loại căn: 1PN. * Diện tích: 41,8m2. * Sở hữu lâu dài. * Hiện tại đây là căn hộ có mức giá rẻ nhất và tốt nhất tại dự án The Legend. - Thanh toán tiến độ: Chiết khấu 3% (mỗi đợt đóng 5% cách nhau 3 tháng, đóng đến 31/3/2025). - Thanh toán nhanh 95%: Chiết khấu LÊN ĐẾN 16%. - Vay: Tối đa 70%, hỗ trợ lãi suất 24 tháng đầu tiên, vốn bỏ ra chỉ 25%. - Tặng nói nội thất 300 triệu. - Tặng 1 chỉ vàng SJC. - Chiết khấu thêm 1% đặt chỗ. - Tặng 1 Voucher nghỉ dưỡng 5 sao trị giá 20 triệu được trừ vào giá bán (hạn cuối 15/09/2025). Tiện ích chuẩn nghỉ dưỡng 5 sao ngay nội khu: - Hồ bơi",4900000000,41.8,Đà Nẵng,Căn hộ chung cư,2026-03-23T12:59:37.031000,RENT_HIGH_CONFIDENCE,explicit_rent_or_monthly_title_no_sale_opening,shard_0009.parquet,302970
"Dãy Trọ _ Ngay Chợ Thủ Đức _Thu Nhập 22Tr/Tháng _ 100M2 _ Ngang8,8M _ Chỉ 8,2Tỷ_Sổ Sẵn ,Hỗ Trợ Vay","Lạng Phát Ngày Càng Cao ,Đồng Tiền Đang Ngày Càng Mất Giá ,Bất Động Sản Dòng Tiền Đang Là 1 Lựa Trọn Tối Ưu Dãy Trọ Thu Nhập Cao _ Ngay Chợ Thủ Đức _ 22 Triệu /Tháng _ 100M2 _ Ngang Bề Thế 8,8M + Cách Phạm Văn Đồng 200m + Khu dân cư đông đúc + Tiện ích đầy đủ xung quanh + Dãy trọ gồm 10 phòng thu nhập 22tr/tháng. + Diện tích công nhận: 100.4m2 (8.8m x 12m) + Giá Chỉ 8,2 Tỷ ,Sổ Sẵn ,Hỗ Trợ Vay Gọi Ngay Cho Em Nhé : Hỗ Trợ 24/7",8200000000,100.0,Hồ Chí Minh,Nhà,2025-11-26T12:29:25.710000,RENT_HIGH_CONFIDENCE,explicit_rent_or_monthly_title_no_sale_opening,shard_0005.parquet,181253
Cực hiếm! Nhà sát Đặng Văn Bi - ô tô tận cửa - 70m2 - cho thuê 8.5tr/tháng - giá bao thị trường,"Hàng hiếm - sát Đặng Văn Bi - ngay trung tâm Thủ Đức - khu vực BĐS rất đắt giá. Bán Nhà còn mới, vào ở ngay, hẻm xe hơi, gần Đặng Văn Bi, phường Trường Thọ. - Hẻm xe hơi, nhà cấp 4, có 2PN - 2WC. - Diện tích: 70m2 (4.1m x 17m) nở hậu. - Giá: 5,2 tỷ - Thương lượng chính chủ. Nói không với tin đăng ảo, phá giá, sai giá chính chủ! LH gặp Vân làm việc chính chủ. Hàng thật, giá trị thật. 697TT.",5200000000,70.0,Hồ Chí Minh,Nhà,2025-11-24T17:10:50.065000,RENT_HIGH_CONFIDENCE,explicit_rent_or_monthly_title_no_sale_opening,shard_0006.parquet,44320
Chỉ 7 Triệu / Tháng Sở Hữu Căn Hộ Dành Riêng Cho Công Nhân KCN VSIP Bình Dương,"CHÍNH THỨC KHỞI ĐỘNG CHƯƠNG TRÌNH BOOKING X3 GIÁ TRỊ ĐẾN NGÀY 16.11.2025 Một đặc quyền hiếm có dành riêng cho những nhà đầu tư tiên phong tại The Emerald Garden View Căn hộ xanh chuẩn TOD ngay trung tâm TP. Thuận An. Chỉ 20 triệu đặt chỗ, nhận ngay ưu đãi x3 giá trị lên đến 60 triệu Thanh toán linh hoạt 30 tháng, đợt 1 chỉ 15% ký hợp đồng 80% sản phẩm giá dưới 35 triệu/m², cơ hội sở hữu căn hộ xanh giá tốt nhất khu vực Dự án được phát triển bởi hệ sinh thái đối tác hàng đầu: Lê Phong Group SOL E&C Land Sculptor Studio (Thailand) CBRE MB Bank DKRS Tạo nên biểu tượng sống xanh đầu tư vững bền sinh lời bứt phá cuối năm 2025. Loại hình sản phẩm: Studio, 1PN, 1PN+, 2PN, 3PN Vị trí vàng: Mặt tiền Nguyễn Chí Thanh, P. Thuận An, liền kề KCN VSIP, Sóng Thần 2 & 3 khu vực có nhu cầu thuê và đầu tư mạnh nhất Bình Dương hiện nay. Số lượng booking giới hạn chỉ đến 16/11/2025",1390000000,39.0,Bình Dương,Căn hộ chung cư,2025-11-13T14:20:56.735000,RENT_HIGH_CONFIDENCE,explicit_rent_or_monthly_title_no_sale_opening,shard_0005.parquet,190858
"Căn nhà cấp 4 với 6 phòng cho thuê giá hấp dẫn, tại đường Đỗ Bá-Đà Nẵng-vài bước chân ra biển-105m2","+ Căn nhà cấp 4 với 6 phòng cho thuê giá cực kỳ hấp dẫn, vài bước ra bãi biển Mỹ Khê, dt: 105 m2 mua về xây tòa cho thuê hiệu suất 12 - 15% / năm. + Vị trí căn nhà nằm cách mặt đường Đỗ Bá chỉ vài bước chân, đường trước nhà rông thoáng sáng, giao thông thuận lợi kết nối với nhiều tuyến đường lớn như Ngũ Hành Sơn, Mai Thúc Lân, Lê Quang Đạo, Võ Nguyên Giáp... + Anh Quyền chủ nhà đầu tư hạng mục khác nên nhờ em bán giúp căn nhà cấp 4 với 6 phòng đang cho thuê. + Nhà cấp 4 nên không có nhiều miêu tả, chủ mới mua về cho thuê luôn hoặc xây tòa nhà cho thuê thì tuyệt vời. + Sổ vuông vắn DT: 105m2 mặt tiền 5,5m nở hậu nhẹ. + Giá anh xác định bán nhanh nên trào 8,95 tỷ (có ra lộc cho khách). + Thông tin chuẩn 100%. + LH Mr Toàn để được tư vấn, xem nhà, và gặp trực tiếp chủ. + Mr Toàn chuyên nhà ở thổ cư Đà Nẵng.",8950000000,105.0,Đà Nẵng,Nhà,2026-01-30T23:12:35.811000,RENT_HIGH_CONFIDENCE,explicit_rent_or_monthly_title_no_sale_opening,shard_0008.parquet,16050
HAGL ĐÀ NẴNG VIEW DOWNTOWN FULL NT CÓ THUÊ LẠI 25TR/Tháng,"Căn đẹp, thoáng sáng, tầng cao 23, view trực diện công viên siêu tổ hợp Da Nang Downtown. Công năng: 2PN | 1PK | 1 bếp | 2WC | 1 ban công Full nội thất: xách vali vào ở ngay Sổ hồng lâu dài bán bao sổ/bao thủ tục sang tên Ngân hàng hỗ trợ vay 80% giá trị căn hộ Cam kết thuê lại 25tr/tháng dài hạn doanh thu ~300tr/năm, lợi suất gộp ~7,02%/năm (ước tính theo giá chào) Phù hợp vừa ở trung tâm vừa giữ tài sản vừa có dòng tiền. Liên hệ [SĐT /Zalo] để nhận video/ảnh thực tế + lịch xem nhà.",4211100000,93.58,Đà Nẵng,Căn hộ chung cư,2026-01-11T12:23:18.456000,RENT_HIGH_CONFIDENCE,explicit_rent_or_monthly_title_no_sale_opening,shard_0007.parquet,231436
"NHÀ PHỐ ELITE HOME BÀU BÀNG, VEN TP.HCM giá 3 tỷ cho thuê 15tr tháng liên hệ [phone_number]","NHÀ PHỐ ELITE HOME BÀU BÀNG, VEN TP.HCM SỞ HỮU NHÀ PHỐ 1 TRỆT 2 LẦU, SỔ RIÊNG GIÁ CHƯA TỚI 3 TỶ! Vị trí: Dự án Elite Home , trung tâm Bàu Bàng,ven tphcm Nằm ngay trục chính dự án, liền kề khu công nghiệp và cao tốc chỉ 50 phút về TP.HCM Diện tích đất: 109m² Diện tích xây dựng: 5m x 14m Kết cấu: 1 trệt 2 lầu, thiết kế hiện đại, ban công thoáng mát Đường trước nhà 25m, có cây xanh, vỉa hè rộng, hạ tầng đồng bộ hoàn chỉnh Pháp lý rõ ràng Sổ hồng riêng từng căn Giá chỉ chưa đến 3 tỷ, nhận nhà ở ngay hoặc đầu tư sinh lời cao Lợi thế nổi bật: Khu vực ven TP.HCM, tiềm năng tăng giá mạnh mẽ Dân cư hiện hữu, tiện ích xung quanh đầy đủ Phù hợp cả an cư lẫn đầu tư lâu dài Liên hệ ngay [phone_number] Để xem nhà thực tế, chọn vị trí đẹp nhất hôm nay!",3000000000,109.0,Bình Dương,Biệt thự/Nhà liền kề,2025-10-30T03:46:06.102000,RENT_HIGH_CONFIDENCE,explicit_rent_or_monthly_title_no_sale_opening,shard_0004.parquet,88761
"The Habitat Binh Duong GĐ 3, căn hộ cao cấp cho thuê tốt ngay Vsip 1, TT 10% ký HĐMB, nhận nhà ngay","An cư lý tưởng tại căn hộ chuẩn quốc tế The Habitat Binh Duong Nhận nhà ngay chỉ TT với 30%. Gọi ngay hotline để nhận nhiều ưu đãi hấp dẫn chiết khấu lên đế 9%: Vị trí không thể thay thế ngay cửa ngõ Vsip 1. + Mặt tiền Đại lộ Hữu Nghị, phường Bình Hòa, TP. Thuận An. + Trung tâm kết nối: 2 Phút đến Aeon Mall, 5 phút đến BV Quốc tế Becamex, 10 phút tới TP. Thủ Dầu Một. Giao thông thuận tiện đi TP. Thủ Đức, Quận 1, sân bay Tân Sơn Nhất chỉ từ 30 45 phút. + Cộng đồng chuyên gia nước ngoài đông đúc nhu cầu thuê thực tế, ổn định, dài hạn. Căn hộ cao cấp thiết kế tối ưu cho thuê và an cư. + Diện tích 62.7m2, 2PN + 2WC, thoáng sáng, có sân phơi. + Thiết kế thông minh, riêng tư, hiện đại. + Mỗi tầng chỉ 7 - 10 căn môi trường sống yên tĩnh. + Bàn giao nội thất cơ bản từ thương hiệu uy tín: Hafele, Kaadas, Yale, Rigel, Kone. Tiện ích nội khu hoàn chỉnh Chuẩn sống resort: + Hồ bơi tràn dài 50m, Hồ b",2914000000,62.7,Bình Dương,Căn hộ chung cư,2025-06-23T08:24:43.010000,RENT_HIGH_CONFIDENCE,explicit_rent_or_monthly_title_no_sale_opening,shard_0000.parquet,81769
"Căn duy nhất! Chỉ 9,5 tỷ TL có ngay nhà mặt tiền Trường Sa, 3,5x8,5m, 5 tầng, HĐT 20 triệu/tháng!","Liên hệ làm việc chính chủ qua điện thoại [phone_number] hoặc Zalo: [phone_number] (Ánh Tuyết). Chính chủ cần bán căn nhà mặt tiền Trường Sa, phường 15, Bình Thạnh. * Diện tích: 3,5 x 8,5m. * Kết cấu: 5 tầng, nhà đẹp xây dựng kiên cố. * 4 phòng ngủ, 1 phòng khách. * Đang cho thuê mặt bằng 20 triệu/tháng. * Khu vực kinh doanh sầm uất, giao thông thuận tiện mọi hướng trong thành phố. * Phù hợp: Mua ở, hoặc cho thuê mặt bằng kinh doanh, cho thuê phòng. * Khu vực cực kỳ hiếm nhà dưới 10 tỷ. * Pháp lý: Chuẩn. * Giá: 9,5 tỷ thương lượng. Căn mặt tiền duy nhất dưới 10 tỷ trong khu vực. Liên hệ làm việc chính chủ qua điện thoại [phone_number] hoặc Zalo: [phone_number] (Ánh Tuyết).",9500000000,29.75,Hồ Chí Minh,Nhà,2026-02-05T07:49:17.713000,RENT_HIGH_CONFIDENCE,explicit_rent_or_monthly_title_no_sale_opening,shard_0008.parquet,237957
"SIÊU VIP-SIÊU VỊ TRÍ 1 CĂN DUY NHẤT MT Thủ Khoa Huân, Quận 1, DT 4.5x25m, HĐT 200tr/tháng. 79 TỶ","MT Thủ Khoa Huân, Phường Bến Thành, Quận 1. - Diện tích: 4,5x25m. - Diện tích công nhận: 112m2. - Kết cấu: 2 lầu. - Vị trí cực đẹp ngay sát chợ bến thành, khu vực sầm uất, sang trọng thuận tiện kinh doanh mọi nghành nghề hoặc cho thuê giá cao. - HĐT 200 triệu/tháng. Giá: 79 tỷ. Liên hệ Nguyễn Liêm [phone_number] Thông tin chính xác - trung thực - không làm mất thời gian khách hàng. Miễn môi giới, quảng cáo - chỉ tiếp khách thiện chí, có nhu cầu mua thực sự.",79000000000,112.0,Hồ Chí Minh,Nhà,2026-03-24T11:07:27.690000,RENT_HIGH_CONFIDENCE,explicit_rent_or_monthly_title_no_sale_opening,shard_0009.parquet,111668
"HĐT 235triệu/tháng toà CHDV Nguyễn Cửu Vân, Bình Thạnh, DT: 9x19m, hầm + 7 tầng, giá 49 tỷ","Bán toà CHDV Nguyễn Cửu Vân, Phường 17, Quận Bình Thạnh. Diện tích: 9m x 19m, Sổ công nhận 162m2 đất. Kết cấu: Hầm + trệt + 6 lầu + sân thượng. Gồm 21 CHDV cao cấp WC riêng từng phòng. Hệ thống PCCC hiện đại + thang máy tốc độ cao. Khai thác 235 triệu, Hợp đồng thuê khoán 162 triệu/ tháng (5 năm). Giá: 49 Tỷ (Em sẽ thương lượng thêm cho anh chị - Cam kết làm giá tốt nhất thị trường). Quý khách có nhu cầu mua nhà liên hệ: Mr Phụng - Làm việc tận tâm, đồng hành cùng khách hàng từ khâu tư vấn, pháp lý sang tên cho đến khi quý khách hàng nhận nhà. Để tránh làm mất thời gian của quý khách thông tin trên là chính xác.",49000000000,162.0,Hồ Chí Minh,Nhà,2025-07-07T10:40:03.065000,RENT_HIGH_CONFIDENCE,explicit_rent_or_monthly_title_no_sale_opening,shard_0001.parquet,124855
"Hàng bồ- 28m2, nhà 3 tầng- lõi hoàn kiếm- nhà đẹp, ở ngay/cho thuê siêu lợi nhuận- giá chào 5.8 tỷ","HÀNG BỒ 28m 3 TẦNG LÕI HOÀN KIẾM Ở NGAY/CHO THUÊ SIÊU LỢI NHUẬN 5.8 TỶ Siêu phẩm trung tâm Hoàn Kiếm, vài bước đi bộ ra Hồ Gươm khu vực khách Tây đông, nhu cầu thuê cao quanh năm. Nhà 28m, 3 tầng, thiết kế hợp lý, thoáng trước sau. Ngõ rộng, có sân chung để xe hiếm có trong lõi phố cổ. Hiện đang cho thuê 13 triệu/tháng, dòng tiền ổn định. Phù hợp ở, cho thuê dài hạn hoặc làm Homestay. Khu vực giá trị tăng bền vững, thanh khoản tốt, hiếm nhà bán. Giá chào: 5,8 tỷ (có TL cùng chủ nhà) Liên Hệ Ms. Quỳnh [phone_number] để xem nhà trực tiếp!",5800000000,28.0,Hà Nội,Nhà,2025-11-28T11:50:27.043000,RENT_HIGH_CONFIDENCE,explicit_rent_or_monthly_title_no_sale_opening,shard_0005.parquet,122803
"Căn hộ dịch vụ mặt tiền 22 phòng 100tr/tháng 6x25m lửng + 5 tầng hoàn công + PCCC chỉ 20,5 tỷ","Căn hộ dịch vụ mặt tiền 22 phòng thu hơn 100tr/tháng. DTCN 112.6m2. DT thực tế 6x25m lửng + 5 tầng hoàn công + PCCC. Vị trí đẹp: Gần Lê Văn Việt, Lã Xuân Oai sát ga Metro. Giá: 20,5 tỷ (còn TL). Dòng tiền ổn định Khu thuê cực mạnh tài sản giữ giá cao. Inbox xem nhà ngay!",20500000000,150.0,Hồ Chí Minh,Nhà,2026-03-02T09:29:47.505000,RENT_HIGH_CONFIDENCE,explicit_rent_or_monthly_title_no_sale_opening,shard_0009.parquet,343060
"VinSmart City: Còn 1 căn shop khối đế 57m2 The Victoria- lời 95tr/tháng- VỐN 3TỶ- CK 10,5%- SỔ ĐỎ","Hàng hiếm! Bán nốt căn shophouse khối đế cuối cùng tại The Victoria - diện tích 57.2m², giá chỉ từ 150tr/m² - dòng tiền cho thuê ổn định lời từ 50 - 120tr/tháng. Liên hệ ngay ĐTL MB - đại lý F1 - ký TT CĐT giá tốt nhất tt: [phone_number] Quỹ căn shophouse sổ đỏ lâu dài hàng độc ký trực tiếp CĐT, anh chị khách hàng nhà đầu tư mua là thắng, cực kỳ yên tâm với dòng tiền cực tốt giao động từ 1tr1 - 1tr5/m² ~(50 - 120tr/tháng) x4 lần so với đầu tư căn hộ, không mất chi phí setup. + Quỹ căn shophouse chân đế: The Victoria, quỹ căn shophouse tốt nhất mới ra mắt ký trực tiếp CĐt: - Shophouse 57.2m², sổ đỏ lâu dài 9 tỷ (cho thuê 65tr/ tháng). - Shophouse 63m², sổ đỏ lâu dài, 11 tỷ (cho thuê 80tr/ tháng). - Shophouse 75m², sổ đỏ lâu dài, 15 tỷ (cho thuê 90tr/ tháng). - Vị trí: Nằm tại trung tâm ""tam giác vàng"" Metro 5, 6, 7. Cận kề trục Lê Trọng Tấn, dễ dàng kết nối tới các khu vực qua Đại lộ Thăn",9300000000,57.2,Hà Nội,Shophouse,2025-10-13T12:22:51.006000,RENT_HIGH_CONFIDENCE,explicit_rent_or_monthly_title_no_sale_opening,shard_0003.parquet,296788
Bán chdv thanh xuân - 94m - 8t tm - 28 phòng kk - pccc đạt chuẩn - 145tr/tháng. [phone_number],"Bán CHDV THANH XUÂN - 94M - 8T TM - 28 PHÒNG KK - PCCC ĐẠT CHUẨN - 145TR/THÁNG. [phone_number] TÒA DÒNG TIỀN - MẶT NGÕ THÔNG KINH DOANH - LỢI NHUẬN KÉP Chủ nhà lớn tuổi, muốn nghỉ ngơi an dưỡng nên cần bán lại tâm huyết là toà nhà CHDV tại Thượng Đình, ngay gần Ngã Tư Sở. Thông số vàng: DT 94m2, 8 Tầng thang máy, MT rộng 5.8m Thiết kế tối ưu: Xây dựng 8 tầng thang máy nhập khẩu, mới koong. Tổng không gian khai thác: Gồm 28 Phòng khép kín full nội thất + 1 Cửa hàng kinh doanh tầng 1. Điểm nhấn an toàn: Hệ thống PCCC ĐẠT CHUẨN, trang bị đầy đủ thang thoát hiểm, vòi phun, báo cháy... Yếu tố sống còn giúp tài sản giữ giá và thanh khoản cao. Hiện trạng chủ tự vận hành dòng tiền đạt 140 - 150 triệu/tháng. Tổng thu nhập 1.7 tỷ/năm. Tỷ suất lợi nhuận quá hấp dẫn, ăn đứt lãi suất ngân hàng, chưa kể giá đất khu vực Thượng Đình - Royal City tăng trưởng đều đặn. Vị trí đắc địa: Mặt ngõ thông, rộng h",24300000000,94.0,Hà Nội,Nhà,2025-11-25T16:53:31.008000,RENT_HIGH_CONFIDENCE,explicit_rent_or_monthly_title_no_sale_opening,shard_0005.parquet,108554
(085) trung tâm láng hạ- rất gần phố mặt ngõ oto kd- 5 tầng chắc chắn- cho thuê 20tr/ tháng,"1. Vị trí: Phố Láng Hạ- Đống Đa, vị trí cực hiếm nhà bán, chỉ 1 nhà ra phố, khu vực kinh doanh nhộn nhịp. Di chuyển thuận tiện Thái Hà Lê Văn Lương Huỳnh Thúc Kháng. 2. Thông tin: Diện tích: 34m² (có thể làm sổ lên ~37m²), Mặt tiền: 3.7m, 5 tầng dân xây chắc chắn 3 thoáng Hiện đang cho thuê kinh doanh 20 triệu/tháng 3. Thiết kế: T1: Kinh doanh + WC T2,3,4: Mỗi tầng 1 phòng + WC T5: Sân phơi 4. Phù hợp: Vừa ở vừa kinh doanh, Giữ dòng tiền ổn định Khu trung tâm hiếm nhà bán Sổ đỏ chính chủ vuông đẹp sẵn sàng giao dịch",14200000000,34.0,Hà Nội,Nhà,2026-03-15T21:35:31.936000,RENT_HIGH_CONFIDENCE,explicit_rent_or_monthly_title_no_sale_opening,shard_0008.parquet,284621
"Sở hữu căn hộ có Smarthome The Aspira chỉ 6,8 triệu/tháng ngay Metro số 1, ân hạn gốc 6 năm","Góp 6,8 triệu/tháng để sở hữu căn hộ The Aspira chỉ từ 1,68 tỷ căn hộ Smarthome ngay Metro số 1, cách Vành đai 3 chỉ 600m. Nếu anh/chị đang tìm một căn hộ nhỏ gọn, hiện đại, đủ tiện nghi, vị trí đẹp và mức giá hợp lý tại The Aspira là lựa chọn rất đáng cân nhắc. Sản phẩm phù hợp cả người mua ở thật lẫn nhà đầu tư đang tìm dòng hàng thanh khoản cao. Vị trí trung tâm TOD 18,8 ha tiềm năng tăng giá mạnh mẽ. The Aspira nằm liền kề hai ga Metro số 1 (S12 S13), trong khu vực quy hoạch thương mại dịch vụ giải trí, nơi được định hướng trở thành lõi phát triển mới của thành phố phía Đông. Đây là một trong những yếu tố giúp giá trị tài sản tăng trưởng bền vững trong tương lai. Tặng gói Smarthome điều khiển toàn bộ hệ thống điện, rèm và thiết bị qua điện thoại hoặc giọng nói. Nội thất bàn giao thuộc nhóm thương hiệu cao cấp: Cửa gỗ chống cháy An Cường; thiết bị bếp Hafele, gỗ An Cường; thiết bị vệ ",1680000000,42.54,Bình Dương,Căn hộ chung cư,2025-12-12T10:18:38.753000,RENT_HIGH_CONFIDENCE,explicit_rent_or_monthly_title_no_sale_opening,shard_0006.parquet,184424
"Bán toà cmnn Cầu Giấy 8 tầng thang máy, 100m2 mặt tiền 8m, 35 phòng khép kín đủ đồ,thu 220tr/tháng","Giữa các bất ổn về thế giới , ảnh hưởng không nhỏ đến nền kinh tế toàn cầu . Bất động sản dòng tiền vẫn là 1 tài sản rất an toàn trong những giai đoạn biến động này . Vì phát sinh đúng thực tế ai cũng phải ở , giữa thủ đô ngày càng phát triển này . CHÍNH CHỦ BÁN TÒA CĂN HỘ DỊCH VỤ 8 TẦNG 35 PHÒNG DÒNG TIỀN 220TR/THÁNG PCCC CHUẨN GIÁ TỐT DIAMOND RESIDENCE Diện tích: 100 m² Mặt tiền: 8 m 8 tầng Giá: 39 tỷ Pháp lý rõ ràng, sổ đỏ vuông vắn. Quy mô khai thác: Tổng 35 căn hộ khép kín full nội thất Tầng 1: 1 căn + khu để xe Tầng 27: mỗi tầng 5 căn hộ Tầng 8: 1 căn 1PN + 1 căn 2PN Đang khai thác ổn định Dòng tiền thực tế ~220 triệu/tháng Mua là tiếp quản vận hành ngay, không cần set up lại. Toà nhà đang hoạt động ổn định , Chủ mới chỉ cần thu tiền cục gần 3 tỷ/năm. Tòa nhà nằm giữa trung tâm kinh doanh sầm uất. Gần các trường Đại học lớn như Đại học Thương mại, Đại học Quốc Gia Hà Nội, Đại học T",39000000000,100.0,Hà Nội,Nhà,2026-03-11T01:28:51.839000,RENT_HIGH_CONFIDENCE,explicit_rent_or_monthly_title_no_sale_opening,shard_0009.parquet,188487
"Giá 1xxtr/m2, lời tới 85tr/tháng khi mua shophouse khối đế Sola Park tòa G5, G6, CK 13,5%, sổ đỏ","Bạn đang tìm kiếm cơ hội đầu tư sinh lời vững chắc tại trung tâm phía Tây Hà Nội? - Shophouse chân đế The Sola Park chính là lựa chọn không thể bỏ qua. - Lợi thế vượt trội dành cho nhà đầu tư: - Đón đầu hơn 12.000 cư dân từ 5 toà căn hộ sắp vận hành Tệp khách hàng sẵn có, sầm uất quanh năm. - Giá cho thuê cực tốt từ 1tr1 - 1tr5/m² ~ 40 - 100tr/ tháng, dòng tiền đều,. - Giá vốn tăng đều 10 - 20% hàng năm vì sở hữu lâu dài. - Vị trí ngay trục chính nội khu & tuyến giao thông huyết mạch Đại Lộ Thăng Long lượng phương tiện di chuyển lớn. * Tiện ích: - 2 trường học nội khu + hệ thống trường học xung quanh nhu cầu mua sắm, ăn uống, dịch vụ tăng cao mỗi ngày. - Toà G5 & G6 thiết kế đặc biệt: Từ tầng 1 - tầng 14 là văn phòng & thương mại tăng gấp đôi nguồn khách tiềm năng. - Diện tích đa dạng: Từ 40m² đến 119.6m² phù hợp nhiều mô hình kinh doanh: Cafe, ngân hàng, quán ăn, tiệm cắt tóc, quầy thuố",10000000000,55.0,Hà Nội,Shophouse,2025-09-15T18:51:09.182000,RENT_HIGH_CONFIDENCE,explicit_rent_or_monthly_title_no_sale_opening,shard_0002.parquet,317564
"Dãy trọ 196m2 có 8 phòng cho thuê 9 triệu /tháng ở Đ.Suối Sâu xã An Tịnh Trảng Bảng, giá 1 tỷ","Chính chủ cần bán dãy trọ nằm ở Đ. Suối Sâu xã An Tịnh Trảng Bàng cách chợ Suối Sâu khoảng 600m. Dãy trọ có diện tích 196m2 (7x29). Kết cấu: gồm 8 phòng, mỗi phòng có 1 WC. Có sổ hồng riêng, công chứng sang tên nhanh. Giá 1 tỷ có thương lượng. Quan tâm liên hệ tôi Chiến) để xem nhà.",1000000000,196.0,Tây Ninh,Nhà,2026-03-04T14:46:59.929000,RENT_HIGH_CONFIDENCE,explicit_rent_or_monthly_title_no_sale_opening,shard_0009.parquet,340727
"Nhà CHDV hẻm xe hơi 6m - Quang Trung - 21tr/tháng - Khu đồng bộ - an ninh - 8,8 Tỷ - 2 ô tô né nhau","NHÀ ĐANG KHAI THÁC THUÊ 21 TR/THÁNG HẺM 6M KHU PHÂN LÔ ĐỒNG BỘ Giá bán: 8,8 tỷ ( bớt lộc ) Khu phân lô mới, cách mặt tiền Quang Trung chỉ 50m Hẻm rộng 6m 2 xe hơi né nhau Khu dân trí cao, an ninh tuyệt đối, tiện ích bao quanh Một trong những khu sầm uất nhất Gò Vấp, dễ khai thác dòng tiền Kết cấu: 4 lầu + sân thượng Công năng: 9 phòng 9 WC khép kín Full nội thất chuẩn căn hộ dịch vụ cao cấp từng phòng Khoá vân tay từng phòng dễ quản lý, tối ưu khai thác TIỆN ÍCH XUNG QUANH ĐẦY ĐỦ VỊ TRÍ KHÔNG THỂ ĐẸP HƠN Cách mặt tiền Quang Trung chỉ 50m, kết nối cực nhanh ra các trục lớn như Phan Huy Ích Nguyễn Oanh Tân Sơn. 3 phút đến chợ Hạnh Thông Tây, Vincom Quang Trung, Lotte Mart Gò Vấp khu vực mua sắm, ăn uống và giải trí nhộn nhịp nhất quận. Xung quanh nhà trong bán kính 200500m có đầy đủ: siêu thị CoopFood, Bách Hoá Xanh, nhà thuốc, phòng gym, cửa hàng tiện lợi, café, spa, ngân hàng (Vietcomban",8800000000,80.0,Hồ Chí Minh,Nhà,2025-12-11T11:15:56.584000,RENT_HIGH_CONFIDENCE,explicit_rent_or_monthly_title_no_sale_opening,shard_0006.parquet,346656
"HIẾM, VIP...! Phân lô Gần CV Cầu Giấy - 1 Nhà Ra Phố - Ô Tô Đỗ Cửa - Kinh Doanh Cho Thuê Đắc Địa","Chính chủ nhờ bán phân lô gần CV Cầu Giấy, xung quanh toàn biệt thự to VIP, hưởng trọn an sinh tiện ích ... Đường phố to rộng, có vỉa hè, ô tô đỗ cửa hoặc cất trong nhà. Diện tích 55m2 x 5 tầng Mặt tiền 6m, hậu 6m Nhà đang cho thuê 30tr/ tháng Gần công viên, ĐSQ Mỹ, cơ quan nhà nước xung quanh... Sổ đỏ chính chủ, sẵn giao dịch luôn Xem nhà liên hệ em Cảnh",22500000000,55.0,Hà Nội,Nhà,2025-08-26T11:32:18.506000,RENT_HIGH_CONFIDENCE,explicit_rent_or_monthly_title_no_sale_opening,shard_0002.parquet,120658
"Hàng Hiếm! Còn Sót Lại Căn Vũ Huy Tấn, Bình Thạnh-Giáp Q1. DT: 60m2. Giá 2tỷ470. Cho Thuê 14tr/1 th","CHÚ MINH ĐỊNH CƯ BÁN GẤP NHÀ VŨ HUY TẤN 60M2 GIÁ LẤY LỘC, 1T 2L 3PN 4WC, SẴN SHR - Vị trí: đường Vũ Huy Tấn, P.3, Q.Bình Thạnh. Ngay sát bờ kè Trường Sa - Diện tích: 60m2. ngang 4 x dài 15m - Giá: 2 tỷ 470 có thương lượng - Tiện ích: + Hẻm rộng, sạch sẽ, xe hơi ra vào thoải mái, có ban công. + Khu vực trung tâm, ngay trục đường Phan Xích Long Phan Đăng Lưu, di chuyển nhanh sang Quận 1, Quận 3, Phú Nhuận chỉ 5 - 10 phút. + Gần chợ Bà Chiểu, bệnh viện Gia Định, Coopmart, trường học và nhiều tiện ích khác. + Giá tốt trong phân khúc nhà hẻm ô tô tại trung tâm Phú Nhuận. - Pháp lý: Sổ hồng riêng, công chứng sang tên ngay. Hỗ trợ vay ngân hàng nếu cần.",2470000000,60.0,Hồ Chí Minh,Nhà,2026-03-07T12:56:59.137000,RENT_HIGH_CONFIDENCE,explicit_rent_or_monthly_title_no_sale_opening,shard_0009.parquet,298325
Nhà 4 tầng mặt đường 35m sẵn nhà cho thuê tại khu KDT HUD Sơn Tây,"""Nhà 4 tầng mặt đường 35m sẵn nhà cho thuê tại khu KDT HUD Sơn Tây. Nhà 4 tầng đã hoàn thiện, Dt 112m, Mặt tiền 5m, giá trên 10 tỷ. Địa thế vàng: Bao quanh là tuyến phố kinh doanh sầm uất Quang Trung và Chùa Thông, chỉ cách thành cổ 1km, hội tụ thiên thời địa lợi, phong thủy thuận hòa. Phong cách thiết kế châu Âu độc đáo tầm view mở, dự án được xây dựng đồng bộ đầu tiên của Thị Xã. Vỉa hè rộng 5m, đường đôi 35m, vị trí đẹp nhất Khu phố kinh doanh hiện đại, sầm uất nhất thị xã Sơn Tây. Địa chỉ: Khu Đô thị Hud Sơn Tây P. Trung Hưng Tx Sơn Tây - HN. Lh Mr Trung Thực xem nhà và đàm phán giá trực tiếp. "".",13000000000,112.0,Hà Nội,Biệt thự/Nhà liền kề,2025-09-22T17:57:12.077000,RENT_HIGH_CONFIDENCE,explicit_rent_or_monthly_title_no_sale_opening,shard_0003.parquet,286005
Lê Quang Đạo - Từ Liêm - Căn hộ dịch vụ - 88m2 - 8 tầng - 31 phòng cho thuê - 26.8 tỷ,"Lê Quang Đạo Căn hộ dịch vụ 88m2 - 8 tầng 31 phòng cho thuê 26.8 tỷ + Diện tích 88m2. Mặt tiền 5.5m + Vị trí ngay trung tâm Phú Đô, Nam Từ Liêm. Nhà 2 mặt thoáng trước sau. ------- + KCBT 8 tầng. Tổng 31 phòng. Đang vận hành 26 phòng full nội thất. 5 phòng đã có WC riêng, chưa setup. Có thể khai thác thêm. ------- + Hệ thống PCCC đầy đủ. Đang Vận hành ổn định. + Phù hợp khách mua khai thác cho thuê lâu dài giữ tiền. + Sổ đỏ chính chủ. Giao dịch ngay. ------- + L/H Z.alo: [phone_number] Em Trường Triệu Đô - Nhà thật - thông tin chuẩn!",26800000000,88.0,Hà Nội,Nhà,2026-02-27T22:49:22.909000,RENT_HIGH_CONFIDENCE,explicit_rent_or_monthly_title_no_sale_opening,shard_0008.parquet,209024
"SIÊU VỊ TRÍ - KHÁCH SẠN MT Đề Thám Quận 1, DT 4.7x20m 6 tầng HĐT 250tr/ tháng giá 41 tỷ","- Địa chỉ: Đề Thám - Phường Cô Giang - Quận 1. - Diện tích: 4.7m x 20m. - Công nhận: 94m2. - Kết cấu: Trệt, 6 tầng, 18 Phòng. - Hợp đồng thuê: 250 triệu/tháng. - Giá: 47 tỷ thương lượng (41 tỷ chốt). Liên hệ Nguyễn Liêm [phone_number] Thông tin chính xác - trung thực - không làm mất thời gian khách hàng. Miễn môi giới, quảng cáo - chỉ tiếp khách thiện chí, có nhu cầu mua thực sự.",41000000000,94.0,Hồ Chí Minh,Nhà,2026-02-10T18:26:41.961000,RENT_HIGH_CONFIDENCE,explicit_rent_or_monthly_title_no_sale_opening,shard_0008.parquet,103676
"Toà CHDV siêu đẹp Trần Thái Tông, 18PKK, DT 100tr/tháng, sát phố, thoáng sáng, PCCC đầy đủ, 75m2*8T","- Bán tòa CHDV phố Trần Thái Tông, thiết kế 18 phòng khép kín, đầy đủ nội thất, phòng nào cũng có cửa sổ, cực thoáng, thang máy xịn, PCCC đầy đủ, dòng tiền 100 triệu/tháng ổn định. - Tòa CHDV Trần Thái Tông 75m² x 8 tầng, tổng 18 phòng. Dòng tiền 100tr/th. - Vị trí đẹp, ngõ rộng, cách mặt phố chỉ 40m, thuận tiện ra Cầu Giấy, Nguyễn Khánh Toàn, Trần Quý Kiên, Nguyễn Văn Huyên, Hoàng Quốc Viết. Gần công viên Nghĩa Đô, công viên Thủ Lệ, ĐH Giao thông, HV Báo chí Tuyên truyền, HV Hành chính, HV Ngoại Giao, ĐH Ngoại Thương... Khu vực đông dân, gần nhiều trường đại học, bệnh viện, văn phòng nhu cầu thuê cực cao, dòng tiền ổn định hàng tháng. - Sổ đỏ chính chủ, hỗ trợ bank, sang tên nhanh. - Giá chào: 15.5 tỷ, có thương lượng. - Liên hệ em Tài để được tư vấn và xem nhà miễn phí.",15500000000,75.0,Hà Nội,Nhà,2025-06-02T18:04:24.339000,RENT_HIGH_CONFIDENCE,explicit_rent_or_monthly_title_no_sale_opening,shard_0000.parquet,236352
"Siêu phẩm CHDV Phan Văn Trị, P. BT - DT 5.5 x 30m - Hầm 7 tầng - TN 200 triệu/tháng - Giá 40 tỷ","Bán tòa CHDV Phan Văn Trị, P. Bình Thạnh. - Diện tích: 5.5 x 30m. - Kết cấu: Hầm 7 tầng. - Thu nhập: 200 triệu/tháng. - Pháp lý: Sẵn sàng giao dịch. - Giá bán: 40 tỷ. - Liên hệ: Quốc Định.",40000000000,165.0,Hồ Chí Minh,Nhà,2026-03-12T20:33:56.796000,RENT_HIGH_CONFIDENCE,explicit_rent_or_monthly_title_no_sale_opening,shard_0009.parquet,185012
"Conic Boulevard 2PN 84m² - 89m², phù hợp cho con học đại học, cho thuê, tiềm năng tăng giá","Vị trí: - Hệ thống đường giao thông đồng bộ kết nối QL1, Đại Lộ Võ Văn Kiệt, đường kênh Tham Lương Bến Cát, Kinh Dương Vương, Nguyễn Văn Linh, cao tốc TP. HCM Cần Thơ. Tại sao Conic Boulevard lại Hot? - Giá tốt nhất so với cùng khu vực. - Môi trường sống xanh mát, văn minh và thoải mái. - Vị trí kết nối đa chiều mọi tiện ích, cuộc sống thuận tiện. - Đón sóng hạ tầng và các dự án đầu tư công thanh khoản cao. - Diện tích rộng rãi như nhà mặt đất trên khống. - Tiện ích nội khu diện tích lớn không tưởng: 17,000 m phục vụ công trình công cộng, khu vui chơi giải trí, khu thể thao ngoài trời: + Vườn cảnh quan 4 mùa. + Khu vui chơi trẻ em, sân cát trẻ em. + Khu vực gym. + Công viên nội khu; đài phun nước. + Sân bóng đá, bóng rổ, cầu lông, pickelball. + Đài ngắm cảnh, Sky Garden, Club House. - An ninh 3 lớp hiện đại, quần lễ tân từng sảnh, camera an ninh toàn khu, thẻ từ thang máy đến từng tầng. ",,89.0,Hồ Chí Minh,Căn hộ chung cư,2025-07-30T17:32:05.569000,RENT_HIGH_CONFIDENCE,explicit_rent_or_monthly_title_no_sale_opening,shard_0001.parquet,218160
Căn hộ dịch vụ TN 430tr/tháng - MT Đường Trần Tấn - DT 523m2 - 1 hầm 6 lầu - Giá 75 tỷ TL,Căn hộ dịch vụ nguồn thu ổn định - Phòng cháy chữa cháy chuẩn mặt tiền Đường Trần Tấn _ P. Tân Sơn Nhì (Q. Tân Phú). Vị trí: Ngay mũi tàu Âu Cơ - Metro. Diện tích: 523m2 (3500m2 sàn) 160 phòng thu nhập 430tr/tháng. Hạ giá: 75 tỷ thương lượng trực tiếp chủ nhà. Liên hệ: [phone_number] - Tùng Dương - TanPhuland. Địa chỉ: Trụ sở - 142 Trương Vĩnh Ký - P. Tân Sơn Nhì. - 229 Lê Văn Quới - Phường Bình Trị Đông.,75000000000,523.0,Hồ Chí Minh,Nhà,2026-03-26T03:01:16.006000,RENT_HIGH_CONFIDENCE,explicit_rent_or_monthly_title_no_sale_opening,shard_0009.parquet,143458
"Bán CCMN gần BV Phương Đông 50m2, 5 tầng thang máy, ngõ nông rộng ô tô đỗ cách 20m, DT 50tr/tháng","- Vị trí vàng: Cách trục Tây Thăng Long đang hoàn thiện chỉ 10m, tương lại rực sáng, ngõ nông, rộng thoáng, thông các ngả, gần chợ, trường,... Khu vực tập trung sv và người đi làm, nhu cầu thuê ở cao, xung quanh nhiều trường ĐH lớn: HVTC, HVCS, ĐH Mỏ, Y tế công cộng,.. Ra ĐHSP, QG, Thương Mại, TNMT rất gần 2 km. Ra đường Phạm Văn Đồng, Trần Cung, CV Hòa Bình, KĐT tp giao lưu chỉ vài trăm mét, thuận tiện giao thông ra các phố lớn. - Tòa nhà 5 tầng thang máy, có thể lên thêm tầng nếu muốn mở rộng, nhà chủ tự xây tâm huyết, gồm chỗ để xe và 9 phòng khép kín rộng rãi, đầy đủ tiện nghi: Giường, tủ, bàn ghế, bếp, hút mùi, tủ lạnh, điều hòa, máy giặt riêng từng phòng, tất cả đều mới 100%. - Đầy đủ hệ thống báo cháy, chống cháy tự động, thang thoát hiểm ngoài. Sổ đỏ vuông vắn đẹp, chủ nhà thiện chí, giao dịch nhanh.",10600000000,50.0,Hà Nội,Nhà,2025-10-17T22:49:20.160000,RENT_HIGH_CONFIDENCE,explicit_rent_or_monthly_title_no_sale_opening,shard_0004.parquet,19334
Sẵn hđt 27tr/tháng ! chdv hẻm xe tải đường số 30 p6 q.gv - 5 tầng 48m2 - sẵn 9 phòng cho thuê full,"CHDV HẺM XE TẢI FULL PHÒNG ĐỐI DIỆN KÊNH SẮP LÀM CÔNG VIÊN THU NHẬP ỔN ĐỊNH - Địa chỉ: Đường Số 30, Phường 6, Gò Vấp - Hẻm xe tải thông thoáng đối diện kênh (đã quy hoạch làm công viên) - Diện tích: 4 x 12m Sổ vuông vức - Kết cấu: Trệt + lửng + 2 lầu + sân thượng trước sau - Gồm: 9 phòng cho thuê căn hộ dịch vụ, trang bị full nội thất - Hợp đồng thuê nguyên căn: 27 triệu/tháng - Hợp đồng dài hạn 6 năm (đã chạy được 1 năm) - Tăng giá 10% mỗi 2 năm Dòng tiền ổn định, lợi nhuận bền vững - Pháp lý chuẩn sổ hồng riêng - Giá bán: Chỉ 7.x tỷ thương lượng cho khách thiện chí ! - Liên hệ [phone_number] Gia Bảo để có giá tốt nhất .",7000000000,48.0,Hồ Chí Minh,Nhà,2025-07-12T07:35:30.104000,RENT_HIGH_CONFIDENCE,explicit_rent_or_monthly_title_no_sale_opening,shard_0000.parquet,301088
Mua đất trả góp chỉ từ 1.9 triệu/tháng,"Mua đất trả góp chỉ từ 1.9 triệu/tháng. Bạn chỉ cần tiết kiệm 1 ly trà sữa/ngày hoặc 1 chầu nhậu/tháng là bạn đã góp phần làm giàu cho chính mình! Vị trí đất: TX Chơn Thành nay là Đồng Nai (mới). DT: 350m2, thổ cư sẵn. Sổ hồng riêng, công chứng trong ngày. Hỗ trợ vay ngân hàng 150 triệu. Nếu bạn đã sẵn sàng tích lũy tài sản ngay hôm nay thì mạnh dạng call tôi nhé: [phone_number] Có gan thì làm giàu - tự tin lên.",0,350.0,Bình Phước,Đất,2026-02-26T13:00:05.427000,RENT_HIGH_CONFIDENCE,explicit_rent_or_monthly_title_no_sale_opening,shard_0008.parquet,110684
"HĐT 75 triệu/tháng! Hẻm 6m Hồ Biểu Chánh, P11, PN - 4 tầng mới (8x22m, CN 160m2) Chỉ 26 tỷ TL","Hẻm VIP Hồ Biểu Chánh - Khu tập trung giới tinh hoa, diễn viên, bác sĩ, ca sĩ,.. + Cách 5 phút là tới trung tâm quận 1, thuận tiện di chuyển nội thành. + Diện tích: 10 x 18m, công nhận đủ 150m2 trên sổ. + Kết cấu: 4 tầng mới, khai thác cho thuê CHDV, dòng tiền 75 triệu/tháng. + Giá: 26 tỷ thương lượng. + Pháp lý: rõ ràng, công chứng ngay. ------------------------------------------------------------------------------------ * Liên hệ ngay để xem nhà thực tế và tư vấn pháp lý. - Vũ Khoa -. Hotline: [phone_number] ( Zalo | Viber | Whatsapp ) Kho hàng hơn 10.000 sản phẩm ( phân khúc 10-1000 tỷ )",26000000000,160.0,Hồ Chí Minh,Nhà,2025-08-29T09:48:58.389000,RENT_HIGH_CONFIDENCE,explicit_rent_or_monthly_title_no_sale_opening,shard_0002.parquet,248450
Duy nhất mặt tiền Lê Văn Sỹ Quận 3 ngang 5 x 20m - HĐT: 95triệu/tháng - Gía: 36 tỷ tin thật,Duy nhất mặt tiền Lê Văn Sỹ Quận 3 ngang 5 x 20m - HĐT: 95triệu/tháng - Gía: 36 tỷ tin thật. 1. Diện tích: 5 x 20m. 2. Kết cấu: 5 tầng. 3. HĐT: 95 triệu còn 3 năm. 4. Giá bán: 36 tỷ tin thật. Liên hệ: [phone_number] em Nhi.,36000000000,83.0,Hồ Chí Minh,Nhà,2026-01-17T01:23:46.800000,RENT_HIGH_CONFIDENCE,explicit_rent_or_monthly_title_no_sale_opening,shard_0007.parquet,235820
"Chỉ 186tr sở hữu CH Ava Center full nội thất cao cấp, TToán 5 tr/tháng, Vay 0% LS, tặng 15 chỉ vàng","Mở bán căn hộ Ava Center trung tâm TP. Thuận An, Bình Dương - với nhiều chính sách ưu đãi hấp dẫn trong đợt mở bán đầu tiên. Hotline PKD CĐT: [phone_number] Mr Lê Khanh. * Giá chỉ từ 1,164 tỷ bàn giao full nội thất cao cấp, khách hàng chỉ cần xách vali vào ở ngay. * Ngân hàng VP Bank bảo lãnh dự án và hỗ trợ vay 0% lãi suất trong 2 năm - Ân hạn nợ gốc đến 3 năm. * Nhận chiết khấu lên đến 15 chỉ vàng ngay trong đợt mở bán. * Chỉ cần vốn ban đầu 186 triệu là sở hữu ngay căn hộ mơ ước tại trung tâm TP. Thuận An! * Tổng thầu xây dựng: Hòa Bình đơn vị uy tín hàng đầu Việt Nam. Điểm độc đáo lần đầu tiên tại Việt Nam: Khách hàng tự chọn màu sắc phong cách thiết kế căn hộ theo đúng Gu và Vibe cá nhân. --------------------------------------------------------------------------------------------------------------------- Thông tin tổng thể về dự án. * Vị trí vàng: - Ngay ngã tư Hòa Lân cửa ngõ kết n",1160000000,35.0,Bình Dương,Căn hộ chung cư,2025-09-26T16:46:36.056000,RENT_HIGH_CONFIDENCE,explicit_rent_or_monthly_title_no_sale_opening,shard_0003.parquet,207344
"Chỉ 5 căn view hồ bơi cực chill - thanh toán chỉ 0,5%/ tháng - cashback đến 300 triệu","Căn hộ Cao Cấp The Emerald 68 - 3,9 tỷ, 75 m² tại Vĩnh Phú, Thuận An, Bình Dương. CC The Emerald 68, tọa lạc tại Vĩnh Phú, Thuận An, Bình Dương, là một lựa chọn lý tưởng cho những ai đang tìm kiếm không gian sống thoải mái và hiện đại. Với diện tích 75m², căn hộ này mang đến cho cư dân một cuộc sống tiện nghi với nội thất cơ bản, sẵn sàng để bạn tự trang trí theo phong cách riêng. Chính sách ck: - Thanh toán nhanh hoàn tiền mặt đến 300 Triệu - Booking chiết khấu ngay 2 - Vòng quay 5 chỉ vàng - Miền phí Quản lý 12 Tháng Một số điểm nổi bật của căn hộ: + Giá: 3,9 tỷ + Nội thất cơ bản, gồm: Tủ bếp, máy lạnh, bồn tắm. + Phong thủy tốt, mang lại cảm giác thoải mái và an lành. Ngoài ra, vị trí của căn hộ cũng cực kỳ thuận tiện với nhiều tiện ích xung quanh: - Aeon Mall Bình Dương. - Giga Mall. - Bệnh viện quốc tế. - Resort cao cấp. - Trường học quốc tế. Liên hệ ngay để biết thêm chi tiết và kh",2700000000,50.0,Bình Dương,Căn hộ chung cư,2025-06-27T14:15:41.824000,RENT_HIGH_CONFIDENCE,explicit_rent_or_monthly_title_no_sale_opening,shard_0000.parquet,240718
Bình Tân DT khủng 10m dài 18m - hiện trạng 1 căn nhà 2 tầng và 7 phòng cho thuê - hẻm 6m,"Siêu phẩm nhà ngang 10m dài 18m, 2 tầng. Đường số 10, Bình Tân. Chỉ 7 tỷ 780 triệu sổ hồng riêng, pháp lý chuẩn. Diện tích khủng: 10m x 18m tổng 180m2. Kết cấu: 1 trệt 1 lầu kiên cố, 4 phòng ngủ, 4WC, phòng khách bếp rộng rãi, sân trước sau thoáng mát. Đường trước nhà rộng, xe tải tránh nhau. Khu dân cư hiện hữu an ninh, yên tĩnh. Tiện ích xung quanh đầy đủ: Gần chợ, trường học, siêu thị, ngân hàng. Giá thương lượng chính chủ. Nhà đẹp giá tốt, vị trí đắc địa!",,180.0,Hồ Chí Minh,Nhà,2025-09-18T10:41:00.814000,RENT_HIGH_CONFIDENCE,explicit_rent_or_monthly_title_no_sale_opening,shard_0003.parquet,83995
"Tân Phú xe hơi vào nhà vài bước ra mặt tiền ngang lớn 5.3m, vừa ở cho thuê giữ tiền","Diện tích: 5.3 x 15m (DTSD 262m2). Kết cấu: 1 trệt 2 lầu sân thượng, 8PN - 10WC vừa ở vừa cho thuê dòng tiền lên đến 25 triệu/ tháng. Vị trí: Đẹp, thông tứ tung. Hẻm xe hơi vào nhà, cách mặt tiền Dương Thiệu Tước (Lý Tuệ) 4 căn nhà.",8500000000,80.0,Hồ Chí Minh,Nhà,2026-01-07T11:56:02.643000,RENT_HIGH_CONFIDENCE,explicit_rent_or_monthly_title_no_sale_opening,shard_0008.parquet,84528
Lô góc 2 thoáng - Đông Ngạc - 6PN - gần Học viện Tài Chính - kết hợp ở và cho thuê - giá 7.5 tỷ TL,"Chủ cần bán gấp - nhà lô góc 2 mặt thoáng tại Đông Ngạc - Bắc Từ Liêm. - Nhà thực tế đang cho thuê, vị trí tiềm năng - đầu tư hoặc ở đều sinh lời. * Diện tích: 45m² - xây 4 tầng kiên cố. * Thiết kế hợp lý: - Mỗi tầng 2 phòng ngủ rộng rãi + vs chung tổng 6 phòng. - Hiện trạng vừa ở vừa cho thuê thu nhập ổn định. - Lô góc cực thoáng, phòng nào cũng có cửa sổ ngập tràn ánh sáng tự nhiên. * Vị trí đẹp, gần nhiều trường Đại học - nhu cầu thuê cực cao: - Gần các trường ĐH lớn: Mỏ, Học viện Tài chính, ĐH Y tế Cộng đồng, trường cán bộ thanh tra, - Cách chợ Vẽ, hồ điều hòa vài bước chân. - Ô tô 4 chỗ lùi cửa 10m ra ô tô tránh có chỗ đỗ xe gần nhà. * Pháp lý chuẩn sổ đỏ chính chủ giao dịch nhanh gọn. * Giá bán: 7.5 tỷ (còn thương lượng). Gọi/zalo xem nhà 24/7: [phone_number]Lê Thuý chuyên nhà đất Bắc Từ Liêm). Cam kết thông tin chuẩn, nhà có thật dẫn khách đúng quy trình.",7500000000,45.0,Hà Nội,Nhà,2025-06-27T02:38:22.444000,RENT_HIGH_CONFIDENCE,explicit_rent_or_monthly_title_no_sale_opening,shard_0000.parquet,118668
NHÀ MỚI PHÚ NHUẬN- PHÙ HỢP GIA ĐÌNH ĐÔNG THÀNH VIÊN HOẶC CHO THUÊ CỰC TÔT,"GIẢM 300 TRIỆU SÁT HẺM XE HƠI - HOÀNG HOA THÁM P5 PHÚ NHUẬN 3.5 x 9m x 4 TẦNG HOÀN CÔNG ĐỦ 5PN 4WC FULL NỘI THẤT Địa chỉ: Hoàng Hoa Thám, Phường 5, Phú Nhuận. Diện tích: 34m2 (3.5 x 9m) + sân nhỏ bên hông ~8m2, công nhận đủ. Kết cấu: Trệt + 3 lầu + sân thượng, tổng 5 phòng ngủ, 4 WC, có phòng kho. Nhà thiết kế thoáng, phòng nào cũng có cửa sổ đón nắng gió. Tặng full nội thất cao cấp, dọn vào ở ngay. Tiện ích xung quanh đầy đủ: gần trường học, chợ, bệnh viện, ra sân bay nhanh. Giá bán: 6tỷ950 (thương lượng). Lh : E.Hồng để được hỗ trợ Thông tin Thực _ Hình ảnh Thực",6950000000,35.0,Hồ Chí Minh,Nhà,2026-02-07T10:42:16.957000,RENT_HIGH_CONFIDENCE,explicit_rent_or_monthly_title_no_sale_opening,shard_0008.parquet,201872
95m2 - mặt tiền 5.5m - 29.5tỷ - 11 căn hộ cao cấp full nội thất - 7T thang máy - ở kết hợp cho thuê,"7 tầng thang máy - ngõ thông rộng kinh doanh - kinh doanh văn phòng - 11 căn hộ siêu cao cấp - vừa ở vừa kết hợp cho thuê - 60m ra mặt Võng Thị - sổ hoa hậu. 95m2 x 7T thang máy / MT: 5.5m. Giá chào: 29.5 tỷ (có thương lượng). - Chủ thiết kế, 6 tầng 1 hầm. - Tầng 1: Để xe. - T2,3,4,5,6,7: 11 phòng siêu rộng, ở hoặc kinh doanh văn phòng. Sổ đỏ vuông đẹp chính chủ. LH: [phone_number] Trang Phạm.",29500000000,95.0,Hà Nội,Nhà,2025-08-21T07:51:54.299000,RENT_HIGH_CONFIDENCE,explicit_rent_or_monthly_title_no_sale_opening,shard_0002.parquet,177108
"Tòa chung cư mini từ liêm 8 tầng thang máy 11P khép kín - Vinsmart City - Giá 11,8 tỷ - 50tr/tháng","Tòa chung cư mini 8 tầng thang máy 11p khép kín - sổ đẹp vuông A4 - oto nhỏ vào hàng xóm Vin Smart City - giá 11,8 tỷ - dòng tiền 50tr. - Dịch vụ tiện ích đầy đủ, gần trường học, khu đại đô thị Vin Smart City nhu cầu thuê cao... - Gần nhà hiện đang mở đường chạy thẳng ra Mỹ Đình tiềm năng tăng giá cao. * + * Thiết kế: + Tầng 1: Khu để xe. + Tầng 2 - 6: 10 phòng khép kín. + Tầng 7: 1P rộng (1K1N). + Tầng 8: Tum thang máy. + Sân phơi, bàn trà. Sổ đỏ chính chủ vuông a4 đẹp, sẵn sàng giao dịch. Lh:",11800000000,50.0,Hà Nội,Nhà,2025-12-26T16:09:50.324000,RENT_HIGH_CONFIDENCE,explicit_rent_or_monthly_title_no_sale_opening,shard_0006.parquet,287383
"Căn hộ giá tốt trả trước 20% nhận nhà, góp 9tr/tháng, 0% lãi suất","Bạn đang tìm căn hộ để ở hoặc đầu tư với chính sách thanh toán nhẹ nhàng? Cơ hội sở hữu căn hộ giá tốt tại khu Đông Sài Gòn, chỉ cần: Thanh toán 20% nhận nhà ngay. Trả góp chỉ từ 9TR/tháng. Hỗ trợ 0% lãi suất. Căn hộ đa dạng lựa chọn: 2PN từ 2 tỷ. Tiện ích nội khu đầy đủ: Hồ bơi muối khoáng chuẩn resort, phòng xông hơi, spa, gym, TTTM, trường học, công viên xanh mát. Vị trí kết nối nhanh về trung tâm TP, dễ dàng di chuyển qua Phạm Văn Đồng Xa Lộ Hà Nội. Liên hệ ngay để xem nhà mẫu & nhận ưu đãi sớm nhất.",,56.0,Bình Dương,Căn hộ chung cư,2025-11-12T08:59:12.528000,RENT_HIGH_CONFIDENCE,explicit_rent_or_monthly_title_no_sale_opening,shard_0005.parquet,141154
"Bán căn 2PN 83m2 Sora Gardens kế Aeon TP mới tầng cao, cho thuê 14 triệu/tháng",Chính chủ . Cần tiền trong tháng ra nhanh căn hộ Sora Gardens 1 - TP Mới - Bình Dương: + Thiết kế 2PN 2WC 83m2. (view đẹp). + Vị trí ngay đường Hùng Vương kế bên Aeon TP Mới. + Full nội thất (IB để xem nội thất). + Hỗ trợ cho thuê với giá 14 triệu/tháng (chuyên gia nước ngoài thuê). + Giá 2.85 tỷ. Liên hệ xem nhà ngay .,2850000000,83.0,Bình Dương,Căn hộ chung cư,2026-01-05T20:50:36.268000,RENT_HIGH_CONFIDENCE,explicit_rent_or_monthly_title_no_sale_opening,shard_0007.parquet,235826
"Bán căn nhà MTKD Trần Não, Q2. Nhà 4 tầng - 5x20 - HĐT 48tr/tháng. Giá chỉ 29,9 tỷ còn thương lượng","Bán căn nhà MTKD Trần Não, Q2. Nhà 4 tầng - 5x20 - HĐT 48tr/tháng. Giá chỉ 29,9 tỷ còn thương lượng Cần bán căn nhà giá tốt nhất thị trường hiện tại MTKD đầu đường Trần Não, P.An Khánh, Tp.Thủ Đức ( Quận 2 cũ) DT: 4.8x20m Nhà 3 tầng + Sân thượng MTKD bậc nhất tại Quận 2 Pháp lý rõ ràng - Sang tên nhanh chóng Call [phone_number] ( Quốc Anh) Chuyên BĐS giá tốt tại Quận 2. Trân Trọng!!!",29900000000,91.0,Hồ Chí Minh,Nhà,2025-09-10T19:53:31.091000,RENT_HIGH_CONFIDENCE,explicit_rent_or_monthly_title_no_sale_opening,shard_0003.parquet,54815
"Sở hữu ngay lô đất ngay MT Bùi Công Trừng, DT 225m2 KD xây dựng trọ cho thuê 12tr/th","Sở hữu ngay lô đất ngay MT Bùi Công Trừng, DT 225m2 KD xây dựng cho thuê 12tr/th. - Vị trí: Nằm ngay MT đường Bùi Công Trừng Nhị Bình Hóc Môn. - DT 225m2. - Tiện ích xung quanh: + Cắp vách với trường võ văn thặng. + Gần chợ nhị bình. + Giao thông giao thương kd sầm uất, mặt tiền đường rộng 8m thuận tiện kinh doanh cho thuê. - Khu vực thuận tiện xây dựng (trọ, kho xưởng, bãi... ) buôn bán, đảm bảo nguồn tiền bán ra cho khách hàng. Liên hệ em tài coi đất và sổ",,225.0,Hồ Chí Minh,Đất,2025-10-08T09:55:54.936000,RENT_HIGH_CONFIDENCE,explicit_rent_or_monthly_title_no_sale_opening,shard_0004.parquet,332530
Nhà trương định 55m 5 tầng 8pn vừa ở vừa cho thuê gần ô tô giá 8.5 tỷ,"Nhà 5 tầng kiên cố, thiết kế hợp lý: Diện tích 55m² Công năng đầy đủ: 1 phòng khách rộng, 8 phòng ngủ, 1 phòng thờ, sân phơi thoáng mát Full nội thất cao cấp, chỉ việc xách vali về ở Vừa ở vừa cho thuê, dòng tiền ổn định hàng tháng Vị trí trung tâm Trương Định ngõ gần ô tô, đi lại thuận tiện, hạ tầng đồng bộ, tiện ích xung quanh đầy đủ. Sổ đỏ chính chủ, pháp lý chuẩn, sẵn sàng giao dịch. Giá chào: 8.5 tỷ (có thương lượng cho khách thiện chí). Liên hệ: Mr. Mạnh [phone_number] để xem nhà trực tiếp.",8500000000,55.0,Hà Nội,Nhà,2025-09-02T18:56:50.991000,RENT_HIGH_CONFIDENCE,explicit_rent_or_monthly_title_no_sale_opening,shard_0002.parquet,307744
"Nhà đẹp ngang 4.8m Đ. Mai Xuân Thưởng - Q6 75,8m2. Cắt đường Lê Quang Sung. Cho thuê 25tr","Vị trí. Nằm ngay đoạn cắt với đường Lê Quang Sung, cách trường Võ Văn Tần 3 phút di chuyển, cách chợ Bình Tây 2 Phút đi xe máy. Nhà cho thuê 25 triệu tháng. ======= Diện tích nhà 75,8m2 (ngang 4,8m x dài 15,7m). Nhà xây dựng 1 Trệt - 2 Lầu - có sân thượng. (nhà có 3 phòng ngủ - 4 toilet). Có chỗ đậu ô tô cực kì tiện. Nhà đẹp xây dựng kiên cố bê tông cốt thép. Nhà có hỗ trợ vay ngân hàng 80%. Gọi gấp e Chang [phone_number] e dẫn mình đi coi nhà.",,75.8,Hồ Chí Minh,Nhà,2025-08-19T04:26:39.877000,RENT_HIGH_CONFIDENCE,explicit_rent_or_monthly_title_no_sale_opening,shard_0001.parquet,348873
"Lô Góc Mặt Tiền P.10 Tân Bình Ngang 5,6m Chuẩn Xây Căn Hộ Dịch Vụ / Ở + Cho Thuê","Nếu anh/chị đang tìm đất nhà phố vị trí lõi Tân Bình, vừa ở vừa khai thác cho thuê lâu dài, căn này rất đáng xem. Thông tin chuẩn xác: + Vị trí: Phường 10, Quận Tân Bình + Lô góc 2 mặt thoáng, nhiều ánh sáng tự nhiên + Diện tích đất: 54m² (thực tế sử dụng ~84m²) + Ngang 5,6m ngang lớn, hiếm trong khu + Đường trước nhà lộ giới 12m, xe hơi tránh nhau thoải mái + Hiện trạng & tiềm năng: + Nhà cấp 4 (trệt lửng 3 lầu tum thang) + Tiện xây mới căn hộ dịch vụ / apartment / văn phòng công ty + Có thể làm 810 căn hộ cho thuê (tùy thiết kế) Kết nối khai thác thuê cực tốt: Di chuyển nhanh ra Ni Sư Huỳnh Liên Hồng Lạc Bùi Thế Mỹ Bán kính 1km nhiều trường đại học, nhu cầu thuê cao, ổn định quanh năm Phù hợp mô hình: ở 1 phần cho thuê phần còn lại Không cần mặt tiền lớn hàng chục mét. Với lô góc ngang 5,6m đường rộng gần trường, khả năng lấp phòng và giữ giá thuê bền hơn rất nhiều. Giá bán: 8,3 tỷ mức",8300000000,54.0,Hồ Chí Minh,Nhà,2026-02-02T14:49:44.551000,RENT_HIGH_CONFIDENCE,explicit_rent_or_monthly_title_no_sale_opening,shard_0008.parquet,150254
"Bán siêu lô góc 3 mặt đường lớn, có thể làm 6 kiot cho thuê, có nhà tầng xây sẵn","Diện tích: 371m2. Mặt tiền: 15m. Đường: 30m. Hướng: Đông Nam, Nam, Tây. Giá bán: 85,3 tỷ. Sổ đỏ chính chủ. Có thương lượng cho người mua thiện chí. Vị trí: Lô góc 3 mặt đường cực đẹp, ngay ngã 5 đẹp nhất đầu đường 379 Ecopark. Hiện tại tách làm 6 kiot cho thuê, 1 phần có nhà tầng kiên cố. Rất phù hợp làm tòa nhà văn phòng hoặc trụ sở công ty, hoặc đầu tư khai thác dòng tiền. + Liên hệ xem đất gọi ngay: Trần Đức Điển BĐS). + Bất động sản Trần Phú: Chuyên bất động sản vị trí đẹp với giá tốt hàng đầu Long Biên, Gia Lâm. + Miễn phí môi giới, hỗ trợ thủ tục pháp lý, hỗ trợ vay vốn ngân hàng lãi suất thấp chỉ 6,5%/năm.",85300000000,371.0,Hà Nội,Đất,2025-06-23T18:46:28.567000,RENT_HIGH_CONFIDENCE,explicit_rent_or_monthly_title_no_sale_opening,shard_0000.parquet,182549
"Chánh Phú Hòa mặt tiền nhựa to DT 535m2 có 100m TC xây xưởng cho thuê, hoặc xây trọ giá chỉ 2,xx tỷ","Gấp lô Chánh Phú Hòa mặt tiền nhựa 10x53x60m TC gần DH605 thích hợp kinh doanh phòng trọ hoặc kho nho nhỏ rất ok, mặt tiền xe cont quay đầu được, thông, điện ngay đất, khu này xưởng nhiều, rất cần ra gấp LH [phone_number] zalo.",2400000000,530.0,Bình Dương,Đất,2025-10-17T05:25:02.170000,RENT_HIGH_CONFIDENCE,explicit_rent_or_monthly_title_no_sale_opening,shard_0004.parquet,117682
3 suất ngoại giao giá tốt nhất biệt thự khoáng nóng Tokyu Retreat cam kết thuê lại 40 - 70tr/ tháng,"Tên dự án: Wyndham Lynn Times Thanh Thủy. Vị trí dự án: Xã Bảo Yên, huyện Thanh Thủy, tỉnh Phú Thọ cách Hà Nội 1h lái xe. Chủ đầu tư: Tập đoàn Onsen Fuji. Tổng thầu thi công: GDC Group. Đơn vị quản lý: Wyndham Hotels Group. Quy mô dự án: Chia làm 2 giai đoạn: - Giai đoạn 1: 245 căn liền kề thương mại đã đi vào khai thác và Tổ hợp khách sạn khoáng nóng 5 sao 2242 căn Condotel đã đi vào hoạt động từ tháng 4/2023. - Giai đoạn 2: Làng quý tộc chuẩn Nhật 238 căn biệt thự đẳng cấp. - Mật độ xây dựng: 39,88%. Phân khu Tokyu Retreat. Tokyu Retreat - Biệt thự khoáng nóng tự nhiên. Toạ lạc trên tâm mạch lõi khoáng nóng tự nhiên đắt giá bậc nhất miền Bắc, khởi phát từ vùng đất Tổ của nước Đại Việt giàu bản sắc văn hoá. Điểm đến duy nhất tại Việt Nam sở hữu khoáng nóng tự nhiên riêng biệt, được cấp dẫn trực tiếp từ mạch khoáng Radon Thanh Thủy. Quy mô dự án: 9.6ha. Biệt thự khoáng nóng: 238 căn. Sho",10000000000,132.0,Phú Thọ,Biệt thự/Nhà liền kề,2025-12-08T13:37:49.621000,RENT_HIGH_CONFIDENCE,explicit_rent_or_monthly_title_no_sale_opening,shard_0006.parquet,208345
"Bán căn shophouse 4 tầng 1200m2, đang có HĐ thuê 1 tỷ/tháng, 450 tỷ","Có căn Shop góc 2 mặt tiền. DT Tim Tường: 1200 m2. Tầng 1: 242.66m. Tầng 2: 283.55m. Tầng 3: 283.55m. Tầng 4: 248.9m. Hiện trạng: Bàn giao thô, trang bị Thang máy, toilet, máy lạnh tất cả các tầng. Liên hệ em Khuyên dắt đi xem ạ.",450000000000,1200.0,Hồ Chí Minh,Shophouse,2025-10-11T15:33:15.442000,RENT_HIGH_CONFIDENCE,explicit_rent_or_monthly_title_no_sale_opening,shard_0004.parquet,272759
"SỐC CCMN 14,5 tỷ, 56m 5T, có 9p cho thuê ~60tr/ tháng chỉ 14 tỷ hơn tý , rẻ nhất CG","Nhanh tay sở hữu nhà riêng tại Phường Cầu Giấy, Hà Nội với mức giá hấp dẫn 14,5 tỷ VND. Nhà có diện tích 56 m2, gồm 5 tầng, 9 phòng ngủ, 9 phòng tắm, và nội thất đầy đủ. + 5 tầng, thiết kế hiện đại, không gian rộng rãi. + 9 phòng ngủ, phù hợp cho gia đình lớn hoặc cho thuê Full phòng + Mặt tiền rộng 5m, thuận lợi kinh doanh. + Pháp lý đầy đủ, sổ đỏ cc Điểm nhấn: Mặt tiền rộng, lý tưởng cho các hoạt động kinh doanh, pháp lý đầy đủ, tạo sự tin tưởng cho khách hàng. Cách trường học khoảng 1km, gần các chợ và siêu thị như Winmart và Pico, thuận tiện cho sinh hoạt hàng ngày. Công viên Nghĩa Đô và Cầu Giấy cũng chỉ cách 2km, lý tưởng cho những phút thư giãn. Liên hệ O963319192",14300000000,56.0,Hà Nội,Nhà,2026-03-25T09:40:17.092000,RENT_HIGH_CONFIDENCE,explicit_rent_or_monthly_title_no_sale_opening,shard_0009.parquet,117922
"VỊ TRÍ VÀNG - Mặt tiền đường Song Hành - An Phú - Q2, DT: 15 x 20m, 4 tầng, Cho thuê 300tr/tháng","Bán mặt tiền đường Song Hành - Phường An Phú - Quận 2. - Diện tích: Ngang 15m x dài 20m - công nhận: 300m2. - Hiện đang cho thuê doanh thu: 300 triệu/ tháng. - Pháp lý: Sổ hồng chính chủ - Vị trí: Tọa lạc trên tuyến đường thương hiệu bậc nhất Quận 2 - Sầm uất, kinh doanh tập trung tất cả các thương hiệu lớn. Cách cầu Sài Gòn 300m - Di chuyển sang Quận 1 chưa tới 10 phút. - Thích hợp: Mua đầu tư - giữ tiền khi thác doanh thu cao. Tính thanh khoản tốt. * Liên hệ: [phone_number] - Huy Nam. * Ngoài ra tôi còn nắm giữ nhiều sản phẩm khác mặt tiền khu vực Tp Thủ Đức. * BIDV hỗ trợ vay 70 - 80% giá trị mua bán (ls ưu đãi 6%). * Phân tích miễn phí về đặc điểm khu vực, pháp lý, quy hoạch, biến động giá cả, tình hình thị trường. * Nhận mua bán, ký gửi, cho thuê BĐS khu vực Thành Phố Thủ Đức.",,300.0,Hồ Chí Minh,Nhà,2025-09-18T05:02:42.245000,RENT_HIGH_CONFIDENCE,explicit_rent_or_monthly_title_no_sale_opening,shard_0002.parquet,318982
"Hàng hiếm tiềm năng tại Bến Cát Bình Dương 200m2 sát khu công nghiệp việt hương 2, cho thuê 8tr/ th","Đất tại xã An Tây, Bến Cát, Bình Dương. + Diện tích: 200m2. + Giá: TL. + Pháp lý đầy đủ, sổ hồng riêng sang tên công chứng ngay. + Khu vực dân cư đông đúc, thuận lợi cho việc xây dựng nhà ở hoặc cho thuê. Nằm trong khu vực phát triển, đất có tiềm năng sinh lời cao cho các nhà đầu tư. Pháp lý rõ ràng, đảm bảo quyền lợi cho người mua. Gần các tiện ích như gần trường học, gần chợ/siêu thị, có công viên, tạo điều kiện thuận lợi cho cuộc sống hàng ngày. Liên hệ để biết thêm chi tiết: Ngọc Linh Chi [phone_number]miễn môi giới).",,200.0,Bình Dương,Đất,2025-08-17T10:40:11.012000,RENT_HIGH_CONFIDENCE,explicit_rent_or_monthly_title_no_sale_opening,shard_0002.parquet,171277
Bán căn 4 tầng x 75m2 mặt chính 254 Văn Cao. Đang sẵn HĐ thuê 28tr/tháng. Giá 11.5 tỷ,Mặt chính ngõ 254 Văn Cao. Nhà 4 tầng đang HĐ thuê 28tr/tháng. - Diện tích: 75m2. Mặt tiền 5m. Hướng ĐTT. - Giá: 11.5 tỷ (thoả thuận). LH:,11500000000,75.0,Hải Phòng,Nhà,2025-09-27T14:25:41.602000,RENT_HIGH_CONFIDENCE,explicit_rent_or_monthly_title_no_sale_opening,shard_0003.parquet,223044
Nhà 4 tầng Hiệp Bình Phước đường rộng 10m - 8.4 tỷ - cho thuê 20tr/ tháng,"CG HIỆP BÌNH PHƯỚC - 4 TẦNG - ĐƯỜNG RỘNG 10M Diện tích : Dài 16m , Rộng 4m , tổng 65m2 , diện tích sàn 187,6m2 5PN khép kín - 4 tầng cực đẹp ( đang có hợp đồng cho thuê dài hạn) , tầng thượng thoáng mát có thể dùng không gian sinh hoạt ngoài trời , nướng đồ ăn , trồng rau , tập thể dục ... Vị trí : Quốc Lộ 13 HBP , Thủ Đức , nằm sát cách Khu Đô Thị Vạn Phúc 2km , gần chợ đầu mối Thủ Đức , di chuyển thuận lợi lên sân bay 20p. Phù hợp cho anh chị nào muốn đầu tư không lo mất giá về sau , và mỗi tháng có tiền từ KDDV , hoặc cải tạo xíu lại để làm nhà ở , vừa ở vừa làm VP công ty . Giá cực đẹp chỉ 8,4tỷ ( có thương lượng) Liên hệ",8400000000,65.0,Hồ Chí Minh,Nhà,2025-11-07T12:21:56.355000,RENT_HIGH_CONFIDENCE,explicit_rent_or_monthly_title_no_sale_opening,shard_0005.parquet,82754
"Khu VIP Nam Kỳ Khởi Nghĩa, Quận 3 - DT: 8x15m, vuông vức (HĐT 50 triệu/tháng) Chỉ 33 tỷ TL","Vị trí vàng, ngay trung tâm thành phố - Khu an ninh, yên tĩnh. + Hẻm 8m thông thoáng, thẳng một trục tới nhà. + Diện tích: 8 x 15m, vuông vức, không lỗi phong thủy. + Hiện trạng: 3 tầng, đang cho thuê 50 triệu/tháng. + Pháp lý: Chuẩn, sổ hồng chính chủ, chưa qua đầu tư. + Giá: 33 tỷ bớt ít. * Liên hệ ngay để xem nhà thực tế và tư vấn pháp lý. - Vũ Khoa - . Hotline: Zalo | Viber | Whatsapp). Kho hàng hơn 10.000 sản phẩm (phân khúc 10 - 1000 tỷ).",33000000000,120.0,Hồ Chí Minh,Nhà,2026-03-20T08:46:10.910000,RENT_HIGH_CONFIDENCE,explicit_rent_or_monthly_title_no_sale_opening,shard_0009.parquet,322384
"Căn hộ được chuyên gia ở nhiều tại An Phú, Thuận An. Trả trước 777 triệu. Thanh toán 6 triệu/tháng","*** Tòa nhà được thiết kế theo phong cách Châu Âu, Thoáng mát, Sang trọng với 39 tiện ích đẳng cấp, chất lượng. Cách khu công nghiệp Vsip I (5km) và rất nhiều Công ty, KCN lận cận khác thuận lợi cho chuyên gia sinh sống và làm việc. *** Khi khách hàng mua trước 31/12/2025 sẽ giữ nguyên giá tốt cùng chính sách bán hàng đặc biệt: - Trả trước 777 triệu đồng (30% GTCH) sở hữu ngay căn 2PN + 2WC - Thanh toán 6 triệu/Tháng và thanh toán giãn đến khi nhận nhà - Khi nào nhận nhà thanh toán phần còn lại - Miễn 2 năm phí quản lý từ đơn vị Savills - Tặng 30 triệu khi đặt cọc thành công - Ưu đãi 3% dành riêng cho khách hàng chọn phương thức thanh toán giãn này - Cam kết hỗ trợ cho thuê *** Chi tiết thông tin dự án A&K Tower, xin liên hệ qua số hotline bên dưới để chọn được đúng mã căn đẹp từ chủ đầu tư OBC Holdings: Hotline:",2600000000,65.0,Bình Dương,Căn hộ chung cư,2025-12-10T15:04:57.012000,RENT_HIGH_CONFIDENCE,explicit_rent_or_monthly_title_no_sale_opening,shard_0007.parquet,67635
"Bán & cho thuê căn hộ sky garden 1 phú mỹ hưng, quận 7. em hạnh [phone_number]","Căn hộ: SKY GARDEN 1 PHÚ MỸ HƯNG, QUẬN 7 (căn góc thoáng mát) Diện tích: 91m² Thiết kế: 03 phòng ngủ 02 WC View thoáng mát và nhiều ánh sáng, đặc biệt không bị che chắn bởi block khác. Block đầu, ngay cổng ô tô vị trí cực đẹp Nội thất & tiện ích nổi bật: Decor mới 100%, full nội thất cao cấp chưa qua sử dụng Nội thất An Cường chuẩn: MDF lõi xanh SC, tủ bếp Acrylic No line, Picomat chống nước Phụ kiện inox 304 cao cấp, bếp hút mùi máy rửa chén lò nướng đầy đủ Hệ thống đèn Panasonic 3 màu, công tắc & ổ cắm Panasonic Tivi Toshiba 75 inch, máy lạnh Toshiba, Tủ lạnh side by side Panasonic,... Điện nước đi mới toàn bộ, thi công chỉnh chu tỉ mỉ Căn hộ được chăm chút kỹ lưỡng từng chi tiết nhỏ Giá bán: 6.99 tỷ Giá thuê: 37 triệu/tháng Liên hệ ngay để biết thêm chi tiết: Em Hạnh 0918 785 ***",7000000000,91.0,Hồ Chí Minh,Căn hộ chung cư,2025-10-10T05:20:08.744000,RENT_HIGH_CONFIDENCE,explicit_rent_or_monthly_title_no_sale_opening,shard_0004.parquet,5431
B.A'N NH.AGÓC 2 MẶT TIỀN - 3 TẦNG BTCT - HẺM 8M THÔNG - 5X12 - 8PN CHO THUÊ- Ông Ích Khiêm 5,"B.A'N NH.AGÓC 2 MẶT TIỀN - 3 TẦNG BTCT - HẺM 8M THÔNG - 5X12 - 8PN CHO THUÊ- Ông Ích Khiêm 5 x 12 9.2 tỉ Mô tả: + Kết cấu 3 tầng, 8P cho thuê, chủ bao hoàn công. + Trung tâm Q11, sát Đầm Sen, Tiện ích xung quanh đầy đủ. Lh:",9200000000,60.0,Hồ Chí Minh,Nhà,2026-02-12T08:09:36.359000,RENT_HIGH_CONFIDENCE,explicit_rent_or_monthly_title_no_sale_opening,shard_0008.parquet,125896
Tt 10% nhận nhà cho thuê. chiết khấu 11%. miễn lãi 12 tháng. giỏ hàng 30 căn trực tiếp cđt lê phong,"Chỉ 10% nhận nhà ngay . CĐT Lê Phong mở bán 200 căn cuối cùng . Nhà Sẵn bàn giao full NT CB THE EMERALD GOLF VIEW SẢN PHẨM ĐẦU TƯ & CHO THUÊ SINH LỜI ỔN ĐỊNH Vị trí trung tâm : mặt tiền quốc lộ 13, đối diện Vsip1, aeon Mall, BV Becamex Đặc biệt cho thuê F&B siêu hot Giá vào thấp Khả năng tăng giá cao Khai thác cho thuê tốt Chỉ còn 200 căn cuối CĐT lê Phong mới mở bán số lượng cực kỳ giới hạn! *Giá bán hấp dẫn: Chỉ từ 46tr/m² - Chính sách vay ngân hàng - Thanh Toán nhanh - Thanh toán chuẩn 10% nhận nhà - giãn 18 tháng *Hỗ trợ vay ngân hàng tối đa 70% Miễn lãi 12 tháng , ân hạn gốc 36 tháng. Áp lực tài chính thấp, dòng tiền đều Pháp lý chuẩn thanh khoản nhanh Sổ hồng riêng từng căn Công chứng sang tên ngay Dễ mua dễ bán dễ xoay vòng vốn The Emerald Golf View sản phẩm hiếm cho nhà đầu tư thông minh Vừa giữ tiền vừa tạo dòng tiền vừa gia tăng giá trị tài sản Liên hê em Sự chuyên các BĐS Lê P",0,70.0,Bình Dương,Căn hộ chung cư,2026-03-28T11:20:25.113000,RENT_HIGH_CONFIDENCE,explicit_rent_or_monthly_title_no_sale_opening,shard_0009.parquet,55808
Bán MT 456 Lê Văn Sỹ Q.TB - 8x25m - 3 Tầng - HĐT 200tr/tháng !!,"Bán MT 456 Lê Văn Sỹ , Quận Tân Bình - Kích thước ngang 8m dài 25m - Xây dựng 1 trệt & 2 lầu - Đang cho thuê dài hạn 200tr/tháng - Giá bán 45 tỷ Xem nhà vào giờ hành chính xin cảm ơn.",45000000000,200.0,Hồ Chí Minh,Nhà,2025-06-04T05:20:34.561000,RENT_HIGH_CONFIDENCE,explicit_rent_or_monthly_title_no_sale_opening,shard_0000.parquet,46051
"Chdv kết hợp ở 20m ra phố, 2 thoáng, trung kính, trần duy hưng, cầu giấy, vị trí đắc địa cho thuê","CHDV CAO CẤP 6 TẦNG - NGÕ Ô TÔ VF3 ĐI THOẢI MÁI - 2 MẶT THOÁNG - 9 PHÒNG STUDIO - NGAY CẠNH UBND PHƯỜNG & SÂN THỂ THAO- SỔ ĐỎ CHÍNH CHỦ SẴN SÀNG GIAO DỊCH Tọa lạc trên ngõ kinh doanh sầm uất, đường Trung Kính, Trần Duy Hưng, Quận Cầu Giấy, xung quanh nhiều CHDV, CCMN đã trở thành tựu điểm cho thuê phòng, nhiều sinh viên, người đi làm tự tìm đến, khu vực luôn cháy phòng cho thuê. Ngõ rộng, ô tô VF3 đi lại thoải mái, cách mặt phố chính chỉ 20m - vừa yên tĩnh vừa tiện kinh doanh. Cực kỳ hiếm: Nhà 2 mặt thoáng (trước & bên hông), view nhìn ra sân vui chơi, cây xanh, không khí lúc nào cũng thoáng đãng. Chỉ vài phút phút đi bộ ra hồ Trung Kính - không gian xanh lý tưởng để thư giãn. Gần chợ, siêu thị, trung tâm thương mại, ngân hàng, trường học... đáp ứng mọi nhu cầu sống. Kết nối giao thông thuận tiện đến các quận trung tâm khác. An ninh tuyệt đối: Nằm ngay cạnh UBND Phường Trung Hòa và sân t",24000000000,65.0,Hà Nội,Nhà,2025-10-18T04:59:41,RENT_HIGH_CONFIDENCE,explicit_rent_or_monthly_title_no_sale_opening,shard_0004.parquet,148166
"Bán CC mini, 114m2, 35,9 tỷ, ở Thụy Phương, Bắc Từ Liêm, dòng tiền 150tr/tháng","Chung cư mini siêu chất ở Thụy Phương, Bắc Từ Liêm, Hà Nội, với diện tích 114m2 và giá cực hấp dẫn 35,9 tỷ VND. Full nội thất, ô tô tránh, đường rộng, 3 mặt thoáng sáng, gần hồ điều hòa. Pháp lý đầy đủ, sổ đỏ đẹp. 33PN và 34WC, hướng cửa chính Đông Nam, ban công Đông Bắc. + Full nội thất. + Ô tô tránh, đường rộng. + 3 mặt thoáng sáng. + Gần hồ điều hòa. Địa điểm tiện ích xung quanh: + Winmart. + Tata English - Tài chính. + Bệnh viện Nam Thăng Long. + Bệnh viện Đa khoa Phạm Ngọc Thạch. + Bệnh viện Nam Thăng Long. Liên hệ ngay để được tư vấn miễn phí! Triệu Mùi [phone_number]",35900000000,114.0,Hà Nội,Nhà,2025-12-30T13:26:44.627000,AMBIGUOUS,insufficient_primary_intent_in_title,shard_0006.parquet,156186
"722m2 (15,5x45) đất đẹp có 500m2 thổ cư , liền kề Emeraid68 & Symlife, cách QL13 200m ~20tr/m2","Đất thổ cư vuông vức phù hợp xây biệt thự, nhà vườn, văn phòng cty, kho/bãi, kinh doanh đa ngành nghề + Diện tích: 722m2 (15,5x45) 500m2 thổ cư rộng rãi xây dựng nhà vườn đẹp hoặc đầu tư lâu dài + Pháp lý: Sổ hồng riêng, công chứng sang tên được ngay. + Đất đẹp vuông vức thông thẳng ra QL13 và bờ sông SG. + Giá bán ~20 triệu/m2 (vẫn còn thương lượng). + Hỗ trợ vay ngân hàng. Vị trí đẹp di chuyển các quận trung tâm SG Q1, Q3 và Bình Thạnh, sân bay Tây Sơn Nhất chỉ 15 đi xe. + Tiện ích đầy đủ: Trường học, bệnh viện, chợ và TTTM sát bên. liền kề Emeraid68 & Symlife + Môi trường sống lý tưởng, các đại gia mua nghỉ dưỡng nhiều. LH SĐT or Zalo (E Phương ) để được tư vấn và xem thực tế đất.",15000000000,722.0,Bình Dương,Đất,2026-03-25T14:30:41.008000,AMBIGUOUS,insufficient_primary_intent_in_title,shard_0009.parquet,17690
"Bán BT siêu hot tại Eurowindow Twin Parks, 35 tỷ, diện tích: 193m2/MT: 10,5m/ 4 tầng, Gia Lâm, HN","Căn BT cực chất tại Eurowindow Twin Parks, Thị trấn Trâu Quỳ, Gia Lâm, Hà Nội đang chờ đón chủ mới. Với diện tích 193m2 và thiết kế 4 tầng, căn nhà này sẽ là nơi lý tưởng cho những ai yêu thích không gian sống thoải mái, hiện đại. - Hướng cửa chính: Đông Nam, đón gió mát lành quanh năm. - Mặt tiền rộng 11m, phù hợp cho cả việc kinh doanh nếu cần. - Ngõ trước rộng 16m, ô tô vào thoải mái. - Phong thủy cực tốt, hứa hẹn mang lại tài lộc cho gia chủ. Giá bán: 35 tỷ VND. Nơi đây không chỉ là một căn nhà, mà còn là một phong cách sống đầy tiện nghi và hiện đại. Gần trường học, chợ và bệnh viện, tiện cho việc sinh hoạt hàng ngày. - Khu đô thị được bao quanh là 2 hồ điều hòa cùng công viên, cây xanh. Dự án tiện ích đầy đủ. Liên hệ ngay để biết thêm chi tiết: Nguyễn Đức Sơn [phone_number]",35000000000,193.0,Hà Nội,Biệt thự/Nhà liền kề,2026-02-14T21:00:08.180000,AMBIGUOUS,insufficient_primary_intent_in_title,shard_0008.parquet,241257
"Chủ bán 137m2/1t450 có 60m2 thổ cư đất ngay đường lê hồng phong, cách ql13 5p, đường bê tông 5m","CHỦ BÁN 137M2/1T450 CÓ 60M2 THỔ CƯ ĐẤT NGAY ĐƯỜNG LÊ HỒNG PHONG, CÁCH QL13 5P, ĐƯỜNG BÊ TÔNG 5M Vị trí: bên hông trường Phú Thọ, cách Lê Hồng Phong chỉ vài mét DT 137m2 có 60m thổ cư Đường bê tông trước đất 5m, xe hơi ra vào thoải mái, đất dân xây dựng tự do, mua tăng dòng vốn có lời LH [phone_number] em Tài tư vấn",1450000000,137.0,Bình Dương,Đất,2025-06-12T18:57:21.581000,AMBIGUOUS,insufficient_primary_intent_in_title,shard_0000.parquet,218189
"Láng Hạ - Ba Đình - nhà đẹp 42m - 6 tầng - MT 5m - 15m oto, 35m ra phố Láng Hạ giá có 9.55 tỷ","15m ra ô tô, 35m ra phố, ngõ 3,5-4m. Nhà dân xây còn mới đẹp, ở luôn. Nội thất gỗ cao cấp. Trường, chợ quanh nhà, gần Ks Fortuna, Vincom Gallery, TT chiếu phim Quốc Gia tiện ích bạt ngàn. - T1: Sân xe, khách, bếp, wc. - T2,3,4: Ba ngủ khép kín. - T5: Phòng thờ, phòng giặt. - T6: Sân phơi rộng. Sổ chính chủ. LH: Em Trang Nhà Phố).",9550000000,42.0,Hà Nội,Nhà,2025-08-12T11:40:59.059000,AMBIGUOUS,insufficient_primary_intent_in_title,shard_0002.parquet,183712
"Benhill Thuận An - 2pn 1wc chỉ với 2 tỷ, giá siêu hời tại TP Hồ Chí Minh","Sở hữu căn hộ cao cấp ngay trung tâm TP. Thuận An chỉ từ 2 tỷ/căn 2pn nhận nhà cuối năm! Benhill Thuận An dự án căn hộ cao cấp tọa lạc tại vị trí vàng ngay trung tâm Phường Thuận Giao, liền kề TP. HCM, dễ dàng kết nối đến các khu vực trọng điểm: Chỉ 5 10 phút đến KCN VSIP, Việt Hương, Aeon Mall, Lotte Mart. Giao thông thuận lợi qua QL13, Mỹ Phước Tân Vạn, dễ dàng di chuyển về sân bay Tân Sơn Nhất, TP. HCM và Dĩ An. Quy mô hiện đại, thiết kế đột phá: 2 block cao 24 tầng Gần 841 căn hộ tối ưu thông thoáng, ban công rộng, view đẹp. Thiết kế hình chữ S độc đáo, đón gió và ánh sáng tự nhiên suốt ngày. Hệ sinh thái tiện ích nội khu đẳng cấp: Hồ bơi tràn, công viên nội khu, trung tâm thương mại, shophouse, gym, spa, khu vui chơi trẻ em. Trường mầm non tích hợp tại tầng 1 & 2 (~818 m). 5 tầng cây xanh trải đều từ thấp lên cao Kiến tạo không gian sống chuẩn nghỉ dưỡng. Chính sách thanh toán siêu ",2000000000,59.0,Bình Dương,Căn hộ chung cư,2025-08-07T15:51:17.643000,AMBIGUOUS,insufficient_primary_intent_in_title,shard_0002.parquet,45744
"Nhà phố Phước Đông New City Trảng Bàng chỉ 1,2 tỷ sổ sẵn, nhà sẵn TT 360tr nhận nhà, LH [phone_number]","Nhà phố Phước Đông New City Trảng Bàng, Tây Ninh cả nhà và đất chỉ 1,2 tỷ/ căn nhưng nhu cầu cho thuê cao từ 6 - 12tr/th. Thanh toán 360tr nhận nhà, ngân hàng hỗ trợ vay 70 - 80% lãi suất ưu đãi. Dự án nhà phố Phước Đông New City giá tuyệt chủng nhưng tiên phong về pháp lý: Nhà xây sẵn, sổ sẵn đủ điều kiện bán hàng không sợ rủi ro pháp lý, đặc biệt sử dụng riêng và sở hữu lâu dài. Diện tích đất: 64m2 (4x16m). Có các loại nhà như sau: 1 trệt 1 lửng giá 1,2 tỷ. 1 trệt 1 lầu giá 1,6 tỷ. 1 trệt 2 lầu giá 2 tỷ. Bàn giao nhà hoàn thiện bên ngoài, thô bên trong. Dân cư hiện hữu, gần trường mầm non, siệu thị, chợ, trường học.. Chính sách booking 0 đồng (tương đương ck 30tr ngày mở bán) ngày 21/06 kết thúc. CĐT: Công ty cổ phần đầu tư Sài Gòn VRG. Vị trí: Dự án nhà phố Phước Đông New City với 247hecta tọa lạc ngay trong lòng khu đô thị - Dịch vụ thuộc khu liên hợp Công nghiệp - Đô Thị - Dịch Vụ P",1200000000,65.0,Tây Ninh,Shophouse,2025-06-20T04:35:47.395000,AMBIGUOUS,insufficient_primary_intent_in_title,shard_0000.parquet,42794
Chủ gấp - hẻm 688// Hương Lộ 2 - 4 tầng 52m2(4x12.5) - hẻm 6m thông - chỉ 5.8 tỉ tl,"Chủ gấp - hẻm 688// Hương Lộ 2 - 4 tầng 52m2(4x12.5) - hẻm 6m thông - chỉ 5.8 tỉ tl. Kết cấu: 1 trệt, 2 lầu, sân thượng, gồm 4PN, 3WC, 1 phòng thờ, 1 phòng khách, 1 bếp rộng. Gần Mã Lò, Tên Lửa, Lê Văn Quới, Bình Trị Đông. Thuận lợi lưu thông về Tân Phú - Q6 - Q11, gần bệnh viện Bình Tân, 10 phút ra Aeon Mall Bình Tân. Sổ hồng riêng, hoàn công đủ, công chứng sang tên ngay Hậu hỗ trợ xem nhà và TL chính chủ.",5800000000,50.0,Hồ Chí Minh,Nhà,2025-11-04T15:24:36.364000,AMBIGUOUS,insufficient_primary_intent_in_title,shard_0005.parquet,139229
"Siêu phẩm MT khu Nguyễn Thị Minh Khai, 4 tầng, DT 7.6x21m, giá 55 tỷ","MT khan hiếm Nguyễn Thị Minh Khai, Quận 3. - Diện tích: 7.60 x 21m. - Hiện trạng: 4 tầng. - Tiện xây mới hầm 7 tầng. - Tuyến đường thương hiệu đẹp nhất Quận 3. - Giá bán: 55 tỷ TL.",55000000000,159.6,Hồ Chí Minh,Nhà,2025-08-18T00:14:09.454000,AMBIGUOUS,insufficient_primary_intent_in_title,shard_0002.parquet,83386
"Căn hộ cao cấp The Legend City view cầu Rồng, 72.5m2 giá đợt đầu từ CĐT trung tâm Sơn Trà, Đà Nẵng","Thông tin tổng quan. - Tổng diện tích khu đất: 11.487m². - Quy mô: 2 tòa tháp. - Tòa căn hộ: 7.658m². - Tòa thương mại dịch vụ: 3.829m². - 2 tòa cao 25 & 26 tầng và 3 tầng hầm. Tòa thương mại dịch vụ: - Cao 25 tầng. - Khối đế cao 5 tầng. - Hyde Hotel: Tầng 6 - 13, 222 căn, trong đó: 206 (standard), 15 căn suite 70m², 1 căn F - suite 140m². - Hyde Living: Tầng 14 - 23, 222 căn, trong đó: 148 căn studio, 30 căn 1PN, 36 căn 2PN 75m², 8 căn 3PN. Tòa căn hộ Branded Residences. - Cao 29 tầng. - Khối đế cao 4 tầng. - Tổng số lượng căn hộ: 800 căn. - Giá trần các loại phòng ngủ chưa chiết sau: + Loại 1 + 1 phòng ngủ: 88 căn, 2 mẫu diện tích 57,1 m² - 62,5 m² từ 6,6 tỷ Đến 7,3 tỷ. + Loại 2 phòng ngủ: 308 căn, 4 mẫu diện tích từ 72,5 m², 81,2m² Từ 8,4 tỷ Đến 9,4 tỷ. - Đơn vị quản lý vận hành Quốc tế 5 sao, chuyên về Branded Residences. Tiện ích nội khu 5 sao: Hồ bơi vô cực, sky bar, gym/spa/yoga r",,75.2,Đà Nẵng,Căn hộ chung cư,2025-12-09T14:35:19.515000,AMBIGUOUS,insufficient_primary_intent_in_title,shard_0007.parquet,153676
"Bán 60m2 Tiên Dương, Đông Anh, HN, 4 tỷ, vừa ở - KD, đường hai ô tô tránh, hàng hiếm","Nếu bạn tìm một mảnh đất để vừa ỏ và vừa kính doanh được đi lại thuận tiện, có vị trí tốt giá mền hơn 10 giá cùng khu vực thì đầy là một mảnh đất như vậy. Lô đất đẹp tại Cổ Dường Tiên Dương, Đông Anh, Hà Nội với diện tích lý tưởng 60m2. + Giá: 4 tỷ TL. Giá mền. + Pháp lý đầy đủ, sổ đỏ. + Mặt tiền rộng 5.2m, đường vào rộng 6m, thuận tiện cho việc xây dựng và kinh doanh. + Phong thủy tốt, hướng cửa chính Bắc. + Cách trung tầm cầu giấy hới 15 phút đi chuyển theo trục Nhật Tân. Di chuyển sang Vịn Cổ Loa, Sân bay Nội bài 7 phút. Nếu bạn tìm nơi con bạn học tập ỏ trường quốc tế từ mần non, cấp 1,2,3 mà chỉ cần đi bộ đế trường. Buổi sáng cho con ăn uống, đi bộ tới trường bạn thông dong đi làm thì đây Là mảnh đất phù hợp cho cả gia đình bạn. Liên hệ để biết thêm chi tiết: [phone_number] Đỗ Thành Cộng.",4000000000,60.0,Hà Nội,Đất,2026-03-05T17:07:53.273000,AMBIGUOUS,insufficient_primary_intent_in_title,shard_0009.parquet,324513
Trung tâm quận 6 tầng thang máy - ô tô - 10m ô tô tránh - full nội thất,"LH em Huế Trung tâm quận 6 tầng thang máy - ô tô - 10m ô tô tránh - full nội thất. Mô tả: Nhà đẹp 6 tầng thang máy full nội thất, khách mua về ở luôn. Tầng 1 phòng khách bếp. Tầng 2,3,4,5 mỗi tầng 1 phòng ngủ. Tầng 6 phòng thờ và sân phơi. WC từng tầng. Sổ đỏ chính chủ vuông đét phân lô.",9800000000,31.0,Hà Nội,Nhà,2025-06-24T09:02:09.930000,AMBIGUOUS,insufficient_primary_intent_in_title,shard_0000.parquet,99171
"Cơ hội vàng cho nhà đầu tư thông minh: Homestay Hội An dòng tiền ổn định, sinh lời ngay","Cơ hội vàng cho nhà đầu tư thông minh: Homestay dòng tiền ổn định, sinh lời ngay. Bạn đang tìm kiếm một kênh đầu tư bất động sản trung tâm phố cổ Hội An an toàn, hiệu quả và có thể sinh lời ngay lập tức? Đây chính là cơ hội không thể bỏ qua! Homestay được thiết kế độc đáo và hiện đại, đã có thu nhập ổn định trung bình 40 triệu đồng/tháng và đang hoạt động kinh doanh bình thường. Bạn sẽ tiếp quản một cơ sở kinh doanh ""vào là có tiền"" mà không phải tốn thời gian xây dựng hay quảng bá từ đầu. Thông tin chi tiết: Diện tích đất: 164.5m2. Tổng diện tích sàn: 230.4 m. Thiết kế linh hoạt: Tầng 1: 2 phòng ngủ + 1 bếp + 1 phòng tắm. Không gian rộng rãi, lý tưởng để mở nhà hàng hoặc quán cafe. Tầng 2: 3 phòng ngủ + 1 bếp + 1 phòng khách + 2 phòng tắm. Tầng 3: Phòng thờ và sân thượng thoáng đãng. Đặc biệt: Cầu thang ngoài trời giúp tách biệt các tầng, tạo điều kiện thuận lợi cho việc cho thuê độc lậ",,164.5,Quảng Nam,Nhà,2025-10-03T09:20:51.236000,AMBIGUOUS,insufficient_primary_intent_in_title,shard_0004.parquet,281004
"Đất bám hồ Tân Lạc, Hòa Bình với DT 5500m2 Pháp lý đầy đủ. Giá chỉ 2x tỷ","Đất bám hồ Tân Lạc, Hoà Bình. Diện tích thực tế đang sử dụng là 5500m2 Bây giờ luật pháp thay đổi. Phải cấp đổi lại sổ. Khi bên em tiến hành đo đạc cấp đổi sổ thì hiện trạng đất có phần nhiều là hành lang hồ. Sổ mới lấy ngày 10/10/2025. Hiện tại còn 1.089m trong đó có 400m thổ cư còn lại đất cây lâu năm. Diện tích bên ngoài còn lại mình được sử dụng bình thường ạ. Không tranh chấp với ai. Trường hợp mua bán mảnh đất này (đất ngoài sổ )có thể làm vi bằng để chứng minh ko tranh chấp và hợp pháp sở hữu bên em cho khách hàng yên tâm Giá bán 2x tỷ Chi tiết LH Phượng [phone_number]",,5500.0,Hòa Bình,Đất,2025-11-04T17:48:37.504000,AMBIGUOUS,insufficient_primary_intent_in_title,shard_0005.parquet,59076
"Bán căn 2 ngủ 75m chung cư Ecolife Tố Hữu, tầng trung full nội thất đẹp sẵn sổ, có slot giá 6.85 tỷ","Bán căn hộ chung cư Ecolife Tố Hữu. - Căn hộ tầng trung diện tích: 75m² thiết kế: 2 ngủ, 2 vệ sinh, cửa vào Tây Nam, ban công Đông Bắc nhìn xuống trường học, ban công thoáng mát view không bị chắn. - Nhà vuông vắn, thiết kế không gian phòng hợp lý nên người ở có cảm giác thoải mái, và ấm cúng. Tất cả các phòng đều có cửa sổ sáng tận dụng tối đa ánh sáng tự nhiên đón nắng đón gió từ mọi góc nhà, cung cấp luồng sinh khí tươi mát, trong lành, đầy hưng phấn và thoải mái nhất cho căn hộ. - Căn hộ đã sửa chữa đẹp, đầy đủ nội thất mới, hiện đại như: Giường tủ quần áo, sofa bàn trà, bàn ăn, điều hoà, tủ lạnh 2 cánh, máy giặt, tủ bếp + thiết bị bếp hiện đại, thiết bị vệ sinh, thiết bị chiếu sáng, khoá cửa thông minh. Cô chú anh chị chỉ việc dọn về ở thôi. - Pháp lý: Sổ đỏ lâu dài, giao dịch được luôn. - Có hỗ trợ vay Ngân hàng. - Giá bán: 6.85 tỷ (có thương lượng ) Liên hệ: em Hoàng Huy (SMS/Zalo",6850000000,75.0,Hà Nội,Căn hộ chung cư,2025-12-20T10:39:58.675000,AMBIGUOUS,insufficient_primary_intent_in_title,shard_0006.parquet,154242
"Chủ cần bán gấp nhà Thành Thái, P12, Q10. DT 75m2. Giá 2ty700tr cho thuê 20tr/th. SHR","Vị trí : Hẻm 58 Thành Thái, Phường 12, Quận 10, Hồ Chí Minh. Diện tích : 75m2 ( 5m x 15m ), hẻm xe hơi ra vào thoải mái. Kết cấu : 1 trệt, 2 lầu, phòng khách, bếp, 3 phòng ngủ, 4WC. Giá : 2 tỷ 700 triệu ( Còn thỏa thuận thương lượng ). Bán gấp ra sổ có thương lượng. Nhà đang cho thuê 20 triệu/tháng ( hợp đồng có thể ký tiếp). Nội thất đầy đủ, chủ nhà để lại toàn bộ nội thất cao cấp. Xung quanh đầy tiện ích, sầm uất nhưng an ninh, giá cho thuê rất được giá. Pháp lý: Sổ hồng riêng chính chủ, công chứng sang tên ngay trong ngày. Hỗ trợ khách vay ngân hàng (70% giá trị căn nhà). Liên hệ : [phone_number] ( Đức ) hỗ trợ trực tiếp.",2700000000,75.0,Hồ Chí Minh,Nhà,2025-06-25T04:48:12.902000,AMBIGUOUS,sale_title_conflicts_with_rent_offer,shard_0000.parquet,211115
"Bán BT siêu chất tại Phúc Xuân, Thái Nguyên, 30 tỷ, 250m2","Nằm ở Phúc Xuân, Thái Nguyên, căn biệt thự này là một cơ hội không thể bỏ lỡ cho những ai đang tìm kiếm một không gian sống đẳng cấp. Với diện tích 250m2, không gian rộng rãi này hứa hẹn mang đến sự thoải mái và tiện nghi cho mọi hoạt động gia đình. Căn biệt thự được thiết kế hiện đại, chú trọng đến phong thủy, giúp thu hút tài lộc và bình an cho gia chủ. Giá bán chỉ 30 tỷ VND, đây là một mức giá cực chất cho một tài sản như vậy. Hãy không ngần ngại, liên hệ ngay để được tư vấn miễn phí! Lộc Villas Flamingo tại",30000000000,250.0,Thái Nguyên,Biệt thự/Nhà liền kề,2025-11-12T16:43:18.105000,AMBIGUOUS,insufficient_primary_intent_in_title,shard_0005.parquet,289443
1 sẹc ngắn Lê Đức Thọ - nhà chính chủ 4.8 x 17 - 4 tấm - giảm 900tr chỉ còn 9 tỷ,"Chính chủ gửi - 1 sẹc ngắn Lê Đức Thọ - sát mặt tiền đường - Gò Vấp. - 4.8m x 17m, nhà đúc 4 tấm, chủ tự xây tâm huyết, có hệ thống thoát hiểm - PCCC. 4 phòng ngủ, sân thượng, phòng gym. - Giá cũ 9.9 tỷ, giá mới 9 tỷ (chủ bán nhanh). - Zalo Bảy Nguyễn).",9000000000,79.0,Hồ Chí Minh,Nhà,2025-08-19T13:57:14.196000,AMBIGUOUS,insufficient_primary_intent_in_title,shard_0002.parquet,90201
"Hàng F0 mới ra lò 58m2 đất Yên Nghĩa, cạnh đường Vành Đai 4, gần bến xe giá đầu tư hợp lí nhất khu","Hưởng tìm nhà - cam kết không tin ảo. 58m2 đất Do Lộ, Yên Nghĩa, hàng chuẩn xịn F0 chủ gửi bán. MT=MH=4m, hướng ĐN mát mẻ. Đường trước đất rộng 2.5m, cách bãi đỗ xe, ô tô quay đầu chỉ 20m. Phù hợp mua xây ở hoặc xây CCMN cho thuê dòng tiền. Pháp lí chuẩn chỉ, cứ xuống cọc là lãi ngay. LH xem luôn [phone_number]",5400000000,58.0,Hà Nội,Đất,2025-11-17T08:54:36.438000,AMBIGUOUS,insufficient_primary_intent_in_title,shard_0005.parquet,291621
Giảm 500tr nhà đẹp mới tinh 5 lầu đường Số Bình Phú Q6,"Bán nhà mới xây, thiết kế cực đẹp đường Số 9 khu Bình Phú Q6. - Diện tích: 5m x 9m (43m2). - Kết cấu: Trệt, 3 lầu, sân thượng đúc BTCT (4 phòng, 4 toilet). - Đường nội bộ 8m tiện ở và kinh doanh buôn bán, mở cty. - Nhà đang cho thuê 17tr/tháng hợp đồng còn 1 năm. - Giá bán: 7.9 tỷ. Liên hệ: [phone_number]",7900000000,43.0,Hồ Chí Minh,Nhà,2025-12-03T10:27:35.095000,AMBIGUOUS,insufficient_primary_intent_in_title,shard_0006.parquet,91640
"Bán BT liền kề Rue De Charm 128m2 x 5 tầng thang máy, lô góc, full nội thất","Chính chủ tôi bán nhà 128m2 / Dự án Rue De Charm phố đi bộ vị trí lô góc, thang máy. LH [phone_number] Nhà nằm trong ngõ 214 Nguyễn Xiển, giáp Thanh Xuân - Thanh Trì, KĐT Hạ Đình. - DT 128m2 x 5 tầng, MT 8.3m, giá 42.5 tỷ có TL. - Biệt thự liền kề lô góc 128m2 thông sàn, 5 tầng thang máy, mặt tiền khủng 8.3m, tọa lạc trên trục chính khu đô thị mới hạ đình thuộc dự án cao cấp quy mô lớn udic. Giá trị tích sản ra tăng mạnh. Điểm cộng mở vp, lớp học kinh doanh bất chấp. Rue De Charme là phân khu nhà phố nằm trong Khu đô thị mới Hạ Đình, tọa lạc ở phía Tây Nam Hà Nội. Nguồn cung dự án gồm 118 căn thấp tầng và hai tòa chung cư cao 30 tầng. Trong đó, 48 lô liền kề và 70 lô shophouse có diện tích 85 - 180 m2, thiết kế 5 tầng một tum, mặt tiền 5,5-11,2 m, bàn giao hoàn thiện mặt ngoài. Dự án có một số tiện ích nổi bật như phố đi bộ Carnaby 214, hệ thống đường nội khu 8m, khu thương mại và dịch v",42500000000,128.0,Hà Nội,Biệt thự/Nhà liền kề,2025-12-30T10:16:50.673000,AMBIGUOUS,insufficient_primary_intent_in_title,shard_0006.parquet,287732
"520 triệu đất Phước Hòa Phước Thạnh, 5x46 full thổ cư ô tô 6m.","#23 Đất Phước Hòa Phước Thạnh, full thổ cư ô tô 6m Phước Hòa, Phước Thạnh, Tây Ninh Diện tích: 5x46m full thổ cư Đường ô tô 6m xe ra vào thoải mái Cách đường nhựa Bàu Đồn Phước Thạnh chỉ 150m Phù hợp: Xây nhà ở Đầu tư lâu dài Làm nhà vườn hoặc xây trọ Giá: 520 triệu/lô còn thương lượng Sổ hồng riêng công chứng ngay Vinh).",520000000,230.0,Tây Ninh,Đất,2026-03-06T13:37:35.979000,AMBIGUOUS,insufficient_primary_intent_in_title,shard_0009.parquet,166735
"Mặt Tiền đường Thành Công Tân Sơn Nhì (4x18m) 3 Lầu chỉ 12,9 tỷ TL","Chính chủ cần bán gấp căn nhà mặt tiền đường Thành Công Phường Tân Thành Quận Tân Phú, thông đường Tân Sơn Nhì, Lũy Bán Bích, Trương Vĩnh Ký - Diện tích: 4x18m sổ vuông trước sau. - Hiện trạng nhà 3 lầu mới, hiện đang cho thuê 20tr/tháng. - Vị trí đẹp, đường trước nhà rộng 12m có lề đường 3m, khu vực sang trọng, chuyên văn phòng. - Giao thông di chuyển thuận tiện, tiếp giáp khu Bàu Cát, gần chợ Tân Hương. - Giá chỉ 12,9 tỷ còn thương lượng. Liên hệ xem nhà: [phone_number] gặp Hải Nam.",12900000000,72.0,Hồ Chí Minh,Nhà,2025-08-05T14:01:35.433000,AMBIGUOUS,insufficient_primary_intent_in_title,shard_0001.parquet,327143
"Trung tâm Quang Trung, chỉ 500tr được AHLS 0% sở hữu ngay căn 2PN 76,8m2; CK6% + tặng 2 chỉ vàng","Chung cư cao cấp Tecco Elite City toạ lạc vị trí VÀNG trung tâm Quang Trung- Phường Thịnh Đán - TP Thái Nguyên. - Kết nối thuận tiện: dễ dàng di chuyển đến KCN Samsung, Sông Công, Hà Nội, Bắc Ninh, Bắc Giáng qua các tuyến cao tốc huyết mạch. * Quỹ căn từ chủ đầu tư có giá tốt nhất cho khách hàng, cùng nhiều ưu đãi hấp dẫn tại Tecco Elite City. - Đầy đủ pháp lý, sổ hồng lâu dài. * Cho các chuyên gia nước ngoài làm việc tại các KCN lên tới 120tr/1 năm Căn 2PN + 2 WC: Diện tích: Từ 61m² - 76,8m². * Ưu đãi riêng cho tháng 11. - Chiết khấu 6% cho khách hàng đặt mua sớm - số lượng có hạn. - HTLS 0% tới 18 tháng. Vốn ban đầu chỉ 20% đến khi nhận nhà. - Cam kết mua lại căn hộ sau 2 năm nếu KH không hài lòng hoặc ko còn nhu cầu sử dụng. * Đặc quyền quý khách hàng. - Ký HĐMB, chuyển nhượng trực tiếp chủ đầu tư, được CAM KẾT GIÁ TỐT NHẤT THỊ TRƯỜNG ** Quỹ ngoại giao LH em: [phone_number]",,61.0,Thái Nguyên,Căn hộ chung cư,2025-11-14T12:45:33.415000,AMBIGUOUS,insufficient_primary_intent_in_title,shard_0005.parquet,31737
"Nhà ngay MT La Sơn Phu Tử, góc hẻm - gần chợ 30/4 Rạch Giá, 4.4x19m full thổ, mới 100%, 2 PN, SHR","Nhà tiếp giáp mặt tiền đường 5m lề 4m, bên hông và phía sau hẻm kỹ thuật 2m nên có ánh sáng + lấy gió tự nhiên tốt cho sức khoẻ và tiết kiệm điện chiếu sáng. Nhà trong khu dân cư nên cơ sở hạ tầng chỉnh chu: Điện - đường - trường - trạm - viễn thông đầy đủ. Dễ dảng di chuyển vào Chợ 30/4 và Trung tâm hành chính chỉ 3 - 4 phút di chuyển, nên phù hợp: Ở, cho thuê, làm tài sản.. Diện tích: 4.4m x 19m = 83.6m2. Đất ở full thổ cư. Hướng Đông Nam mát mẽ cả ngày. Nhà mới xây đẹp, mới 100%. Kết cấu: Sân đổ ô tô 5.5m, phòng khách, phòng bếp ăn, 2 phòng ngủ, 2 toilet, sân sau phơi. Sổ Hồng, GPXD đầy đủ. Giá 1 tỷ 950 thương lượng, bank hỗ trợ 1 tỷ 100 đến 25 năm. Quý khách quan tâm xin liên hệ THLAND để được chia sẽ tận tình! Hotline [phone_number]có Zalo). Địa chỉ: P22 - 54 đường 3/2 KĐT Phú Cường, Rạch Giá, Kiên Giang. Website: https://thland.vn/ THLand chuyên phân phối BĐS Khu đô thị Phú Cường. ",1950000000,83.6,Kiên Giang,Nhà,2025-08-24T06:30:40.839000,AMBIGUOUS,insufficient_primary_intent_in_title,shard_0002.parquet,261280
"Bán 3100m2 có 250m2 đất ở, lô 2 đường Nguyễn Đình Chiểu, giá chỉ 11 tỷ. Lh","Cần bán nhanh lô đất mặt đường bê tông oto, cách Nguyễn Đình Chiểu 150m, cách biển 200m. Diện tích 3100m2 có sẵn 250m2 đất ở. Mặt tiền rộng, view biển đẹp. QH TMDV. Giá bán nhanh 11 tỷ. Lô 2: Diện tích 526m2 mặt tiền 15m đường bê tông oto. Giá 9,5 tr/m2. Lô 3: Diện tích 1400m2 có 150m2 thổ cư. Lô góc 2 mặt tiền, đường bê tông oto. Giá 11 tr/m2 TL chính chủ. Chi tiết Lh (E Mạnh) Cám ơn đã đọc tin!",11000000000,3100.0,Bình Thuận,Đất,2025-11-11T10:34:48.445000,AMBIGUOUS,insufficient_primary_intent_in_title,shard_0005.parquet,215519
Hẻm xe hơi tới cửa - Thích Quảng Đức - Phú Nhuận - 64.6m - 4 Tầng BTCT - 9.6 Tỷ TL,"Hẻm xe hơi tới cửa - Thích Quảng Đức - Phú Nhuận - 64.6m - 4 Tầng BTCT - 9.6 Tỷ TL - Diện tích: 64.6m (4.6 x 16) - Kết cấu: 1 trệt, 3 lầu ( có sân thượng ) gồm 5 phòng ngủ, 3WC, có sân sau rộng (Có thể cải tạo làm thang máy hoặc thêm WC) - Hẻm xe hơi đỗ cửa, Thích Quảng Đức thông Hoàng Hoa Thám",9600000000,64.6,Hồ Chí Minh,Nhà,2025-12-21T22:58:53.621000,AMBIGUOUS,insufficient_primary_intent_in_title,shard_0006.parquet,297827
785 nhà góc mặt tiền 2 phút đi bộ ra biển ngang 11m cực hiếm cơ hội sở hữu căn nhà góc,"785 nhà góc mặt tiền 2 phút đi bộ ra biển ngang 11m cực hiếm. Cơ hội sở hữu căn nhà góc mặt tiền tại khu vực sầm uất nhất phía Bắc Nha Trang (phường Vĩnh Hải cũ): Vị trí ""Vàng"": Mặt tiền đường Phú Đức, ngay đầu đường giao với Mai Xuân Thưởng. Chỉ mất đúng 2 phút đi bộ là chạm biển. Diện tích lý tưởng: 95,2m². Tổng diện tích sàn 212,4m². Mặt tiền quyền năng: Ngang rộng hơn 11m. Lô góc thông thoáng (đường Phú Đức và hẻm 4m), cực kỳ nổi bật để kinh doanh. Hiện trạng: Nhà 2 tầng chắc chắn, công năng lớn với 5 phòng ngủ, 6 WC, bếp, khách... Phù hợp làm căn hộ dịch vụ hoặc homestay. Tiện ích: Gần chợ Vĩnh Hải, trường học, khu du lịch, khách du lịch qua lại đông đúc quanh năm. 7.85 tỷ (Một mức giá quá tốt cho nhà mặt tiền sát biển). Kết nối Ngô Sắn để xem nhà.",7850000000,95.2,Khánh Hòa,Nhà,2026-02-12T01:11:52.824000,AMBIGUOUS,insufficient_primary_intent_in_title,shard_0008.parquet,216911
"Đất Tà Nung Đà Lạt 200m² view rừng thông, sổ hồng riêng, 2 tỷ","Cần bán gấp lô đất siêu xinh tại Tà Nung, thành phố Đà Lạt, Lâm Đồng! Diện tích 200m², 100% đất ở, với chiều ngang 14m và chiều dài 14m. Lô đất cuối cùng nằm ngay khu biệt thự nghỉ dưỡng, view rừng thông cực chill, gần suối và các tiện ích như trường học, ủy ban xã. Pháp lý sổ hồng riêng, sẵn sàng xây dựng nhà vườn mơ ước với đầy hoa và cây xanh. Đường ô tô, hai mặt tiền thoáng đãng, sổ sẵn sàng công chứng ngay. Xung quanh đầy đủ tiện ích: gần trường Mẫu Giáo, Tiểu Học, THCS THPT, cây xăng, chợ, trạm y tế, ủy ban xã. Vị trí lý tưởng để nghỉ dưỡng, đầu tư sinh lời, hoặc định cư lâu dài. Giá bán nhỉnh hơn 2 tỷ tí xíu thôi ạ! Liên hệ ngay để xem đất và chốt deal nha!",2000000000,196.0,Lâm Đồng,Đất,2025-11-12T18:17:29.348000,AMBIGUOUS,insufficient_primary_intent_in_title,shard_0005.parquet,145026
"Siêu phẩm mặt tiền Lê Văn Việt, Tp. Thủ Đức - đối diện C7, C8 - 76m2 (5x15) gần nút giao Man Thiện","Siêu phẩm. Đất mặt tiền Lê Văn Việt - vị trí siêu đẹp - 76m2 (5x15m) - 15,5 tỷ. - MT Lê Văn Việt - Ngang 10 tách ra 2 lô liền kề. - Mỗi lô 5x15. Mua 2 lô ngang 10 kinh doanh đa ngành nghề. - Gần Ngã tư giao Man Thiện - Lê Văn Việt. LH: [phone_number]Liêm Nhà Phố).",15500000000,76.0,Hồ Chí Minh,Đất,2025-09-19T04:59:16.936000,AMBIGUOUS,insufficient_primary_intent_in_title,shard_0003.parquet,177258
"HXH QUAY ĐẦU - SÁT MẶT TIỀN QUANG TRUNG - THÍCH HỢP Ở, KINH DOANH,... - CHỦ THIỆN CHÍ THƯƠNG LƯỢNG","Nhà kết cấu 1 trệt 1 lửng 3 lầu. Sân thượng. Gồm 3PN Master 4WC. Full nội thất như hình. Gara ô tô, phòng khách bếp, trang thiết bị hiện đại thông minh, camera trong ngoài. - Thông số đẹp 4.4x8.8 vuông vức, hoàn công đầy đủ- Kinh doanh quá ok. - Vị trí ngay ngã 3 Quang Trung với Tân Sơn. Giao thông thuận tiện đi lại. NGÂN HÀNG HỖ TRỢ VAY",7990000000,39.0,Hồ Chí Minh,Nhà,2025-09-08T09:38:41.073000,AMBIGUOUS,insufficient_primary_intent_in_title,shard_0002.parquet,289076
Căn hộ chung cư chỉ với 400tr nhận nhà cuối năm 2025,"Bán căn hộ chung cư 24 tầng Ben Hill tại đường Thuận Giao 25, khu phố Hòa Lân 2, Phường Thuận Giao, TP. Thuận An, Bình Dương. Căn hộ chung cư Đồi Ben, Benh Hill nằm ngay đường Thuận Giao 25, thuộc Phường Thuận Giao, trung tâm thành phố Thuận An. Chủ đầu tư: Công Ty Cổ Phần Đầu Tư Ben_house Việt Nam. Quy mô: 7.302m², bao gồm 841 căn hộ. Vị trí: Nằm đối diện trường mầm non Thuận Giao, liền kề KDC Thuận Giao, đối diện chung cư Legacy Thuận Giao, liền kề trường trung học cơ sở Thuận Giao. Liền kề KCN Vsip 1, gần chợ KDC Thuận Giao. Cách trường đại học Kinh Tế Kỹ Thuật Bình Dương chỉ 1,5 km, cách siêu thị Aeon Mall chỉ 3km. Liền kề đường Quốc Lộ 13, Đại Lộ Bình Dương, Liền Kề Đường Mỹ Phước Tân Vạn, gần chợ Hải Mỷ. Giá chỉ 37tr/m². Căn hộ Ben Hill cao 24 tầng bao gồm 1 tầng hầm 2 tầng thương mại dịch vụ và 21 tầng căn hộ ở. Căn 1 phòng ngủ với diện tích 37m2, 39m2 giá chỉ 1,1 tỷ đồng. Được hỗ",1443000000,39.0,Bình Dương,Căn hộ chung cư,2025-08-25T12:27:40.374000,AMBIGUOUS,insufficient_primary_intent_in_title,shard_0002.parquet,233090
"Tòa Nhà Văn Phòng MT đường C18 Vip nhất K300, Tân Bình - 6.5 X 22 - Hầm + 5 Tầng - HĐT: 150 Tr/th","Bán tòa nhà văn phòng mặt tiền đường C18 tốt nhất khu K300, Phường 12, quận Tân Bình. Nhà có vị trí rất đẹp, thiết kế văn phòng rất đẹp, có hợp đồng thuê ổn định, lâu dài. - Diện tích: 6.5 X 22; - Kết cấu: Hầm + 5 tầng; - Pháp lý đầy đủ, rõ ràng, giao dịch ngay; - Hợp đồng thuê: 150 triệu/tháng; - Giá: 41 tỷ. Tô Kiệt - Nhà thật - Thông tin thật. Liên Hệ: Tô Kiệt [phone_number] xem nhà trực tiếp.",41000000000,143.0,Hồ Chí Minh,Nhà,2025-11-04T18:05:11.723000,AMBIGUOUS,insufficient_primary_intent_in_title,shard_0005.parquet,5393
Nhà mới ở ngay Quốc lộ 13 Hiệp Bình Phước 4x15m Chỉ 5.1 tỷ,"- Kết cấu vuông vức, sẵn 3 phòng ngủ, 3wc, sân đậu xe rộng rãi. - 70m ra đường xa tải, 150m ra Quốc lộ, đối diện KĐT Vạn Phúc tiện ích đỉnh cao. - Tương lai mặt tiền view công viên cây xanh mát mẻ, trong lành. Gọi ngay: [phone_number] Thái Thật Thà Chuyên Nhà Thủ Đức",5100000000,60.0,Hồ Chí Minh,Nhà,2026-01-15T05:52:11.643000,AMBIGUOUS,insufficient_primary_intent_in_title,shard_0007.parquet,337003
Căn hộ Duplex mặt tiền Nguyễn Trãi Quận 1 gần bộ Công An. Nhà thô sẵn tiện decor theo ý thích,- Vị trí: Mặt tiền Nguyễn Trãi Quận 1. - Liền kề: Vòng xoay Cống Quỳnh và Bộ Công An. - Diện tích: 100m2 trần cao 6.6m. - Sở hữu lâu dài. - Giá: 19.7 tỷ ngân hàng hỗ trợ vay 70%. - Nhà thô sẵn tiện decor theo ý thích. Xem nhà Lh: Bình An.,19700000000,100.0,Hồ Chí Minh,Căn hộ chung cư,2025-07-28T16:08:46.415000,AMBIGUOUS,insufficient_primary_intent_in_title,shard_0001.parquet,54820
Nhà 5 tầng kinh doanh đỉnh tại Hàng Kênh - Đầu tư sinh lời ngay!,"Cơ hội vàng để sở hữu căn nhà độc lập 5 tầng tại Hàng Kênh, Hải Phòng, với tiềm năng kinh doanh vượt trội! Diện tích 46m2, thiết kế thông minh với gara, phòng khách, bếp, 5 phòng ngủ và 5 nhà vệ sinh, phòng thờ và 2 sân phơi rộng rãi. Vị trí đắc địa, chỉ cách mặt đường một nhà, ngõ rộng 2.5m, giao thông thuận tiện. Phù hợp cho nhiều loại hình kinh doanh như homestay, spa, nail, gội đầu và nhiều hơn nữa. Giá chỉ 4.25 tỷ (có thương lượng). Liên hệ ngay [phone_number] để không bỏ lỡ cơ hội đầu tư hấp dẫn này!",4250000000,46.0,Hải Phòng,Nhà,2025-08-16T10:37:55.278000,AMBIGUOUS,insufficient_primary_intent_in_title,shard_0002.parquet,237648
Nhà đẹp 3 tầng - ngang 8m - 102m2 - KQH - LG - nhỉnh 7 tỷ - Quận 8,"Nhà đẹp 3 tầng - ngang 8m - 102m2 - KQH - LG - nhỉnh 7 tỷ - Quận 8. - Diện tích: Ngang 8m rộng rãi, bề thế. + Kết cấu: Nhà 1 trệt 2 lầu kiên cố, chắc chắn, sân thượng, có 6 PN, 7WC, sân thượng, ban công, giếng trời thoáng mát. + Hẻm 3 gác sạch đẹp, gần mặt tiền, ngay cầu nhị thiên đường. Nhà 2 mặt hẻm trước sau, không lộ giới, không quy hoạch. Khu camera an ninh, dân trí cao. + Vị trí giáp quận 5, quận 1 đi đâu cũng tiện. + Sổ đẹp, hoàn công đủ, công chứng ngay. LH: Thủy xem nhà trực tiếp.",7500000000,102.0,Hồ Chí Minh,Nhà,2026-03-11T04:51:44.674000,AMBIGUOUS,insufficient_primary_intent_in_title,shard_0008.parquet,279072
Bán căn 1PN sân vườn Vip dự án Sun Spana Tower Hòa Xuân- Biệt thự trên không nâng tầm chủ sở hữu,"SIÊU PHẨM HIẾM CĂN HỘ SÂN VƯỜN 1PN+ VIEW SÔNG PHÁO HOA VĨNH CỬU Tại Sun Spana Tower Hòa Xuân, Đà Nẵng, căn hộ 1PN+ sân vườn không chỉ là chốn an cư, mà còn là resort trong nhà dành cho những ai yêu thiên nhiên và mong muốn tận hưởng trọn vẹn từng khoảnh khắc sống. Điểm nhấn khác biệt: Sân vườn riêng ngay trong căn hộ không gian hiếm hoi để trồng hoa, chill cafe, hay set up góc BBQ cùng người thân. View trực diện sông Hàn, ngắm trọn nhịp sống sôi động của thành phố bên sông. Tầm nhìn pháo hoa đẳng cấp đặc quyền chỉ dành cho số ít, mỗi lễ hội pháo hoa là một trải nghiệm VIP ngay tại nhà. Thiết kế 1PN+ thông minh vừa đủ tiện nghi, vừa có thêm không gian làm việc, phòng đọc sách hoặc phòng ngủ phụ. Giá trị đầu tư vượt trội: Căn hộ sân vườn view sông cực hiếm, thanh khoản cao. Phù hợp cả đầu tư cho thuê và an cư hưởng thụ. Trực thuộc Sun Group bảo chứng về giá trị & tiềm năng sinh lời bền vữn",4800000000,58.7,Đà Nẵng,Căn hộ chung cư,2025-09-18T20:18:05.357000,AMBIGUOUS,insufficient_primary_intent_in_title,shard_0003.parquet,268112
"Siêu phẩm phố phúc lợi ,mặt tiền lớn, trước nhà rộng thoáng","+ Diện tích 31m2 nhà xây 5 tầng thiết kế thông sàn, Nhà còn rất mới, chủ mới ở được hơn năm vẫn mới nguyên. Tầng 1: Khách, bếp, vs. Tầng 2,3,4: Mỗi tầng 1 ngủ 1vs. Tầng 5: phòng thờ, sân phơi. + Chủ tặng lại full nội thất đẹp cho khách thiện chí: Sofa, giường tủ, tủ bếp, lọc nước, bếp từ, máy hút mùi, điều hòa, nóng lạnh,...khách chỉ việc về ở. + Trước cửa nhà ngõ chung rộng rãi để xe máy, ba gác đỗ cửa. + Sổ vuông đẹp - Cất két - sẵn sàng giao dịch ngay.",6190000000,31.0,Hà Nội,Nhà,2026-03-14T08:44:00.889000,AMBIGUOUS,insufficient_primary_intent_in_title,shard_0009.parquet,31228
"Thạch Bích Thanh Oai, 5 tầng 46m2 ô tô cất trong nhà, 2 thoáng, hơn 6 tỷ","Thạch Bích Thanh Oai, 5 tầng 46m2 ô tô cất trong nhà, 2 thoáng, hơn 6 tỷ. Thiết kế: 5 tầng hiện đại, sẵn xách vali về ở. LH: Gia Hân.",6590000000,46.0,Hà Nội,Nhà,2025-09-12T21:59:23.754000,AMBIGUOUS,insufficient_primary_intent_in_title,shard_0003.parquet,134157
Bán căn 125m2 sổ đỏ giá 94tr/m2. Tòa HH1. Tầng thấp.,Bán căn góc HH1 Meco complex 102 trường chính. - Diện tích: 125m2. - Thiết kế căn góc 3pn 2wc 2 logia. - NỘI THẤT CƠ BẢN. - sổ sẵn. - Giá: 94 triệu/m2. - Lh:,11750000000,125.0,Hà Nội,Căn hộ chung cư,2026-03-11T14:43:15.591000,AMBIGUOUS,insufficient_primary_intent_in_title,shard_0009.parquet,320291
"Chính chủ cut lỗ sâu 3604m2 ngay tại KĐT Thung Lũng Xanh, An Phước, Long Thành, sát QL51","Gia đình ở xa không có nhu cầu sử dụng cần bán mảnh đất 3604m2 ngay KĐT Thung Lũng Xanh, An Phước, Long Thành, sát QL51. Ngay cổng khu công nghiệp Long Thành. Sổ hồng có sẵn 200m2 thổ cư. Còn lại là đất CLN. Quy hoạch thoáng 3 mặt tiền. Thích hợp phân lô bán nền, làm kho xưởng, nhà hàng, khách sạn. Giá bán 5,x tr/m2. Liên hệ chính chủ gặp Lương để xem sổ.",,3604.0,Đồng Nai,Đất,2025-09-25T11:34:33.696000,AMBIGUOUS,insufficient_primary_intent_in_title,shard_0003.parquet,9219
Liền kề bắc linh đàm 85m- 6 tầng thang máy kinh doanh văn phòng đẹp giảm 2 tỷ,"siêu đẹp bắc linh đàm hai mặt đường trước sau- vỉa hè kinh doanh văn phòng: dt: 85m- mt 5,5m- 6 tầng thang máy- 31 tỷ khu vực sầm uất, cho thuê giá cao pháp lý chuẩn sẵn giao dịch lv chính chủ:[phone_number]",31000000000,85.0,Hà Nội,Biệt thự/Nhà liền kề,2025-12-13T18:08:42.266000,AMBIGUOUS,insufficient_primary_intent_in_title,shard_0006.parquet,97357
Xin chào quý anh chị em ạ em xin giới thiệu tới quý anh chị em căn nhà Trịnh Đình thảo Hòa Thạnh ạ,Chủ gửi bán gấp căn nhà hẻm xe hơi Trịnh Đình thảo Hòa Thạnh Tân Phú cách đầm Sen 500m cách Kênh Tân Hóa chưa tới 100m gần trường Cao Đẳng thông tin chợ ủy ban bệnh viện nhà 1 trệt 1 lầu nhà mới tinh sách vali vào ở ngay ạ diện tích 34m2 ngang 3m dài 12m kết cấu 2 phòng ngủ 2wc sổ đẹp hoàn công đầy đủ công chứng ngay giá 4t05 giá thương lượng quý anh chị em thiện chí alo em đi coi căn nhà này ạ Vũ Nam cảm ơn,4050000000,34.0,Hồ Chí Minh,Nhà,2025-09-04T04:37:05.774000,AMBIGUOUS,insufficient_primary_intent_in_title,shard_0003.parquet,180866
5.5 tỷ HXH 5m thông Tô Hiệu 53m2 4x13.5m phù hợp mua đầu tư hoặc xây ở,"Chỉ 5.5 tỷ Nhà bán hẻm xe hơi 5m thông Tô Hiệu Phường Phú Thạnh TPHCM DT 53m2 4x13.5m QH đẹp, có sẵn file QH KC cấp 4 có phòng khách, phòng ngủ và bếp + cửa thoát hiểm sau nhà Phù hợp mua đầu tư cho thuê giữ tiền hoặc xây mới ở tùy ý",5500000000,53.0,Hồ Chí Minh,Nhà,2026-03-11T18:16:21.503000,AMBIGUOUS,insufficient_primary_intent_in_title,shard_0009.parquet,54945
"Nhà 1 lầu đúc thật Lê Văn Khương, bến xe Thới An chỉ 989 triệu","Bán nhanh, bao sang tên công chứng chỉ 989 triệu. - Khu dân cư ổn định, an ninh. - Nhà đúc kiên cố 1 trệt 1 lầu 2 phòng ngủ 2 toilet. - Bán nhanh, giá thương lượng với khách thiện chí. Xem nhà liên hệ chủ nhà gặp A Quang.",989000000,19.0,Hồ Chí Minh,Nhà,2025-09-17T10:10:21.285000,AMBIGUOUS,insufficient_primary_intent_in_title,shard_0003.parquet,195818
Bán 322m2 đất thổ cư VIP Xã Hồng Hà - Đan Phượng - Chỉ 10 tỷ có thương lượng.,"Vị trí ĐỈNH CAO: Xã Hồng Hà - Đan Phượng, 5 phút ra cầu Hồng Hà & vành đai 4 Diện tích rộng rãi 322m2 - Sổ đỏ chính chủ, sẵn giao dịch ngay! Gần trường học (con đi bộ đi học), chợ, quán ăn, coffee nhiều vô kể Hàng xóm dân trí cao - khu vực an ninh tuyệt đối Giá cực tốt 10 tỷ - có thương lượng cho khách thiện chí! Gọi ngay xem đất: [phone_number]Cam kết thông tin chuẩn 100%) #muabanđấthồnghà #nhàđấtđanphượng #bấtđộngsảnđanphượng #bánđấthồnghà #đấthồnghà",10000000000,322.0,Hà Nội,Đất,2025-11-11T01:13:44.859000,AMBIGUOUS,insufficient_primary_intent_in_title,shard_0005.parquet,198632
"Bán 20 phòng trọ gần cao đẳng FPT, xây mới, đủ PCCC, DT 90tr/th, ngõ thông, 60m2 * 7T * MT 7m","Bán CHDV Trịnh Văn Bô gần cao đẳng FPT, xây chắc chắn, ngõ thông, 60m2 * 7T thiết kế 20 phòng khép kín, các phòng thoáng sáng tự nhiên, dòng tiền 90tr/tháng. Tòa CHDV CCMN căn hộ dòng tiền mới, thang máy, 3 thoáng trước sau, gần ô tô, vừa ở vừa cho thuê cực hiếm, gần Cao đẳng FPT, ĐH Công nghệ Đông Á, Đại Học Công Nghiệp Hà Nội, Trường Quốc Tế ĐH Quốc Gia Hà Nội, cao đẳng Công Nghiệp In, Cao Đẳng Bách Khoa... Bệnh viện Phenika nhà nằm trong khu vực an ninh tốt luôn kín phòng cho thuê, tiện ích gần chợ, siêu thị, đủ GPXD, PCCC. Diện tích sử dụng 60m² x 7 tầng x MT 7m x thang máy x 20 phòng khép kín. Giao thông thuận tiện di chuyển Lê Đức Thọ, Mỹ Đình, Hồ Tùng Mậu, Xuân Phương, Phương Canh, đường 70, Đường 32, đường Cầu Diễn, Đường sắt trên cao, Ga Nhổn, vào trung tâm Mỹ Đình Cầu Giấy thuận tiện... Sổ đỏ đỏ đẹp nở hậu. Xem nhà liên hệ Ms Phương [phone_number] xem nhà 24/7.",14200000000,60.0,Hà Nội,Nhà,2025-09-24T04:03:33.770000,AMBIGUOUS,insufficient_primary_intent_in_title,shard_0003.parquet,190871
"Bán căn 2 tầng tại KĐT Oasis, 85m2 full thổ cư, cạnh sân Pickle ball và hồ bơi, Giá 1.72 tỷ","Bán nhà tại KĐT Oasis City, Thới Hòa, TP. Hồ Chí Minh. Nhà 1 trệt 1 lầu - hoàn thiện bên ngoài và bên trong thô. Nhà ngay cạnh sân Pickle ball và hồ bơi. Giá bán: 1.72 tỷ (giá full 100%). Diện tích đất: 5 x 17 = 85m² full thổ cư. Diện tích sàn: 96m². Sổ hồng hoàn công. Tiện ích nội khu: Trường mẫu giáo Hoa Sen Mỹ Phước; Sân Pickle ball; Hồ bơi Oasis City. Hỗ trợ ngân hàng: 70% - 80% - Hợp đồng vay tối đa 30 năm. Liên hệ: [phone_number]",1720000000,85.0,Bình Dương,Biệt thự/Nhà liền kề,2025-11-06T02:38:24.624000,AMBIGUOUS,insufficient_primary_intent_in_title,shard_0005.parquet,64814
"Nhà đường 12m 4 tầng 5PN ngay Tân Kỳ Tân Qúy Bình Tân giá 8,35 tỷ thường lượng","BÁN NHÀ ĐẸP MẶT TIỀN HẺM 12M CÓ VỈA HÈ GẦN NGÃ 4 TÂN KỲ TÂN QUÝ & MÃ LÒ, BÌNH TÂN Vị trí: Đường Tân Kỳ Tân Quý giao Mã Lò, phường Bình Hưng Hòa , quận Bình Tân Hẻm 12m có vỉa hè, thông thoáng, xe hơi ra vào thoải mái, khu dân cư an ninh, dân trí cao. Diện tích: 5 x 15m Kết cấu: 1 trệt 3 lầu kiên cố Công năng: 5 phòng ngủ, 6 toilet, phòng khách rộng, bếp thoáng mát, sân phơi riêng. Nhà xây mới, thiết kế hiện đại, nội thất cao cấp, dọn vào ở ngay. Tiện ích xung quanh: * Gần chợ Mã Lò, Aeon Mall Tân Phú, siêu thị, Bệnh Viện Bình Tân, trường học các cấp. * Giao thông thuận tiện về Lê Trọng Tấn, Gò Dầu, Tân Kỳ Tân Quý, Quốc lộ 1A. * Khu vực toàn nhà cao tầng, môi trường sống văn minh. Giá bán: 8,35 tỷ Thương lượng Liên hệ: Huỳnh để xem nhà trực tiếp và làm việc chính chủ",8350000000,75.0,Hồ Chí Minh,Nhà,2025-11-15T17:16:32.340000,AMBIGUOUS,insufficient_primary_intent_in_title,shard_0005.parquet,155540
Chào bán 1 em Chân Dài - Liền Kề Cienco5 - Hoài Đức - Hà Nội,"Tiếp tục chào bán 1 em Chân Dài - Liền Kề Cienco5 - Hoài Đức - Hà Nội. Dt: 69,6m2, mt: 5m Hướng Đông Bắc, 4 tầng xây thô hoàn thiện mặt ngoài, sổ đỏ sang tên ngay. G.ía 13,x tỷ có thương lượng Liên hệ Mr. Tiến: zlo)",13000000000,69.6,Hà Nội,Biệt thự/Nhà liền kề,2026-03-11T13:52:03.563000,AMBIGUOUS,insufficient_primary_intent_in_title,shard_0009.parquet,329183
"Siêu kinh doanh, vỉa hè rộng, nhà mới 4 tầng, đẹp nhất TT, vừa ở vừa kinh doanh phát đạt","Siêu kinh doanh, vỉa hè rộng, nhà mới 4 tầng, đẹp nhất TT vừa ở vừa kinh doanh phát đạt. * Vị trí: Đẹp nhất thị trấn. Khu vực trung tâm TT, vỉa hè rộng, gần bệnh viện, TTTM, nhà thi đấu, bể bơi... Vỉa hè rộng, đường chính phía trước xe chạy ngày đêm. Ô tô 7 chỗ vào nhà. Buôn bán kinh doanh sầm uất mọi loại hình. Hiện chủ đang cho cửa hàng dv thuê TG1 - 15tr/th. * Kết cấu: Nhà BTCT chắc chắn, 4 tầng, TK hiện đại, tối ưu diện tích, công năng ngôi nhà. Tầng 1,2 thông sàn: Kinh doanh bất chấp. Tầng 3,4: 3PN rộng, phòng thờ, sân phơi. Lô góc: 2 mặt thoáng vĩnh viễn - các phòng luôn thoáng sáng. * Diện tích: 54m2, MT 4,5m. * Pháp lý: Chuẩn, GD ngay. * Tài chính: Gần 20 tỷ có TL với khách thiện chí. * Xem nhà ngay:",18500000000,54.0,Hà Nội,Nhà,2025-12-26T19:58:38.615000,AMBIGUOUS,insufficient_primary_intent_in_title,shard_0006.parquet,107842
"Nhà đẹp trương định - ngõ rộng - 26m2x5t mới - full nội thất - chỉ 15m ra phố - ở ngay - 5,95 tỷ!!!","- Vị trí cực đẹp: Ngay đầu đường Hoàng Mai, cách mặt phố Trương Định chỉ 15m, vài bước chân ra phố, giao thông thuận tiện, tiện ích bủa vây: gần chợ, trường học các cấp, bệnh viện, TTTM, bến xe - Diện tích: 26m2 xây 5 tầng chắc chắn, full nội thất. - Giá bán: Chỉ 5.95 tỷ Thương lượng trực tiếp với chính chủ! - Ưu điểm nổi bật: + Nhà vừa sửa lại như mới, thiết kế hiện đại, nội thất full như hình. Mua chỉ việc xách vali về ở! + Không quy hoạch, pháp lý sạch, sổ đỏ cất két sẵn sàng giao dịch. + Nở hậu tài lộc, phong thủy tốt chủ mới chỉ việc vào ở hưởng lộc. - Công năng tối ưu đầy đủ tiện nghi: +Tầng 1: Phòng khách + bếp + WC +Tầng 2,3,4: 3 phòng ngủ rộng rãi, 3 WC riêng biệt +Tầng 5: Phòng thờ + sân phơi thoáng mát - Phù hợp: Hộ gia đình trẻ, vợ chồng mới cưới, hoặc cho thuê đều hiệu quả. Liên hệ ngay E Phú [phone_number] để xem nhà thực tế - Giá tốt cho khách thiện chí!",5950000000,26.0,Hà Nội,Nhà,2025-06-07T17:21:38.835000,AMBIGUOUS,insufficient_primary_intent_in_title,shard_0000.parquet,157890
"Chung cư đường 23, Hiệp Bình Chánh. 2PN giá 1,99 tỉ sổ hồng riêng","Cần bán Chung cư đường 23, Hiệp Bình Chánh, Thủ Đức. Giá 1,99 tỉ, sổ hồng riêng công chứng liền. Diện tích 53m2, 2 PN. Nằm mặt tiền đường 23, cách bờ sông Sài Gòn tầm 200m. Giá tốt bán trước tết. Liện hệ:",1990000000,53.0,Hồ Chí Minh,Căn hộ chung cư,2025-12-30T10:37:53.835000,AMBIGUOUS,insufficient_primary_intent_in_title,shard_0007.parquet,20662
Đất Hai Bà Trưng 150m2 26 tỷ lô góc xây căn hộ dòng tiền cho thuê,"Đất Hai Bà Trưng 150m2 26 tỷ lô góc xây căn hộ dòng tiền cho thuê. Vị trí: Gần Trần Khát Chân, Lò Đúc, Nguyễn Khoái, Võ Thị Sáu, Kim Ngưu, khu vực dân cư đông đúc, nhiều công ty, văn phòng... Nhu cầu nhà ở cao, phù hợp xây căn hộ dịch vụ cho thuê có dòng tiền ổn định. Sổ đỏ pháp lý chuẩn, sang tên nhanh. Liên hệ chị Bình để biết nhiều nhà đẹp [phone_number]",26000000000,150.0,Hà Nội,Đất,2025-09-20T07:57:15.665000,AMBIGUOUS,insufficient_primary_intent_in_title,shard_0003.parquet,66848
"Chỉ với 5 tỷ sở hữu căn villa 225m2 hàng giá gốc CĐT, giá rẻ nhất bảng hàng, cách Hồ Gươm 15km","Mở bán villa 225m² sống sang tại VSIP chỉ cần 30% vốn, hỗ trợ 0% lãi suất 18 tháng. Cơ hội vàng sở hữu biệt thự đẳng cấp an cư và đầu tư cùng lúc! Vị trí: Khu đô thị Riverside trung tâm kết nối giao thương nằm ngay trên Vành Đai 3, sát bên tuyến đường 120m kết nối về phố cổ 14km, sát bên Ninh Hiệp và Long Biên, hạ tầng đồng bộ, môi trường sống văn minh. Thông tin sản phẩm: Diện tích: 225m² thiết kế biệt thự 3 tầng hiện đại đường 15,2m. - Sổ hồng lâu dài pháp lý minh bạch. Giá bán: 16,5 tỷ. - Chính sách thanh toán linh hoạt: + Chỉ cần 30% giá trị nhận nhà ngay. + Hỗ trợ 0% lãi suất 18 tháng và ân hạn 18 tháng giảm gánh nặng tài chính cho khách hàng. + Chiết khấu lên tới 10% thanh toán sớm. Ưu điểm nổi bật: - Vị trí đắc địa 10 phút tới Vin cổ loa, 15 phút về phố cổ, sát ngay bên ga metro 8,7 ha. - Không gian sống xanh, trong lành với công viên trường học trung tâm thương mại ngay trong khu",16500000000,225.0,Bắc Ninh,Biệt thự/Nhà liền kề,2025-12-28T18:52:59.199000,AMBIGUOUS,insufficient_primary_intent_in_title,shard_0006.parquet,224347
Nhà mới 03 phòng ngủ - rất đẹp - số 100/11 hẻm 138 Trần Hưng Đạo gần đại học CT - chợ An Nghiệp,"- DT: 56,4m2 - DTSD = 110m2. - Giấy hoàn công - H: Đông Bắc. - Kết cấu nhà gồm: 3 phòng ngủ, 3 WC, nhà bếp, ban công, phòng khách. - Nhà rất đẹp xây mới 100%, nằm ngay trung tâm TP, vào ở liền. + Giá: 3,090 tỷ (TL - có hỗ trợ vay NH - vay k 2.1 tỷ). Liên hệ:",3090000000,56.4,Cần Thơ,Nhà,2025-07-15T14:00:34.756000,AMBIGUOUS,insufficient_primary_intent_in_title,shard_0000.parquet,260220
"Hot Hot .Căn 1,5 ngủ giá tốt nhất. Dành riêng cho khách đầu tư. Vị trí vàng trung tâm Hải Phòng","3 LÝ DO NÊN ĐẦU TƯ NGAY CĂN HỘ TẠI HOÀNG HUY ROSE 1 Khai thác cho thuê dễ dàng: Thu nhập ổn định 1012 triệu/tháng, tương đương lợi nhuận 67%/năm cao hơn hẳn gửi tiết kiệm ngân hàng. 2 Giá trị tăng trưởng bền vững: Thực tế chứng minh, những căn 1,5 PN đầu tiên giá chỉ 1,6tỷ nay đã đạt 2,0 . Xu hướng tăng giá chắc chắn còn tiếp tục. 3 Kênh tích trữ tài sản an toàn: So với gửi tiết kiệm hay mua vàng, bất động sản luôn là lựa chọn giữ giá trị và sinh lời ổn định nhất. Tặng ngay 01 xe SH trị giá 60 - 80 triệu trừ thẳng vào giá bán",1600000000,39.0,Hải Phòng,Căn hộ chung cư,2025-10-02T15:55:24.896000,AMBIGUOUS,insufficient_primary_intent_in_title,shard_0003.parquet,348474
Phân lô Tân Mai - Oto tránh - Kinh doanh - Lô góc 5 tầng 2 mặt thoáng chỉ hơn 10 tỷ,"Chính chủ người thân cần bán: Phân lô Tân Mai - Oto tránh - kinh doanh - lô góc 2 mặt thoáng chỉ hơn 10 tỷ. - Diện tích 40m2 nhà mới 5 tầng. - Sổ phân lô vuông đẹp, gần đường lớn. LH Em Thế nhà đất Hoàng Mai[phone_number]",10550000000,40.0,Hà Nội,Nhà,2025-07-11T01:54:33.160000,AMBIGUOUS,insufficient_primary_intent_in_title,shard_0001.parquet,206777
"Siêu phẩm Thái Hà, 2 thoáng, ngõ thông, cách ô tô 30m, 47m2* 5T","Lõi Đống Đa - nhà đẹp dân xây full nội thất - gần oto - sát phố - tiện ích bạt ngàn. - Nhà bán gần các tuyến phố lớn Tây sơn, Thái Thịnh, Yên Lãng, Láng Hạ, Đường Láng giao thông thuận tiện. - Tiện ích ko thiếu thứ gì gần chợ, bệnh viện, trường học các cấp, gần đại học Công Đoàn, Thuỷ Lợi, Học Viện Ngân Hàng... - Nhà dân xây khung cột bê tông chắc chắn, thiết kế 5 tầng đầy đủ công năng sử dụng 3 phòng ngủ khép kín thoáng sáng. - Sổ đỏ sẳn sàng giao dịch. Giá chào 8.3 tỷ có thương lượng. - Liên hệ Mrs Vinh chuyên nhà đẹp Đống Đa để được xem nhà.",8300000000,47.0,Hà Nội,Nhà,2025-06-08T08:43:35.707000,AMBIGUOUS,insufficient_primary_intent_in_title,shard_0000.parquet,4267
"HẢI THÀNH 2, DƯƠNG KINH ĐƯỜNG NHỰA 8m CHỈ 2,2x tỷ - Diện tích: 76,5m2 ngang 4,5m - Sổ đỏ chín","HẢI THÀNH 2, DƯƠNG KINH ĐƯỜNG NHỰA 8m CHỈ 2,2x tỷ - Diện tích: 76,5m2 ngang 4,5m - Sổ đỏ chính chủ - Bán kính 300m đầy đủ trường học các cấp, chợ, uỷ ban, ngân hàng, ATM,... - LH Thu Huyền Nhà Đất Thu Huyền số 1038A Phạm Văn Đồng - Dương Kinh - Hải Phòng.",,76.5,Hải Phòng,Đất,2025-07-08T21:29:20.914000,AMBIGUOUS,insufficient_primary_intent_in_title,shard_0000.parquet,286000
"Nhà mặt tiền Bùi Quang Là, Gò Vấp, giá siêu hời 6,95 tỷ, 66m2","Nhà riêng 4 tầng cực chất tại Bùi Quang Là, Gò Vấp, Hồ Chí Minh đang chờ đón chủ mới. 3PN, 4WC, diện tích 66m2, mặt tiền 3,5m, ngõ rộng 10m, pháp lý đầy đủ. Nội thất full đồ, chỉ cần dọn vào ở ngay. Thích hợp cho gia đình hoặc đầu tư kinh doanh. Giá chỉ 6,95 tỷ, một deal không thể bỏ qua. Cuộc sống tiện nghi với công viên làng hoa Gò Vấp gần đó, siêu thị Bách Hóa Xanh, và trường mầm non Phù Đổng xung quanh. Liên hệ ngay để biết thêm chi tiết qua số điện thoại [phone_number] và gặp Phạm Ngọc Anh Thư. Hãy nhanh chân, cơ hội không chờ đợi!",6950000000,66.0,Hồ Chí Minh,Nhà,2026-02-07T17:48:58.606000,AMBIGUOUS,insufficient_primary_intent_in_title,shard_0008.parquet,205049
"Căn hộ onsen 1, charmora city, tầng 18, tầm nhìn thoáng, không khí trong lành.","- Dành cho những cặp gia đình mới cưới hoặc mới sinh em bé - Dành cho những gia đình muốn sở hữu căn hộ thứ 2 để nghỉ dưỡng cuối tuần hoặc về nghỉ hè, tắm biển. - Nha Trang với hơn 300 ngày nắng thì hướng ban công tối ưu là Đông, Đông Nam, Đông Bắc hoặc 1 tý hướng Tây Bắc - Liên hệ Thắng để tư vấn thêm nhiều căn khác cùng vị trí và khoảng tầng, hotline: [phone_number], 24/7,xin cảm ơn Quý khách kiên nhẫn đọc tới đây.",5500000000,52.12,Khánh Hòa,Căn hộ chung cư,2026-01-02T12:25:03.093000,AMBIGUOUS,insufficient_primary_intent_in_title,shard_0007.parquet,157652
"Tại Đông khê - Đan phượng - ha nội DT: 51,4m : mt : 4,8m hậu 4,8m",": Giá hơn 4 tỷ Tại Đông khê - Đan phượng - ha nội DT: 51,4m : mt : 4,8m hậu 4,8m : Vị Trí : trung tâm đan khê dân cư đông đúc gần trường cấp 1 cấp 2 Đàn Khê, gần chợ gần nhà văn hóa à, gần siêu thị vin mắt nhiều tỉnh khác Giá đầu tư ______ Nhà Đất :DOANH AUDI Chuyên: Lô góc - Nhà đẹp - Đất đẹp - Hoài Đức Giá: Xin không mặc cả nhiều",4200000000,51.4,Hà Nội,Đất,2025-10-27T08:43:59.969000,AMBIGUOUS,insufficient_primary_intent_in_title,shard_0004.parquet,310069
"Mặt tiền-kd. trần thủ độ, q.tân phú. 4,1x18m. 5tầng. 11,8 tỷ","Nhà riêng 5 tầng tọa lạc tại Trần Thủ Độ, Tân Phú, với diện tích 74m2. Đây là một cơ hội tuyệt vời cho những ai đang tìm kiếm một nơi ở chất lượng và tiện nghi. + Vị trí đắc địa của Trung Tâm Q.Tân Phú. song song đường Nguyễn Sơn giáp Hiền Vương, Lê Khôi tiếp giáp Văn Cao, Phú Thọ Hòa, Lê Thúc Hoạch, Tân Hương.... + 5 phòng ngủ (5PN) + + 5 toilet (5WC) + + Nội thất cơ bản, sẵn sàng để ở + + Diện tích mặt tiền 4,1m + + Đường rộng 16m, có vỉa hè 3m, thuận tiện cho xe hơi + Điểm cộng: + Pháp lý đầy đủ + + Mặt tiền phù hợp cho kinh doanh + + Phong thủy tốt, mang lại tài lộc + Tiện ích xung quanh 100m không thiếu thứ gì. Liên hệ ngay để được tư vấn miễn phí qua số [phone_number] - TĂNG CHÍ THÀNH.",11800000000,74.0,Hồ Chí Minh,Nhà,2025-09-21T13:44:51.351000,AMBIGUOUS,insufficient_primary_intent_in_title,shard_0002.parquet,310621
"Bán căn 2PN 2WC ban công, View kênh đào | Đã có sổ hồng","Bán căn hộ 80m2 - 2PN 2WC ban công | Đã có sổ. * Giá 4,55 tỷ (bao thuế phí chuyển nhượng, chưa bao lệ phí trước bạ). Hướng Tây Nam, view Quảng trường, kênh đào. Nhà trống. Tất cả các phfong đều có view Hỗ trợ vay tối đa 70 - 80% giá trị thẩm định căn hộ. ------------------------------ Sử dụng miễn phí các tiện ích nội khu cao cấp. Hồ bơi - gym - yoga - BBQ. Khu vui chơi trẻ em. Phòng làm việc. Khu dân cư hiện hữu, có các tiện ích ngoại khu như: Trường tiểu học Nguyễn Bỉnh Khiêm, siêu thị Kingfood, Winmart, Bách Hóa Xanh,... Công viên đảo Nhật - kênh đào, Rạp chiếu phim ngoài trời, quảng trường cây xanh mát mẻ,... ========================= Mizuki Park_ Nguyễn Văn Linh, xã Bình Hưng, huyện Bình Chánh. Liên hệ xem nhà thực tế_ Thảo Trinh Mizuki.",4550000000,80.0,Hồ Chí Minh,Căn hộ chung cư,2026-03-13T17:51:50.156000,AMBIGUOUS,insufficient_primary_intent_in_title,shard_0009.parquet,103827
CCMN HOA HẬU PHƯƠNG CANH Ô TÔ VÀO NHÀ NGÕ THÔNG DÒNG TIỀN 85TR/THÁNG 65m x 8T,"CCMN HOA HẬU PHƯƠNG CANH Ô TÔ VÀO NHÀ NGÕ THÔNG DÒNG TIỀN 85TR/THÁNG 65m x 8T Mặt tiền 6.5m 2 thoáng vĩnh viễn Vị trí đắc địa: cách Trịnh Văn Bô 150m, Hoè Thị 150m, Phương Canh 200m, ô tô tải vào tận cửa. 19 phòng khép kín cao cấp 16 phòng 3 phòng chờ. Tòa mới tinh, PCCC đầy đủ, thang máy Nhật. LH E Nga để đi xem nhà:",18000000000,65.0,Hà Nội,Nhà,2025-12-01T06:28:56.010000,AMBIGUOUS,insufficient_primary_intent_in_title,shard_0007.parquet,147974
"Villa phong cách Châu Âu, Phố Hoàng Diệu Quận PN. DT: 8x25m(200m2) - KC: 4 tầng. Giá 33.5 tỷ TL","Biệt thự khan hiếm khu sang trọng đẳng cấp nhất khu vực, khu này tập trung nhiều villa nhưng hiếm có nhà bán. - Diện tích 8x25m vuông vức. CN 200m2. - Hiện trạng: Trệt 3 lầu, áp mái. - Kiến trúc kết hợp giữa cổ điển và hiện đại, thích hợp ở và cho thuê. - Đang rao cho thuê 100tr/tháng. - Giá rao 48 tỷ (LH em hỗ trợ giá tốt nhất). Ms Mai: [phone_number] sẵn sàng 24/7.",33500000000,200.0,Hồ Chí Minh,Nhà,2025-07-03T11:40:05.482000,AMBIGUOUS,insufficient_primary_intent_in_title,shard_0001.parquet,7498
"Chỉ 5,x tỷ nhận ngay căn góc 70m 3ng full nội thất tại chung cư Hateco Xuân Phương sổ đỏ lâu dài","Giảm chào căn góc 70m 3 ngủ, 2vs full nội thất tại chung cư Hateco Xuân Phương giá chỉ 5.x tỷ sổ đỏ trao tay Căn hộ thiết kế 3pn, 2vs, phòng khách, bếp, 2 ban công thoáng mát. Nội thất 3 điều hòa, 2nóng lạnh, tủ bếp, bếp từ, hút mùi... Hướng cửa : Cửa tây bắc, ban công đông nam thoáng mát Pháp lý: Sổ đỏ lâu dài Vị trí đắc địa: Nằm ngay ngã ba 2 trục đường lớn đường 70 và đường 32, cạnh trường đại học Công nghiệp, Chợ đầu mối, bến xe Bus thành phố, gần chợ, trường học, bệnh viện... Tiện ích nội khu đầy đủ: Hồ điều hòa, bể bơi, đường dạo bộ, trường mầm non, phòng tập Gym, Spa, trung tâm mua sắp.... kết nối giao thông thuận tiện bởi các tuyến đường lớn như: đường 70, đường 32, đường Trần Hữu Dực, đường Hồ Tùng Mậu, Lê Đức Thọ, Phạm Văn Đồng.... Liên Hệ trực tiếp:",,70.0,Hà Nội,Căn hộ chung cư,2025-10-23T09:04:11.668000,AMBIGUOUS,insufficient_primary_intent_in_title,shard_0004.parquet,151710
"La Ngà gọi mời mảnh vườn nghỉ dưỡng thơ mộng, gần quốc lộ 20, 1200m2, mặt tiền đường","- Diện tích đất rộng hơn 1200m2 - Mặt tiền đường bê tông rộng, ô tô vào tận đất - Cách quốc lộ 20 chỉ hơn 700m tiếp cận, gần khu dân cư, an ninh tiện ích xung quanh dễ dàng tiếp cận - Gần sân bay Long Thành, Tp Hồ Chí Minh đều dễ dàng tiếp cận nhanh chóng - Phía sau đất có suối nước trong lành, thoáng mát - Gần các khu du lịch sinh thái nghủ dưỡng nổi tiếng trong khu vực - Thích hợp đầu tư làm nhà vườn nghỉ dưỡng, homestay nhỏ cho gia đình thư giãn sau mõi cuối tuần làm việc, hoặc làm nơi bỏ phố về vườn, trồng rau củ, nuôi cá, ... Giá bán hợp lý chỉ 850tr/sào (có thương lượng thêm chủ bớt lộc cho khách hàng thiện chí Anh Chị thích mê vườn liên hệ em ngay [phone_number] em hỗ trợ thêm thông tin, tham quan trực tiếp, trải nghiệm cắm trại tại chỗ cảm nhận được hết vẻ đẹp thơ mộng này",8500000000,1200.0,Đồng Nai,Đất,2025-06-11T11:52:05.637000,AMBIGUOUS,insufficient_primary_intent_in_title,shard_0000.parquet,11191
"Lô góc 2 mặt tiền nhà mới full NT, ngõ rộng thông tứ tung, Dt 18m 5t mt 3m giá 4,2ty có TL","NHÀ MỚI FULL ĐỒ - LÔ GÓC HAI MẶT TIỀN - TRƯỚC NHÀ RỘNG NHƯ SÂN PICKLEBALL - Vị trí đỉnh của đỉnh, trước nhà rân rộng như sân bóng - View trường học, cửa sổ to, mở cả hai bên thoáng sáng vô cùng luôn, - Lô góc hai mặt tiền, thiết kế 5 tầng mới đét full nội thất khách chỉ việc về ở. + Tầng 1: để xe + wc + Tầng 2: bếp, phòng khách, tủ rượu, wc + Tầng 3,4: mỗi tầng 1 phòng + wc + Tầng 5: phòng thờ, sân phơi - Ngõ ngách thông thoáng, xe bagac vào tận cửa, đánh võng trước cửa nhà. Thông tứ tung sang Hồng Mai, ngõ Quỳnh, - Pháp lý: sổ đỏ chính chủ, sẵn sàng giao dịch. Lh xem nhà ngay",4200000000,18.0,Hà Nội,Nhà,2025-07-13T20:37:01.083000,AMBIGUOUS,insufficient_primary_intent_in_title,shard_0001.parquet,267835
"CHDV Thanh Lãm, Hà Đông, 6 tầng thang máy, 23 phòng khép kín, Nhỉnh 20 tỷ. LH","CHDV tiêu chuẩn 5 sao ,Thanh Lãm,Hà Đông, 6 tầng thang máy, 23 phòng khép kín, Nhỉnh 20 tỷ. - Trang thiết bị hiện đại, Cầu thang thoát hiểm riêng biệt, điện dự phòng thang máy khi mất điện vẫn chạy vù vù - Xung quanh có trường ĐH Đại Nam, CĐKT Xốm, ĐH Penika Nhật Bản, và trường Chính Trị đang khởi công xây dựng, chợ Xốm - Giao thông thuận tiện kết nối nhanh ra Ql 6, QL21, Ga tàu điện trên cao, bến xe Yên Nghĩa - Phù hợp cho thuê, đầu tư giữ tiền lâu dài LH e Thanh Loan :",,114.0,Hà Nội,Nhà,2025-10-25T20:12:56.651000,AMBIGUOUS,insufficient_primary_intent_in_title,shard_0004.parquet,169193
"Giá tốt: Chợ Tân Phú Trung, Tỉnh Lộ 2, đất thổ cư, 8x22=190m2, sổ riêng, giá 1.6 tỷ","Tôi cần nhượng lại mảnh đất thổ cư, gần chợ Tân Phú Trung, Tỉnh Lộ 2. Đất gần chợ Tân Phú Trung, hướng ra Tỉnh Lộ 2 Từ đất đi ra chợ chỉ 600m, đường rộng, thoáng Diện tích: 8x22=190m2 thổ cư Giá: 1.6 tỷ còn thương lượng Anh chị quan tâm gọi trực tiếp gặp Tùng",1600000000,190.0,Hồ Chí Minh,Đất,2026-01-28T14:32:15.867000,AMBIGUOUS,insufficient_primary_intent_in_title,shard_0007.parquet,328971
Bán CHDV kênh Tham Lương - 5x16m 5 tầng HXH 6m - 10P dulex có thể cải tạo thêm chỉ nhỉnh 10 tỷ,"Bán CHDV kênh Tham Lương - 5x16m 5 tầng HXH 6m - 10P dulex có thể cải tạo thêm chỉ nhỉnh 10 tỷ. CHDV khu cao tầng hẻm xe hơi tránh. Vị trí đẹp: Sát dự án Kênh Tham Lương. Khu toàn biệt thự, nhà cao tầng, an ninh. Kết cấu: Trệt, lửng, 2 lầu, sân thượng. 10 phòng duplex, đang cho thuê dòng tiền 28tr/tháng. Nhà ngang lớn, bề thế, chừa sẵn ô thang máy. Có thể cải tạo thêm ~5 phòng, nâng doanh thu 60 - 70tr/tháng.",10900000000,80.0,Hồ Chí Minh,Nhà,2025-12-24T16:13:38.028000,AMBIGUOUS,insufficient_primary_intent_in_title,shard_0007.parquet,123357
"Cực hiếm Nghĩa Đô - nhà phân lô lô góc 2 thoáng, 2 vỉa hè, trước nhà sân chơi cực thoáng!!","HIẾM ĐẸP - PHÂN LÔ VÍP NGHĨA ĐÔ - LÔ GÓC 2 MẶT Ô TÔ TRÁNH VỈA HÈ - ĐỈNH AN SINH - 20M RA VÀNH ĐAI 2.5 + Sổ đỏ chính chủ, cất két, giao dịch ngay. Chủ thiện chí thương lượng tốt. + Lô góc 2 mặt ngõ ô tô tránh, nên mặt tiền xung quanh tổng 15m mặt tiền đẹp nhất khu. + Trước nhà là sân chung của khu phân lô để được nhiều ô tô, xe máy, thoáng đẹp víp như biệt thự. + Cách nhà 20m là Đường Vành đai 2.5 đang giải toả và xây dựng tương lai cả khu phân lô sẽ là víp kinh doanh văn phòng, dịch vụ giải trí, ăn uống, du lịch.",26500000000,80.0,Hà Nội,Nhà,2025-12-24T05:39:35.638000,AMBIGUOUS,insufficient_primary_intent_in_title,shard_0006.parquet,186604
Gói 2 Mỹ Gia lô 100m2 đường 16m hướng ĐN đối diện dãy nhà biệt thự giá tốt nhất chỉ 4.35tỉ bao hết,"Đường 16met gói 2 KĐT Mỹ Gia hướng Đông Nam chỉ 4,35 tỷ bao hết! - Lô đẹp mặt tiền đối diện dãy biệt thự, đường số 4 rộng 16met ngay cổng chính KĐT Mỹ Gia Phong Châu. Diện tích: 100m2. Hướng Đông Nam. Giá bán chỉ 4,35 tỷ bao ép cọc, thiết kế, sang tên. LH em: [phone_number] - Kiều My (phone/zalo).",4350000000,100.0,Khánh Hòa,Đất,2025-08-13T09:38:43.172000,AMBIGUOUS,insufficient_primary_intent_in_title,shard_0001.parquet,348686
"Bán 196m2 (chia 2 được) thôn Dư Xá, Ninh Xá. Huyện Thuận Thành. Bắc Ninh. LH","Diện tích 196m2 chia được 2 lô, đường trước đất 2,5m. Cách 1,2km ra khu công nghiệp Thuận Thành 3. Cách 2km thị trấn Hồ (Đông Côi). Cách 500m Vành Đai 4 đang triển khai. Giao thông kết nối thuận tiện. Bán kính hơn 1km đầy đủ tiện ích như chợ dân sinh, trường học các cấp, UBND xã. Huyện Thuận Thành được QH lên Thị xã sẽ phát triển đột phá về hạ tầng, dân sinh, kinh tế đây là thời điểm tốt để đầu tư BDS. Hot. Giá đầu tư 13,5tr/m2. LH",2646000000,196.0,Bắc Ninh,Đất,2025-10-18T09:33:23.469000,AMBIGUOUS,insufficient_primary_intent_in_title,shard_0003.parquet,346641
Còn vài căn cuối khu compound 40 căn nhà liên kế ngay ga Metro,"Dự án nhà phố liên kế Bcons Eden Park của CĐT Bcons với rất nhiều cái ngay. Ngay mặt tiền đường 22m Bình Thung, Phường Đông Hoà, TP. HCM. Ngay Ga Metro chỉ cách 450m. Ngay Vành Đai 3 (Mỹ Phước - Tân Vạn). Ngay QL1k. Ngay TOD, làng Đại Học, Bến xe Miền Đông mới. Chỉ 40 căn duy nhất, nhà đầu tư hãy nhanh tay chọn cho mình một căn nhà phố thật ưng ý ngay. Quy mô dự án: Chỉ 40 căn cực hiếm. Diện tích từ: 65m2 - 139m2. Bàn giao: 1 trệt, 2 lầu, 1 tum, sân thượng trước sau, hoàn thiện full mặt ngoài. Giá: Chỉ từ 5 tỷ - 7 tỷ/căn. Ngân hàng hổ trợ vay 70%, cuối năm nay 12/2025 nhận nhà (cho thuê, chuyển nhượng thoải mái). Còn gì mà không liên hệ để chốt ngay. Hotline CĐT: hoặc inb Danh.",7900000000,132.0,Bình Dương,Biệt thự/Nhà liền kề,2025-09-18T08:47:55.550000,AMBIGUOUS,insufficient_primary_intent_in_title,shard_0003.parquet,263981
"HOT!!! GIÁ RẺ VÔ ĐỊCH: 2 TỶ SỞ HỮU NGAY CĂN HỘ HẠNG SANG 40m2 FULL NỘI THẤT CAO CẤP, HỖ TRỢ VAY 50%","Hàng chuyển nhượng trực tiếp, em Nam xin để lại cho quý Anh/Chị khách hàng 1 siêu phẩm đầu tư tại dự án Sông Hồng Diamond City: - Căn hộ 1 ngủ 1 WC, tối ưu diện tích và công năng sử dụng - Diện tích thông thuỷ: 40,66 m2 - Toạ lạc tại trung tâm khu vực hot nhất hiện tại - Hưng Yên - chỉ cách trung tâm thành phố Hà Nội 20p di chuyển. Cách Ecopark, Khu phức hợp thể thao PVF, Đại học Bách Khoa phân hiệu Hưng Yên chỉ 5p lái xe. Cách các khu công nghiệp 5km. - Tiềm năng đầu tư cực tốt, sinh lời ổn định trong tương lai khi hưởng lợi từ hệ thống cơ sở vật chất đang phát triển chóng mặt của Hưng Yên. - Tiện ích nội khu đầy đủ, cao cấp: Sân thể thao, Khu vui chơi, Bể bơi, Gym,... - Pháp lý rõ ràng, sổ hồng lâu dài - Bàn giao Quý III 2027 - Một siêu phẩm đầu tư cho quý Anh/Chị với vốn đầu vào cực ít khi được hỗ trợ vay 50% Liên hệ ngay em Nam: - để được tư vấn và hỗ trợ nhiệt tình, chính xác và nha",2050000000,40.66,Hưng Yên,Căn hộ chung cư,2026-03-04T14:29:43.272000,AMBIGUOUS,insufficient_primary_intent_in_title,shard_0009.parquet,66039
"Đất vuông vắn kiệt Lê Ngô Cát, Thủy Xuân, Huế, giá tốt","Bán đất kiệt 86 Lê Ngô Cát, phường Thủy Xuân, thành phố Huế. Diện tích đất 110m2, khổ đất vuông vắn 10m x 11m. Đường rộng 3m. Hình thức mua bán sang tay, vi bằng. Giá bán 3.xx triệu. Liên hệ: [phone_number] để biết thêm thông tin chi tiết.",,110.0,Huế,Đất,2025-08-18T08:22:14.669000,AMBIGUOUS,insufficient_primary_intent_in_title,shard_0002.parquet,32660
Bán toà nhà siêu vị trí Bình Thạnh (9x20m) - hầm 7 tầng - HĐT 420 triệu/tháng. Giá 72 tỷ,"Bán toà nhà văn phòng siêu hiếm, vị trí đẹp tại quận Bình Thạnh. Cần bán toà building mặt tiền Nguyễn Gia Trí (D2) P25, Bình Thạnh. + Diện tích: 9x20m. Nở hậu nhẹ. + Tổng Sàn: ~1000m2. + Kết cấu: Hầm 7 tầng. + HĐ thuê: 420 triệu/tháng. Giá: 72 tỷ. Liên hệ: Đạt [phone_number] xem nhà và làm việc chính chủ.",72000000000,180.0,Hồ Chí Minh,Nhà,2025-06-05T07:48:35.980000,AMBIGUOUS,sale_title_conflicts_with_rent_offer,shard_0000.parquet,112216
"Bán dãy nhà trọ tại Mã Lò, 11 tỷ, 155m2, 10PN, pháp lý đầy đủ, hot","Cần bán gấp 10 phòng trọ đang cho thuê 35 triệu/tháng để đi định cư đã giảm giá 2 tỷ từ 13 tỷ còn 11 tỷ. - Giá bán: 11 tỷ đồng. - Diện tích: 200 m2. Khu vực xung quanh: - Bệnh viện đa khoa Quốc Ánh, Bệnh viện Quận Bình Tân. - Siêu thị Bách Hóa Xanh. - Trung tâm Anh ngữ Đông Đô, Làng May Mắn - Village Chance, Trường THCS Lý Thường Kiệt.",11000000000,155.0,Hồ Chí Minh,Nhà,2025-12-03T08:18:13.124000,AMBIGUOUS,insufficient_primary_intent_in_title,shard_0006.parquet,274009
"Căn 72,9m 2PN2WC hướng TN view sông view triển lãm quốc gia xem bắn pháo hoa tầng trung đã có sổ đỏ","Gần đây, hạ tầng phía Bắc Hà Nội được đầu tư quy mô với cầu Nhật Tân nối Hoàng Quốc Việt lên Nội Bài, phía Đông ngoài cầu Chương Dương và Long Biên còn có cầu Tứ Liên đang được xây dựng, thuận lợi di chuyển vào trung tâm thành phố. Eurowindow Đông Anh nằm ở trong khu vực đã có sự đầu tư của nhiều dự án lớn cũng như hệ thống cơ sở vật chất phát triển đồng bộ nên cư dân có cơ hội được thừa hưởng hàng loạt những tiện ích sẵn có. Tiện ích nội khu 1. Hệ thống trường học chuẩn quốc gia 2. Vườn treo trên cao 3. Đường dạo bộ trên cao 4. Khu thể thao 5. Đài phun nước 6. Phòng sinh hoạt cộng đồng 7. Sảnh lễ tân 8. Bể bơi 4 mùa mái kính 9. Khu vui chơi trẻ em 10. Siêu thị 1.700m2 11. Hầm để xe siêu rộng 43.000m2 12. Hệ thống các Shophouse 13. Trường mầm non 14. Euro Town Phố đi bộ 15. Điểm check-in Aura Circle",4400000000,72.9,Hà Nội,Căn hộ chung cư,2026-02-04T23:47:24.105000,AMBIGUOUS,insufficient_primary_intent_in_title,shard_0008.parquet,209449
Mảnh đất vàng cạnh biển - tân phú 1 - 90m - 9.5 tỷ - kinh doanh mọi mô hình,"Bạn đang tìm một mảnh đất vừa ở vừa kinh doanh vừa sinh lời dài hạn? Đây chính là lựa chọn đáng tiền nhất Sơn Trà hiện tại. Diện tích 90m (5 x 18). Vị trí: Hà Kỳ Ngộ giao Lê Văn Thứ sát biển. Khu vực đông khách du lịch dân trí cao. Giá trị thực tế: - Kinh doanh ăn uống, cafe, homestay, căn hộ dịch vụ - Khai thác dòng tiền ổn định lâu dài Sổ sẵn pháp lý rõ ràng giao dịch nhanh gọn Hoàng Thuận: [phone_number] [phone_number]",9500000000,90.0,Đà Nẵng,Đất,2025-12-25T05:14:56.069000,AMBIGUOUS,insufficient_primary_intent_in_title,shard_0006.parquet,318577
Siêu phẩm phân lô Nguyễn Chánh - Ngõ to như phố - gara - 100m2 - nhỉnh 30 tỷ,"Siêu phẩm phân lô Nguyễn Chánh - Ngõ to như phố - gara - 100m2 - nhỉnh 30 tỷ Nhà được thiết kế 6 tầng , gara ô tô đầy đủ tiện nghi đc chủ nhà khi xây đặt cực nhiều tâm huyết. - Vị trí đẹp khỏi bàn , khu phân lô dân cư xung quanh dân trí cao , văn minh lịch sự . - Ngõ to 2 ô tô tránh nhau. Kinh doanh sầm uất ngày đêm. - Xung quanh có nhiều trường học các cấp , trung tâm thương mại , bệnh viện,...... Giao thông vô cùng thuận tiện. Sổ đỏ phân lô, nở hậu, sẵn sàng giao dịch.",30000000000,100.0,Hà Nội,Nhà,2026-03-21T11:42:56.403000,AMBIGUOUS,insufficient_primary_intent_in_title,shard_0009.parquet,112539
"Siêu phẩm nhà ngõ 236 âu cơ - độc tôn tây hồ - thang máy xịn, mới tinh - chỉ 14.3 tỷ!","HOT DEAL CHO GIỚI TRẺ - VỊ TRÍ VÀNG, THIẾT KẾ CHUẨN ÂU, FULL NỘI THẤT SANG CHẢNH! Tọa lạc đỉnh cao: Ngay sau Vườn Hoa Quảng An, ngõ ba gác rộng rãi, cách ô tô chỉ 50m, cách phố sôi động 80m. Khu vực yên tĩnh chill phết, vài phút đi bộ ra phố với tiện ích ngập tràn: cafe, quán ăn, gym, siêu thị Nằm giữa Hồ Tây và sông Hồng, không khí trong lành, thoáng mát lý tưởng cho lối sống xanh, năng động! Di chuyển siêu dễ: Kết nối nhanh chóng với nội thành, phù hợp bạn trẻ bận rộn hay làm việc hybrid. Nhà mới tinh, thiết kế hiện đại chuẩn Âu Full nội thất xịn sò, thang máy nhập khẩu cao cấp: Phong cách trẻ trung, tối ưu vibe sống: Tầng 1: Phòng khách rộng rãi, bếp trendy + WC sẵn sàng cho tiệc tùng hoặc chill Netflix. Tầng 2, 3, 4: Mỗi tầng 2 phòng ngủ thoải mái + WC riêng perfect cho couple, gia đình trẻ hoặc làm homestay. Tầng 5: Phòng thờ trang nghiêm + Sân thượng view mê ly, tha hồ BBQ, trồng c",14300000000,53.0,Hà Nội,Nhà,2025-11-03T22:51:25.600000,AMBIGUOUS,insufficient_primary_intent_in_title,shard_0005.parquet,55748
"Đất mặt đường QL 21, KD sầm uất, giá 3,2 tỷ, 64m2. Cạnh văn phòng BDS, phòng khám","Mặt đường QL 21, 2 ô tô tránh. + KD luôn, sát quán nước, đối diện văn phòng BĐS, Cầm đồ, phòng khám. + Cách Hòa Lạc 4km, cách Xuân Mai 4km. + Cách trường ĐH Lâm nghiệp 2km. + Diện tích 64m2. Cơ hội không thể bỏ lỡ! Liên hệ ngay với Hải Vân qua số để biết thêm chi tiết!",2800000000,64.0,Hòa Bình,Đất,2025-12-02T16:44:39.234000,AMBIGUOUS,insufficient_primary_intent_in_title,shard_0006.parquet,139994
"Rẻ nhất thị trường, Matrix One 2N M1 2x01 75.5m2 9 tỷ, TTTD, LH","Em sẵn căn Matrix One tòa M1, căn 2N, 2x01. Diện tích: 75.5m2. Giá 9 tỷ. TTTD. LH",9000000000,75.7,Hà Nội,Căn hộ chung cư,2026-03-03T14:23:31.176000,AMBIGUOUS,insufficient_primary_intent_in_title,shard_0009.parquet,67372
quá rẻ- nhà ngon- hẻm ô tô- diện tích rộng- hẻm ô tô- full nội thất kèm điện máy- đường Nguyễn Văn,"+Diện tích: 3,4x11 nở hậu tài lộc cn 35 +Trệt lầu đúc kiên cố, 2 pn, ban công, giếng trời +Hẻm ô tô +Pháp lý chuẩn, sổ hồng riêng , hỗ trợ vay ngân hàng +Nhiều tiện ích giáo dục, vui chơi, siêu thị gần nhà +Liên hệ: zalo [phone_number]- gặp Khang xem nhà nói chuyện với chủ +Nhà rẻ Gò Vấp",4480000000,35.0,Hồ Chí Minh,Nhà,2025-10-05T17:05:01.037000,AMBIGUOUS,insufficient_primary_intent_in_title,shard_0004.parquet,295883
"Bán 8000m2 đất 65m mặt tiền võ nguyên giáp, vị trí đẹp P. Phước Tân. Gần nút giao cao tốc, Tân Cảng","Bán mặt tiền đường Võ Nguyên Giáp, Phường Phước Tân, TP Biên Hoà. Vị trí đẹp gần ngã 4 vào Tân Cảng, gần nút giao cao tốc Biên Hoà - Vũng Tàu. - Sổ hồng 65m x 160m, 8000m2 có sẳn 1000m2 thổ cư. - Giá 10tr/m2 còn thương lượng chính chủ. Có dòng tiền hàng tháng đang tốt. - Không dính quy hoạch, thích hợp làm kho bãi, showroom,... LH em Lợi. để xem đất ngay.",80000000000,8000.0,Đồng Nai,Đất,2025-09-17T14:56:30.367000,AMBIGUOUS,insufficient_primary_intent_in_title,shard_0003.parquet,147142
"Khúc Thừa Dụ Cầu Giấy 15,6 tỷ, 50m2, 6PN, 5WC, hàng hót ,Ngõ thông kinh doanh","Chill với căn NR siêu chất ở Khúc Thừa Dụ, Dịch Vọng Hậu, Cầu Giấy, Hà Nội. Căn này có 6PN, 5WC, 6 tầng, mặt tiền 4.8m - quá hợp cho gia đình đông người hoặc đầu tư kinh doanh. Nhà đầy đủ nội thất, pháp lý đầy đủ, phong thủy ổn. Giá 15,6 tỷ VND cho 50m2. + Gần công viên Cầu Giấy để thư giãn. + Siêu thị Winmart, Pico cho nhu cầu mua sắm. Cách nhà và trăm m có vô số trường mầm non ,Tiểu học Công lập Quốc Tế ,Các trường DH vô cùng tiện ích + Trường ĐH Ngoại Ngữ và các trường mầm non xung quanh. Rễ ràng kết nối giao thông với các phố ,Dịch Vọng ,Trương Công Giai ,Trần Thái Tông ,Đg Cầu Giấy Liên hệ ngay Ms Nga [phone_number] để biết thêm chi tiết!",15600000000,50.0,Hà Nội,Nhà,2025-07-06T13:31:26.698000,AMBIGUOUS,insufficient_primary_intent_in_title,shard_0001.parquet,160681
Bán 2 nền liền kề ngay chợ Phú Hòa,"- BÁN ĐẤT ĐỐI DIỆN CỔNG CHỢ PHÚ HOÀ Cách chợ đúng 20m.bước mấy bước chân là ra đến chợ - Sát bên trường mầm non,tiểu học Tiện ích đầy đủ Đường bê tông - Diện tích 4x22 thổ cư 60m Sổ đang tách 2 tháng công chứng - Giá 2 tỷ 460 triệu bớt lộc Lh. [phone_number] GC",2460000000,89.0,Bình Dương,Đất,2025-12-05T18:49:14.912000,AMBIGUOUS,insufficient_primary_intent_in_title,shard_0006.parquet,239258
Lên sóng siêu phẩm thang máy bề ngang khủng sau căn mặt tiền vào 20m đường quang trung p.8 gò vấp,"LÊN SÓNG SIÊU PHẨM THANG MÁY BỀ NGANG KHỦNG SAU CĂN MẶT TIỀN Vị Trí 1 Xẹc Vào 20m Đường Quang Trung - P.8 - Gò Vấp ____________________________ Giá: 10.99 Tỷ TL Diện tích: 4.3 Nở Hậu 4.8m x 14m Xây dựng: 1 trệt 1 lửng 3 lầu. Công năng gồm: Gara xe hơi, PK, bếp, 4 PN, 5 toilet, phòng thờ, phòng giặt, sân thượng trước sau. Vị trí đẹp, hẻm 5m 1 trục xe hơi sau lưng căn mặt tiền, xung quanh tiện ích đầy đủ,.. Hướng: Tây Bắc Pháp lý : Sổ hồng riêng Nội thất bàn giao Đầy đủ _________________________________ THANH HIỀN LAND - NHÀ ĐẤT QUẬN GÒ VẤP Liên Hệ: [phone_number] CHỊ HIỀN",10900000000,62.0,Hồ Chí Minh,Nhà,2025-06-09T07:36:49.740000,AMBIGUOUS,insufficient_primary_intent_in_title,shard_0000.parquet,125765
"Chính chủ bác Tuấn gửi Bán 342m2+100TC, Ngang 6m, Ngay Chợ An Linh, cách DH 507 vào 150m giá: 620tr","Chính chủ bác Tuấn gửi Bán 342m2+100TC, Ngang 6m, Ngay Chợ An Linh, cách DH 507 vào 150m giá: 620tr Dt: 348m2 - sẵn 100TC vị trí: Ngay sau lưng chợ An LInh, sát ubnd và trường học,.. - Bán kính 500m đầy đủ ủy ban, chợ, trường học,.. - Cách cụm KCn 1000ha chỉ 3km anh chị quan tâm liên hệ em:",620000000,342.0,Bình Dương,Đất,2025-09-12T10:03:38.788000,AMBIGUOUS,insufficient_primary_intent_in_title,shard_0003.parquet,111968
Duy nhất 1 căn ! liền kề 70 m2 tại vinhomes cần giờ phân khu ánh sáng giá chỉ 10tỷ chưa vat,"BIỆT THỰ LIỀN KỀ VINHOMES CẦN GIỜ PHÂN KHU ÁNH SÁNG GIÁ 10 TỶ Anh/chị đang tìm kiếm một căn biệt thự liền kề tại Vinhomes Cần Giờ với mức giá tốt nhất thị trường, pháp lý rõ ràng, sẵn sàng nhận nhà? Em xin giới thiệu căn AS33-XX cực đẹp ngay hôm nay! THÔNG TIN CHI TIẾT: Loại hình: Biệt thự liền kề (Phân khu Ánh Sáng) Diện tích đất: 70m (Mặt tiền rộng, phong thủy tốt) Hướng nhà: Tây Nam mát mẻ quanh năm, đón gió biển dịu nhẹ Vị trí: Mô hình Clarke Quay sầm uất, view trực diện công viên không gian sống lý tưởng bậc nhất. GIÁ ƯU ĐÃI (ĐÃ BAO GỒM VAT & PHÍ BẢO TRÌ): Giá thanh toán sớm (TTS): Chỉ 10,446 tỷ (Giá gốc cực tốt cho nhà đầu tư) Giá thanh toán FULL: 11,349 tỷ Giá vay 18 tháng (hỗ trợ 70%): 11,687 tỷ ĐIỂM NỔI BẬT: Căn nhà nằm ngay khu vực Clarke Quay thu nhỏ, sầm uất bậc nhất đại đô thị Vinhomes Cần Giờ. View công viên thoáng đãng, không khí trong lành. Diện tích đất 14m phù hợp để ở ",9800000000,70.0,Hồ Chí Minh,Biệt thự/Nhà liền kề,2026-03-22T09:08:39.316000,AMBIGUOUS,insufficient_primary_intent_in_title,shard_0009.parquet,240433
"(Hạ sốc 1 tỷ) 18.9 tỷ, Trần Quang Diệu, 55m2, oto vào nhà/đỗ cửa KD VP/Cty, MT 4.2m, 5T, gần phố","Cục trưởng về hưu , bán nhà chia cho 2 con, giảm sốc 1 tỷ nhờ em Thế nhà đẹp bán. - Gần ngã 3 Trần Quang Diệu -Võ Văn Dũng - Hoàng Cầu, ngay gần khu nhà ở Công vụ Hoàng Cầu. - Vị trí cực đẹp, ô tô vào nhà, vài nhà ra mặt phố, kinh doanh sầm uất - Ngay gần nhà văn hoá quận Đống Đa. - Chỉ 1-2 phút kết nối giao thông huyết mạch: Thái Hà - Hoàng Cầu - Yên Lãng - Láng Hạ - Xã Đàn - Tây Sơn - Diện tích: 55m2 x mặt tiền 4.2m x 5 tầng - Sổ đỏ chính chủ",18900000000,55.0,Hà Nội,Nhà,2025-10-19T15:44:36.076000,AMBIGUOUS,insufficient_primary_intent_in_title,shard_0004.parquet,94022
Tổng Hợp đất biển Hàm Tiến Mũi Né giá tốt nhất thị trường đường Nguyễn Đình Chiểu LH,"Tổng hợp đất biển Hàm Tiến Mũi Né đường Nguyễn Đình Chiểu trung tâm khu phố Tây. Khu du lịch đã hình thành 30 năm hiện hữu gồm nhiều resort cao cấp 5 sao, tổ hợp dịch vụ du lịch, ăn uống, nhà hàng, hotel, homestay. Vị trí đắc địa ngay biển, cách sân bay Phan Thiết chỉ 5 phút. Thương lượng chính chủ. LH Hiệp (zalo). *Lô 1 - 2400m2 - Vị trí SUPER VIP đối diện các resort cao cấp 5 sao, đường xuống biển - Giá siêu rẻ 29tr/m2 *Lô 2 - 10000m2 thổ cư - View biển toàn cảnh - Doanh thu ổn định mỗi tháng - Thích hợp xây hotel cao tầng - Giá rẻ nhất thị trường không có lô rẻ thứ hai 12tr/m2 *Lô 3 - 1400m2 - Mặt tiền 27m và mặt biển - Có sẵn bugalow, nhà hàng, hồ bơi - Cho thuê ổn định mỗi tháng - Giá 70 tỉ *Lô 4 - 1000m2 có 200m2 tmdv - Mặt tiền 19m - Bên đồi view biển - Lô đẹp vị trí VÀNG đối diện các resort cao cấp - Giá 52 tỉ *Lô 5 - 3000m2 có 500m2 thổ cư - Ngang 30m - Bên đồi view biển - Vị tr",69600000000,2400.0,Bình Thuận,Đất,2026-01-06T11:40:41.238000,AMBIGUOUS,insufficient_primary_intent_in_title,shard_0007.parquet,303376
Căn hộ Conic Boulevard liền kề đại lộ Võ Văn Kiệt mới bàn giao nhận nhà ở liền,"Ví trí ngay vòng xoay QL1A & Đại Lộ Võ Văn Kiệt, kết nối dễ dàng tới đường kênh Tham Lương Bến Cát, Kinh Dương Vương, Nguyễn Văn Linh, cao tốc TP. HCM Cần Thơ. - Pháp lý hoàn chỉnh đang làm GCN Sổ Hồng từng căn. - Diện tích căn hộ rộng rãi: + 2PN 2WC giá từ 2,9 tỷ. Chính sách thanh toán lần đầu có tại TP. HCM: + Thanh toán 25% nhận nhà vào ở, góp nhẹ nhàng 1%/tháng; + Ngân hàng hỗ trợ vay 85%, ưu đãi lãi vay 0% trong 18 tháng, ân hạn gốc 60 tháng; + Chiết khấu lên đến 17% khi thanh toán nhanh, không vay; + Tặng ngay 1% cho khách hàng hộ khẩu TP. HCM, các tỉnh ĐBSCL; + Tặng gói Điện Máy Nội Thất lên đến 290 triệu khi anh/chị đặt cọc trong tháng này. LH: để được tư vấn!",3000000000,85.0,Hồ Chí Minh,Căn hộ chung cư,2025-07-11T10:07:46.605000,AMBIGUOUS,insufficient_primary_intent_in_title,shard_0000.parquet,285445
,,10500000000,66.7,Hà Nội,Đất,2026-02-06T17:43:24,AMBIGUOUS,insufficient_primary_intent_in_title,shard_0008.parquet,256904
"Mảnh đất vàng ba đình, trung tâm nối núi trúc - hoàng hoa thám cực hiếm, tiềm năng tăng giá gấp đôi","MẢNH ĐẤT VÀNG TRUNG TÂM BA ĐÌNH - PHỐ ĐỘI CẤN - SẮP THÀNH PHỐ ĐẠI YÊN, TIỀM NĂNG TĂNG GIÁ X2 - PHÙ HỢP XÂY TÒA BUILDING, KHÁCH SẠN, BIỆT THỰ ĐẲNG CẤP - CƠ HỘI CHO NHÀ ĐẦU TƯ THÔNG THÁI, SỞ HỮU NGAY GIỮA TRÁI TIM BA ĐÌNH! + Diện tích: 155m² | Mặt tiền: 7m - cực hiếm trong khu vực. + Trước nhà đang thi công mở đường 32m - đường hiện tại đã 6m, vỉa hè mỗi bên 2m, tiềm năng tăng giá X2 khi hoàn thiện hạ tầng! + Nằm trong khu vực phát triển sôi động nhất quận Ba Đình, liền kề Núi Trúc - Hoàng Hoa Thám - Liễu Giai - Văn Cao - Kim Mã. + Giao thông kết nối thuận tiện: Dễ dàng di chuyển tới trung tâm, Hồ Tây, Lăng Bác, khu Ngoại giao đoàn, và nhiều tuyến phố lớn: Hoàng Hoa Thám, Giang Văn Minh, Ngọc Hà, Thụy Khuê... Sổ đỏ vuông vắn, chính chủ, sẵn sàng giao dịch!",40300000000,155.0,Hà Nội,Đất,2025-10-17T09:51:27.723000,AMBIGUOUS,insufficient_primary_intent_in_title,shard_0004.parquet,305245
